old	role	shape	matched_spelling	file	line	count	line_text
architecture.coverage	channel-code	plain	architecture.coverage	CHANGELOG.md	285	1	- `architecture.coverage` now includes analysed classes outside every declared layer even when they have no dependency edges, so `coverage: error` can enforce c
architecture.coverage	channel-code	plain	architecture.coverage	CHANGELOG.md	292	1	- New rule `architecture.unassigned-class` counts analysed class-like declarations that landed outside every declared layer, without the vendor dependency-edge
architecture.coverage	channel-code	plain	architecture.coverage	CHANGELOG.md	341	1	- **Selectors no longer swallow dotted descendants.** A name matches exactly and nothing else: `architecture.coverage` no longer selects a hypothetical `archite
architecture.coverage	channel-code	plain	architecture.coverage	CHANGELOG.md	357	1	- **The three layer-diagnostic severity keys are removed.** `unreachable_layer_severity`, `potential_shadow_severity` and `empty_template_severity` no longer ex
architecture.coverage	channel-code	plain	architecture.coverage	CHANGELOG.md	518	1	- `--only-rule` now selects the full finding channel instead of assuming a rule name prefixes its `violationCode`. `--only-rule=computed.health`, `--only-rule=h
architecture.coverage	channel-code	plain	architecture.coverage	CHANGELOG.md	551	1	- `architecture.coverage` with `coverage: warn` now reports `Warning` severity instead of `Info`, matching the mode's name. If you relied on it staying silent u
architecture.coverage	channel-code	plain	architecture.coverage	CHANGELOG.md	625	1	- New rule `architecture.layer-violation`: declare layers in YAML and enforce allowed inter-layer dependencies. Membership supports `patterns`, `suffix`, `attri
architecture.coverage	channel-code	plain	architecture.coverage	docs/adr/0005-architecture-rules.md	50	2	For users who want diagnostics anyway, `architecture.coverage` is a separate setting (`ignore` / `warn` / `error`) that surfaces under a dedicated rule name `ar
architecture.coverage	channel-code	plain	architecture.coverage	docs/adr/0006-architecture-rules-declaration-order.md	92	1	- **Catch-all pattern becomes idiomatic.** A final layer with `patterns: ['**']` captures every unclassified class and participates in policy normally — a clean
architecture.coverage	channel-code	plain	architecture.coverage	docs/adr/0017-baseline-ceiling.md	117	1	11. **Three project-keyed architecture channels form multi-member groups.** `architecture.unreachable-layer`, `architecture.potential-shadow`, and `architecture
architecture.coverage	channel-code	plain	architecture.coverage	docs/adr/0024-channel-identity-and-selector-semantics.md	22	1	swallowed by every selector aimed at the ancestor.** `architecture.coverage`
architecture.coverage	channel-code	plain	architecture.coverage	docs/adr/0024-channel-identity-and-selector-semantics.md	45	1	diagnostics — `architecture.coverage`, `architecture.unreachable-layer`,
architecture.coverage	channel-code	plain	architecture.coverage	docs/adr/0024-channel-identity-and-selector-semantics.md	165	1	`architecture.coverage` is a genuine hybrid — it means both "the layer
architecture.coverage	channel-code	plain	architecture.coverage	docs/adr/0024-channel-identity-and-selector-semantics.md	178	1	is the same lie as a directive that does nothing. `architecture.coverage` never
architecture.coverage	channel-code	plain	architecture.coverage	docs/adr/0029-channel-presentation-join.md	29	1	`architecture.*` diagnostics (`architecture.coverage`, `architecture.potential-shadow`,
architecture.coverage	channel-code	plain	architecture.coverage	docs/adr/0048-the-final-published-name-vocabulary.md	264	1	| `architecture.coverage`        | `architecture.coverage-gap` | channel code only                       |
architecture.coverage	channel-code	plain	architecture.coverage	docs/adr/0048-the-final-published-name-vocabulary.md	295	1	**`architecture.coverage` → `architecture.coverage-gap`.** In this product
architecture.coverage	channel-code	plain	architecture.coverage	docs/adr/0048-the-final-published-name-vocabulary.md	586	1	published spelling of the option behind it. And `architecture.coverage` is
architecture.coverage	channel-code	plain	architecture.coverage	docs/adr/0048-the-final-published-name-vocabulary.md	642	1	- **Third: `architecture.coverage`'s configuration key moves with the channel.**
architecture.coverage	channel-code	plain	architecture.coverage	docs/adr/README.md	92	1	- [0048 — The Final Published Name Vocabulary](0048-the-final-published-name-vocabulary.md) — every name the product publishes, in every role, ruled on in one d
architecture.coverage	channel-code	plain	architecture.coverage	docs/internal/generated/modular-architecture/test-phpunit-discovery.txt	12	1	- Qualimetrix\Tests\Analysis\Configuration\Integration\Loader\YamlNormalizationCharacterizationTest::rootKeyNormalizationMatchesSnapshot"architecture.coverage
architecture.coverage	channel-code	plain	architecture.coverage	docs/internal/generated/modular-architecture/test-phpunit-discovery.txt	56	1	- Qualimetrix\Tests\Analysis\Configuration\Integration\YamlKeyReachabilityTest::architectureSubKeyFollowsCurrentLoaderBehavior"architecture.coverage (single-wo
architecture.coverage	channel-code	plain	architecture.coverage	docs/internal/generated/modular-architecture/test-phpunit-discovery.txt	2850	1	- Qualimetrix\Tests\Analysis\Evidence\Prioritization\Unit\Debt\RemediationTimeRegistryTest::itReturnsTheInjectedBaseMinutesForKnownRule"architecture.coverage"
architecture.coverage	channel-code	plain	architecture.coverage	docs/internal/generated/modular-architecture/test-phpunit-discovery.txt	3569	1	- Qualimetrix\Tests\Analysis\Finding\Integration\ConfigurationValidatorSilencingPathsTest::eachDiagnosticIsSilencedBySelectingItsOwnNameOff"architecture.covera
architecture.coverage	channel-code	plain	architecture.coverage	docs/internal/generated/modular-architecture/test-phpunit-discovery.txt	3586	1	- Qualimetrix\Tests\Analysis\Finding\Integration\ConfigurationValidatorSilencingPathsTest::selectingOneDiagnosticOnLeavesExactlyThatOne"architecture.coverage"
architecture.coverage	channel-code	plain	architecture.coverage	docs/internal/plans/channel-identity-substrate.md	28	1	Проверено исполняемо: `RuleMatcher::matches('architecture.coverage', 'architecture.coverage.source') === true`.
architecture.coverage	channel-code	plain	architecture.coverage	docs/internal/plans/channel-identity-substrate.md	54	1	настраиваемую severity негде; и наоборот — четыре архитектурные диагностики (`architecture.coverage`,
architecture.coverage	channel-code	plain	architecture.coverage	docs/internal/plans/channel-identity-substrate.md	309	1	**`architecture.coverage` — гибрид, и решение записывается, а не подразумевается.** Он означает одновременно
architecture.coverage	channel-code	plain	architecture.coverage	docs/internal/plans/channel-identity-substrate.md	382	1	1. **Селектор перестаёт глотать точечных потомков.** `architecture.coverage` больше не покрывает
architecture.coverage	channel-code	plain	architecture.coverage	docs/internal/plans/channel-identity-substrate.md	479	1	| `architecture-unassigned-class`     | Д1 закрыт **двумя независимыми средствами**: выбором имени (канал — сиблинг, а не потомок `architecture.coverage`) и, не
architecture.coverage	channel-code	plain	architecture.coverage	docs/internal/plans/diff-mode-new-only.md	53	1	| 1   | Покрытие слоёв — `ruleName = violationCode = architecture.coverage` (`LayerViolationRule::COVERAGE_DIAGNOSTIC_NAME`), % классов, попавших хотя бы в один
architecture.coverage	channel-code	plain	architecture.coverage	docs/internal/plans/diff-mode-new-only.md	349	1	| `architecture.coverage`                   | одна диагностика на проект — ключ и должен быть один                                 | facets не нужны; изменение
architecture.coverage	channel-code	plain	architecture.coverage	docs/internal/plans/diff-mode-new-only.md	837	1	`architecture.coverage: layer coverage 98.0% → 60.0% (worse than base, tolerance 1.0 pt)`.
architecture.coverage	channel-code	plain	architecture.coverage	docs/internal/plans/diff-mode-new-only.md	1035	1	public string $id;                 // 'architecture.coverage' и т. д.
architecture.coverage	channel-code	plain	architecture.coverage	docs/internal/plans/diff-mode-new-only.md	1179	1	| 25  | `architecture.coverage` был 100 % → стал 90 %                          | Диагностики не было → Absent. Была → `Worsened` (падение 10 п.п. > допуска 1 п.
architecture.coverage	channel-code	plain	architecture.coverage	docs/internal/plans/diff-mode-new-only.md	1201	1	| 47  | `architecture.coverage` 98.4 % → 98.0 % (шум округления)               | Тишина: 0.4 п.п. ≤ допуска 1.0 п.п.
architecture.coverage	channel-code	plain	architecture.coverage	docs/internal/plans/diff-mode-new-only.md	1558	1	- `LayerViolationRule` заполняет `metricValue` диагностике `architecture.coverage` —
architecture.coverage	channel-code	plain	architecture.coverage	docs/internal/plans/global-functions-graph.md	133	1	`architecture.coverage`.
architecture.coverage	channel-code	plain	architecture.coverage	docs/internal/plans/global-functions-graph.md	277	1	`architecture.coverage`, а нарушения не появятся**;
architecture.coverage	channel-code	plain	architecture.coverage	docs/internal/plans/global-functions-graph.md	332	1	| `architecture.coverage`                 | да                  | —                                    | **да**      |
architecture.coverage	channel-code	plain	architecture.coverage	docs/internal/plans/global-functions-graph.md	684	1	| `architecture.coverage`                         | ±                          | зависит от §3.6 (без правки `fqnFor` — вырастет) |
architecture.coverage	channel-code	plain	architecture.coverage	docs/internal/plans/global-functions-graph.md	759	1	- тест: та же функция **не** увеличивает счётчики `architecture.coverage`;
architecture.coverage	channel-code	plain	architecture.coverage	docs/internal/plans/global-functions-graph.md	847	1	27. `architecture.coverage` не растёт из-за функций, которые слои покрывают.
architecture.coverage	channel-code	plain	architecture.coverage	docs/internal/plans/rule-vocabulary/AUDIT.md	177	1	`architecture.coverage` although `LayerViolationRule` emits them the other way
architecture.coverage	channel-code	plain	architecture.coverage	docs/internal/plans/rule-vocabulary/FACTS.md	67	1	- `architecture.coverage`, `architecture.unreachable-layer`,
architecture.coverage	channel-code	plain	architecture.coverage	docs/internal/plans/rule-vocabulary/FOLLOWUPS.md	2333	1	`ComputedMetricKeyCatalog.php` дала `architecture.coverage`-отказ:
architecture.coverage	channel-code	plain	architecture.coverage	docs/internal/plans/rule-vocabulary/FOLLOWUPS.md	3470	1	- **`architecture.coverage` как ключ конфигурации — решён, исполняется в П4.**
architecture.coverage	channel-code	plain	architecture.coverage	docs/internal/plans/rule-vocabulary/X10-freeze-and-carry/followups/fix.md	100	1	- The new class also produces one **new** `architecture.coverage` error on a
architecture.coverage	channel-code	plain	architecture.coverage	docs/internal/plans/rule-vocabulary/X10-freeze-and-carry/followups/fix4.md	116	1	`architecture.coverage` now reports the new `ChannelRenameReporter` class as
architecture.coverage	channel-code	plain	architecture.coverage	docs/internal/plans/rule-vocabulary/X10-freeze-and-carry/followups/fix4.md	167	1	`architecture.coverage` finding for `ChannelRenameReporter` (the other open
architecture.coverage	channel-code	plain	architecture.coverage	docs/internal/plans/rule-vocabulary/X11-final-vocabulary/01-decision-table.md	117	1	| `architecture.coverage`                | ambiguous: one word, neither subject nor judgment
architecture.coverage	channel-code	plain	architecture.coverage	docs/internal/plans/rule-vocabulary/X11-final-vocabulary/01-decision-table.md	124	1	- **`duplication.code-duplication` and `architecture.coverage` are the weakest
architecture.coverage	channel-code	plain	architecture.coverage	docs/internal/plans/rule-vocabulary/X11-final-vocabulary/decision-table-population.tsv	437	1	architecture.coverage	channel-codes	channel-code	ambiguous		architecture.layer-violation	1		133	no	silent	baseline."channel":command; qmx.yaml.suppress_namespac
architecture.coverage	channel-code	plain	architecture.coverage	docs/internal/plans/rule-vocabulary/X11-final-vocabulary/decision-table-population.tsv	574	1	architecture.layer-violation	producer-rule-names	producer-rule-name	judgment		architecture	1	architecture.coverage,architecture.empty-template,architecture.laye
architecture.coverage	channel-code	plain	architecture.coverage	docs/internal/plans/rule-vocabulary/X11-final-vocabulary/decision-table.tsv	151	1	#      architecture.coverage is the one such row here, emitted by the producer
architecture.coverage	channel-code	plain	architecture.coverage	docs/internal/plans/rule-vocabulary/X11-final-vocabulary/decision-table.tsv	361	1	#     those that have one (architecture.coverage does not), and one metric key:
architecture.coverage	channel-code	plain	architecture.coverage	docs/internal/plans/rule-vocabulary/X11-final-vocabulary/decision-table.tsv	365	1	#   architecture.coverage (channel-code) -> architecture.coverage-gap
architecture.coverage	channel-code	plain	architecture.coverage	docs/internal/plans/rule-vocabulary/X11-final-vocabulary/decision-table.tsv	382	1	architecture.coverage	channel-codes	channel-code	ambiguous	occurrence	rename	architecture.coverage-gap	Renamed 2026-09-07. The leaf now names the DEFECT, the wa
architecture.coverage	channel-code	plain	architecture.coverage	docs/internal/plans/rule-vocabulary/X11-final-vocabulary/enumeration-channel-naming.tsv	20	1	#   for `architecture.coverage`, `architecture.empty-template`,
architecture.coverage	channel-code	plain	architecture.coverage	docs/internal/plans/rule-vocabulary/X11-final-vocabulary/enumeration-channel-naming.tsv	130	1	#     `architecture.coverage`, `code-smell.error-suppression`,
architecture.coverage	channel-code	plain	architecture.coverage	docs/internal/plans/rule-vocabulary/X11-final-vocabulary/enumeration-channel-naming.tsv	158	1	architecture.coverage	architecture	architecture.layer-violation	no	src/Analysis/Policy/Architecture/LayerViolation/LayerDeclarationValidator.php:93		ambiguous	n
architecture.coverage	channel-code	plain	architecture.coverage	docs/internal/plans/rule-vocabulary/X11-final-vocabulary/enumeration-migration-surfaces.tsv	64	1	qmx.yaml `architecture.*` layer selectors / `exclude`/`relations` (PRESERVE_SUBTREE section)	consumer	neither directly (architecture layer names are user-define
architecture.coverage	channel-code	plain	architecture.coverage	docs/internal/plans/rule-vocabulary/X11-final-vocabulary/enumeration-runtime-witness.tsv	115	1	#      architecture.coverage, architecture.unreachable-layer, architecture.empty-template,
architecture.coverage	channel-code	plain	architecture.coverage	docs/internal/plans/rule-vocabulary/X11-final-vocabulary/enumeration-runtime-witness.tsv	181	1	channel	architecture.coverage	check_json_case-layers,check_json_tests,check_json_unassigned-forced
architecture.coverage	channel-code	plain	architecture.coverage	docs/internal/plans/rule-vocabulary/X11-final-vocabulary/followups/naming-questions-answered.md	121	1	diagnostics are emitted under their own identity (e.g. `architecture.coverage`)
architecture.coverage	channel-code	plain	architecture.coverage	docs/internal/plans/rule-vocabulary/X11-final-vocabulary/followups/naming-questions-answered.md	131	1	declares `architecture.coverage`, `…unreachable-layer`, `…potential-shadow`,
architecture.coverage	channel-code	plain	architecture.coverage	docs/internal/plans/rule-vocabulary/X11-final-vocabulary/followups/naming-questions-answered.md	465	1	### 7. `architecture.coverage` — a configuration diagnostic, not a coverage figure
architecture.coverage	channel-code	plain	architecture.coverage	docs/internal/plans/rule-vocabulary/X11-final-vocabulary/followups/naming-questions-answered.md	481	1	`LayerViolationOptions.php:43` records that "`architecture.coverage` never had
architecture.coverage	channel-code	plain	architecture.coverage	docs/internal/plans/rule-vocabulary/X11-final-vocabulary/followups/naming-questions-answered.md	498	1	0.0% (minimum: 50.0%)` **[measured]**. `architecture.coverage` publishes no
architecture.coverage	channel-code	plain	architecture.coverage	docs/internal/plans/rule-vocabulary/X11-final-vocabulary/followups/naming-questions-answered.md	560	1	- `duplication.code-duplication` and `architecture.coverage` **are** the two
architecture.coverage	channel-code	plain	architecture.coverage	docs/internal/plans/rule-vocabulary/X8-one-string-two-jobs/enumeration-channels.tsv	18	1	architecture.coverage	architecture.layer-violation	Architecture	occurrence	NULL	project	NONE	NONE	src/Analysis/Policy/Architecture/LayerViolation/LayerViolation
architecture.coverage	channel-code	plain	architecture.coverage	docs/internal/plans/rule-vocabulary/X8-one-string-two-jobs/enumeration-exclusion-vocabulary.tsv	15	1	architecture.coverage: ignore / <layer-verdict>.mode: ignore	qmx.yaml nested scalar inside architecture section	architecture: {coverage: ignore|warn|error}; als
architecture.coverage	channel-code	plain	architecture.coverage	docs/internal/plans/rule-vocabulary/X9-gate-holes/followups/c1.md	22	1	`ComputedMetricKeyCatalog.php` дала `architecture.coverage`-отказ:
architecture.coverage	channel-code	plain	architecture.coverage	docs/internal/plans/rule-vocabulary/enumeration-channel-levels.tsv	7	2	architecture.coverage#architecture.coverage	project	no	no	C4	both
architecture.coverage	channel-code	plain	architecture.coverage	docs/internal/plans/rule-vocabulary/enumeration-channel-shapes.tsv	9	2	architecture.layer-violation	architecture.coverage#architecture.coverage	occurrence		project	LayerDeclarationValidator	src/Analysis/Policy/Architecture/LayerVio
architecture.coverage	channel-code	plain	architecture.coverage	docs/internal/plans/rule-vocabulary/enumeration-producer-surfaces.tsv	72	1	#    producer (architecture.unassigned-class, architecture.coverage, and the other four
architecture.coverage	channel-code	plain	architecture.coverage	docs/internal/plans/rule-vocabulary/enumeration-renames.tsv	7	1	architecture.coverage	channel	?		18	71	0	0	0	43	0	1	0	0	0	0
architecture.coverage	channel-code	plain	architecture.coverage	docs/internal/plans/rule-vocabulary/enumeration-rules.tsv	4	1	architecture.layer-violation	architecture	Analysis/Policy/Architecture/LayerViolation/LayerViolationRule.php	architecture.layer-violation architecture.unassigne
architecture.coverage	channel-code	plain	architecture.coverage	docs/internal/plans/sarif-channel-descriptions.md	120	1	answers correctly: `architecture.coverage` and the `annotation.*` diagnostics
architecture.coverage	channel-code	plain	architecture.coverage	docs/internal/plans/sarif-channel-descriptions/channel-inventory.tsv	17	2	architecture.coverage	architecture.coverage	architecture.layer-violation	Detects dependencies between layers that are not explicitly allowed by the architecture
architecture.coverage	channel-code	plain	architecture.coverage	docs/internal/plans/sarif-channel-descriptions/sarif-table-coverage.tsv	38	1	architecture.coverage	Detects dependencies between layers that are not explicitly allowed by the architecture policy.
architecture.coverage	channel-code	plain	architecture.coverage	finding-gate/cases/layers/case.json	16	1	"architecture.coverage@project",
architecture.coverage	channel-code	plain	architecture.coverage	src/Analysis/Finding/Contract/Rule/NameSelector.php	16	1	* - `X` — **equality**. `architecture.coverage` selects the channel called
architecture.coverage	channel-code	plain	architecture.coverage	src/Analysis/Finding/Contract/Rule/NameSelector.php	17	1	*   `architecture.coverage` and nothing else. In particular it no longer
architecture.coverage	channel-code	plain	architecture.coverage	src/Analysis/Policy/Architecture/Configuration/CoverageValidator.php	11	1	* Parses and validates the {@code architecture.coverage} scalar.
architecture.coverage	channel-code	plain	architecture.coverage	src/Analysis/Policy/Architecture/Configuration/CoverageValidator.php	30	1	"architecture.coverage: must be one of 'ignore', 'warn', 'error' (got %s).",
architecture.coverage	channel-code	plain	architecture.coverage	src/Analysis/Policy/Architecture/Configuration/CoverageValidator.php	42	1	"architecture.coverage: must be one of 'ignore', 'warn', 'error' (got '%s').",
architecture.coverage	channel-code	plain	architecture.coverage	src/Analysis/Policy/Architecture/Contract/LayerPolicyPreparationInterface.php	22	1	public const string COVERAGE_DIAGNOSTIC_NAME = 'architecture.coverage';
architecture.coverage	channel-code	plain	architecture.coverage	src/Analysis/Policy/Architecture/LayerViolation/DeclaredLayerReachability.php	28	1	* - `architecture.coverage` — dependency-edge ends and analysed classes that
architecture.coverage	channel-code	plain	architecture.coverage	src/Analysis/Policy/Architecture/LayerViolation/DeclaredLayerReachability.php	56	1	* The `architecture.coverage` diagnostic, or none when the mode declines
architecture.coverage	channel-code	plain	architecture.coverage	src/Analysis/Policy/Architecture/LayerViolation/LayerEvidenceCollector.php	269	1	* the coverage-state struct used by `architecture.coverage` (counts of
architecture.coverage	channel-code	plain	architecture.coverage	src/Analysis/Policy/Architecture/LayerViolation/LayerViolationOptions.php	43	1	* `architecture.coverage` never had such a key: it is governed by the
architecture.coverage	channel-code	plain	architecture.coverage	src/Analysis/Policy/Architecture/LayerViolation/UnassignedClassSummary.php	23	1	* formatting with the unrelated `architecture.coverage` diagnostic (both
architecture.coverage	channel-code	plain	architecture.coverage	src/Analysis/Policy/Architecture/README.md	84	1	builds all five: `architecture.coverage`, `architecture.unreachable-layer`,
architecture.coverage	channel-code	plain	architecture.coverage	src/Analysis/Policy/Architecture/README.md	91	1	`architecture.coverage` and `architecture.unassigned-class` print, and is the
architecture.coverage	channel-code	plain	architecture.coverage	src/Analysis/Policy/Inline/Directive/DirectiveNameHints.php	24	1	* carries no level: stripping anything off `architecture.coverage` gives a
architecture.coverage	channel-code	plain	architecture.coverage	src/Core/README.md	359	1	- `X` — equality. `architecture.coverage` addresses that name and nothing else;
architecture.coverage	channel-code	plain	architecture.coverage	src/Core/README.md	594	1	- one rule class can emit several channels, some under rule names no class declares as its own (`LayerViolationRule` emits `architecture.coverage`, `architectur
architecture.coverage	channel-code	plain	architecture.coverage	src/Infrastructure/DependencyInjection/CompilerPass/ChannelDeclarationCompilerPass.php	49	1	* diagnostics are emitted under their own identity (`architecture.coverage`,
architecture.coverage	channel-code	plain	architecture.coverage	src/Infrastructure/DependencyInjection/CompilerPass/ChannelDeclarationCompilerPass.php	494	1	// their own identity (e.g. "architecture.coverage") by a producer
architecture.coverage	channel-code	plain	architecture.coverage	tests/Analysis/Configuration/Integration/Loader/YamlNormalizationCharacterizationTest.php	306	1	yield 'architecture.coverage (scalar, single-word key)' => [
architecture.coverage	channel-code	plain	architecture.coverage	tests/Analysis/Configuration/Integration/Loader/YamlNormalizationCharacterizationTest.php	307	1	'architecture.coverage scalar value flows through; key already lowercase',
architecture.coverage	channel-code	plain	architecture.coverage	tests/Analysis/Configuration/Integration/YamlKeyReachabilityTest.php	416	1	yield 'architecture.coverage (single-word scalar)' => [
architecture.coverage	channel-code	plain	architecture.coverage	tests/Analysis/Configuration/Integration/YamlKeyReachabilityTest.php	417	1	'architecture.coverage',
architecture.coverage	channel-code	plain	architecture.coverage	tests/Analysis/Evidence/Prioritization/Support/StubRemediationMinutes.php	99	1	'architecture.coverage' => 15,
architecture.coverage	channel-code	plain	architecture.coverage	tests/Analysis/Finding/Fixtures/Channels/declared.txt	77	1	architecture.coverage - project config-error
architecture.coverage	channel-code	plain	architecture.coverage	tests/Analysis/Finding/Fixtures/Channels/order.txt	60	1	architecture.coverage
architecture.coverage	channel-code	plain	architecture.coverage	tests/Analysis/Finding/Integration/ChannelDeclarationFixtureDriftTest.php	175	1	'architecture.coverage',
architecture.coverage	channel-code	plain	architecture.coverage	tests/Analysis/Finding/Integration/ChannelSuggestionTieTest.php	54	1	'architecture.coverage',
architecture.coverage	channel-code	plain	architecture.coverage	tests/Analysis/Finding/Integration/ChannelUniverseCoverageTest.php	35	1	* `coupling.cbo.class` and gives up on `architecture.coverage` is worse than
architecture.coverage	channel-code	plain	architecture.coverage	tests/Analysis/Finding/Integration/ChannelUniverseCoverageTest.php	206	1	// "architecture.coverage" minus its last segment is "architecture",
architecture.coverage	channel-code	plain	architecture.coverage	tests/Analysis/Finding/Integration/ConfigurationValidatorSilencingPathsTest.php	75	1	// A class outside every layer feeds `architecture.coverage`.
architecture.coverage	channel-code	plain	architecture.coverage	tests/Analysis/Finding/Integration/ConfigurationValidatorSilencingPathsTest.php	261	1	* file green and still break `only_rules: [architecture.coverage]`.
architecture.coverage	channel-code	plain	architecture.coverage	tests/Analysis/Finding/Integration/LevelActivityCoversEveryDeclaredLevelTest.php	26	1	* on the first attempt — `architecture.coverage`,
architecture.coverage	channel-code	plain	architecture.coverage	tests/Analysis/Finding/Unit/ChannelDeclarationCompilerPassTest.php	126	1	'architecture.coverage',
architecture.coverage	channel-code	plain	architecture.coverage	tests/Analysis/Finding/Unit/ChannelDeclarationCompilerPassTest.php	132	1	* `architecture.coverage` is emitted by {@see LayerDeclarationValidator}
architecture.coverage	channel-code	plain	architecture.coverage	tests/Analysis/Finding/Unit/ChannelDeclarationCompilerPassTest.php	159	1	self::assertSame(LayerViolationRule::REMEDIATION_MINUTES, $minutesByRule['architecture.coverage']);
architecture.coverage	channel-code	plain	architecture.coverage	tests/Analysis/Finding/Unit/FindingChannelTest.php	121	1	$this->expectExceptionMessage('Write "architecture.coverage"');
architecture.coverage	channel-code	plain	architecture.coverage	tests/Analysis/Finding/Unit/FindingChannelTest.php	123	1	new FindingChannel('architecture.layer-violation#architecture.coverage');
architecture.coverage	channel-code	plain	architecture.coverage	tests/Analysis/Finding/Unit/FindingTest.php	213	1	code: 'architecture.coverage',
architecture.coverage	channel-code	plain	architecture.coverage	tests/Analysis/Finding/Unit/FindingTest.php	220	1	new FindingChannel('architecture.coverage'),
architecture.coverage	channel-code	plain	architecture.coverage	tests/Analysis/Finding/Unit/NameSelectorTest.php	19	1	$selector = NameSelector::tryParse('architecture.coverage');
architecture.coverage	channel-code	plain	architecture.coverage	tests/Analysis/Finding/Unit/NameSelectorTest.php	22	1	self::assertTrue($selector->matches('architecture.coverage'));
architecture.coverage	channel-code	plain	architecture.coverage	tests/Analysis/Finding/Unit/NameSelectorTest.php	35	1	self::assertFalse($selector->matches('architecture.coverage'));
architecture.coverage	channel-code	plain	architecture.coverage	tests/Analysis/Finding/Unit/NamespaceExclusionFilterTest.php	76	1	// architecture.coverage and friends are project-level (empty namespace) diagnostics,
architecture.coverage	channel-code	plain	architecture.coverage	tests/Analysis/Finding/Unit/RuleNamespaceExclusionProviderTest.php	207	1	'architecture.coverage',
architecture.coverage	channel-code	plain	architecture.coverage	tests/Analysis/Finding/Unit/RuleNamespaceExclusionProviderTest.php	218	1	new FindingChannel('architecture.coverage'),
architecture.coverage	channel-code	plain	architecture.coverage	tests/Analysis/Finding/Unit/RuleNamespaceExclusionProviderTest.php	225	1	new FindingChannel('architecture.coverage'),
architecture.coverage	channel-code	plain	architecture.coverage	tests/Analysis/Finding/Unit/RuleSelectorTest.php	34	1	new FindingChannel('architecture.coverage'),
architecture.coverage	channel-code	plain	architecture.coverage	tests/Analysis/Finding/Unit/RuleSelectorTest.php	82	1	['architecture.coverage'],
architecture.coverage	channel-code	plain	architecture.coverage	tests/Analysis/Finding/Unit/RuleSelectorTest.php	87	1	new FindingChannel('architecture.coverage'),
architecture.coverage	channel-code	plain	architecture.coverage	tests/Analysis/Finding/Unit/RuleSelectorTest.php	89	1	['architecture.coverage'],
architecture.coverage	channel-code	plain	architecture.coverage	tests/Analysis/Finding/Unit/RuleSelectorTest.php	296	1	self::assertTrue($this->selector->matchesKnown('architecture.coverage', $producers));
architecture.coverage	channel-code	plain	architecture.coverage	tests/Analysis/Finding/Unit/SelectorCompatibilityOracleTest.php	22	1	* written against real names (`architecture.coverage` and friends) would
architecture.coverage	channel-code	plain	architecture.coverage	tests/Analysis/Policy/Architecture/Unit/CoverageDiagnosticsTest.php	105	1	self::assertSame('architecture.coverage', $diagnostic->ruleName);
architecture.coverage	channel-code	plain	architecture.coverage	tests/Analysis/Policy/Architecture/Unit/CoverageDiagnosticsTest.php	106	1	self::assertSame('architecture.coverage', $diagnostic->code);
architecture.coverage	channel-code	plain	architecture.coverage	tests/Analysis/Policy/Architecture/Unit/CoverageValidatorTest.php	59	1	$this->expectExceptionMessage('architecture.coverage');
architecture.coverage	channel-code	plain	architecture.coverage	tests/Analysis/Policy/Architecture/Unit/CoverageValidatorTest.php	68	1	$this->expectExceptionMessage('architecture.coverage');
architecture.coverage	channel-code	plain	architecture.coverage	tests/Analysis/Policy/Architecture/Unit/UnassignedClassDiagnosticsTest.php	44	1	* assigned to a layer", which `architecture.coverage` cannot express because
architecture.coverage	channel-code	plain	architecture.coverage	tests/Analysis/Policy/Architecture/Unit/UnassignedClassDiagnosticsTest.php	103	1	* `architecture.coverage`; the count reported here must not move because
architecture.coverage	channel-code	plain	architecture.coverage	tests/Analysis/Policy/Baseline/Unit/ConfigurationErrorChannelRejectionTest.php	61	1	private const string RULE_NAME = 'architecture.coverage';
architecture.coverage	channel-code	plain	architecture.coverage	tests/Analysis/Policy/Inline/Unit/SuppressionTest.php	84	1	rule: 'architecture.coverage',
architecture.coverage	channel-code	plain	architecture.coverage	tests/Analysis/Policy/Inline/Unit/SuppressionTest.php	92	1	self::assertTrue($suppression->matches('architecture.coverage', SymbolLevel::Class_));
architecture.coverage	channel-code	plain	architecture.coverage	tests/Analysis/Run/Unit/RuleProducerPreparationTest.php	172	1	? [new FindingChannel('architecture.coverage')]
architecture.coverage	channel-code	plain	architecture.coverage	tests/Analysis/Run/Unit/RuleProducerPreparationTest.php	180	1	selection: new RuleSelection(only: ['architecture.coverage']),
architecture.coverage	channel-code	plain	architecture.coverage	tests/Infrastructure/Console/Unit/ExitCodeResolverConfigurationErrorTest.php	35	1	private const string CHANNEL = 'architecture.coverage';
architecture.coverage	channel-code	plain	architecture.coverage	tests/Infrastructure/Unit/ChannelUniverseTest.php	118	1	'architecture.coverage',
architecture.coverage	channel-code	plain	architecture.coverage	tests/Infrastructure/Unit/ChannelUniverseTest.php	123	1	['architecture.layer-violation', 'architecture.coverage'],
architecture.coverage	channel-code	plain	architecture.coverage	tests/Infrastructure/Unit/ChannelUniverseTest.php	166	1	'architecture.layer-violation' => ['architecture.coverage'],
architecture.coverage	channel-code	plain	architecture.coverage	tests/Infrastructure/Unit/ChannelUniverseTest.php	173	1	$universe->producerOf('architecture.coverage'),
architecture.coverage	channel-code	plain	architecture.coverage	tests/System/DocumentationConsistency/Integration/ChannelPublicationConsistencyTest.php	157	1	'omitted' => ['architecture.coverage'],
architecture.coverage	channel-code	plain	architecture.coverage	tests/System/DocumentationConsistency/Integration/ChannelPublicationConsistencyTest.php	201	1	'omitted' => ['architecture.coverage'],
architecture.coverage	channel-code	plain	architecture.coverage	tests/System/DocumentationConsistency/Integration/ChannelPublicationConsistencyTest.php	406	1	$documentation[$path] .= "\n\nThe two layer-policy diagnostics `architecture.coverage` and `architecture.empty-template` gate the run.\n";
architecture.coverage	channel-code	plain	architecture.coverage	tests/Unit/Reporting/Filter/FindingFilterTest.php	314	1	ruleName: 'architecture.coverage',
architecture.coverage	channel-code	plain	architecture.coverage	tests/Unit/Reporting/Filter/FindingFilterTest.php	315	1	code: 'architecture.coverage',
architecture.coverage	channel-code	plain	architecture.coverage	tests/Unit/Reporting/Formatter/ArchitectureViolationSmokeTest.php	468	1	// architecture.coverage — project-level diagnostic
architecture.coverage	channel-code	plain	architecture.coverage	tests/Unit/Reporting/Formatter/CheckstyleFormatterTest.php	359	1	ruleName: 'architecture.coverage',
architecture.coverage	channel-code	plain	architecture.coverage	tests/Unit/Reporting/Formatter/CheckstyleFormatterTest.php	360	1	code: 'architecture.coverage',
architecture.coverage	channel-code	plain	architecture.coverage	tests/Unit/Reporting/Formatter/GitLabCodeQualityFormatterTest.php	164	1	ruleName: 'architecture.coverage',
architecture.coverage	channel-code	plain	architecture.coverage	tests/Unit/Reporting/Formatter/GitLabCodeQualityFormatterTest.php	165	1	code: 'architecture.coverage',
architecture.coverage	channel-code	plain	architecture.coverage	tests/Unit/Reporting/Formatter/GithubActionsFormatterTest.php	116	1	ruleName: 'architecture.coverage',
architecture.coverage	channel-code	plain	architecture.coverage	tests/Unit/Reporting/Formatter/GithubActionsFormatterTest.php	117	1	code: 'architecture.coverage',
architecture.coverage	channel-code	plain	architecture.coverage	tests/Unit/Reporting/Formatter/JsonFormatterTest.php	723	1	ruleName: 'architecture.coverage',
architecture.coverage	channel-code	plain	architecture.coverage	tests/Unit/Reporting/Formatter/JsonFormatterTest.php	724	1	code: 'architecture.coverage',
architecture.coverage	channel-code	plain	architecture.coverage	tests/Unit/Reporting/Formatter/Sarif/SarifRuleCollectorTest.php	178	1	ruleName: 'architecture.coverage',
architecture.coverage	channel-code	plain	architecture.coverage	tests/Unit/Reporting/Formatter/Sarif/SarifRuleCollectorTest.php	179	1	code: 'architecture.coverage',
architecture.coverage	channel-code	plain	architecture.coverage	tests/Unit/Reporting/Formatter/Sarif/SarifRuleCollectorTest.php	189	1	self::assertContains('architecture.coverage', $ids);
architecture.coverage	channel-code	plain	architecture.coverage	tests/Unit/Reporting/Formatter/Sarif/SarifSchemaValidationTest.php	82	1	ruleName: 'architecture.coverage',
architecture.coverage	channel-code	plain	architecture.coverage	tests/Unit/Reporting/Formatter/Sarif/SarifSchemaValidationTest.php	83	1	code: 'architecture.coverage',
architecture.coverage	channel-code	plain	architecture.coverage	tests/Unit/Reporting/Formatter/SarifFormatterTest.php	360	1	ruleName: 'architecture.coverage',
architecture.coverage	channel-code	plain	architecture.coverage	tests/Unit/Reporting/Formatter/SarifFormatterTest.php	361	1	code: 'architecture.coverage',
architecture.coverage	channel-code	plain	architecture.coverage	website/docs/changelog.md	285	1	- `architecture.coverage` now includes analysed classes outside every declared layer even when they have no dependency edges, so `coverage: error` can enforce c
architecture.coverage	channel-code	plain	architecture.coverage	website/docs/changelog.md	292	1	- New rule `architecture.unassigned-class` counts analysed class-like declarations that landed outside every declared layer, without the vendor dependency-edge
architecture.coverage	channel-code	plain	architecture.coverage	website/docs/changelog.md	341	1	- **Selectors no longer swallow dotted descendants.** A name matches exactly and nothing else: `architecture.coverage` no longer selects a hypothetical `archite
architecture.coverage	channel-code	plain	architecture.coverage	website/docs/changelog.md	357	1	- **The three layer-diagnostic severity keys are removed.** `unreachable_layer_severity`, `potential_shadow_severity` and `empty_template_severity` no longer ex
architecture.coverage	channel-code	plain	architecture.coverage	website/docs/changelog.md	518	1	- `--only-rule` now selects the full finding channel instead of assuming a rule name prefixes its `violationCode`. `--only-rule=computed.health`, `--only-rule=h
architecture.coverage	channel-code	plain	architecture.coverage	website/docs/changelog.md	551	1	- `architecture.coverage` with `coverage: warn` now reports `Warning` severity instead of `Info`, matching the mode's name. If you relied on it staying silent u
architecture.coverage	channel-code	plain	architecture.coverage	website/docs/changelog.md	625	1	- New rule `architecture.layer-violation`: declare layers in YAML and enforce allowed inter-layer dependencies. Membership supports `patterns`, `suffix`, `attri
architecture.coverage	channel-code	plain	architecture.coverage	website/docs/getting-started/configuration.md	78	1	diagnostics beside it — `architecture.coverage`, `architecture.unreachable-layer`,
architecture.coverage	channel-code	plain	architecture.coverage	website/docs/getting-started/configuration.md	112	1	`architecture.coverage`, `architecture.unreachable-layer`,
architecture.coverage	channel-code	plain	architecture.coverage	website/docs/getting-started/configuration.md	282	1	and then does nothing. The layer-policy diagnostics — `architecture.coverage`,
architecture.coverage	channel-code	plain	architecture.coverage	website/docs/getting-started/configuration.md	444	1	layer-policy diagnostics (`architecture.coverage`, `architecture.unreachable-layer`,
architecture.coverage	channel-code	plain	architecture.coverage	website/docs/getting-started/configuration.ru.md	78	1	рядом с ним — `architecture.coverage`, `architecture.unreachable-layer`,
architecture.coverage	channel-code	plain	architecture.coverage	website/docs/getting-started/configuration.ru.md	112	1	`architecture.coverage`, `architecture.unreachable-layer`, `architecture.potential-shadow`
architecture.coverage	channel-code	plain	architecture.coverage	website/docs/getting-started/configuration.ru.md	276	1	ничего не делает. Диагностики политики слоёв — `architecture.coverage`,
architecture.coverage	channel-code	plain	architecture.coverage	website/docs/getting-started/configuration.ru.md	442	1	(`architecture.coverage`, `architecture.unreachable-layer`,
architecture.coverage	channel-code	plain	architecture.coverage	website/docs/reference/default-thresholds.md	101	2	| Architecture Coverage | `architecture.coverage`              | Warning or Error (per `coverage` mode) | disabled (`coverage: ignore`)
architecture.coverage	channel-code	plain	architecture.coverage	website/docs/reference/default-thresholds.md	102	1	| Unassigned Class      | `architecture.unassigned-class`      | Warning or Error (per `mode`)          | disabled (`mode: ignore`)
architecture.coverage	channel-code	plain	architecture.coverage	website/docs/reference/default-thresholds.ru.md	101	2	| Покрытие слоёв          | `architecture.coverage`              | Warning или Error (по режиму `coverage`) | выключено (`coverage: ignore`)
architecture.coverage	channel-code	plain	architecture.coverage	website/docs/reference/default-thresholds.ru.md	102	1	| Неотнесённые объявления | `architecture.unassigned-class`      | Warning или Error (по режиму `mode`)     | выключено (`mode: ignore`)
architecture.coverage	channel-code	plain	architecture.coverage	website/docs/rules/architecture.md	287	1	The catch-all replaces the older `coverage: warn` recipe for "show me everything I haven't classified yet". The `architecture.coverage` mechanism still works (s
architecture.coverage	channel-code	plain	architecture.coverage	website/docs/rules/architecture.md	289	1	**YAML merge semantics.** When a preset and a project config both define `architecture.layers`, the **later source replaces the entire list** — order is the use
architecture.coverage	channel-code	plain	architecture.coverage	website/docs/rules/architecture.md	553	1	`architecture.coverage` controls what happens when an analysed logical class
architecture.coverage	channel-code	plain	architecture.coverage	website/docs/rules/architecture.md	559	1	`architecture.coverage` is one of five architecture diagnostics that flag a
architecture.coverage	channel-code	plain	architecture.coverage	website/docs/rules/architecture.md	576	1	| `warn`             | One summary `architecture.coverage` violation per analysis with `Warning` severity, listing example unclassified classes. Fails the run w
architecture.coverage	channel-code	plain	architecture.coverage	website/docs/rules/architecture.md	595	1	This rule answers the one question `architecture.coverage`
architecture.coverage	channel-code	plain	architecture.coverage	website/docs/rules/architecture.md	770	1	The five architecture configuration diagnostics — `architecture.coverage`,
architecture.coverage	channel-code	plain	architecture.coverage	website/docs/rules/architecture.md	863	1	To suppress a layer violation, address the exact channel: `@qmx-ignore architecture.layer-violation`. There is no shorter form — prefix matching is gone, so a b
architecture.coverage	channel-code	plain	architecture.coverage	website/docs/rules/architecture.ru.md	287	1	Catch-all-слой заменяет старую идиому `coverage: warn` для сценария "покажи всё, что я ещё не классифицировал". Механизм `architecture.coverage` по-прежнему раб
architecture.coverage	channel-code	plain	architecture.coverage	website/docs/rules/architecture.ru.md	289	1	**Семантика слияния YAML.** Если и пресет, и проектный конфиг определяют `architecture.layers`, **последний источник заменяет весь список целиком** — порядок за
architecture.coverage	channel-code	plain	architecture.coverage	website/docs/rules/architecture.ru.md	555	1	`architecture.coverage` определяет, что делать, когда анализируемый логический
architecture.coverage	channel-code	plain	architecture.coverage	website/docs/rules/architecture.ru.md	561	1	`architecture.coverage` — одна из пяти архитектурных диагностик, которые
architecture.coverage	channel-code	plain	architecture.coverage	website/docs/rules/architecture.ru.md	578	1	| `warn`             | Одна сводная диагностика `architecture.coverage` за прогон с severity `Warning`, со списком примеров неклассифицированных классов. Валит
architecture.coverage	channel-code	plain	architecture.coverage	website/docs/rules/architecture.ru.md	598	1	`architecture.coverage` выразить не может: *каждое ли объявление, которое я
architecture.coverage	channel-code	plain	architecture.coverage	website/docs/rules/architecture.ru.md	773	1	Пять архитектурных диагностик конфигурации — `architecture.coverage`,
architecture.coverage	channel-code	plain	architecture.coverage	website/docs/rules/architecture.ru.md	865	1	Чтобы подавить нарушение слоя, адресуйте точный канал: `@qmx-ignore architecture.layer-violation`. Более короткой формы нет — сопоставление по префиксу убрано,
architecture.coverage	channel-code	plain	architecture.coverage	website/docs/usage/baseline.md	33	1	Configuration-error channels never enter a baseline on any path: the five layer-policy diagnostics (`architecture.coverage`, `architecture.unreachable-layer`, `
architecture.coverage	channel-code	plain	architecture.coverage	website/docs/usage/baseline.md	240	1	`architecture.coverage`, `architecture.unreachable-layer`, `architecture.pending-layer-matched`, `architecture.potential-shadow`, and `architecture.empty-te
architecture.coverage	channel-code	plain	architecture.coverage	website/docs/usage/baseline.ru.md	33	1	Каналы конфигурационных ошибок никогда не попадают в baseline ни на каком пути: пять диагностик layer-policy (`architecture.coverage`, `architecture.unreachable
architecture.coverage	channel-code	plain	architecture.coverage	website/docs/usage/baseline.ru.md	241	1	`architecture.coverage`, `architecture.unreachable-layer`, `architecture.pending-layer-matched`, `architecture.potential-shadow` и `architecture.empty-templ
architecture.coverage	channel-code	plain	architecture.coverage	website/docs/usage/cli-options.md	253	1	Project-wide findings (`architecture.coverage` and the other diagnostics that judge the run as a whole) are never selected by a namespace pattern, not even `*`:
architecture.coverage	channel-code	plain	architecture.coverage	website/docs/usage/cli-options.ru.md	250	1	Находки уровня проекта (`architecture.coverage` и прочие диагностики, судящие о прогоне целиком) не выбираются паттерном пространства имён никогда, включая `*`:
complexity.cyclomatic	channel-code+producer	plain	complexity.cyclomatic	CHANGELOG.md	48	1	`complexity.cyclomatic`, so a near-spelling search could never reach the
complexity.cyclomatic	channel-code+producer	plain	complexity.cyclomatic	CHANGELOG.md	303	1	- A level is no longer part of a channel's name. The ten level-suffixed channels collapse into five, each declaring both of the levels it reports at: `complexit
complexity.cyclomatic	channel-code+producer	plain	complexity.cyclomatic	CHANGELOG.md	305	2	- A channel is named by one name. The `ruleName#violationCode` pair is gone: a channel's identity is what used to be the code half, and the rule that produces i
complexity.cyclomatic	channel-code+producer	plain	complexity.cyclomatic	CHANGELOG.md	349	1	- **A `rules:` section key must be an exact rule name, and so must the owner in `--rule-opt RULE:option=value`.** No prefixes, no stars. This closes a silent no
complexity.cyclomatic	channel-code+producer	plain	complexity.cyclomatic	README.md	50	1	complexity.cyclomatic:
complexity.cyclomatic	channel-code+producer	plain	complexity.cyclomatic	docs/adr/0025-channel-selectors-in-configuration-keys.md	18	1	`complexity.cyclomatic#complexity.cyclomatic.callable` parsed successfully — as a
complexity.cyclomatic	channel-code+producer	plain	complexity.cyclomatic	docs/adr/0029-channel-presentation-join.md	16	1	(`'complexity.cyclomatic'`), so it stayed green while the product emitted none
complexity.cyclomatic	channel-code+producer	plain	complexity.cyclomatic	docs/adr/0029-channel-presentation-join.md	27	1	(`complexity.cyclomatic.callable` → `complexity.cyclomatic`), which is exactly
complexity.cyclomatic	channel-code+producer	plain	complexity.cyclomatic	docs/adr/0035-a-metric-key-names-its-family-in-kebab.md	39	1	`complexity.ccn`, not `complexity.cyclomatic`. The step is about grammar; a
complexity.cyclomatic	channel-code+producer	plain	complexity.cyclomatic	docs/adr/0046-a-channel-declares-the-metric-it-judges.md	22	1	3. Spelling divergence: `complexity.cyclomatic` judges `complexity.ccn`,
complexity.cyclomatic	channel-code+producer	plain	complexity.cyclomatic	docs/adr/0047-suppression-is-not-exclusion.md	119	1	`complexity.cyclomatic`) is a separate, larger, and deliberately deferred
complexity.cyclomatic	channel-code+producer	plain	complexity.cyclomatic	docs/adr/0048-the-final-published-name-vocabulary.md	211	1	`complexity.cyclomatic` (`complexity.ccn` after §3) — where the two entries
complexity.cyclomatic	channel-code+producer	plain	complexity.cyclomatic	docs/adr/0048-the-final-published-name-vocabulary.md	260	1	| `complexity.cyclomatic`        | `complexity.ccn`            | channel code **and** producer rule name |
complexity.cyclomatic	channel-code+producer	plain	complexity.cyclomatic	docs/adr/README.md	92	1	- [0048 — The Final Published Name Vocabulary](0048-the-final-published-name-vocabulary.md) — every name the product publishes, in every role, ruled on in one d
complexity.cyclomatic	channel-code+producer	plain	complexity.cyclomatic	docs/internal/CLI_CONVENTIONS.md	97	1	--cyclomatic-warning          # complexity.cyclomatic, method level (default)
complexity.cyclomatic	channel-code+producer	plain	complexity.cyclomatic	docs/internal/CLI_CONVENTIONS.md	98	1	--cyclomatic-class-warning    # complexity.cyclomatic, class level
complexity.cyclomatic	channel-code+producer	plain	complexity.cyclomatic	docs/internal/CLI_CONVENTIONS.md	122	1	rule's full `NAME` (`complexity.cyclomatic`), a group prefix (`complexity`), a
complexity.cyclomatic	channel-code+producer	plain	complexity.cyclomatic	docs/internal/SCANNER_VALIDATION_ROUND_2_PLAN.md	3371	1	| `VisitorMethodContext::enter`, `complexity.cyclomatic#complexity.cyclomatic.callable`                            | 16          | private callable-dispatch ext
complexity.cyclomatic	channel-code+producer	plain	complexity.cyclomatic	docs/internal/SCANNER_VALIDATION_ROUND_2_PLAN.md	3372	1	| `HardcodedCredentialsRule::violationsForEntries`, `complexity.cyclomatic#complexity.cyclomatic.callable`         | 11          | private message-policy extrac
complexity.cyclomatic	channel-code+producer	plain	complexity.cyclomatic	docs/internal/SCANNER_VALIDATION_ROUND_2_PLAN.md	3375	1	| `LongParameterListRule::analyzeEnabledSymbols`, `complexity.cyclomatic#complexity.cyclomatic.callable`           | 10          | rejected-fix successor only:
complexity.cyclomatic	channel-code+producer	plain	complexity.cyclomatic	docs/internal/generated/modular-architecture/test-phpunit-discovery.txt	2875	1	- Qualimetrix\Tests\Analysis\Evidence\Prioritization\Unit\Debt\RemediationTimeRegistryTest::itReturnsTheInjectedBaseMinutesForKnownRule"complexity.cyclomatic"
complexity.cyclomatic	channel-code+producer	plain	complexity.cyclomatic	docs/internal/generated/modular-architecture/test-phpunit-discovery.txt	3593	1	- Qualimetrix\Tests\Analysis\Finding\Integration\HierarchicalLevelActivityTest::itRecordsEveryLevelAsNotRunWhenAllOfThemAreSwitchedOff"complexity.cyclomatic"
complexity.cyclomatic	channel-code+producer	plain	complexity.cyclomatic	docs/internal/generated/modular-architecture/test-phpunit-discovery.txt	3598	1	- Qualimetrix\Tests\Analysis\Finding\Integration\HierarchicalLevelActivityTest::itRecordsOnlyTheLevelItsConfigurationSwitchedOff"complexity.cyclomatic"
complexity.cyclomatic	channel-code+producer	plain	complexity.cyclomatic	docs/internal/generated/modular-architecture/test-phpunit-discovery.txt	4120	1	- Qualimetrix\Tests\Analysis\Finding\Unit\RuleThresholdKeyGroupRegistryDriftTest::everyDeclaredKeyStillAffectsTheRealOptionsInstance"complexity.cyclomatic::(to
complexity.cyclomatic	channel-code+producer	plain	complexity.cyclomatic	docs/internal/generated/modular-architecture/test-phpunit-discovery.txt	4121	1	- Qualimetrix\Tests\Analysis\Finding\Unit\RuleThresholdKeyGroupRegistryDriftTest::everyDeclaredKeyStillAffectsTheRealOptionsInstance"complexity.cyclomatic::(to
complexity.cyclomatic	channel-code+producer	plain	complexity.cyclomatic	docs/internal/generated/modular-architecture/test-phpunit-discovery.txt	4122	1	- Qualimetrix\Tests\Analysis\Finding\Unit\RuleThresholdKeyGroupRegistryDriftTest::everyDeclaredKeyStillAffectsTheRealOptionsInstance"complexity.cyclomatic::(to
complexity.cyclomatic	channel-code+producer	plain	complexity.cyclomatic	docs/internal/generated/modular-architecture/test-phpunit-discovery.txt	4123	1	- Qualimetrix\Tests\Analysis\Finding\Unit\RuleThresholdKeyGroupRegistryDriftTest::everyDeclaredKeyStillAffectsTheRealOptionsInstance"complexity.cyclomatic::cal
complexity.cyclomatic	channel-code+producer	plain	complexity.cyclomatic	docs/internal/generated/modular-architecture/test-phpunit-discovery.txt	4124	1	- Qualimetrix\Tests\Analysis\Finding\Unit\RuleThresholdKeyGroupRegistryDriftTest::everyDeclaredKeyStillAffectsTheRealOptionsInstance"complexity.cyclomatic::cal
complexity.cyclomatic	channel-code+producer	plain	complexity.cyclomatic	docs/internal/generated/modular-architecture/test-phpunit-discovery.txt	4125	1	- Qualimetrix\Tests\Analysis\Finding\Unit\RuleThresholdKeyGroupRegistryDriftTest::everyDeclaredKeyStillAffectsTheRealOptionsInstance"complexity.cyclomatic::cal
complexity.cyclomatic	channel-code+producer	plain	complexity.cyclomatic	docs/internal/generated/modular-architecture/test-phpunit-discovery.txt	4126	1	- Qualimetrix\Tests\Analysis\Finding\Unit\RuleThresholdKeyGroupRegistryDriftTest::everyDeclaredKeyStillAffectsTheRealOptionsInstance"complexity.cyclomatic::cla
complexity.cyclomatic	channel-code+producer	plain	complexity.cyclomatic	docs/internal/generated/modular-architecture/test-phpunit-discovery.txt	4127	1	- Qualimetrix\Tests\Analysis\Finding\Unit\RuleThresholdKeyGroupRegistryDriftTest::everyDeclaredKeyStillAffectsTheRealOptionsInstance"complexity.cyclomatic::cla
complexity.cyclomatic	channel-code+producer	plain	complexity.cyclomatic	docs/internal/generated/modular-architecture/test-phpunit-discovery.txt	4128	1	- Qualimetrix\Tests\Analysis\Finding\Unit\RuleThresholdKeyGroupRegistryDriftTest::everyDeclaredKeyStillAffectsTheRealOptionsInstance"complexity.cyclomatic::cla
complexity.cyclomatic	channel-code+producer	plain	complexity.cyclomatic	docs/internal/generated/modular-architecture/test-phpunit-discovery.txt	4202	1	- Qualimetrix\Tests\Analysis\Finding\Unit\RuleThresholdKeyGroupRegistryDriftTest::everyRegistryEntryCorrespondsToARealThresholdParserCallSite"complexity.cyclom
complexity.cyclomatic	channel-code+producer	plain	complexity.cyclomatic	docs/internal/generated/modular-architecture/test-phpunit-discovery.txt	4203	1	- Qualimetrix\Tests\Analysis\Finding\Unit\RuleThresholdKeyGroupRegistryDriftTest::everyRegistryEntryCorrespondsToARealThresholdParserCallSite"complexity.cyclom
complexity.cyclomatic	channel-code+producer	plain	complexity.cyclomatic	docs/internal/generated/modular-architecture/test-phpunit-discovery.txt	4204	1	- Qualimetrix\Tests\Analysis\Finding\Unit\RuleThresholdKeyGroupRegistryDriftTest::everyRegistryEntryCorrespondsToARealThresholdParserCallSite"complexity.cyclom
complexity.cyclomatic	channel-code+producer	plain	complexity.cyclomatic	docs/internal/generated/modular-architecture/test-phpunit-discovery.txt	4234	1	- Qualimetrix\Tests\Analysis\Finding\Unit\RuleThresholdKeyGroupRegistryDriftTest::everyThresholdParserCallSiteHasAMatchingRegistryEntry"complexity.cyclomatic::
complexity.cyclomatic	channel-code+producer	plain	complexity.cyclomatic	docs/internal/generated/modular-architecture/test-phpunit-discovery.txt	4235	1	- Qualimetrix\Tests\Analysis\Finding\Unit\RuleThresholdKeyGroupRegistryDriftTest::everyThresholdParserCallSiteHasAMatchingRegistryEntry"complexity.cyclomatic::
complexity.cyclomatic	channel-code+producer	plain	complexity.cyclomatic	docs/internal/generated/modular-architecture/test-phpunit-discovery.txt	4236	1	- Qualimetrix\Tests\Analysis\Finding\Unit\RuleThresholdKeyGroupRegistryDriftTest::everyThresholdParserCallSiteHasAMatchingRegistryEntry"complexity.cyclomatic::
complexity.cyclomatic	channel-code+producer	plain	complexity.cyclomatic	docs/internal/generated/suppression/composition.tsv	90	2	rule-path-suppression	complexity.cyclomatic	complexity.cyclomatic	src/Analysis/Evidence/CodeSmell/UnusedPrivateVisitor.php	Qualimetrix\Analysis\Evidence\CodeSme
complexity.cyclomatic	channel-code+producer	plain	complexity.cyclomatic	docs/internal/generated/suppression/composition.tsv	91	2	rule-path-suppression	complexity.cyclomatic	complexity.cyclomatic	src/Analysis/Evidence/CodeSmell/UnusedPrivateVisitor.php	Qualimetrix\Analysis\Evidence\CodeSme
complexity.cyclomatic	channel-code+producer	plain	complexity.cyclomatic	docs/internal/generated/suppression/composition.tsv	92	2	rule-path-suppression	complexity.cyclomatic	complexity.cyclomatic	src/Analysis/Evidence/CodeSmell/UsageTrackingTrait.php	Qualimetrix\Analysis\Evidence\CodeSmell
complexity.cyclomatic	channel-code+producer	plain	complexity.cyclomatic	docs/internal/generated/suppression/composition.tsv	93	2	rule-path-suppression	complexity.cyclomatic	complexity.cyclomatic	src/Analysis/Evidence/Cohesion/LcomVisitor.php	Qualimetrix\Analysis\Evidence\Cohesion\LcomVisi
complexity.cyclomatic	channel-code+producer	plain	complexity.cyclomatic	docs/internal/generated/suppression/composition.tsv	94	2	rule-path-suppression	complexity.cyclomatic	complexity.cyclomatic	src/Analysis/Evidence/Cohesion/LcomVisitor.php	Qualimetrix\Analysis\Evidence\Cohesion\LcomVisi
complexity.cyclomatic	channel-code+producer	plain	complexity.cyclomatic	docs/internal/generated/suppression/composition.tsv	95	2	rule-path-suppression	complexity.cyclomatic	complexity.cyclomatic	src/Analysis/Evidence/Cohesion/TccLccVisitor.php	Qualimetrix\Analysis\Evidence\Cohesion\TccLcc
complexity.cyclomatic	channel-code+producer	plain	complexity.cyclomatic	docs/internal/generated/suppression/composition.tsv	96	2	rule-path-suppression	complexity.cyclomatic	complexity.cyclomatic	src/Analysis/Evidence/Complexity/CognitiveComplexityVisitor.php	Qualimetrix\Analysis\Evidence\
complexity.cyclomatic	channel-code+producer	plain	complexity.cyclomatic	docs/internal/generated/suppression/composition.tsv	97	2	rule-path-suppression	complexity.cyclomatic	complexity.cyclomatic	src/Analysis/Evidence/Complexity/CognitiveComplexityVisitor.php	Qualimetrix\Analysis\Evidence\
complexity.cyclomatic	channel-code+producer	plain	complexity.cyclomatic	docs/internal/generated/suppression/composition.tsv	98	2	rule-path-suppression	complexity.cyclomatic	complexity.cyclomatic	src/Analysis/Evidence/Complexity/CognitiveComplexityVisitor.php	Qualimetrix\Analysis\Evidence\
complexity.cyclomatic	channel-code+producer	plain	complexity.cyclomatic	docs/internal/generated/suppression/composition.tsv	99	2	rule-path-suppression	complexity.cyclomatic	complexity.cyclomatic	src/Analysis/Evidence/Complexity/NpathComplexityVisitor.php	Qualimetrix\Analysis\Evidence\Comp
complexity.cyclomatic	channel-code+producer	plain	complexity.cyclomatic	docs/internal/generated/suppression/composition.tsv	100	2	rule-path-suppression	complexity.cyclomatic	complexity.cyclomatic	src/Analysis/Evidence/Complexity/NpathComplexityVisitor.php	Qualimetrix\Analysis\Evidence\Comp
complexity.cyclomatic	channel-code+producer	plain	complexity.cyclomatic	docs/internal/generated/suppression/composition.tsv	101	2	rule-path-suppression	complexity.cyclomatic	complexity.cyclomatic	src/Analysis/Evidence/Complexity/NpathComplexityVisitor.php	Qualimetrix\Analysis\Evidence\Comp
complexity.cyclomatic	channel-code+producer	plain	complexity.cyclomatic	docs/internal/generated/suppression/composition.tsv	102	2	rule-path-suppression	complexity.cyclomatic	complexity.cyclomatic	src/Analysis/Evidence/Complexity/NpathComplexityVisitor.php	Qualimetrix\Analysis\Evidence\Comp
complexity.cyclomatic	channel-code+producer	plain	complexity.cyclomatic	docs/internal/generated/suppression/composition.tsv	103	2	rule-path-suppression	complexity.cyclomatic	complexity.cyclomatic	src/Analysis/Evidence/Design/Inheritance/InheritanceDepthVisitor.php	Qualimetrix\Analysis\Evid
complexity.cyclomatic	channel-code+producer	plain	complexity.cyclomatic	docs/internal/generated/suppression/composition.tsv	104	2	rule-path-suppression	complexity.cyclomatic	complexity.cyclomatic	src/Analysis/Evidence/Maintainability/HalsteadVisitor.php	Qualimetrix\Analysis\Evidence\Mainta
complexity.cyclomatic	channel-code+producer	plain	complexity.cyclomatic	docs/internal/generated/suppression/composition.tsv	105	2	rule-path-suppression	complexity.cyclomatic	complexity.cyclomatic	src/Analysis/Evidence/Maintainability/HalsteadVisitor.php	Qualimetrix\Analysis\Evidence\Mainta
complexity.cyclomatic	channel-code+producer	plain	complexity.cyclomatic	docs/internal/generated/suppression/composition.tsv	106	2	rule-path-suppression	complexity.cyclomatic	complexity.cyclomatic	src/Analysis/Evidence/Maintainability/HalsteadVisitor.php	Qualimetrix\Analysis\Evidence\Mainta
complexity.cyclomatic	channel-code+producer	plain	complexity.cyclomatic	docs/internal/generated/suppression/composition.tsv	107	2	rule-path-suppression	complexity.cyclomatic	complexity.cyclomatic	src/Analysis/Evidence/Maintainability/HalsteadVisitor.php	Qualimetrix\Analysis\Evidence\Mainta
complexity.cyclomatic	channel-code+producer	plain	complexity.cyclomatic	docs/internal/generated/suppression/composition.tsv	108	2	rule-path-suppression	complexity.cyclomatic	complexity.cyclomatic	src/Analysis/Evidence/Maintainability/HalsteadVisitor.php	Qualimetrix\Analysis\Evidence\Mainta
complexity.cyclomatic	channel-code+producer	plain	complexity.cyclomatic	docs/internal/generated/suppression/composition.tsv	109	2	rule-path-suppression	complexity.cyclomatic	complexity.cyclomatic	src/Analysis/Evidence/Maintainability/HalsteadVisitor.php	Qualimetrix\Analysis\Evidence\Mainta
complexity.cyclomatic	channel-code+producer	plain	complexity.cyclomatic	docs/internal/generated/suppression/composition.tsv	110	2	rule-path-suppression	complexity.cyclomatic	complexity.cyclomatic	src/Analysis/Evidence/Maintainability/HalsteadVisitor.php	Qualimetrix\Analysis\Evidence\Mainta
complexity.cyclomatic	channel-code+producer	plain	complexity.cyclomatic	docs/internal/generated/suppression/composition.tsv	111	2	rule-path-suppression	complexity.cyclomatic	complexity.cyclomatic	src/Analysis/Evidence/Maintainability/HalsteadVisitor.php	Qualimetrix\Analysis\Evidence\Mainta
complexity.cyclomatic	channel-code+producer	plain	complexity.cyclomatic	docs/internal/generated/suppression/composition.tsv	112	2	rule-path-suppression	complexity.cyclomatic	complexity.cyclomatic	src/Analysis/Evidence/Size/ClassCountVisitor.php	Qualimetrix\Analysis\Evidence\Size\ClassCount
complexity.cyclomatic	channel-code+producer	plain	complexity.cyclomatic	docs/internal/generated/suppression/composition.tsv	113	2	rule-path-suppression	complexity.cyclomatic	complexity.cyclomatic	src/Analysis/Evidence/Size/MethodCountVisitor.php	Qualimetrix\Analysis\Evidence\Size\MethodCou
complexity.cyclomatic	channel-code+producer	plain	complexity.cyclomatic	docs/internal/generated/suppression/composition.tsv	114	2	rule-path-suppression	complexity.cyclomatic	complexity.cyclomatic	src/Analysis/Evidence/Size/MethodCountVisitor.php	Qualimetrix\Analysis\Evidence\Size\MethodCou
complexity.cyclomatic	channel-code+producer	plain	complexity.cyclomatic	docs/internal/generated/suppression/composition.tsv	115	2	rule-path-suppression	complexity.cyclomatic	complexity.cyclomatic	src/Analysis/Evidence/Size/MethodStatementCountVisitor.php	Qualimetrix\Analysis\Evidence\Size\
complexity.cyclomatic	channel-code+producer	plain	complexity.cyclomatic	docs/internal/generated/suppression/inert.tsv	5	1	rule-path-suppression	complexity.cyclomatic: src/Analysis/Evidence/Cohesion/ClassVisitorStackTrait.php
complexity.cyclomatic	channel-code+producer	plain	complexity.cyclomatic	docs/internal/generated/suppression/inert.tsv	6	1	rule-path-suppression	complexity.cyclomatic: src/Analysis/Evidence/Coupling/*Visitor.php
complexity.cyclomatic	channel-code+producer	plain	complexity.cyclomatic	docs/internal/generated/suppression/inert.tsv	7	1	rule-path-suppression	complexity.cyclomatic: src/Analysis/Evidence/Security/*Visitor.php
complexity.cyclomatic	channel-code+producer	plain	complexity.cyclomatic	docs/internal/plans/baseline-compaction/enumeration-identity-r4.md	154	1	`complexity.cyclomatic#complexity.cyclomatic.callable` (62).
complexity.cyclomatic	channel-code+producer	plain	complexity.cyclomatic	docs/internal/plans/baseline-compaction/enumeration-identity-r4.md	165	1	`bin/qmx check --only-rule=complexity.cyclomatic` с нулевыми порогами:
complexity.cyclomatic	channel-code+producer	plain	complexity.cyclomatic	docs/internal/plans/baseline-compaction/identity-map.md	215	1	(`--only-rule=complexity.cyclomatic` с нулевым порогом, чтобы получить по
complexity.cyclomatic	channel-code+producer	plain	complexity.cyclomatic	docs/internal/plans/baseline-compaction/identity-map.md	260	1	Форсируя находки по `complexity.cyclomatic` с порогом 0
complexity.cyclomatic	channel-code+producer	plain	complexity.cyclomatic	docs/internal/plans/baseline-compaction/identity-map.md	261	2	(`--rule-opt=complexity.cyclomatic:callable.warning=0 --rule-opt=complexity.cyclomatic:callable.error=0 --all`),
complexity.cyclomatic	channel-code+producer	plain	complexity.cyclomatic	docs/internal/plans/baseline-compaction/identity-map.md	294	1	Та же команда с `--only-rule=complexity.cyclomatic` и нулевым порогом даёт 2
complexity.cyclomatic	channel-code+producer	plain	complexity.cyclomatic	docs/internal/plans/baseline-compaction/identity-map.md	336	1	`--format=metrics` и с `--format=json --only-rule=complexity.cyclomatic
complexity.cyclomatic	channel-code+producer	plain	complexity.cyclomatic	docs/internal/plans/channel-identity-substrate.md	386	1	`coupling.instability`, `complexity.cyclomatic`, `complexity.cognitive`, `complexity.npath`,
complexity.cyclomatic	channel-code+producer	plain	complexity.cyclomatic	docs/internal/plans/diff-mode-new-only.md	142	1	по правилам — сегодня добавили `complexity.cyclomatic`, завтра `coupling.cbo` — вариант C
complexity.cyclomatic	channel-code+producer	plain	complexity.cyclomatic	docs/internal/plans/diff-mode-new-only.md	845	1	App\Service\UserService::calculate   complexity.cyclomatic   12 → 20   (+8)
complexity.cyclomatic	channel-code+producer	plain	complexity.cyclomatic	docs/internal/plans/modular-architecture/p2-dependency-model.md	263	1	| `Analysis\Collection\Dependency\CircularDependencyDetector::strongConnect` | `CircularDependencyDetector.php:4076 -> :4103` | `complexity.cognitive#complexity
complexity.cyclomatic	channel-code+producer	plain	complexity.cyclomatic	docs/internal/plans/modular-architecture/p2-dependency-model.md	268	1	| `Architecture\Rules\LayerViolationRule::collectEdgeViolations`             | `LayerViolationRule.php:18791 -> :18818`       | `complexity.cyclomatic#complexit
complexity.cyclomatic	channel-code+producer	plain	complexity.cyclomatic	docs/internal/plans/modular-architecture/p2-dependency-model.md	269	1	| `Metrics\Coupling\ClassRankCollector::calculate`                           | `ClassRankCollector.php:2170 -> :2197`         | `complexity.cognitive#complexity
complexity.cyclomatic	channel-code+producer	plain	complexity.cyclomatic	docs/internal/plans/modular-architecture/p2-dependency-model.md	270	1	| `Metrics\Coupling\ClassRankCollector::computePageRank`                     | `ClassRankCollector.php:4906 -> :4933`         | `complexity.cognitive#complexity
complexity.cyclomatic	channel-code+producer	plain	complexity.cyclomatic	docs/internal/plans/modular-architecture/p2-dependency-model.md	271	1	| `Metrics\Coupling\CouplingCollector::computeClassMetrics`                  | `CouplingCollector.php:7058 -> :7085`          | `complexity.cognitive#complexity
complexity.cyclomatic	channel-code+producer	plain	complexity.cyclomatic	docs/internal/plans/modular-architecture/p2-dependency-model.md	291	1	| `Analysis\Collection\Dependency\DependencyGraphBuilder::computeParentNamespaceCouplings@DependencyGraphBuilder.php:7935` -> `Analysis\Evidence\DependencyModel
complexity.cyclomatic	channel-code+producer	plain	complexity.cyclomatic	docs/internal/plans/modular-architecture/p2-dependency-model.md	292	1	| `Core\Dependency\DependencyType::description@DependencyType.php:2159` -> `Analysis\Evidence\DependencyModel\Contract\DependencyType::description@DependencyTyp
complexity.cyclomatic	channel-code+producer	plain	complexity.cyclomatic	docs/internal/plans/modular-architecture/p2-dependency-model.md	298	1	| `Core\Rule\AnalysisContext::getThresholdOverride` / `complexity.cyclomatic#complexity.cyclomatic.callable`        | `AnalysisContext.php:1575 -> :1602`      |
complexity.cyclomatic	channel-code+producer	plain	complexity.cyclomatic	docs/internal/plans/modular-architecture/p3-run-measurement-configuration.md	991	1	| 1   | `declaration:callable:Qualimetrix\Analysis\Aggregator\GlobalCollectorSorter::sort@src/Analysis/Aggregator/GlobalCollectorSorter.php:824`
complexity.cyclomatic	channel-code+producer	plain	complexity.cyclomatic	docs/internal/plans/modular-architecture/p3-run-measurement-configuration.md	992	1	| 2   | `declaration:callable:Qualimetrix\Analysis\Aggregator\NamespaceToProjectAggregator::aggregate@src/Analysis/Aggregator/NamespaceToProjectAggregator.php:6
complexity.cyclomatic	channel-code+producer	plain	complexity.cyclomatic	docs/internal/plans/modular-architecture/p3-run-measurement-configuration.md	995	1	| 5   | `declaration:callable:Qualimetrix\Analysis\Collection\Dependency\CircularDependencyDetector::strongConnect@src/Analysis/Collection/Dependency/CircularDe
complexity.cyclomatic	channel-code+producer	plain	complexity.cyclomatic	docs/internal/plans/modular-architecture/p3-run-measurement-configuration.md	997	1	| 7   | `declaration:callable:Qualimetrix\Analysis\Discovery\FinderFileDiscovery::discover@src/Analysis/Discovery/FinderFileDiscovery.php:464`
complexity.cyclomatic	channel-code+producer	plain	complexity.cyclomatic	docs/internal/plans/modular-architecture/p3-run-measurement-configuration.md	1006	1	| 16  | `declaration:callable:Qualimetrix\Configuration\AnalysisConfiguration::merge@src/Configuration/AnalysisConfiguration.php:9184`
complexity.cyclomatic	channel-code+producer	plain	complexity.cyclomatic	docs/internal/plans/modular-architecture/p3-run-measurement-configuration.md	1008	1	| 18  | `declaration:callable:Qualimetrix\Configuration\HealthFormulaExcluder::applyExcludeHealth@src/Configuration/HealthFormulaExcluder.php:737`
complexity.cyclomatic	channel-code+producer	plain	complexity.cyclomatic	docs/internal/plans/modular-architecture/p3-run-measurement-configuration.md	1009	1	| 19  | `declaration:callable:Qualimetrix\Configuration\Pipeline\RuleNameValidator::validateRuleNames@src/Configuration/Pipeline/RuleNameValidator.php:1447`
complexity.cyclomatic	channel-code+producer	plain	complexity.cyclomatic	docs/internal/plans/modular-architecture/p3-run-measurement-configuration.md	1010	1	| 20  | `declaration:callable:Qualimetrix\Configuration\RuleOptionThresholdModeResolver::evictUsingHeuristic@src/Configuration/RuleOptionThresholdModeResolver.p
complexity.cyclomatic	channel-code+producer	plain	complexity.cyclomatic	docs/internal/plans/modular-architecture/p3-run-measurement-configuration.md	1011	1	| 21  | `declaration:callable:Qualimetrix\Configuration\RuleOptionsFactory::validateNumericFields@src/Configuration/RuleOptionsFactory.php:18204`
complexity.cyclomatic	channel-code+producer	plain	complexity.cyclomatic	docs/internal/plans/modular-architecture/p5-computed-metrics.md	1126	1	`complexity.cyclomatic#complexity.cyclomatic.callable`; NPath =
complexity.cyclomatic	channel-code+producer	plain	complexity.cyclomatic	docs/internal/plans/modular-architecture/p6-finding-policy.md	1085	1	| same removed method; `complexity.cyclomatic#complexity.cyclomatic.callable`
complexity.cyclomatic	channel-code+producer	plain	complexity.cyclomatic	docs/internal/plans/modular-architecture/p6-finding-policy.md	1088	1	| `declaration:callable:Qualimetrix\Reporting\Formatter\Support\DetailedViolationRenderer::renderGrouped@src/Reporting/Formatter/Support/DetailedViolationRender
complexity.cyclomatic	channel-code+producer	plain	complexity.cyclomatic	docs/internal/plans/modular-architecture/p6-finding-policy.md	1314	1	| `declaration:callable:Qualimetrix\Analysis\Policy\Inline\Suppression\SuppressionFilter::shouldInclude@src/Analysis/Policy/Inline/Suppression/SuppressionFilter
complexity.cyclomatic	channel-code+producer	plain	complexity.cyclomatic	docs/internal/plans/modular-architecture/p6/p6-production-ledger.md	431	1	| `Qualimetrix\Analysis\Policy\Inline\Suppression\SuppressionFilter::shouldInclude`; `src/Analysis/Policy/Inline/Suppression/SuppressionFilter.php` | terminal D
complexity.cyclomatic	channel-code+producer	plain	complexity.cyclomatic	docs/internal/plans/modular-architecture/p6/p6-test-ledger.md	575	1	| `ModularArchitectureGovernanceIntegrationTest::itPinsTheReviewedSnapshotAsComputedEvidence` | within the existing ID, pin predecessor offset 2433 absent, succ
complexity.cyclomatic	channel-code+producer	plain	complexity.cyclomatic	docs/internal/plans/rule-vocabulary/AUDIT.md	110	1	channels of `complexity.cognitive` and `complexity.cyclomatic` are on. The
complexity.cyclomatic	channel-code+producer	plain	complexity.cyclomatic	docs/internal/plans/rule-vocabulary/FOLLOWUPS.md	123	1	`complexity.ccn` is thresholded by `complexity.cyclomatic`, `maintainability.mi`
complexity.cyclomatic	channel-code+producer	plain	complexity.cyclomatic	docs/internal/plans/rule-vocabulary/FOLLOWUPS.md	871	1	(`complexity.cyclomatic: {callable: {enabled: false}, class: {enabled: true}}`):
complexity.cyclomatic	channel-code+producer	plain	complexity.cyclomatic	docs/internal/plans/rule-vocabulary/FOLLOWUPS.md	1197	1	* complexity.cyclomatic 15
complexity.cyclomatic	channel-code+producer	plain	complexity.cyclomatic	docs/internal/plans/rule-vocabulary/FOLLOWUPS.md	2562	1	(`complexity.cyclomatic`, `code-smell.long-parameter-list`,
complexity.cyclomatic	channel-code+producer	plain	complexity.cyclomatic	docs/internal/plans/rule-vocabulary/PLAN.md	304	1	После схлопывания Ш5 цель (`complexity.cognitive`, `complexity.cyclomatic`,
complexity.cyclomatic	channel-code+producer	plain	complexity.cyclomatic	docs/internal/plans/rule-vocabulary/PLAN.md	5450	1	| `Retuned::classify`               | `@qmx-threshold complexity.cyclomatic warning=2`                    | понижение применено: находки нет ни при одном пороге
complexity.cyclomatic	channel-code+producer	plain	complexity.cyclomatic	docs/internal/plans/rule-vocabulary/PLAN.md	5467	1	- `Retuned` → `only in claimed: complexity.cyclomatic@callable`;
complexity.cyclomatic	channel-code+producer	plain	complexity.cyclomatic	docs/internal/plans/rule-vocabulary/X1-tail.md	44	1	| `BoundaryExplanationService::relevantIdentities` | `complexity.cyclomatic` | 12                 | 10    |
complexity.cyclomatic	channel-code+producer	plain	complexity.cyclomatic	docs/internal/plans/rule-vocabulary/X1-tail.md	289	1	`complexity.cyclomatic` 12 переизданы под новым ключом без изменения величины.
complexity.cyclomatic	channel-code+producer	plain	complexity.cyclomatic	docs/internal/plans/rule-vocabulary/X10-freeze-and-carry/followups/fix2.md	112	1	`code-smell.goto` and `complexity.cyclomatic`, which the stub registry declares:
complexity.cyclomatic	channel-code+producer	plain	complexity.cyclomatic	docs/internal/plans/rule-vocabulary/X10-freeze-and-carry/followups/fix3.md	114	1	`complexity.cyclomatic` bumped) — the first is this package's own new
complexity.cyclomatic	channel-code+producer	plain	complexity.cyclomatic	docs/internal/plans/rule-vocabulary/X11-final-vocabulary/01-decision-table.md	74	1	| subject (`complexity.cyclomatic`)           | 17              | 1              |
complexity.cyclomatic	channel-code+producer	plain	complexity.cyclomatic	docs/internal/plans/rule-vocabulary/X11-final-vocabulary/01-decision-table.md	90	1	`bin/qmx rules`). `complexity.cyclomatic` plus a declared judged-metric link
complexity.cyclomatic	channel-code+producer	plain	complexity.cyclomatic	docs/internal/plans/rule-vocabulary/X11-final-vocabulary/decision-table-population.tsv	9	1	# THE UNIT OF A ROW IS A NAME IN A ROLE, NOT A NAME. `complexity.cyclomatic`
complexity.cyclomatic	channel-code+producer	plain	complexity.cyclomatic	docs/internal/plans/rule-vocabulary/X11-final-vocabulary/decision-table-population.tsv	300	1	#     warn-and-default $ printf 'rules:\n  complexity.cyclomatic:\n    nonexistent-option: 5\n' > qmx.yaml
complexity.cyclomatic	channel-code+producer	plain	complexity.cyclomatic	docs/internal/plans/rule-vocabulary/X11-final-vocabulary/decision-table-population.tsv	303	1	#                         rule "complexity.cyclomatic". Available options:
complexity.cyclomatic	channel-code+producer	plain	complexity.cyclomatic	docs/internal/plans/rule-vocabulary/X11-final-vocabulary/decision-table-population.tsv	307	1	#                         `--rule-opt complexity.cyclomatic:nonexistent-option=5`
complexity.cyclomatic	channel-code+producer	plain	complexity.cyclomatic	docs/internal/plans/rule-vocabulary/X11-final-vocabulary/decision-table-population.tsv	460	2	complexity.cyclomatic	channel-codes	channel-code	subject		complexity.cyclomatic	1		897	no	silent	baseline."channel":command; qmx.yaml.suppress_namespace_channel
complexity.cyclomatic	channel-code+producer	plain	complexity.cyclomatic	docs/internal/plans/rule-vocabulary/X11-final-vocabulary/decision-table-population.tsv	592	2	complexity.cyclomatic	producer-rule-names	producer-rule-name	subject		complexity	1	complexity.cyclomatic	897	no	inert-detected	qmx.yaml.rules.<key>:refuse-loud;
complexity.cyclomatic	channel-code+producer	plain	complexity.cyclomatic	docs/internal/plans/rule-vocabulary/X11-final-vocabulary/decision-table-population.tsv	625	1	callable	rule-option-keys	rule-option-key	level		<shared>	3	complexity.cognitive,complexity.cyclomatic,complexity.npath			warn-and-default	qmx.yaml.rules.<rule>
complexity.cyclomatic	channel-code+producer	plain	complexity.cyclomatic	docs/internal/plans/rule-vocabulary/X11-final-vocabulary/decision-table-population.tsv	626	1	class	rule-option-keys	rule-option-key	level		<shared>	5	complexity.cognitive,complexity.cyclomatic,complexity.npath,coupling.cbo,coupling.instability			warn-an
complexity.cyclomatic	channel-code+producer	plain	complexity.cyclomatic	docs/internal/plans/rule-vocabulary/X11-final-vocabulary/decision-table-population.tsv	658	1	threshold	rule-option-keys	rule-option-key	shared-shorthand		<shared>	22	code-smell.constructor-overinjection,code-smell.long-parameter-list,code-smell.unreacha
complexity.cyclomatic	channel-code+producer	plain	complexity.cyclomatic	docs/internal/plans/rule-vocabulary/X11-final-vocabulary/decision-table-population.tsv	681	1	cyclomatic-class-error	cli-flag-aliases	cli-flag-alias	rule+option		complexity.cyclomatic	1	class.max_error			refuse-loud	check --<alias>:refuse-loud	no
complexity.cyclomatic	channel-code+producer	plain	complexity.cyclomatic	docs/internal/plans/rule-vocabulary/X11-final-vocabulary/decision-table-population.tsv	682	1	cyclomatic-class-warning	cli-flag-aliases	cli-flag-alias	rule+option		complexity.cyclomatic	1	class.max_warning			refuse-loud	check --<alias>:refuse-loud	no
complexity.cyclomatic	channel-code+producer	plain	complexity.cyclomatic	docs/internal/plans/rule-vocabulary/X11-final-vocabulary/decision-table-population.tsv	683	1	cyclomatic-error	cli-flag-aliases	cli-flag-alias	rule+option		complexity.cyclomatic	1	callable.error			refuse-loud	check --<alias>:refuse-loud	no
complexity.cyclomatic	channel-code+producer	plain	complexity.cyclomatic	docs/internal/plans/rule-vocabulary/X11-final-vocabulary/decision-table-population.tsv	684	1	cyclomatic-warning	cli-flag-aliases	cli-flag-alias	rule+option		complexity.cyclomatic	1	callable.warning			refuse-loud	check --<alias>:refuse-loud	no
complexity.cyclomatic	channel-code+producer	plain	complexity.cyclomatic	docs/internal/plans/rule-vocabulary/X11-final-vocabulary/decision-table.tsv	128	1	#          complexity.cyclomatic   -> complexity.ccn
complexity.cyclomatic	channel-code+producer	plain	complexity.cyclomatic	docs/internal/plans/rule-vocabulary/X11-final-vocabulary/decision-table.tsv	366	1	#   complexity.cyclomatic (channel-code) -> complexity.ccn
complexity.cyclomatic	channel-code+producer	plain	complexity.cyclomatic	docs/internal/plans/rule-vocabulary/X11-final-vocabulary/decision-table.tsv	367	1	#   complexity.cyclomatic (producer-rule-name) -> complexity.ccn
complexity.cyclomatic	channel-code+producer	plain	complexity.cyclomatic	docs/internal/plans/rule-vocabulary/X11-final-vocabulary/decision-table.tsv	405	2	complexity.cyclomatic	channel-codes	channel-code	subject	magnitude:higher:judges=complexity.ccn,complexity.ccn.max	rename	complexity.ccn	RENAMED to complexity.c
complexity.cyclomatic	channel-code+producer	plain	complexity.cyclomatic	docs/internal/plans/rule-vocabulary/X11-final-vocabulary/decision-table.tsv	447	1	complexity.ccn	metric-keys	metric-key	abbreviation		keep	complexity.ccn	KEEP. The ccn/cyclomatic divergence FOLLOWUPS.md:119-136 left open is closed in this tab
complexity.cyclomatic	channel-code+producer	plain	complexity.cyclomatic	docs/internal/plans/rule-vocabulary/X11-final-vocabulary/decision-table.tsv	537	1	complexity.cyclomatic	producer-rule-names	producer-rule-name	subject		rename	complexity.ccn	The producer name and the channel code of this spelling are the SAME
complexity.cyclomatic	channel-code+producer	plain	complexity.cyclomatic	docs/internal/plans/rule-vocabulary/X11-final-vocabulary/decision-table.tsv	626	2	cyclomatic-class-error	cli-flag-aliases	cli-flag-alias	rule+option		keep	cyclomatic-class-error	Rule+option alias: `cyclomatic-class-error` sets `class.max_erro
complexity.cyclomatic	channel-code+producer	plain	complexity.cyclomatic	docs/internal/plans/rule-vocabulary/X11-final-vocabulary/decision-table.tsv	627	2	cyclomatic-class-warning	cli-flag-aliases	cli-flag-alias	rule+option		keep	cyclomatic-class-warning	Rule+option alias: `cyclomatic-class-warning` sets `class.ma
complexity.cyclomatic	channel-code+producer	plain	complexity.cyclomatic	docs/internal/plans/rule-vocabulary/X11-final-vocabulary/decision-table.tsv	628	2	cyclomatic-error	cli-flag-aliases	cli-flag-alias	rule+option		keep	cyclomatic-error	Rule+option alias: `cyclomatic-error` sets `callable.error` on complexity.cy
complexity.cyclomatic	channel-code+producer	plain	complexity.cyclomatic	docs/internal/plans/rule-vocabulary/X11-final-vocabulary/decision-table.tsv	629	2	cyclomatic-warning	cli-flag-aliases	cli-flag-alias	rule+option		keep	cyclomatic-warning	Rule+option alias: `cyclomatic-warning` sets `callable.warning` on compl
complexity.cyclomatic	channel-code+producer	plain	complexity.cyclomatic	docs/internal/plans/rule-vocabulary/X11-final-vocabulary/enumeration-channel-naming.tsv	49	1	#   one key (five channels do: complexity.cognitive, complexity.cyclomatic,
complexity.cyclomatic	channel-code+producer	plain	complexity.cyclomatic	docs/internal/plans/rule-vocabulary/X11-final-vocabulary/enumeration-channel-naming.tsv	64	1	#   (complexity.cyclomatic judges complexity.ccn; maintainability.index judges
complexity.cyclomatic	channel-code+producer	plain	complexity.cyclomatic	docs/internal/plans/rule-vocabulary/X11-final-vocabulary/enumeration-channel-naming.tsv	181	2	complexity.cyclomatic	complexity	complexity.cyclomatic	yes	src/Analysis/Evidence/Complexity/ComplexityRule.php:138	complexity.ccn,complexity.ccn.max	subject	adj
complexity.cyclomatic	channel-code+producer	plain	complexity.cyclomatic	docs/internal/plans/rule-vocabulary/X11-final-vocabulary/enumeration-metric-key-naming.tsv	123	1	#    channel complexity.cyclomatic), the column says so explicitly: a user
complexity.cyclomatic	channel-code+producer	plain	complexity.cyclomatic	docs/internal/plans/rule-vocabulary/X11-final-vocabulary/enumeration-metric-key-naming.tsv	125	1	#    against "complexity.cyclomatic".
complexity.cyclomatic	channel-code+producer	plain	complexity.cyclomatic	docs/internal/plans/rule-vocabulary/X11-final-vocabulary/enumeration-metric-key-naming.tsv	216	1	#    complexity.ccn / complexity.cyclomatic) DOES have a working threshold
complexity.cyclomatic	channel-code+producer	plain	complexity.cyclomatic	docs/internal/plans/rule-vocabulary/X11-final-vocabulary/enumeration-metric-key-naming.tsv	294	2	complexity.ccn	complexity	ccn	abbreviation	yes	Cyclomatic Complexity	callable	.avg,.count,.max,.p95,.sum	complexity.cyclomatic	no	yes: computed_metrics; thresho
complexity.cyclomatic	channel-code+producer	plain	complexity.cyclomatic	docs/internal/plans/rule-vocabulary/X11-final-vocabulary/enumeration-runtime-witness.tsv	204	1	channel	complexity.cyclomatic	check_json_case-applied-threshold,check_json_case-complexity,check_json_case-health,check_json_finding-gate,check_json_mi-forced,c
complexity.cyclomatic	channel-code+producer	plain	complexity.cyclomatic	docs/internal/plans/rule-vocabulary/X11-final-vocabulary/followups/adr.md	15	1	**channel**: `complexity.cyclomatic → complexity.ccn`,
complexity.cyclomatic	channel-code+producer	plain	complexity.cyclomatic	docs/internal/plans/rule-vocabulary/X11-final-vocabulary/followups/naming-questions-answered.md	193	1	`…/Retuned.php:15` (`@qmx-threshold complexity.cyclomatic …`),
complexity.cyclomatic	channel-code+producer	plain	complexity.cyclomatic	docs/internal/plans/rule-vocabulary/X2-directive-audit/04-command.md	144	1	complexity.cyclomatic` и файловым `@qmx-ignore-file annotation.unused-directive`
complexity.cyclomatic	channel-code+producer	plain	complexity.cyclomatic	docs/internal/plans/rule-vocabulary/X2-directive-audit/05-ci-and-narrow-pass.md	20	1	`complexity.cyclomatic` 175 мс, `code-smell.long-parameter-list` 150 мс.
complexity.cyclomatic	channel-code+producer	plain	complexity.cyclomatic	docs/internal/plans/rule-vocabulary/X3-followups/00-overview.md	67	1	(`complexity.npath`, `complexity.cyclomatic`, `code-smell.*`) остаются и
complexity.cyclomatic	channel-code+producer	plain	complexity.cyclomatic	docs/internal/plans/rule-vocabulary/X3-followups/01-producer-enablement.md	17	1	`@qmx-threshold complexity.cyclomatic warning=1 error=2` на нём.
complexity.cyclomatic	channel-code+producer	plain	complexity.cyclomatic	docs/internal/plans/rule-vocabulary/X3-followups/01-producer-enablement.md	95	1	- `@qmx-threshold complexity.cyclomatic:callable` продукт **отвергает**
complexity.cyclomatic	channel-code+producer	plain	complexity.cyclomatic	docs/internal/plans/rule-vocabulary/X3-followups/01-producer-enablement.md	142	1	Иерархические пять: `complexity.cognitive`, `complexity.cyclomatic`,
complexity.cyclomatic	channel-code+producer	plain	complexity.cyclomatic	docs/internal/plans/rule-vocabulary/X3-followups/09-heterogeneous-control.md	193	1	| `Inert`                                  | `@qmx-threshold complexity.cyclomatic warning=50 error=80 -- ...` над прямолинейным методом
complexity.cyclomatic	channel-code+producer	plain	complexity.cyclomatic	docs/internal/plans/rule-vocabulary/X3-followups/enumeration-producer-enablement.tsv	22	1	complexity.cyclomatic	ComplexityRule	ComplexityOptions	hierarchical	1	isEnabled@src/Analysis/Evidence/Complexity/ComplexityRule.php:87
complexity.cyclomatic	channel-code+producer	plain	complexity.cyclomatic	docs/internal/plans/rule-vocabulary/X4-directive-ban/measurement-directive-forms.md	28	1	* **жертва** (строка 7): `// @qmx-ignore-file complexity.cyclomatic -- victim`
complexity.cyclomatic	channel-code+producer	plain	complexity.cyclomatic	docs/internal/plans/rule-vocabulary/X4-directive-ban/measurement-directive-forms.md	67	2	| `B0-victim-only`      | `complexity.cyclomatic`                 | L7 complexity.cyclomatic                                      | no suppression prose | **ine
complexity.cyclomatic	channel-code+producer	plain	complexity.cyclomatic	docs/internal/plans/rule-vocabulary/X4-directive-ban/measurement-directive-forms.md	68	1	| `S-exact`             | `annotation.unused-directive`           | L9 annotation.unused-directive; L7 complexity.cyclomatic      | no suppression prose | **ine
complexity.cyclomatic	channel-code+producer	plain	complexity.cyclomatic	docs/internal/plans/rule-vocabulary/X4-directive-ban/measurement-directive-forms.md	69	1	| `S-exact-file`        | `annotation.unused-directive:file`      | L9 annotation.unused-directive:file; L7 complexity.cyclomatic | no suppression prose | **ine
complexity.cyclomatic	channel-code+producer	plain	complexity.cyclomatic	docs/internal/plans/rule-vocabulary/X4-directive-ban/measurement-directive-forms.md	70	1	| `S-exact-class`       | `annotation.unused-directive:class`     | L7 complexity.cyclomatic                                      | no suppression prose | **unm
complexity.cyclomatic	channel-code+producer	plain	complexity.cyclomatic	docs/internal/plans/rule-vocabulary/X4-directive-ban/measurement-directive-forms.md	71	1	| `S-group`             | `annotation.*`                          | L9 annotation.*; L7 complexity.cyclomatic                     | no suppression prose | **ine
complexity.cyclomatic	channel-code+producer	plain	complexity.cyclomatic	docs/internal/plans/rule-vocabulary/X4-directive-ban/measurement-directive-forms.md	72	1	| `S-group-file`        | `annotation.*:file`                     | L9 annotation.*:file; L7 complexity.cyclomatic                | no suppression prose | **ine
complexity.cyclomatic	channel-code+producer	plain	complexity.cyclomatic	docs/internal/plans/rule-vocabulary/X4-directive-ban/measurement-directive-forms.md	73	1	| `S-nofilter`          | `*`                                     | L7 complexity.cyclomatic                                      | no suppression prose | **unm
complexity.cyclomatic	channel-code+producer	plain	complexity.cyclomatic	docs/internal/plans/rule-vocabulary/X4-directive-ban/measurement-directive-forms.md	76	1	| `N-exact-class`       | `annotation.unused-directive:class`     | L8 complexity.cyclomatic                                      | no suppression prose | **unm
complexity.cyclomatic	channel-code+producer	plain	complexity.cyclomatic	docs/internal/plans/rule-vocabulary/X4-directive-ban/measurement-directive-forms.md	82	1	| `F-exact-class`       | `annotation.unused-directive:class`     | L7 complexity.cyclomatic                                      | no suppression prose | **unm
complexity.cyclomatic	channel-code+producer	plain	complexity.cyclomatic	docs/internal/plans/rule-vocabulary/X4-directive-ban/measurement-directive-forms.md	86	1	| `LVL-exact-callable`  | `annotation.unused-directive:callable`  | L7 complexity.cyclomatic                                      | no suppression prose | **unm
complexity.cyclomatic	channel-code+producer	plain	complexity.cyclomatic	docs/internal/plans/rule-vocabulary/X4-directive-ban/measurement-directive-forms.md	87	1	| `LVL-exact-class`     | `annotation.unused-directive:class`     | L7 complexity.cyclomatic                                      | no suppression prose | **unm
complexity.cyclomatic	channel-code+producer	plain	complexity.cyclomatic	docs/internal/plans/rule-vocabulary/X4-directive-ban/measurement-directive-forms.md	88	1	| `LVL-exact-namespace` | `annotation.unused-directive:namespace` | L7 complexity.cyclomatic                                      | no suppression prose | **unm
complexity.cyclomatic	channel-code+producer	plain	complexity.cyclomatic	docs/internal/plans/rule-vocabulary/X4-directive-ban/measurement-directive-forms.md	89	1	| `LVL-exact-project`   | `annotation.unused-directive:project`   | L7 complexity.cyclomatic                                      | no suppression prose | **unm
complexity.cyclomatic	channel-code+producer	plain	complexity.cyclomatic	docs/internal/plans/rule-vocabulary/X4-directive-ban/measurement-directive-forms.md	90	1	| `LVL-group-callable`  | `annotation.*:callable`                 | L7 complexity.cyclomatic                                      | no suppression prose | **unm
complexity.cyclomatic	channel-code+producer	plain	complexity.cyclomatic	docs/internal/plans/rule-vocabulary/X4-directive-ban/measurement-directive-forms.md	91	1	| `LVL-group-class`     | `annotation.*:class`                    | L7 complexity.cyclomatic                                      | no suppression prose | **unm
complexity.cyclomatic	channel-code+producer	plain	complexity.cyclomatic	docs/internal/plans/rule-vocabulary/X4-directive-ban/measurement-directive-forms.md	92	1	| `LVL-group-namespace` | `annotation.*:namespace`                | L7 complexity.cyclomatic                                      | no suppression prose | **unm
complexity.cyclomatic	channel-code+producer	plain	complexity.cyclomatic	docs/internal/plans/rule-vocabulary/X4-directive-ban/measurement-directive-forms.md	93	1	| `LVL-group-project`   | `annotation.*:project`                  | L7 complexity.cyclomatic                                      | no suppression prose | **unm
complexity.cyclomatic	channel-code+producer	plain	complexity.cyclomatic	docs/internal/plans/rule-vocabulary/X4-directive-ban/measurement-directive-forms.md	94	1	| `S-method`            | `annotation.unused-directive`           | L7 complexity.cyclomatic; L11 annotation.unused-directive     | no suppression prose | **ine
complexity.cyclomatic	channel-code+producer	plain	complexity.cyclomatic	docs/internal/plans/rule-vocabulary/X4-directive-ban/measurement-directive-forms.md	96	1	| `S-control`           | `coupling.class-rank`                   | L7 complexity.cyclomatic                                      | no suppression prose | **unm
complexity.cyclomatic	channel-code+producer	plain	complexity.cyclomatic	docs/internal/plans/rule-vocabulary/X4-directive-ban/measurement-directive-forms.md	97	1	| `TH-channel`          | `annotation.unused-directive`           | L7 complexity.cyclomatic                                      | no suppression prose | **unm
complexity.cyclomatic	channel-code+producer	plain	complexity.cyclomatic	docs/internal/plans/rule-vocabulary/X4-directive-ban/measurement-directive-forms.md	98	1	| `TH-producer`         | `annotation.directive`                  | L7 complexity.cyclomatic                                      | no suppression prose | **unm
complexity.cyclomatic	channel-code+producer	plain	complexity.cyclomatic	docs/internal/plans/rule-vocabulary/X4-directive-ban/measurement-directive-forms.md	226	1	`complexity.cyclomatic` ×3, `coupling.class-rank` ×2, `coupling.instability` ×2,
complexity.cyclomatic	channel-code+producer	plain	complexity.cyclomatic	docs/internal/plans/rule-vocabulary/X4-directive-ban/measurement-directive-forms.md	282	1	| `tests/Infrastructure/Console/Functional/DirectivesCommandTest.php:155`              | `@qmx-ignore-file annotation.unused-directive` | heredoc-фикстура, кото
complexity.cyclomatic	channel-code+producer	plain	complexity.cyclomatic	docs/internal/plans/rule-vocabulary/X4-directive-ban/measurement-directive-forms.md	318	1	→ `false`; три остальных `annotation.*` → `true`; `complexity.cyclomatic` → `false`.
complexity.cyclomatic	channel-code+producer	plain	complexity.cyclomatic	docs/internal/plans/rule-vocabulary/X4-directive-ban/measurement-directive-forms.md	321	1	`(L7 complexity.cyclomatic, inert)`, `(L8 annotation.unused-directive, effective)`,
complexity.cyclomatic	channel-code+producer	plain	complexity.cyclomatic	docs/internal/plans/rule-vocabulary/X4-directive-ban/stand-directive-forms.py	48	1	VICTIM_LINE = "// @qmx-ignore-file complexity.cyclomatic -- victim"
complexity.cyclomatic	channel-code+producer	plain	complexity.cyclomatic	docs/internal/plans/rule-vocabulary/X4-directive-ban/stand-predicted-forms.md	24	2	| `B0-victim-only`      | `complexity.cyclomatic`                 | L7 annotation.unused-directive [info] "complexity.cyclomatic"
complexity.cyclomatic	channel-code+producer	plain	complexity.cyclomatic	docs/internal/plans/rule-vocabulary/X4-directive-ban/stand-predicted-forms.md	25	1	| `S-exact`             | `annotation.unused-directive`           | L7 annotation.unused-directive [info] "complexity.cyclomatic"; L9 annotation.unresolved-dire
complexity.cyclomatic	channel-code+producer	plain	complexity.cyclomatic	docs/internal/plans/rule-vocabulary/X4-directive-ban/stand-predicted-forms.md	26	1	| `S-exact-file`        | `annotation.unused-directive:file`      | L7 annotation.unused-directive [info] "complexity.cyclomatic"; L9 annotation.unresolved-dire
complexity.cyclomatic	channel-code+producer	plain	complexity.cyclomatic	docs/internal/plans/rule-vocabulary/X4-directive-ban/stand-predicted-forms.md	27	1	| `S-exact-class`       | `annotation.unused-directive:class`     | L7 annotation.unused-directive [info] "complexity.cyclomatic"; L9 annotation.unresolved-dire
complexity.cyclomatic	channel-code+producer	plain	complexity.cyclomatic	docs/internal/plans/rule-vocabulary/X4-directive-ban/stand-predicted-forms.md	28	1	| `S-group`             | `annotation.*`                          | L7 annotation.unused-directive [info] "complexity.cyclomatic"; L9 annotation.unresolved-dire
complexity.cyclomatic	channel-code+producer	plain	complexity.cyclomatic	docs/internal/plans/rule-vocabulary/X4-directive-ban/stand-predicted-forms.md	29	1	| `S-group-file`        | `annotation.*:file`                     | L7 annotation.unused-directive [info] "complexity.cyclomatic"; L9 annotation.unresolved-dire
complexity.cyclomatic	channel-code+producer	plain	complexity.cyclomatic	docs/internal/plans/rule-vocabulary/X4-directive-ban/stand-predicted-forms.md	30	1	| `S-nofilter`          | `*`                                     | L7 annotation.unused-directive [info] "complexity.cyclomatic"
complexity.cyclomatic	channel-code+producer	plain	complexity.cyclomatic	docs/internal/plans/rule-vocabulary/X4-directive-ban/stand-predicted-forms.md	31	1	| `N-exact`             | `annotation.unused-directive`           | L7 annotation.unresolved-directive [error]; L8 annotation.unused-directive [info] "complexit
complexity.cyclomatic	channel-code+producer	plain	complexity.cyclomatic	docs/internal/plans/rule-vocabulary/X4-directive-ban/stand-predicted-forms.md	32	1	| `N-exact-file`        | `annotation.unused-directive:file`      | L7 annotation.unresolved-directive [error]; L8 annotation.unused-directive [info] "complexit
complexity.cyclomatic	channel-code+producer	plain	complexity.cyclomatic	docs/internal/plans/rule-vocabulary/X4-directive-ban/stand-predicted-forms.md	33	1	| `N-exact-class`       | `annotation.unused-directive:class`     | L7 annotation.unresolved-directive [error]; L8 annotation.unused-directive [info] "complexit
complexity.cyclomatic	channel-code+producer	plain	complexity.cyclomatic	docs/internal/plans/rule-vocabulary/X4-directive-ban/stand-predicted-forms.md	34	1	| `N-group`             | `annotation.*`                          | L7 annotation.unresolved-directive [error]; L8 annotation.unused-directive [info] "complexit
complexity.cyclomatic	channel-code+producer	plain	complexity.cyclomatic	docs/internal/plans/rule-vocabulary/X4-directive-ban/stand-predicted-forms.md	35	1	| `N-group-file`        | `annotation.*:file`                     | L7 annotation.unresolved-directive [error]; L8 annotation.unused-directive [info] "complexit
complexity.cyclomatic	channel-code+producer	plain	complexity.cyclomatic	docs/internal/plans/rule-vocabulary/X4-directive-ban/stand-predicted-forms.md	36	1	| `N-nofilter`          | `*`                                     | L8 annotation.unused-directive [info] "complexity.cyclomatic"
complexity.cyclomatic	channel-code+producer	plain	complexity.cyclomatic	docs/internal/plans/rule-vocabulary/X4-directive-ban/stand-predicted-forms.md	37	1	| `F-exact`             | `annotation.unused-directive`           | L7 annotation.unused-directive [info] "complexity.cyclomatic"; L8 annotation.unresolved-dire
complexity.cyclomatic	channel-code+producer	plain	complexity.cyclomatic	docs/internal/plans/rule-vocabulary/X4-directive-ban/stand-predicted-forms.md	38	1	| `F-exact-file`        | `annotation.unused-directive:file`      | L7 annotation.unused-directive [info] "complexity.cyclomatic"; L8 annotation.unresolved-dire
complexity.cyclomatic	channel-code+producer	plain	complexity.cyclomatic	docs/internal/plans/rule-vocabulary/X4-directive-ban/stand-predicted-forms.md	39	1	| `F-exact-class`       | `annotation.unused-directive:class`     | L7 annotation.unused-directive [info] "complexity.cyclomatic"; L8 annotation.unresolved-dire
complexity.cyclomatic	channel-code+producer	plain	complexity.cyclomatic	docs/internal/plans/rule-vocabulary/X4-directive-ban/stand-predicted-forms.md	40	1	| `F-group`             | `annotation.*`                          | L7 annotation.unused-directive [info] "complexity.cyclomatic"; L8 annotation.unresolved-dire
complexity.cyclomatic	channel-code+producer	plain	complexity.cyclomatic	docs/internal/plans/rule-vocabulary/X4-directive-ban/stand-predicted-forms.md	41	1	| `F-group-file`        | `annotation.*:file`                     | L7 annotation.unused-directive [info] "complexity.cyclomatic"; L8 annotation.unresolved-dire
complexity.cyclomatic	channel-code+producer	plain	complexity.cyclomatic	docs/internal/plans/rule-vocabulary/X4-directive-ban/stand-predicted-forms.md	42	1	| `F-nofilter`          | `*`                                     | L7 annotation.unused-directive [info] "complexity.cyclomatic"
complexity.cyclomatic	channel-code+producer	plain	complexity.cyclomatic	docs/internal/plans/rule-vocabulary/X4-directive-ban/stand-predicted-forms.md	43	1	| `LVL-exact-callable`  | `annotation.unused-directive:callable`  | L7 annotation.unused-directive [info] "complexity.cyclomatic"; L8 annotation.unresolved-dire
complexity.cyclomatic	channel-code+producer	plain	complexity.cyclomatic	docs/internal/plans/rule-vocabulary/X4-directive-ban/stand-predicted-forms.md	44	1	| `LVL-exact-class`     | `annotation.unused-directive:class`     | L7 annotation.unused-directive [info] "complexity.cyclomatic"; L8 annotation.unresolved-dire
complexity.cyclomatic	channel-code+producer	plain	complexity.cyclomatic	docs/internal/plans/rule-vocabulary/X4-directive-ban/stand-predicted-forms.md	45	1	| `LVL-exact-namespace` | `annotation.unused-directive:namespace` | L7 annotation.unused-directive [info] "complexity.cyclomatic"; L8 annotation.unresolved-dire
complexity.cyclomatic	channel-code+producer	plain	complexity.cyclomatic	docs/internal/plans/rule-vocabulary/X4-directive-ban/stand-predicted-forms.md	46	1	| `LVL-exact-project`   | `annotation.unused-directive:project`   | L7 annotation.unused-directive [info] "complexity.cyclomatic"; L8 annotation.unresolved-dire
complexity.cyclomatic	channel-code+producer	plain	complexity.cyclomatic	docs/internal/plans/rule-vocabulary/X4-directive-ban/stand-predicted-forms.md	47	1	| `LVL-group-callable`  | `annotation.*:callable`                 | L7 annotation.unused-directive [info] "complexity.cyclomatic"; L8 annotation.unresolved-dire
complexity.cyclomatic	channel-code+producer	plain	complexity.cyclomatic	docs/internal/plans/rule-vocabulary/X4-directive-ban/stand-predicted-forms.md	48	1	| `LVL-group-class`     | `annotation.*:class`                    | L7 annotation.unused-directive [info] "complexity.cyclomatic"; L8 annotation.unresolved-dire
complexity.cyclomatic	channel-code+producer	plain	complexity.cyclomatic	docs/internal/plans/rule-vocabulary/X4-directive-ban/stand-predicted-forms.md	49	1	| `LVL-group-namespace` | `annotation.*:namespace`                | L7 annotation.unused-directive [info] "complexity.cyclomatic"; L8 annotation.unresolved-dire
complexity.cyclomatic	channel-code+producer	plain	complexity.cyclomatic	docs/internal/plans/rule-vocabulary/X4-directive-ban/stand-predicted-forms.md	50	1	| `LVL-group-project`   | `annotation.*:project`                  | L7 annotation.unused-directive [info] "complexity.cyclomatic"; L8 annotation.unresolved-dire
complexity.cyclomatic	channel-code+producer	plain	complexity.cyclomatic	docs/internal/plans/rule-vocabulary/X4-directive-ban/stand-predicted-forms.md	51	1	| `S-method`            | `annotation.unused-directive`           | L7 annotation.unused-directive [info] "complexity.cyclomatic"; L11 annotation.unresolved-dir
complexity.cyclomatic	channel-code+producer	plain	complexity.cyclomatic	docs/internal/plans/rule-vocabulary/X4-directive-ban/stand-predicted-forms.md	53	1	| `S-control`           | `coupling.class-rank`                   | L7 annotation.unused-directive [info] "complexity.cyclomatic"
complexity.cyclomatic	channel-code+producer	plain	complexity.cyclomatic	docs/internal/plans/rule-vocabulary/X4-directive-ban/stand-predicted-forms.md	54	1	| `S-control-live`      | `coupling.class-rank`                   | L7 annotation.unused-directive [info] "complexity.cyclomatic"
complexity.cyclomatic	channel-code+producer	plain	complexity.cyclomatic	docs/internal/plans/rule-vocabulary/X4-directive-ban/stand-predicted-forms.md	56	1	| `NEIGH-exact`         | `annotation.unresolved-directive`       | L7 annotation.unused-directive [info] "complexity.cyclomatic"; L8 annotation.unused-directiv
complexity.cyclomatic	channel-code+producer	plain	complexity.cyclomatic	docs/internal/plans/rule-vocabulary/X4-directive-ban/stand-predicted-forms.md	57	1	| `TH-channel`          | `annotation.unused-directive`           | L7 annotation.unused-directive [info] "complexity.cyclomatic"; L9 annotation.unresolved-dire
complexity.cyclomatic	channel-code+producer	plain	complexity.cyclomatic	docs/internal/plans/rule-vocabulary/X4-directive-ban/stand-predicted-forms.md	58	1	| `TH-producer`         | `annotation.directive`                  | L7 annotation.unused-directive [info] "complexity.cyclomatic"; L9 annotation.unsupported-thr
complexity.cyclomatic	channel-code+producer	plain	complexity.cyclomatic	docs/internal/plans/rule-vocabulary/X4-directive-ban/stand-today-forms.md	29	2	| `B0-victim-only`      | `complexity.cyclomatic`                 | L7 annotation.unused-directive [info] "complexity.cyclomatic"
complexity.cyclomatic	channel-code+producer	plain	complexity.cyclomatic	docs/internal/plans/rule-vocabulary/X4-directive-ban/stand-today-forms.md	30	1	| `S-exact`             | `annotation.unused-directive`           | L7 annotation.unused-directive [info] "complexity.cyclomatic"; L9 annotation.unused-directiv
complexity.cyclomatic	channel-code+producer	plain	complexity.cyclomatic	docs/internal/plans/rule-vocabulary/X4-directive-ban/stand-today-forms.md	31	1	| `S-exact-file`        | `annotation.unused-directive:file`      | L7 annotation.unused-directive [info] "complexity.cyclomatic"; L9 annotation.unused-directiv
complexity.cyclomatic	channel-code+producer	plain	complexity.cyclomatic	docs/internal/plans/rule-vocabulary/X4-directive-ban/stand-today-forms.md	32	1	| `S-exact-class`       | `annotation.unused-directive:class`     | L7 annotation.unused-directive [info] "complexity.cyclomatic"; L9 annotation.unresolved-dire
complexity.cyclomatic	channel-code+producer	plain	complexity.cyclomatic	docs/internal/plans/rule-vocabulary/X4-directive-ban/stand-today-forms.md	33	1	| `S-group`             | `annotation.*`                          | L7 annotation.unused-directive [info] "complexity.cyclomatic"; L9 annotation.unused-directiv
complexity.cyclomatic	channel-code+producer	plain	complexity.cyclomatic	docs/internal/plans/rule-vocabulary/X4-directive-ban/stand-today-forms.md	34	1	| `S-group-file`        | `annotation.*:file`                     | L7 annotation.unused-directive [info] "complexity.cyclomatic"; L9 annotation.unused-directiv
complexity.cyclomatic	channel-code+producer	plain	complexity.cyclomatic	docs/internal/plans/rule-vocabulary/X4-directive-ban/stand-today-forms.md	35	1	| `S-nofilter`          | `*`                                     | L7 annotation.unused-directive [info] "complexity.cyclomatic"
complexity.cyclomatic	channel-code+producer	plain	complexity.cyclomatic	docs/internal/plans/rule-vocabulary/X4-directive-ban/stand-today-forms.md	38	1	| `N-exact-class`       | `annotation.unused-directive:class`     | L7 annotation.unresolved-directive [error]; L8 annotation.unused-directive [info] "complexit
complexity.cyclomatic	channel-code+producer	plain	complexity.cyclomatic	docs/internal/plans/rule-vocabulary/X4-directive-ban/stand-today-forms.md	44	1	| `F-exact-class`       | `annotation.unused-directive:class`     | L7 annotation.unused-directive [info] "complexity.cyclomatic"; L8 annotation.unresolved-dire
complexity.cyclomatic	channel-code+producer	plain	complexity.cyclomatic	docs/internal/plans/rule-vocabulary/X4-directive-ban/stand-today-forms.md	48	1	| `LVL-exact-callable`  | `annotation.unused-directive:callable`  | L7 annotation.unused-directive [info] "complexity.cyclomatic"; L8 annotation.unresolved-dire
complexity.cyclomatic	channel-code+producer	plain	complexity.cyclomatic	docs/internal/plans/rule-vocabulary/X4-directive-ban/stand-today-forms.md	49	1	| `LVL-exact-class`     | `annotation.unused-directive:class`     | L7 annotation.unused-directive [info] "complexity.cyclomatic"; L8 annotation.unresolved-dire
complexity.cyclomatic	channel-code+producer	plain	complexity.cyclomatic	docs/internal/plans/rule-vocabulary/X4-directive-ban/stand-today-forms.md	50	1	| `LVL-exact-namespace` | `annotation.unused-directive:namespace` | L7 annotation.unused-directive [info] "complexity.cyclomatic"; L8 annotation.unresolved-dire
complexity.cyclomatic	channel-code+producer	plain	complexity.cyclomatic	docs/internal/plans/rule-vocabulary/X4-directive-ban/stand-today-forms.md	51	1	| `LVL-exact-project`   | `annotation.unused-directive:project`   | L7 annotation.unused-directive [info] "complexity.cyclomatic"; L8 annotation.unresolved-dire
complexity.cyclomatic	channel-code+producer	plain	complexity.cyclomatic	docs/internal/plans/rule-vocabulary/X4-directive-ban/stand-today-forms.md	52	1	| `LVL-group-callable`  | `annotation.*:callable`                 | L7 annotation.unused-directive [info] "complexity.cyclomatic"; L8 annotation.unresolved-dire
complexity.cyclomatic	channel-code+producer	plain	complexity.cyclomatic	docs/internal/plans/rule-vocabulary/X4-directive-ban/stand-today-forms.md	53	1	| `LVL-group-class`     | `annotation.*:class`                    | L7 annotation.unused-directive [info] "complexity.cyclomatic"; L8 annotation.unresolved-dire
complexity.cyclomatic	channel-code+producer	plain	complexity.cyclomatic	docs/internal/plans/rule-vocabulary/X4-directive-ban/stand-today-forms.md	54	1	| `LVL-group-namespace` | `annotation.*:namespace`                | L7 annotation.unused-directive [info] "complexity.cyclomatic"; L8 annotation.unresolved-dire
complexity.cyclomatic	channel-code+producer	plain	complexity.cyclomatic	docs/internal/plans/rule-vocabulary/X4-directive-ban/stand-today-forms.md	55	1	| `LVL-group-project`   | `annotation.*:project`                  | L7 annotation.unused-directive [info] "complexity.cyclomatic"; L8 annotation.unresolved-dire
complexity.cyclomatic	channel-code+producer	plain	complexity.cyclomatic	docs/internal/plans/rule-vocabulary/X4-directive-ban/stand-today-forms.md	56	1	| `S-method`            | `annotation.unused-directive`           | L7 annotation.unused-directive [info] "complexity.cyclomatic"; L11 annotation.unused-directi
complexity.cyclomatic	channel-code+producer	plain	complexity.cyclomatic	docs/internal/plans/rule-vocabulary/X4-directive-ban/stand-today-forms.md	58	1	| `S-control`           | `coupling.class-rank`                   | L7 annotation.unused-directive [info] "complexity.cyclomatic"
complexity.cyclomatic	channel-code+producer	plain	complexity.cyclomatic	docs/internal/plans/rule-vocabulary/X4-directive-ban/stand-today-forms.md	59	1	| `S-control-live`      | `coupling.class-rank`                   | L7 annotation.unused-directive [info] "complexity.cyclomatic"
complexity.cyclomatic	channel-code+producer	plain	complexity.cyclomatic	docs/internal/plans/rule-vocabulary/X4-directive-ban/stand-today-forms.md	61	1	| `NEIGH-exact`         | `annotation.unresolved-directive`       | L7 annotation.unused-directive [info] "complexity.cyclomatic"; L8 annotation.unused-directiv
complexity.cyclomatic	channel-code+producer	plain	complexity.cyclomatic	docs/internal/plans/rule-vocabulary/X4-directive-ban/stand-today-forms.md	62	1	| `TH-channel`          | `annotation.unused-directive`           | L7 annotation.unused-directive [info] "complexity.cyclomatic"; L9 annotation.unresolved-dire
complexity.cyclomatic	channel-code+producer	plain	complexity.cyclomatic	docs/internal/plans/rule-vocabulary/X4-directive-ban/stand-today-forms.md	63	1	| `TH-producer`         | `annotation.directive`                  | L7 annotation.unused-directive [info] "complexity.cyclomatic"; L9 annotation.unsupported-thr
complexity.cyclomatic	channel-code+producer	plain	complexity.cyclomatic	docs/internal/plans/rule-vocabulary/X4-directive-ban/stand-today-forms.md	93	1	`// @qmx-ignore-file complexity.cyclomatic -- victim`;
complexity.cyclomatic	channel-code+producer	plain	complexity.cyclomatic	docs/internal/plans/rule-vocabulary/X4-directive-ban/stand-today-forms.md	98	1	| `B0-victim-only`      | 7           | `// @qmx-ignore-file complexity.cyclomatic -- victim`                  |
complexity.cyclomatic	channel-code+producer	plain	complexity.cyclomatic	docs/internal/plans/rule-vocabulary/X4-directive-ban/stand-today-forms.tsv	2	3	B0-victim-only	complexity.cyclomatic	// @qmx-ignore-file complexity.cyclomatic -- victim	7	7	L7 annotation.unused-directive [info] "complexity.cyclomatic"	(none
complexity.cyclomatic	channel-code+producer	plain	complexity.cyclomatic	docs/internal/plans/rule-vocabulary/X4-directive-ban/stand-today-forms.tsv	3	1	S-exact	annotation.unused-directive	/** @qmx-ignore annotation.unused-directive -- tested */	9	7	L7 annotation.unused-directive [info] "complexity.cyclomatic";
complexity.cyclomatic	channel-code+producer	plain	complexity.cyclomatic	docs/internal/plans/rule-vocabulary/X4-directive-ban/stand-today-forms.tsv	4	1	S-exact-file	annotation.unused-directive:file	/** @qmx-ignore annotation.unused-directive:file -- tested */	9	7	L7 annotation.unused-directive [info] "complexit
complexity.cyclomatic	channel-code+producer	plain	complexity.cyclomatic	docs/internal/plans/rule-vocabulary/X4-directive-ban/stand-today-forms.tsv	5	1	S-exact-class	annotation.unused-directive:class	/** @qmx-ignore annotation.unused-directive:class -- tested */	9	7	L7 annotation.unused-directive [info] "comple
complexity.cyclomatic	channel-code+producer	plain	complexity.cyclomatic	docs/internal/plans/rule-vocabulary/X4-directive-ban/stand-today-forms.tsv	6	1	S-group	annotation.*	/** @qmx-ignore annotation.* -- tested */	9	7	L7 annotation.unused-directive [info] "complexity.cyclomatic"; L9 annotation.unused-directive
complexity.cyclomatic	channel-code+producer	plain	complexity.cyclomatic	docs/internal/plans/rule-vocabulary/X4-directive-ban/stand-today-forms.tsv	7	1	S-group-file	annotation.*:file	/** @qmx-ignore annotation.*:file -- tested */	9	7	L7 annotation.unused-directive [info] "complexity.cyclomatic"; L9 annotation.u
complexity.cyclomatic	channel-code+producer	plain	complexity.cyclomatic	docs/internal/plans/rule-vocabulary/X4-directive-ban/stand-today-forms.tsv	8	1	S-nofilter	*	/** @qmx-ignore * -- tested */	9	7	L7 annotation.unused-directive [info] "complexity.cyclomatic"	(none)	0	unmeasured / addresses-every-channel	iner
complexity.cyclomatic	channel-code+producer	plain	complexity.cyclomatic	docs/internal/plans/rule-vocabulary/X4-directive-ban/stand-today-forms.tsv	9	1	N-exact	annotation.unused-directive	// @qmx-ignore-next-line annotation.unused-directive -- tested	7	8	L7 annotation.unused-directive [info] "annotation.unused-
complexity.cyclomatic	channel-code+producer	plain	complexity.cyclomatic	docs/internal/plans/rule-vocabulary/X4-directive-ban/stand-today-forms.tsv	10	1	N-exact-file	annotation.unused-directive:file	// @qmx-ignore-next-line annotation.unused-directive:file -- tested	7	8	L7 annotation.unused-directive [info] "ann
complexity.cyclomatic	channel-code+producer	plain	complexity.cyclomatic	docs/internal/plans/rule-vocabulary/X4-directive-ban/stand-today-forms.tsv	11	1	N-exact-class	annotation.unused-directive:class	// @qmx-ignore-next-line annotation.unused-directive:class -- tested	7	8	L7 annotation.unresolved-directive [err
complexity.cyclomatic	channel-code+producer	plain	complexity.cyclomatic	docs/internal/plans/rule-vocabulary/X4-directive-ban/stand-today-forms.tsv	12	1	N-group	annotation.*	// @qmx-ignore-next-line annotation.* -- tested	7	8	L7 annotation.unused-directive [info] "annotation.*"	L8 annotation.unused-directive [in
complexity.cyclomatic	channel-code+producer	plain	complexity.cyclomatic	docs/internal/plans/rule-vocabulary/X4-directive-ban/stand-today-forms.tsv	13	1	N-group-file	annotation.*:file	// @qmx-ignore-next-line annotation.*:file -- tested	7	8	L7 annotation.unused-directive [info] "annotation.*:file"	L8 annotation.
complexity.cyclomatic	channel-code+producer	plain	complexity.cyclomatic	docs/internal/plans/rule-vocabulary/X4-directive-ban/stand-today-forms.tsv	14	1	N-nofilter	*	// @qmx-ignore-next-line * -- tested	7	8	(none)	L8 annotation.unused-directive [info] "complexity.cyclomatic"	1	unmeasured / addresses-every-channe
complexity.cyclomatic	channel-code+producer	plain	complexity.cyclomatic	docs/internal/plans/rule-vocabulary/X4-directive-ban/stand-today-forms.tsv	15	1	F-exact	annotation.unused-directive	// @qmx-ignore-file annotation.unused-directive -- tested	8	7	(none)	L7 annotation.unused-directive [info] "complexity.cyclo
complexity.cyclomatic	channel-code+producer	plain	complexity.cyclomatic	docs/internal/plans/rule-vocabulary/X4-directive-ban/stand-today-forms.tsv	16	1	F-exact-file	annotation.unused-directive:file	// @qmx-ignore-file annotation.unused-directive:file -- tested	8	7	(none)	L7 annotation.unused-directive [info] "c
complexity.cyclomatic	channel-code+producer	plain	complexity.cyclomatic	docs/internal/plans/rule-vocabulary/X4-directive-ban/stand-today-forms.tsv	17	1	F-exact-class	annotation.unused-directive:class	// @qmx-ignore-file annotation.unused-directive:class -- tested	8	7	L7 annotation.unused-directive [info] "compl
complexity.cyclomatic	channel-code+producer	plain	complexity.cyclomatic	docs/internal/plans/rule-vocabulary/X4-directive-ban/stand-today-forms.tsv	18	1	F-group	annotation.*	// @qmx-ignore-file annotation.* -- tested	8	7	(none)	L7 annotation.unused-directive [info] "complexity.cyclomatic"; L8 annotation.unused-d
complexity.cyclomatic	channel-code+producer	plain	complexity.cyclomatic	docs/internal/plans/rule-vocabulary/X4-directive-ban/stand-today-forms.tsv	19	1	F-group-file	annotation.*:file	// @qmx-ignore-file annotation.*:file -- tested	8	7	(none)	L7 annotation.unused-directive [info] "complexity.cyclomatic"; L8 anno
complexity.cyclomatic	channel-code+producer	plain	complexity.cyclomatic	docs/internal/plans/rule-vocabulary/X4-directive-ban/stand-today-forms.tsv	20	1	F-nofilter	*	// @qmx-ignore-file -- tested	8	7	(none)	L7 annotation.unused-directive [info] "complexity.cyclomatic"	1	unmeasured / addresses-every-channel	inert
complexity.cyclomatic	channel-code+producer	plain	complexity.cyclomatic	docs/internal/plans/rule-vocabulary/X4-directive-ban/stand-today-forms.tsv	21	1	LVL-exact-callable	annotation.unused-directive:callable	// @qmx-ignore-file annotation.unused-directive:callable -- tested	8	7	L7 annotation.unused-directive [i
complexity.cyclomatic	channel-code+producer	plain	complexity.cyclomatic	docs/internal/plans/rule-vocabulary/X4-directive-ban/stand-today-forms.tsv	22	1	LVL-exact-class	annotation.unused-directive:class	// @qmx-ignore-file annotation.unused-directive:class -- tested	8	7	L7 annotation.unused-directive [info] "com
complexity.cyclomatic	channel-code+producer	plain	complexity.cyclomatic	docs/internal/plans/rule-vocabulary/X4-directive-ban/stand-today-forms.tsv	23	1	LVL-exact-namespace	annotation.unused-directive:namespace	// @qmx-ignore-file annotation.unused-directive:namespace -- tested	8	7	L7 annotation.unused-directive
complexity.cyclomatic	channel-code+producer	plain	complexity.cyclomatic	docs/internal/plans/rule-vocabulary/X4-directive-ban/stand-today-forms.tsv	24	1	LVL-exact-project	annotation.unused-directive:project	// @qmx-ignore-file annotation.unused-directive:project -- tested	8	7	L7 annotation.unused-directive [info
complexity.cyclomatic	channel-code+producer	plain	complexity.cyclomatic	docs/internal/plans/rule-vocabulary/X4-directive-ban/stand-today-forms.tsv	25	1	LVL-group-callable	annotation.*:callable	// @qmx-ignore-file annotation.*:callable -- tested	8	7	L7 annotation.unused-directive [info] "complexity.cyclomatic";
complexity.cyclomatic	channel-code+producer	plain	complexity.cyclomatic	docs/internal/plans/rule-vocabulary/X4-directive-ban/stand-today-forms.tsv	26	1	LVL-group-class	annotation.*:class	// @qmx-ignore-file annotation.*:class -- tested	8	7	L7 annotation.unused-directive [info] "complexity.cyclomatic"; L8 annota
complexity.cyclomatic	channel-code+producer	plain	complexity.cyclomatic	docs/internal/plans/rule-vocabulary/X4-directive-ban/stand-today-forms.tsv	27	1	LVL-group-namespace	annotation.*:namespace	// @qmx-ignore-file annotation.*:namespace -- tested	8	7	L7 annotation.unused-directive [info] "complexity.cyclomatic
complexity.cyclomatic	channel-code+producer	plain	complexity.cyclomatic	docs/internal/plans/rule-vocabulary/X4-directive-ban/stand-today-forms.tsv	28	1	LVL-group-project	annotation.*:project	// @qmx-ignore-file annotation.*:project -- tested	8	7	L7 annotation.unused-directive [info] "complexity.cyclomatic"; L8
complexity.cyclomatic	channel-code+producer	plain	complexity.cyclomatic	docs/internal/plans/rule-vocabulary/X4-directive-ban/stand-today-forms.tsv	29	1	S-method	annotation.unused-directive	/** @qmx-ignore annotation.unused-directive -- tested */	11	7	L7 annotation.unused-directive [info] "complexity.cyclomatic"
complexity.cyclomatic	channel-code+producer	plain	complexity.cyclomatic	docs/internal/plans/rule-vocabulary/X4-directive-ban/stand-today-forms.tsv	31	1	S-control	coupling.class-rank	/** @qmx-ignore coupling.class-rank -- tested */	9	7	L7 annotation.unused-directive [info] "complexity.cyclomatic"	(none)	0	unmeas
complexity.cyclomatic	channel-code+producer	plain	complexity.cyclomatic	docs/internal/plans/rule-vocabulary/X4-directive-ban/stand-today-forms.tsv	32	1	S-control-live	coupling.class-rank	/** @qmx-ignore coupling.class-rank -- tested */	9	7	L7 annotation.unused-directive [info] "complexity.cyclomatic"	L10 coupli
complexity.cyclomatic	channel-code+producer	plain	complexity.cyclomatic	docs/internal/plans/rule-vocabulary/X4-directive-ban/stand-today-forms.tsv	34	1	NEIGH-exact	annotation.unresolved-directive	// @qmx-ignore-file annotation.unresolved-directive -- tested	8	7	L7 annotation.unused-directive [info] "complexity.
complexity.cyclomatic	channel-code+producer	plain	complexity.cyclomatic	docs/internal/plans/rule-vocabulary/X4-directive-ban/stand-today-forms.tsv	35	1	TH-channel	annotation.unused-directive	/** @qmx-threshold annotation.unused-directive 10 */	9	7	L7 annotation.unused-directive [info] "complexity.cyclomatic"; L
complexity.cyclomatic	channel-code+producer	plain	complexity.cyclomatic	docs/internal/plans/rule-vocabulary/X4-directive-ban/stand-today-forms.tsv	36	1	TH-producer	annotation.directive	/** @qmx-threshold annotation.directive 10 */	9	7	L7 annotation.unused-directive [info] "complexity.cyclomatic"; L9 annotation.
complexity.cyclomatic	channel-code+producer	plain	complexity.cyclomatic	docs/internal/plans/rule-vocabulary/X5-tails/03-late-channel-selectors.md	35	1	`--only-rule=annotation.unresolved-directive --only-rule=complexity.cyclomatic`
complexity.cyclomatic	channel-code+producer	plain	complexity.cyclomatic	docs/internal/plans/rule-vocabulary/X5-tails/enumeration-selection-surfaces.md	124	1	`--only-rule=annotation.unresolved-directive --only-rule=complexity.cyclomatic`
complexity.cyclomatic	channel-code+producer	plain	complexity.cyclomatic	docs/internal/plans/rule-vocabulary/X5-tails/enumeration-selection-surfaces.tsv	59	1	--only-rule (with the suppressed rule kept on)	exact channel, a sibling of the late one	--only-rule=annotation.unresolved-directive --only-rule=complexity.cyclo
complexity.cyclomatic	channel-code+producer	plain	complexity.cyclomatic	docs/internal/plans/rule-vocabulary/X5-tails/enumeration-selection-surfaces.tsv	60	1	--only-rule + --disable-rule	producer excluded by only, channel named by disable	--only-rule=complexity.cyclomatic --disable-rule=annotation.unused-directive	ye
complexity.cyclomatic	channel-code+producer	plain	complexity.cyclomatic	docs/internal/plans/rule-vocabulary/X5-tails/measurement-followup-records.md	32	1	`@qmx-ignore-file annotation.*` в шапке и протухшей `@qmx-ignore complexity.cyclomatic`:
complexity.cyclomatic	channel-code+producer	plain	complexity.cyclomatic	docs/internal/plans/rule-vocabulary/X5-tails/measurement-followup-records.md	38	1	Old.php:9  @qmx-ignore complexity.cyclomatic  inert: removing it changes nothing.
complexity.cyclomatic	channel-code+producer	plain	complexity.cyclomatic	docs/internal/plans/rule-vocabulary/X5-tails/measurement-followup-records.md	290	1	`@qmx-ignore complexity.cyclomatic`. Базовый прогон даёт два канала:
complexity.cyclomatic	channel-code+producer	plain	complexity.cyclomatic	docs/internal/plans/rule-vocabulary/X7-tails/enumeration-followups-witness-b.tsv	6	1	108	OPEN	n/a	Words, not spellings: `ccn` / `cyclomatic`, `mi` / `index`, `dit` / `inheritance`	Owner's decision, 2026-08-28: acceptable now, worth closing.	stil
complexity.cyclomatic	channel-code+producer	plain	complexity.cyclomatic	docs/internal/plans/rule-vocabulary/X8-one-string-two-jobs/00-overview.md	177	1	нашего `complexity.cyclomatic`) — предмет меняет все 52 кода и решается в 04.
complexity.cyclomatic	channel-code+producer	plain	complexity.cyclomatic	docs/internal/plans/rule-vocabulary/X8-one-string-two-jobs/01-declared-relation.md	25	1	4. Расхождение написаний: `complexity.cyclomatic` судит `complexity.ccn`,
complexity.cyclomatic	channel-code+producer	plain	complexity.cyclomatic	docs/internal/plans/rule-vocabulary/X8-one-string-two-jobs/04-final-naming-step.md	127	1	| три пары «слово против написания»: `complexity.cyclomatic`/`ccn`, `maintainability.index`/`mi`, `design.inheritance`/`dit` | метрики 972 вхождения, каналы 137
complexity.cyclomatic	channel-code+producer	plain	complexity.cyclomatic	docs/internal/plans/rule-vocabulary/X8-one-string-two-jobs/04-final-naming-step.md	129	1	| имена каналов не читаются как суждения (`complexity.cyclomatic` против формы `max-lines` у ESLint)                         | не мерено
complexity.cyclomatic	channel-code+producer	plain	complexity.cyclomatic	docs/internal/plans/rule-vocabulary/X8-one-string-two-jobs/enumeration-channels.tsv	41	2	complexity.cyclomatic	complexity.cyclomatic	Complexity	magnitude	higher	callable,class	complexity.ccn,complexity.cognitive	complexity.ccn	src/Analysis/Evidence/
complexity.cyclomatic	channel-code+producer	plain	complexity.cyclomatic	docs/internal/plans/rule-vocabulary/X8-one-string-two-jobs/enumeration-metric-keys.tsv	2	1	complexity.ccn	COMPLEXITY_CCN	src/Analysis/Evidence/Complexity/CyclomaticComplexityCollector.php	N	complexity.cyclomatic	src/Analysis/Evidence/ComputedMetrics/H
complexity.cyclomatic	channel-code+producer	plain	complexity.cyclomatic	docs/internal/plans/rule-vocabulary/X9-gate-holes/followups/e3.md	30	1	(`complexity.cyclomatic`, `code-smell.long-parameter-list`,
complexity.cyclomatic	channel-code+producer	plain	complexity.cyclomatic	docs/internal/plans/rule-vocabulary/enumeration-channel-levels.tsv	31	1	complexity.cyclomatic#complexity.cyclomatic.callable	callable	no	yes	C1 C2	both
complexity.cyclomatic	channel-code+producer	plain	complexity.cyclomatic	docs/internal/plans/rule-vocabulary/enumeration-channel-levels.tsv	32	1	complexity.cyclomatic#complexity.cyclomatic.class	class	no	yes	C1 C2	both
complexity.cyclomatic	channel-code+producer	plain	complexity.cyclomatic	docs/internal/plans/rule-vocabulary/enumeration-channel-shapes.tsv	31	2	complexity.cyclomatic	complexity.cyclomatic#complexity.cyclomatic.callable	magnitude	higher	callable	ComplexityRule	src/Analysis/Evidence/Complexity/ComplexityR
complexity.cyclomatic	channel-code+producer	plain	complexity.cyclomatic	docs/internal/plans/rule-vocabulary/enumeration-channel-shapes.tsv	32	2	complexity.cyclomatic	complexity.cyclomatic#complexity.cyclomatic.class	magnitude	higher	class	ComplexityRule	src/Analysis/Evidence/Complexity/ComplexityRule.ph
complexity.cyclomatic	channel-code+producer	plain	complexity.cyclomatic	docs/internal/plans/rule-vocabulary/enumeration-configured-boundary-population.tsv	142	1	complexity.cyclomatic	callable	ComplexityRule	MethodComplexityOptions	yes	warning=10	10:->W 20:W>E	10
complexity.cyclomatic	channel-code+producer	plain	complexity.cyclomatic	docs/internal/plans/rule-vocabulary/enumeration-configured-boundary-population.tsv	143	1	complexity.cyclomatic	class	ComplexityRule	ClassComplexityOptions	yes	maxWarning=30	30:->W 50:W>E	30
complexity.cyclomatic	channel-code+producer	plain	complexity.cyclomatic	docs/internal/plans/rule-vocabulary/enumeration-renames-executed.tsv	25	1	complexity.cyclomatic.callable	channel	complexity.cyclomatic	Ш5c
complexity.cyclomatic	channel-code+producer	plain	complexity.cyclomatic	docs/internal/plans/rule-vocabulary/enumeration-renames-executed.tsv	26	1	complexity.cyclomatic.class	channel	complexity.cyclomatic	Ш5c
complexity.cyclomatic	channel-code+producer	plain	complexity.cyclomatic	docs/internal/plans/rule-vocabulary/enumeration-renames.tsv	30	1	complexity.cyclomatic	channel	?		39	664	2	2	54	125	0	11	0	0	0	0
complexity.cyclomatic	channel-code+producer	plain	complexity.cyclomatic	docs/internal/plans/rule-vocabulary/enumeration-renames.tsv	156	1	complexity.cyclomatic	producer	?		39	664	2	2	54	125	0	11	0	0	0	0
complexity.cyclomatic	channel-code+producer	plain	complexity.cyclomatic	docs/internal/plans/rule-vocabulary/enumeration-rule-category.tsv	38	1	producer	complexity.cyclomatic	complexity	complexity	yes	rule class	src/Analysis/Evidence/Complexity/ComplexityRule.php:55-58 (NAME:40)
complexity.cyclomatic	channel-code+producer	plain	complexity.cyclomatic	docs/internal/plans/rule-vocabulary/enumeration-rules.tsv	21	1	complexity.cyclomatic	complexity	Analysis/Evidence/Complexity/ComplexityRule.php	complexity.cyclomatic.callable complexity.cyclomatic.class	Magnitude	debt	own	C
complexity.cyclomatic	channel-code+producer	plain	complexity.cyclomatic	docs/internal/plans/rule-vocabulary/enumeration-rules.tsv	63	1	#    entries against complexity.cyclomatic is an artefact of that, not a fact
complexity.cyclomatic	channel-code+producer	plain	complexity.cyclomatic	docs/internal/plans/rule-vocabulary/enumeration-threshold-directives.tsv	60	1	src/Analysis/Evidence/Complexity/NpathExpressionCalculator.php	52	complexity.cyclomatic	warning=15 error=15 -- Finite php-parser expression dispatch preserves t
complexity.cyclomatic	channel-code+producer	plain	complexity.cyclomatic	docs/internal/plans/rule-vocabulary/enumeration-threshold-directives.tsv	61	1	src/Core/Symbol/MetricSubjectCodec.php	68	complexity.cyclomatic	warning=13 error=13 — Canonical finite wire grammar keeps four closed subject shapes and exact v
complexity.cyclomatic	channel-code+producer	plain	complexity.cyclomatic	docs/internal/plans/rule-vocabulary/enumeration-threshold-directives.tsv	62	1	src/Reporting/Formatter/Html/HtmlFindingPartitioner.php	74	complexity.cyclomatic	warning=11 error=11 — Finite attachment projection keeps node lookup, magnitude
complexity.cyclomatic	channel-code+producer	plain	complexity.cyclomatic	docs/internal/plans/sarif-channel-descriptions.md	26	1	- **9 of 24 arms are unreachable.** `complexity.cyclomatic`,
complexity.cyclomatic	channel-code+producer	plain	complexity.cyclomatic	docs/internal/plans/sarif-channel-descriptions.md	42	1	codes (`violationCode: 'complexity.cyclomatic'`), so it validates the copy
complexity.cyclomatic	channel-code+producer	plain	complexity.cyclomatic	docs/internal/plans/sarif-channel-descriptions.md	45	1	The `@qmx-threshold complexity.cyclomatic warning=30 error=40` on
complexity.cyclomatic	channel-code+producer	plain	complexity.cyclomatic	docs/internal/plans/sarif-channel-descriptions/channel-inventory.tsv	40	2	complexity.cyclomatic.callable	complexity.cyclomatic	complexity.cyclomatic	Checks cyclomatic complexity at method and class levels
complexity.cyclomatic	channel-code+producer	plain	complexity.cyclomatic	docs/internal/plans/sarif-channel-descriptions/channel-inventory.tsv	41	2	complexity.cyclomatic.class	complexity.cyclomatic	complexity.cyclomatic	Checks cyclomatic complexity at method and class levels
complexity.cyclomatic	channel-code+producer	plain	complexity.cyclomatic	docs/internal/plans/sarif-channel-descriptions/sarif-table-coverage.tsv	7	1	complexity.cyclomatic	NO (dead arm)	Code complexity exceeds threshold	-
complexity.cyclomatic	channel-code+producer	plain	complexity.cyclomatic	finding-gate/cases/annotations/src/Directives.php	22	1	* @qmx-threshold complexity.cyclomatic warning=notanumber — unparseable threshold value
complexity.cyclomatic	channel-code+producer	plain	complexity.cyclomatic	finding-gate/cases/applied-threshold/case.json	18	1	"complexity.cyclomatic@callable"
complexity.cyclomatic	channel-code+producer	plain	complexity.cyclomatic	finding-gate/cases/applied-threshold/src/Retuned.php	15	1	* @qmx-threshold complexity.cyclomatic warning=2
complexity.cyclomatic	channel-code+producer	plain	complexity.cyclomatic	finding-gate/cases/complexity/case.json	13	1	"--rule-opt=complexity.cyclomatic:callable.warning=4",
complexity.cyclomatic	channel-code+producer	plain	complexity.cyclomatic	finding-gate/cases/complexity/case.json	14	1	"--rule-opt=complexity.cyclomatic:callable.error=8",
complexity.cyclomatic	channel-code+producer	plain	complexity.cyclomatic	finding-gate/cases/complexity/case.json	15	1	"--rule-opt=complexity.cyclomatic:class.max_warning=4",
complexity.cyclomatic	channel-code+producer	plain	complexity.cyclomatic	finding-gate/cases/complexity/case.json	16	1	"--rule-opt=complexity.cyclomatic:class.max_error=8",
complexity.cyclomatic	channel-code+producer	plain	complexity.cyclomatic	finding-gate/cases/complexity/case.json	38	1	"complexity.cyclomatic@callable",
complexity.cyclomatic	channel-code+producer	plain	complexity.cyclomatic	finding-gate/cases/complexity/case.json	39	1	"complexity.cyclomatic@class",
complexity.cyclomatic	channel-code+producer	plain	complexity.cyclomatic	finding-gate/cases/health/case.json	20	1	"--rule-opt=complexity.cyclomatic:callable.warning=1000",
complexity.cyclomatic	channel-code+producer	plain	complexity.cyclomatic	finding-gate/cases/health/case.json	21	1	"--rule-opt=complexity.cyclomatic:callable.error=2000",
complexity.cyclomatic	channel-code+producer	plain	complexity.cyclomatic	qmx-baseline.json	14	1	{"channel":"complexity.cyclomatic","magnitudes":[10]}
complexity.cyclomatic	channel-code+producer	plain	complexity.cyclomatic	qmx-baseline.json	17	1	{"channel":"complexity.cyclomatic","magnitudes":[12]}
complexity.cyclomatic	channel-code+producer	plain	complexity.cyclomatic	qmx-baseline.json	20	1	{"channel":"complexity.cyclomatic","magnitudes":[11]}
complexity.cyclomatic	channel-code+producer	plain	complexity.cyclomatic	qmx-baseline.json	23	1	{"channel":"complexity.cyclomatic","magnitudes":[11]}
complexity.cyclomatic	channel-code+producer	plain	complexity.cyclomatic	qmx-baseline.json	26	1	{"channel":"complexity.cyclomatic","magnitudes":[11]}
complexity.cyclomatic	channel-code+producer	plain	complexity.cyclomatic	qmx-baseline.json	33	1	{"channel":"complexity.cyclomatic","magnitudes":[10]}
complexity.cyclomatic	channel-code+producer	plain	complexity.cyclomatic	qmx-baseline.json	36	1	{"channel":"complexity.cyclomatic","magnitudes":[10]}
complexity.cyclomatic	channel-code+producer	plain	complexity.cyclomatic	qmx-baseline.json	43	1	{"channel":"complexity.cyclomatic","magnitudes":[12]}
complexity.cyclomatic	channel-code+producer	plain	complexity.cyclomatic	qmx-baseline.json	47	1	{"channel":"complexity.cyclomatic","magnitudes":[13]}
complexity.cyclomatic	channel-code+producer	plain	complexity.cyclomatic	qmx-baseline.json	53	1	{"channel":"complexity.cyclomatic","magnitudes":[14]},
complexity.cyclomatic	channel-code+producer	plain	complexity.cyclomatic	qmx-baseline.json	58	1	{"channel":"complexity.cyclomatic","magnitudes":[12]},
complexity.cyclomatic	channel-code+producer	plain	complexity.cyclomatic	qmx-baseline.json	63	1	{"channel":"complexity.cyclomatic","magnitudes":[10]}
complexity.cyclomatic	channel-code+producer	plain	complexity.cyclomatic	qmx-baseline.json	67	1	{"channel":"complexity.cyclomatic","magnitudes":[10]}
complexity.cyclomatic	channel-code+producer	plain	complexity.cyclomatic	qmx-baseline.json	70	1	{"channel":"complexity.cyclomatic","magnitudes":[10]}
complexity.cyclomatic	channel-code+producer	plain	complexity.cyclomatic	qmx-baseline.json	73	1	{"channel":"complexity.cyclomatic","magnitudes":[13]}
complexity.cyclomatic	channel-code+producer	plain	complexity.cyclomatic	qmx-baseline.json	77	1	{"channel":"complexity.cyclomatic","magnitudes":[12]}
complexity.cyclomatic	channel-code+producer	plain	complexity.cyclomatic	qmx-baseline.json	80	1	{"channel":"complexity.cyclomatic","magnitudes":[15]}
complexity.cyclomatic	channel-code+producer	plain	complexity.cyclomatic	qmx-baseline.json	87	1	{"channel":"complexity.cyclomatic","magnitudes":[11]}
complexity.cyclomatic	channel-code+producer	plain	complexity.cyclomatic	qmx-baseline.json	93	1	{"channel":"complexity.cyclomatic","magnitudes":[15]}
complexity.cyclomatic	channel-code+producer	plain	complexity.cyclomatic	qmx-baseline.json	101	1	{"channel":"complexity.cyclomatic","magnitudes":[17]}
complexity.cyclomatic	channel-code+producer	plain	complexity.cyclomatic	qmx-baseline.json	104	1	{"channel":"complexity.cyclomatic","magnitudes":[11]}
complexity.cyclomatic	channel-code+producer	plain	complexity.cyclomatic	qmx-baseline.json	108	1	{"channel":"complexity.cyclomatic","magnitudes":[12]},
complexity.cyclomatic	channel-code+producer	plain	complexity.cyclomatic	qmx-baseline.json	113	1	{"channel":"complexity.cyclomatic","magnitudes":[10]}
complexity.cyclomatic	channel-code+producer	plain	complexity.cyclomatic	qmx-baseline.json	119	1	{"channel":"complexity.cyclomatic","magnitudes":[11]}
complexity.cyclomatic	channel-code+producer	plain	complexity.cyclomatic	qmx-baseline.json	126	1	{"channel":"complexity.cyclomatic","magnitudes":[11]}
complexity.cyclomatic	channel-code+producer	plain	complexity.cyclomatic	qmx-baseline.json	129	1	{"channel":"complexity.cyclomatic","magnitudes":[12]}
complexity.cyclomatic	channel-code+producer	plain	complexity.cyclomatic	qmx-baseline.json	133	1	{"channel":"complexity.cyclomatic","magnitudes":[17]},
complexity.cyclomatic	channel-code+producer	plain	complexity.cyclomatic	qmx-baseline.json	137	1	{"channel":"complexity.cyclomatic","magnitudes":[10]}
complexity.cyclomatic	channel-code+producer	plain	complexity.cyclomatic	qmx-baseline.json	140	1	{"channel":"complexity.cyclomatic","magnitudes":[10]}
complexity.cyclomatic	channel-code+producer	plain	complexity.cyclomatic	qmx-baseline.json	155	1	{"channel":"complexity.cyclomatic","magnitudes":[11]}
complexity.cyclomatic	channel-code+producer	plain	complexity.cyclomatic	qmx-baseline.json	159	1	{"channel":"complexity.cyclomatic","magnitudes":[10]}
complexity.cyclomatic	channel-code+producer	plain	complexity.cyclomatic	qmx-baseline.json	169	1	{"channel":"complexity.cyclomatic","magnitudes":[10]}
complexity.cyclomatic	channel-code+producer	plain	complexity.cyclomatic	qmx-baseline.json	176	1	{"channel":"complexity.cyclomatic","magnitudes":[14]},
complexity.cyclomatic	channel-code+producer	plain	complexity.cyclomatic	qmx-baseline.json	180	1	{"channel":"complexity.cyclomatic","magnitudes":[10]}
complexity.cyclomatic	channel-code+producer	plain	complexity.cyclomatic	qmx-baseline.json	193	1	{"channel":"complexity.cyclomatic","magnitudes":[12]}
complexity.cyclomatic	channel-code+producer	plain	complexity.cyclomatic	qmx-baseline.json	197	1	{"channel":"complexity.cyclomatic","magnitudes":[11]}
complexity.cyclomatic	channel-code+producer	plain	complexity.cyclomatic	qmx-baseline.json	204	1	{"channel":"complexity.cyclomatic","magnitudes":[13]},
complexity.cyclomatic	channel-code+producer	plain	complexity.cyclomatic	qmx-baseline.json	208	1	{"channel":"complexity.cyclomatic","magnitudes":[11]},
complexity.cyclomatic	channel-code+producer	plain	complexity.cyclomatic	qmx-baseline.json	215	1	{"channel":"complexity.cyclomatic","magnitudes":[10]}
complexity.cyclomatic	channel-code+producer	plain	complexity.cyclomatic	qmx-baseline.json	222	1	{"channel":"complexity.cyclomatic","magnitudes":[12]},
complexity.cyclomatic	channel-code+producer	plain	complexity.cyclomatic	qmx-baseline.json	226	1	{"channel":"complexity.cyclomatic","magnitudes":[10]}
complexity.cyclomatic	channel-code+producer	plain	complexity.cyclomatic	qmx-baseline.json	229	1	{"channel":"complexity.cyclomatic","magnitudes":[10]}
complexity.cyclomatic	channel-code+producer	plain	complexity.cyclomatic	qmx-baseline.json	232	1	{"channel":"complexity.cyclomatic","magnitudes":[11]}
complexity.cyclomatic	channel-code+producer	plain	complexity.cyclomatic	qmx-baseline.json	245	1	{"channel":"complexity.cyclomatic","magnitudes":[11]}
complexity.cyclomatic	channel-code+producer	plain	complexity.cyclomatic	qmx-baseline.json	251	1	{"channel":"complexity.cyclomatic","magnitudes":[10]},
complexity.cyclomatic	channel-code+producer	plain	complexity.cyclomatic	qmx-baseline.json	255	1	{"channel":"complexity.cyclomatic","magnitudes":[10]}
complexity.cyclomatic	channel-code+producer	plain	complexity.cyclomatic	qmx-baseline.json	259	1	{"channel":"complexity.cyclomatic","magnitudes":[13]},
complexity.cyclomatic	channel-code+producer	plain	complexity.cyclomatic	qmx-baseline.json	267	1	{"channel":"complexity.cyclomatic","magnitudes":[11]}
complexity.cyclomatic	channel-code+producer	plain	complexity.cyclomatic	qmx-baseline.json	271	1	{"channel":"complexity.cyclomatic","magnitudes":[11]}
complexity.cyclomatic	channel-code+producer	plain	complexity.cyclomatic	qmx-baseline.json	281	1	{"channel":"complexity.cyclomatic","magnitudes":[11]}
complexity.cyclomatic	channel-code+producer	plain	complexity.cyclomatic	qmx-baseline.json	291	1	{"channel":"complexity.cyclomatic","magnitudes":[14]}
complexity.cyclomatic	channel-code+producer	plain	complexity.cyclomatic	qmx-baseline.json	301	1	{"channel":"complexity.cyclomatic","magnitudes":[15]}
complexity.cyclomatic	channel-code+producer	plain	complexity.cyclomatic	qmx-baseline.json	304	1	{"channel":"complexity.cyclomatic","magnitudes":[11]}
complexity.cyclomatic	channel-code+producer	plain	complexity.cyclomatic	qmx-baseline.json	334	1	{"channel":"complexity.cyclomatic","magnitudes":[10]}
complexity.cyclomatic	channel-code+producer	plain	complexity.cyclomatic	qmx.yaml	1594	1	complexity.cyclomatic:
complexity.cyclomatic	channel-code+producer	plain	complexity.cyclomatic	qmx.yaml.example	113	1	# complexity.cyclomatic:
complexity.cyclomatic	channel-code+producer	plain	complexity.cyclomatic	scripts/finding-gate-controls/Controls.php	841	1	*   control no longer lives on `complexity.cyclomatic`, where it used to;
complexity.cyclomatic	channel-code+producer	plain	complexity.cyclomatic	scripts/finding-gate/RenameMaps.php	113	1	* is full of prefix siblings — `complexity.cyclomatic` is a proper prefix of
complexity.cyclomatic	channel-code+producer	plain	complexity.cyclomatic	scripts/finding-gate/SelfTest.php	192	1	['old' => 'complexity.cyclomatic', 'new' => 'complexity.ccn', 'source' => 'metric-keys.tsv'],
complexity.cyclomatic	channel-code+producer	plain	complexity.cyclomatic	scripts/finding-gate/SelfTest.php	196	1	$levels->forward('"complexity.cyclomatic.callable" and "complexity.cyclomatic"', 'format:json'),
complexity.cyclomatic	channel-code+producer	plain	complexity.cyclomatic	scripts/finding-gate/SelfTest.php	476	2	$row('complexity.cyclomatic#complexity.cyclomatic.callable', 'complexity.cyclomatic#complexity.cyclomatic.call'),
complexity.cyclomatic	channel-code+producer	plain	complexity.cyclomatic	scripts/finding-gate/SelfTest.php	776	2	['old' => 'complexity.cyclomatic#complexity.cyclomatic', 'new' => 'ccn#ccn', 'source' => RenameMaps::METRIC_KEYS],
complexity.cyclomatic	channel-code+producer	plain	complexity.cyclomatic	scripts/finding-gate/SelfTest.php	1199	3	['old' => 'complexity.cyclomatic#complexity.cyclomatic.callable', 'new' => 'complexity.cyclomatic#complexity.cyclomatic', 'source' => 'channels.tsv'
complexity.cyclomatic	channel-code+producer	plain	complexity.cyclomatic	scripts/finding-gate/SelfTest.php	1200	3	['old' => 'complexity.cyclomatic#complexity.cyclomatic.class', 'new' => 'complexity.cyclomatic#complexity.cyclomatic', 'source' => 'channels.tsv'],
complexity.cyclomatic	channel-code+producer	plain	complexity.cyclomatic	scripts/finding-gate/SelfTest.php	1203	2	'"complexity.cyclomatic" and "complexity.cyclomatic"',
complexity.cyclomatic	channel-code+producer	plain	complexity.cyclomatic	scripts/finding-gate/SubjectLevel.php	22	1	* the level segment leaves the channel name, `complexity.cyclomatic` fires at
complexity.cyclomatic	channel-code+producer	plain	complexity.cyclomatic	src/Analysis/Configuration/Contract/KnownRuleNamesProviderInterface.php	16	1	* Returns all registered rule names (e.g. "complexity.cyclomatic").
complexity.cyclomatic	channel-code+producer	plain	complexity.cyclomatic	src/Analysis/Configuration/Loader/SectionNormalizationPolicy.php	45	1	* {@code complexity.cyclomatic}; the option {@code warning_threshold}
complexity.cyclomatic	channel-code+producer	plain	complexity.cyclomatic	src/Analysis/Configuration/Preset/legacy.yaml	6	1	complexity.cyclomatic:
complexity.cyclomatic	channel-code+producer	plain	complexity.cyclomatic	src/Analysis/Configuration/Preset/strict.yaml	7	1	complexity.cyclomatic:
complexity.cyclomatic	channel-code+producer	plain	complexity.cyclomatic	src/Analysis/Configuration/README.md	104	1	| `--cyclomatic-warning=N`                | complexity.cyclomatic                | callable.warning      |
complexity.cyclomatic	channel-code+producer	plain	complexity.cyclomatic	src/Analysis/Configuration/README.md	105	1	| `--cyclomatic-error=N`                  | complexity.cyclomatic                | callable.error        |
complexity.cyclomatic	channel-code+producer	plain	complexity.cyclomatic	src/Analysis/Configuration/README.md	106	1	| `--cyclomatic-class-warning=N`          | complexity.cyclomatic                | class.max_warning     |
complexity.cyclomatic	channel-code+producer	plain	complexity.cyclomatic	src/Analysis/Configuration/README.md	107	1	| `--cyclomatic-class-error=N`            | complexity.cyclomatic                | class.max_error       |
complexity.cyclomatic	channel-code+producer	plain	complexity.cyclomatic	src/Analysis/Evidence/Complexity/ComplexityRule.php	42	1	public const string NAME = 'complexity.cyclomatic';
complexity.cyclomatic	channel-code+producer	plain	complexity.cyclomatic	src/Analysis/Evidence/Complexity/NpathExpressionCalculator.php	52	1	* @qmx-threshold complexity.cyclomatic warning=15 error=15 -- Finite php-parser expression dispatch preserves the closed NPath contribution algebra (grew b
complexity.cyclomatic	channel-code+producer	plain	complexity.cyclomatic	src/Analysis/Evidence/Complexity/README.md	7	1	rules that interpret that evidence: `complexity.cyclomatic`,
complexity.cyclomatic	channel-code+producer	plain	complexity.cyclomatic	src/Analysis/Finding/Contract/Rule/RuleNameReader.php	45	1	'Rule class %s must declare a string NAME constant holding its rule slug (e.g. "complexity.cyclomatic").',
complexity.cyclomatic	channel-code+producer	plain	complexity.cyclomatic	src/Analysis/Finding/Contract/Threshold/ThresholdOverride.php	14	1	* - Shorthand: `@qmx-threshold complexity.cyclomatic 15` (sets both warning and error)
complexity.cyclomatic	channel-code+producer	plain	complexity.cyclomatic	src/Analysis/Finding/Contract/Threshold/ThresholdOverride.php	15	1	* - Explicit: `@qmx-threshold complexity.cyclomatic warning=15 error=25`
complexity.cyclomatic	channel-code+producer	plain	complexity.cyclomatic	src/Analysis/Finding/Contract/Threshold/ThresholdOverride.php	16	1	* - Partial: `@qmx-threshold complexity.cyclomatic warning=15` (override warning only)
complexity.cyclomatic	channel-code+producer	plain	complexity.cyclomatic	src/Analysis/Finding/RuleConfiguration/RuleOptionThresholdModeResolver.php	51	1	*   `complexity.cyclomatic`/`cognitive`/`npath` top-level entries, which
complexity.cyclomatic	channel-code+producer	plain	complexity.cyclomatic	src/Analysis/Finding/RuleConfiguration/RuleThresholdKeyGroupRegistry.php	67	1	* for `warning`, on `complexity.cyclomatic`'s top-level legacy-flat mode)
complexity.cyclomatic	channel-code+producer	plain	complexity.cyclomatic	src/Analysis/Finding/RuleConfiguration/RuleThresholdKeyGroupRegistry.php	105	1	* ALIASES for warning/error on `complexity.cyclomatic`/`cognitive`/
complexity.cyclomatic	channel-code+producer	plain	complexity.cyclomatic	src/Analysis/Finding/RuleConfiguration/RuleThresholdKeyGroupRegistry.php	133	1	// complexity.cyclomatic / complexity.cognitive / complexity.npath
complexity.cyclomatic	channel-code+producer	plain	complexity.cyclomatic	src/Analysis/Finding/RuleConfiguration/RuleThresholdKeyGroupRegistry.php	142	1	'complexity.cyclomatic' => [
complexity.cyclomatic	channel-code+producer	plain	complexity.cyclomatic	src/Analysis/Finding/RuleConfiguration/RuleThresholdKeyGroupRegistry.php	163	1	// complexity.cyclomatic/cognitive/npath's top-level legacy-flat
complexity.cyclomatic	channel-code+producer	plain	complexity.cyclomatic	src/Analysis/Policy/Baseline/README.md	406	1	{"channel":"complexity.cyclomatic","occurrence":"bd41b8a3f6cad9e1","magnitudes":[25]}
complexity.cyclomatic	channel-code+producer	plain	complexity.cyclomatic	src/Analysis/Policy/Inline/Contract/Suppression/Suppression.php	15	1	* Example: `@qmx-ignore complexity.cyclomatic -- Reason why it's ignored`
complexity.cyclomatic	channel-code+producer	plain	complexity.cyclomatic	src/Analysis/Policy/Inline/Contract/ThresholdOverrideExtractor.php	19	1	* - Shorthand: `@qmx-threshold complexity.cyclomatic 15`
complexity.cyclomatic	channel-code+producer	plain	complexity.cyclomatic	src/Analysis/Policy/Inline/Contract/ThresholdOverrideExtractor.php	20	1	* - Explicit: `@qmx-threshold complexity.cyclomatic warning=15 error=25`
complexity.cyclomatic	channel-code+producer	plain	complexity.cyclomatic	src/Analysis/Policy/Inline/Contract/ThresholdOverrideExtractor.php	21	1	* - Partial: `@qmx-threshold complexity.cyclomatic warning=15`
complexity.cyclomatic	channel-code+producer	plain	complexity.cyclomatic	src/Analysis/Policy/Inline/Directive/DirectiveNameHints.php	112	1	* `complexity.cyclomatic`, so an author who typed the metric key they read
complexity.cyclomatic	channel-code+producer	plain	complexity.cyclomatic	src/Analysis/Policy/Inline/Directive/DirectiveNameHints.php	145	1	* `complexity.cyclomatic` are one letter short of unrelated as strings,
complexity.cyclomatic	channel-code+producer	plain	complexity.cyclomatic	src/Core/README.md	794	1	- Shorthand: `@qmx-threshold complexity.cyclomatic 15` (sets both warning and error)
complexity.cyclomatic	channel-code+producer	plain	complexity.cyclomatic	src/Core/README.md	795	1	- Explicit: `@qmx-threshold complexity.cyclomatic warning=15 error=25`
complexity.cyclomatic	channel-code+producer	plain	complexity.cyclomatic	src/Core/README.md	796	1	- Partial: `@qmx-threshold complexity.cyclomatic warning=15` (override warning only)
complexity.cyclomatic	channel-code+producer	plain	complexity.cyclomatic	src/Core/Symbol/MetricSubjectCodec.php	68	1	* @qmx-threshold complexity.cyclomatic warning=13 error=13 — Canonical finite wire grammar keeps four closed subject shapes and exact validation together.
complexity.cyclomatic	channel-code+producer	plain	complexity.cyclomatic	src/Reporting/Formatter/Html/HtmlFindingPartitioner.php	74	1	* @qmx-threshold complexity.cyclomatic warning=11 error=11 — Finite attachment projection keeps node lookup, magnitude normalization, and payload fields to
complexity.cyclomatic	channel-code+producer	plain	complexity.cyclomatic	src/Reporting/README.md	423	2	"violations": [{ "file": "src/...", "line": 42, "symbol": "...", "namespace": "App\\Service", "rule": "complexity.cyclomatic", "code": "complexity.cyclomatic"
complexity.cyclomatic	channel-code+producer	plain	complexity.cyclomatic	src/Reporting/Template/dev.html	81	2	{ "ruleName": "complexity.cyclomatic", "violationCode": "complexity.cyclomatic", "message": "Cyclomatic complexity of process() is 24 (thresho
complexity.cyclomatic	channel-code+producer	plain	complexity.cyclomatic	src/Reporting/Template/dev.html	93	2	{ "ruleName": "complexity.cyclomatic", "violationCode": "complexity.cyclomatic", "message": "Cyclomatic complexity of refund() is 12 (threshol
complexity.cyclomatic	channel-code+producer	plain	complexity.cyclomatic	src/Reporting/Template/dev.html	257	2	{ "ruleName": "complexity.cyclomatic", "violationCode": "complexity.cyclomatic", "message": "Cyclomatic complexity of getConnection() is 11 (t
complexity.cyclomatic	channel-code+producer	plain	complexity.cyclomatic	tests/Analysis/Configuration/Integration/FullPipelineIntegrationTest.php	56	1	'rules' => ['complexity.cyclomatic' => ['callable' => ['warning' => 12]]],
complexity.cyclomatic	channel-code+producer	plain	complexity.cyclomatic	tests/Analysis/Configuration/Integration/FullPipelineIntegrationTest.php	70	1	self::assertSame(12, $finding->ruleOptions->rules['complexity.cyclomatic']['callable']['warning']);
complexity.cyclomatic	channel-code+producer	plain	complexity.cyclomatic	tests/Analysis/Configuration/Integration/Loader/YamlNormalizationCharacterizationTest.php	140	1	"disabled_rules:\n  - complexity.cyclomatic\n",
complexity.cyclomatic	channel-code+producer	plain	complexity.cyclomatic	tests/Analysis/Configuration/Integration/Loader/YamlNormalizationCharacterizationTest.php	141	1	['disabledRules' => ['complexity.cyclomatic']],
complexity.cyclomatic	channel-code+producer	plain	complexity.cyclomatic	tests/Analysis/Configuration/Integration/Loader/YamlNormalizationCharacterizationTest.php	223	1	"rules:\n  complexity.cyclomatic:\n    enabled: true\n    warning_threshold: 10\n  namespace_size:\n    enabled: false\n",
complexity.cyclomatic	channel-code+producer	plain	complexity.cyclomatic	tests/Analysis/Configuration/Integration/Loader/YamlNormalizationCharacterizationTest.php	226	1	'complexity.cyclomatic' => [
complexity.cyclomatic	channel-code+producer	plain	complexity.cyclomatic	tests/Analysis/Configuration/Integration/YamlKeyReachabilityTest.php	231	1	"disabled_rules:\n  - complexity.cyclomatic\n",
complexity.cyclomatic	channel-code+producer	plain	complexity.cyclomatic	tests/Analysis/Configuration/Integration/YamlKeyReachabilityTest.php	233	1	['complexity.cyclomatic'],
complexity.cyclomatic	channel-code+producer	plain	complexity.cyclomatic	tests/Analysis/Configuration/Integration/YamlKeyReachabilityTest.php	238	1	"only_rules:\n  - complexity.cyclomatic\n",
complexity.cyclomatic	channel-code+producer	plain	complexity.cyclomatic	tests/Analysis/Configuration/Integration/YamlKeyReachabilityTest.php	240	1	['complexity.cyclomatic'],
complexity.cyclomatic	channel-code+producer	plain	complexity.cyclomatic	tests/Analysis/Configuration/Integration/YamlKeyReachabilityTest.php	328	1	"rules:\n  complexity.cyclomatic:\n    enabled: true\n",
complexity.cyclomatic	channel-code+producer	plain	complexity.cyclomatic	tests/Analysis/Configuration/Integration/YamlKeyReachabilityTest.php	329	1	['rules', 'complexity.cyclomatic', 'enabled'],
complexity.cyclomatic	channel-code+producer	plain	complexity.cyclomatic	tests/Analysis/Configuration/Integration/YamlKeyReachabilityTest.php	351	1	"rules:\n  complexity.cyclomatic:\n    warning_threshold: 10\n",
complexity.cyclomatic	channel-code+producer	plain	complexity.cyclomatic	tests/Analysis/Configuration/Integration/YamlKeyReachabilityTest.php	352	1	['rules', 'complexity.cyclomatic', 'warningThreshold'],
complexity.cyclomatic	channel-code+producer	plain	complexity.cyclomatic	tests/Analysis/Configuration/Integration/YamlKeyReachabilityTest.php	358	1	"rules:\n  complexity.cyclomatic:\n    error_threshold: 20\n",
complexity.cyclomatic	channel-code+producer	plain	complexity.cyclomatic	tests/Analysis/Configuration/Integration/YamlKeyReachabilityTest.php	359	1	['rules', 'complexity.cyclomatic', 'errorThreshold'],
complexity.cyclomatic	channel-code+producer	plain	complexity.cyclomatic	tests/Analysis/Configuration/Unit/Loader/YamlConfigLoaderTest.php	604	1	complexity.cyclomatic:
complexity.cyclomatic	channel-code+producer	plain	complexity.cyclomatic	tests/Analysis/Configuration/Unit/Loader/YamlConfigLoaderTest.php	617	1	self::assertArrayHasKey('complexity.cyclomatic', $config['rules']);
complexity.cyclomatic	channel-code+producer	plain	complexity.cyclomatic	tests/Analysis/Configuration/Unit/Loader/YamlConfigLoaderTest.php	623	1	self::assertSame(10, $config['rules']['complexity.cyclomatic']['warningThreshold']);
complexity.cyclomatic	channel-code+producer	plain	complexity.cyclomatic	tests/Analysis/Configuration/Unit/Pipeline/ConfigDataNormalizerTest.php	55	1	$rules = ['complexity.cyclomatic' => ['callable' => ['warning' => 7]]];
complexity.cyclomatic	channel-code+producer	plain	complexity.cyclomatic	tests/Analysis/Configuration/Unit/Pipeline/RuleNameValidatorTest.php	21	1	['rules' => ['complexity.cyclomatic' => ['callable' => ['warning' => 10]]]],
complexity.cyclomatic	channel-code+producer	plain	complexity.cyclomatic	tests/Analysis/Configuration/Unit/Pipeline/RuleNameValidatorTest.php	23	1	$this->createProvider(['complexity.cyclomatic']),
complexity.cyclomatic	channel-code+producer	plain	complexity.cyclomatic	tests/Analysis/Configuration/Unit/Pipeline/RuleNameValidatorTest.php	41	1	$this->createProvider(['complexity.cyclomatic', 'complexity.cognitive']),
complexity.cyclomatic	channel-code+producer	plain	complexity.cyclomatic	tests/Analysis/Configuration/Unit/Pipeline/RuleNameValidatorTest.php	55	1	$this->createProvider(['complexity.cyclomatic']),
complexity.cyclomatic	channel-code+producer	plain	complexity.cyclomatic	tests/Analysis/Configuration/Unit/Pipeline/RuleNameValidatorTest.php	68	1	$this->createProvider(['complexity.cyclomatic']),
complexity.cyclomatic	channel-code+producer	plain	complexity.cyclomatic	tests/Analysis/Configuration/Unit/Pipeline/RuleNameValidatorTest.php	82	1	$this->createProvider(['complexity.cyclomatic']),
complexity.cyclomatic	channel-code+producer	plain	complexity.cyclomatic	tests/Analysis/Configuration/Unit/Pipeline/RuleNameValidatorTest.php	93	1	$this->createProvider(['complexity.cyclomatic']),
complexity.cyclomatic	channel-code+producer	plain	complexity.cyclomatic	tests/Analysis/Configuration/Unit/Pipeline/RuleNameValidatorTest.php	106	1	$this->createProvider(['complexity.cyclomatic']),
complexity.cyclomatic	channel-code+producer	plain	complexity.cyclomatic	tests/Analysis/Configuration/Unit/Pipeline/RuleNameValidatorTest.php	126	1	$this->createProvider(['complexity.cyclomatic']),
complexity.cyclomatic	channel-code+producer	plain	complexity.cyclomatic	tests/Analysis/Configuration/Unit/Pipeline/RuleNameValidatorTest.php	140	1	$this->createProvider(['complexity.cyclomatic', 'cohesion.lcom4']),
complexity.cyclomatic	channel-code+producer	plain	complexity.cyclomatic	tests/Analysis/Configuration/Unit/Pipeline/RuleNameValidatorTest.php	166	1	$this->createProvider(['complexity.cyclomatic', 'cohesion.lcom4']),
complexity.cyclomatic	channel-code+producer	plain	complexity.cyclomatic	tests/Analysis/Configuration/Unit/Pipeline/RuleNameValidatorTest.php	206	1	$this->createProvider(['complexity.cyclomatic']),
complexity.cyclomatic	channel-code+producer	plain	complexity.cyclomatic	tests/Analysis/Evidence/CodeSmell/Integration/PropertyHookControlPrecedenceTest.php	46	1	/** @qmx-threshold complexity.cyclomatic 10 */
complexity.cyclomatic	channel-code+producer	plain	complexity.cyclomatic	tests/Analysis/Evidence/CodeSmell/Integration/PropertyHookControlPrecedenceTest.php	49	1	/** @qmx-threshold complexity.cyclomatic 30 */
complexity.cyclomatic	channel-code+producer	plain	complexity.cyclomatic	tests/Analysis/Evidence/CodeSmell/Integration/PropertyHookControlPrecedenceTest.php	51	1	/** @qmx-threshold complexity.cyclomatic 50 */
complexity.cyclomatic	channel-code+producer	plain	complexity.cyclomatic	tests/Analysis/Evidence/CodeSmell/Integration/PropertyHookControlPrecedenceTest.php	159	1	))->getThresholdOverride('complexity.cyclomatic', $subject)?->warning);
complexity.cyclomatic	channel-code+producer	plain	complexity.cyclomatic	tests/Analysis/Evidence/CodeSmell/Integration/PropertyHookControlPrecedenceTest.php	163	1	))->getThresholdOverride('complexity.cyclomatic', $subject)?->warning);
complexity.cyclomatic	channel-code+producer	plain	complexity.cyclomatic	tests/Analysis/Evidence/CodeSmell/Integration/PropertyHookControlPrecedenceTest.php	167	1	))->getThresholdOverride('complexity.cyclomatic', $subject)?->warning);
complexity.cyclomatic	channel-code+producer	plain	complexity.cyclomatic	tests/Analysis/Evidence/Complexity/Unit/ComplexityRuleTest.php	35	1	self::assertSame('complexity.cyclomatic', $rule->getName());
complexity.cyclomatic	channel-code+producer	plain	complexity.cyclomatic	tests/Analysis/Evidence/Complexity/Unit/ComplexityRuleTest.php	143	1	self::assertSame('complexity.cyclomatic', $findings[0]->ruleName);
complexity.cyclomatic	channel-code+producer	plain	complexity.cyclomatic	tests/Analysis/Evidence/ComputedMetrics/Health/Unit/ViolationDensityTest.php	283	1	ruleName: 'complexity.cyclomatic',
complexity.cyclomatic	channel-code+producer	plain	complexity.cyclomatic	tests/Analysis/Evidence/ComputedMetrics/Health/Unit/ViolationDensityTest.php	284	1	code: 'complexity.cyclomatic',
complexity.cyclomatic	channel-code+producer	plain	complexity.cyclomatic	tests/Analysis/Evidence/Measurement/Integration/Identity/DeclarationIdentityTest.php	20	1	onlyRules: ['complexity.cyclomatic']
complexity.cyclomatic	channel-code+producer	plain	complexity.cyclomatic	tests/Analysis/Evidence/Measurement/Integration/Identity/DeclarationIdentityTest.php	22	1	complexity.cyclomatic:
complexity.cyclomatic	channel-code+producer	plain	complexity.cyclomatic	tests/Analysis/Evidence/Measurement/Integration/Identity/DeclarationIdentityTest.php	276	1	'cd %s && %s %s check src --only-rule=complexity.cyclomatic --baseline=qmx-baseline.json'
complexity.cyclomatic	channel-code+producer	plain	complexity.cyclomatic	tests/Analysis/Evidence/Prioritization/Support/StubRemediationMinutes.php	33	1	'complexity.cyclomatic' => 30,
complexity.cyclomatic	channel-code+producer	plain	complexity.cyclomatic	tests/Analysis/Evidence/Prioritization/Unit/Debt/DebtCalculatorTest.php	51	1	$this->createFinding('src/Foo.php', 'complexity.cyclomatic'),
complexity.cyclomatic	channel-code+producer	plain	complexity.cyclomatic	tests/Analysis/Evidence/Prioritization/Unit/Debt/DebtCalculatorTest.php	58	1	self::assertSame(['complexity.cyclomatic' => 30], $summary->perRule);
complexity.cyclomatic	channel-code+producer	plain	complexity.cyclomatic	tests/Analysis/Evidence/Prioritization/Unit/Debt/DebtCalculatorTest.php	65	1	$this->createFinding('src/Foo.php', 'complexity.cyclomatic'),
complexity.cyclomatic	channel-code+producer	plain	complexity.cyclomatic	tests/Analysis/Evidence/Prioritization/Unit/Debt/DebtCalculatorTest.php	66	1	$this->createFinding('src/Bar.php', 'complexity.cyclomatic'),
complexity.cyclomatic	channel-code+producer	plain	complexity.cyclomatic	tests/Analysis/Evidence/Prioritization/Unit/Debt/DebtCalculatorTest.php	67	1	$this->createFinding('src/Foo.php', 'complexity.cyclomatic'),
complexity.cyclomatic	channel-code+producer	plain	complexity.cyclomatic	tests/Analysis/Evidence/Prioritization/Unit/Debt/DebtCalculatorTest.php	74	1	self::assertSame(['complexity.cyclomatic' => 90], $summary->perRule);
complexity.cyclomatic	channel-code+producer	plain	complexity.cyclomatic	tests/Analysis/Evidence/Prioritization/Unit/Debt/DebtCalculatorTest.php	81	1	$this->createFinding('src/Foo.php', 'complexity.cyclomatic'),   // 30
complexity.cyclomatic	channel-code+producer	plain	complexity.cyclomatic	tests/Analysis/Evidence/Prioritization/Unit/Debt/DebtCalculatorTest.php	91	1	'complexity.cyclomatic' => 30,
complexity.cyclomatic	channel-code+producer	plain	complexity.cyclomatic	tests/Analysis/Evidence/Prioritization/Unit/Debt/DebtCalculatorTest.php	144	1	ruleName: 'complexity.cyclomatic',
complexity.cyclomatic	channel-code+producer	plain	complexity.cyclomatic	tests/Analysis/Evidence/Prioritization/Unit/Debt/DebtCalculatorTest.php	145	1	code: 'complexity.cyclomatic',
complexity.cyclomatic	channel-code+producer	plain	complexity.cyclomatic	tests/Analysis/Evidence/Prioritization/Unit/Debt/DebtCalculatorTest.php	156	1	self::assertSame(['complexity.cyclomatic' => 30], $summary->perRule);
complexity.cyclomatic	channel-code+producer	plain	complexity.cyclomatic	tests/Analysis/Evidence/Prioritization/Unit/Debt/DebtCalculatorTest.php	168	1	ruleName: 'complexity.cyclomatic',
complexity.cyclomatic	channel-code+producer	plain	complexity.cyclomatic	tests/Analysis/Evidence/Prioritization/Unit/Debt/DebtCalculatorTest.php	169	1	code: 'complexity.cyclomatic',
complexity.cyclomatic	channel-code+producer	plain	complexity.cyclomatic	tests/Analysis/Evidence/Prioritization/Unit/Debt/DebtSummaryTest.php	22	1	perRule: ['complexity.cyclomatic' => 120],
complexity.cyclomatic	channel-code+producer	plain	complexity.cyclomatic	tests/Analysis/Evidence/Prioritization/Unit/Debt/DebtSummaryTest.php	27	1	self::assertSame(['complexity.cyclomatic' => 120], $summary->perRule);
complexity.cyclomatic	channel-code+producer	plain	complexity.cyclomatic	tests/Analysis/Evidence/Prioritization/Unit/Debt/RemediationTimeRegistryTest.php	82	1	$registry->getBaseMinutes('complexity.cyclomatic');
complexity.cyclomatic	channel-code+producer	plain	complexity.cyclomatic	tests/Analysis/Evidence/Prioritization/Unit/Debt/RemediationTimeRegistryTest.php	88	1	$finding = $this->createFinding('complexity.cyclomatic');
complexity.cyclomatic	channel-code+producer	plain	complexity.cyclomatic	tests/Analysis/Evidence/Prioritization/Unit/Debt/RemediationTimeRegistryTest.php	96	1	$finding = $this->createFinding('complexity.cyclomatic', metricValue: 25);
complexity.cyclomatic	channel-code+producer	plain	complexity.cyclomatic	tests/Analysis/Evidence/Prioritization/Unit/Debt/RemediationTimeRegistryTest.php	105	1	$finding = $this->createFinding('complexity.cyclomatic', metricValue: 21, threshold: 20);
complexity.cyclomatic	channel-code+producer	plain	complexity.cyclomatic	tests/Analysis/Evidence/Prioritization/Unit/Debt/RemediationTimeRegistryTest.php	116	1	$finding = $this->createFinding('complexity.cyclomatic', metricValue: 50, threshold: 20);
complexity.cyclomatic	channel-code+producer	plain	complexity.cyclomatic	tests/Analysis/Evidence/Prioritization/Unit/Debt/RemediationTimeRegistryTest.php	127	1	$finding = $this->createFinding('complexity.cyclomatic', metricValue: 60, threshold: 20);
complexity.cyclomatic	channel-code+producer	plain	complexity.cyclomatic	tests/Analysis/Evidence/Prioritization/Unit/Debt/RemediationTimeRegistryTest.php	230	1	$finding = $this->createFinding('complexity.cyclomatic', metricValue: 25, threshold: 0);
complexity.cyclomatic	channel-code+producer	plain	complexity.cyclomatic	tests/Analysis/Evidence/Prioritization/Unit/Debt/RemediationTimeRegistryTest.php	238	1	$finding = $this->createFinding('complexity.cyclomatic', metricValue: 0, threshold: 20);
complexity.cyclomatic	channel-code+producer	plain	complexity.cyclomatic	tests/Analysis/Evidence/Prioritization/Unit/Debt/RemediationTimeRegistryTest.php	247	1	$finding = $this->createFinding('complexity.cyclomatic', metricValue: 20, threshold: 20);
complexity.cyclomatic	channel-code+producer	plain	complexity.cyclomatic	tests/Analysis/Evidence/Prioritization/Unit/Debt/RemediationTimeRegistryTest.php	302	1	$finding = $this->createFinding('complexity.cyclomatic', metricValue: 1000, threshold: 1);
complexity.cyclomatic	channel-code+producer	plain	complexity.cyclomatic	tests/Analysis/Evidence/Prioritization/Unit/Impact/ImpactCalculatorTest.php	46	1	// Error finding with classRank=0.05, rule 'complexity.cyclomatic' (base=30min, no scaling)
complexity.cyclomatic	channel-code+producer	plain	complexity.cyclomatic	tests/Analysis/Evidence/Prioritization/Unit/Impact/ImpactCalculatorTest.php	52	1	'complexity.cyclomatic',
complexity.cyclomatic	channel-code+producer	plain	complexity.cyclomatic	tests/Analysis/Evidence/Prioritization/Unit/Impact/ImpactCalculatorTest.php	82	1	self::assertSame('complexity.cyclomatic', $issues[0]->finding->ruleName);
complexity.cyclomatic	channel-code+producer	plain	complexity.cyclomatic	tests/Analysis/Finding/Fixtures/Channels/declared.txt	54	1	# to end to prove the mechanism (code-smell.goto, complexity.cyclomatic,
complexity.cyclomatic	channel-code+producer	plain	complexity.cyclomatic	tests/Analysis/Finding/Fixtures/Channels/declared.txt	100	1	complexity.cyclomatic higher callable,class judges:complexity.ccn,complexity.ccn.max
complexity.cyclomatic	channel-code+producer	plain	complexity.cyclomatic	tests/Analysis/Finding/Fixtures/Channels/order.txt	36	1	complexity.cyclomatic
complexity.cyclomatic	channel-code+producer	plain	complexity.cyclomatic	tests/Analysis/Finding/Integration/ChannelCoverageTest.php	348	1	message: '@qmx-threshold complexity.cyclomatic: warning (20) must not exceed error (10)',
complexity.cyclomatic	channel-code+producer	plain	complexity.cyclomatic	tests/Analysis/Finding/Integration/ConfigurationValidatorSilencingPathsTest.php	124	1	* @qmx-threshold complexity.cyclomatic warning=notanumber -- unparseable value
complexity.cyclomatic	channel-code+producer	plain	complexity.cyclomatic	tests/Analysis/Finding/Integration/RuleIdentifierLiteralGuardTest.php	174	1	'complexity.cyclomatic' => self::RULE_THRESHOLD_KEY_GROUP_REASON,
complexity.cyclomatic	channel-code+producer	plain	complexity.cyclomatic	tests/Analysis/Finding/Support/FindingFactory.php	30	1	string $ruleName = 'complexity.cyclomatic',
complexity.cyclomatic	channel-code+producer	plain	complexity.cyclomatic	tests/Analysis/Finding/Support/FindingFactory.php	31	1	string $code = 'complexity.cyclomatic',
complexity.cyclomatic	channel-code+producer	plain	complexity.cyclomatic	tests/Analysis/Finding/Support/StubChannelDeclarationRegistry.php	43	1	'complexity.cyclomatic' => ChannelDeclaration::magnitude(WorseDirection::Higher, SymbolLevel::Callable, SymbolLevel::Class_),
complexity.cyclomatic	channel-code+producer	plain	complexity.cyclomatic	tests/Analysis/Finding/Unit/AnalysisContextThresholdTest.php	28	1	self::assertNull($context->getThresholdOverride('complexity.cyclomatic', self::subject()));
complexity.cyclomatic	channel-code+producer	plain	complexity.cyclomatic	tests/Analysis/Finding/Unit/AnalysisContextThresholdTest.php	34	1	$override = self::override('complexity.cyclomatic', 15, 25, 10, 50);
complexity.cyclomatic	channel-code+producer	plain	complexity.cyclomatic	tests/Analysis/Finding/Unit/AnalysisContextThresholdTest.php	44	1	self::assertSame($override, $context->getThresholdOverride('complexity.cyclomatic', self::subject()));
complexity.cyclomatic	channel-code+producer	plain	complexity.cyclomatic	tests/Analysis/Finding/Unit/AnalysisContextThresholdTest.php	50	1	$override = self::override('complexity.cyclomatic', 15, 25, 10, 50);
complexity.cyclomatic	channel-code+producer	plain	complexity.cyclomatic	tests/Analysis/Finding/Unit/AnalysisContextThresholdTest.php	58	1	$result = $context->getThresholdOverride('complexity.cyclomatic', self::subject());
complexity.cyclomatic	channel-code+producer	plain	complexity.cyclomatic	tests/Analysis/Finding/Unit/AnalysisContextThresholdTest.php	74	1	self::assertNull($context->getThresholdOverride('complexity.cyclomatic', self::subject()));
complexity.cyclomatic	channel-code+producer	plain	complexity.cyclomatic	tests/Analysis/Finding/Unit/AnalysisContextThresholdTest.php	80	1	$override = self::override('complexity.cyclomatic', 15, 25, 10, 50);
complexity.cyclomatic	channel-code+producer	plain	complexity.cyclomatic	tests/Analysis/Finding/Unit/AnalysisContextThresholdTest.php	89	1	self::assertSame($override, $context->getThresholdOverride('complexity.cyclomatic', self::subject()));
complexity.cyclomatic	channel-code+producer	plain	complexity.cyclomatic	tests/Analysis/Finding/Unit/AnalysisContextThresholdTest.php	90	1	self::assertSame($override, $context->getThresholdOverride('complexity.cyclomatic', self::subject()));
complexity.cyclomatic	channel-code+producer	plain	complexity.cyclomatic	tests/Analysis/Finding/Unit/AnalysisContextThresholdTest.php	91	1	self::assertSame($override, $context->getThresholdOverride('complexity.cyclomatic', self::subject()));
complexity.cyclomatic	channel-code+producer	plain	complexity.cyclomatic	tests/Analysis/Finding/Unit/AnalysisContextThresholdTest.php	94	1	self::assertSame($override, $context->getThresholdOverride('complexity.cyclomatic', self::subject()));
complexity.cyclomatic	channel-code+producer	plain	complexity.cyclomatic	tests/Analysis/Finding/Unit/AnalysisContextThresholdTest.php	95	1	self::assertSame($override, $context->getThresholdOverride('complexity.cyclomatic', self::subject()));
complexity.cyclomatic	channel-code+producer	plain	complexity.cyclomatic	tests/Analysis/Finding/Unit/AnalysisContextThresholdTest.php	101	1	$override = self::override('complexity.cyclomatic', 15, 25, 10, 50);
complexity.cyclomatic	channel-code+producer	plain	complexity.cyclomatic	tests/Analysis/Finding/Unit/AnalysisContextThresholdTest.php	115	1	$override = self::override('complexity.cyclomatic', 15, 25, 10, null);
complexity.cyclomatic	channel-code+producer	plain	complexity.cyclomatic	tests/Analysis/Finding/Unit/AnalysisContextThresholdTest.php	124	1	self::assertSame($override, $context->getThresholdOverride('complexity.cyclomatic', self::subject()));
complexity.cyclomatic	channel-code+producer	plain	complexity.cyclomatic	tests/Analysis/Finding/Unit/AnalysisContextThresholdTest.php	125	1	self::assertSame($override, $context->getThresholdOverride('complexity.cyclomatic', self::subject()));
complexity.cyclomatic	channel-code+producer	plain	complexity.cyclomatic	tests/Analysis/Finding/Unit/AnalysisContextThresholdTest.php	126	1	self::assertSame($override, $context->getThresholdOverride('complexity.cyclomatic', self::subject()));
complexity.cyclomatic	channel-code+producer	plain	complexity.cyclomatic	tests/Analysis/Finding/Unit/AnalysisContextThresholdTest.php	132	1	$override1 = self::override('complexity.cyclomatic', 15, 25, 10, 50);
complexity.cyclomatic	channel-code+producer	plain	complexity.cyclomatic	tests/Analysis/Finding/Unit/AnalysisContextThresholdTest.php	133	1	$override2 = self::override('complexity.cyclomatic', 20, 30, 10, 50);
complexity.cyclomatic	channel-code+producer	plain	complexity.cyclomatic	tests/Analysis/Finding/Unit/AnalysisContextThresholdTest.php	142	1	$result = $context->getThresholdOverride('complexity.cyclomatic', self::subject());
complexity.cyclomatic	channel-code+producer	plain	complexity.cyclomatic	tests/Analysis/Finding/Unit/AnalysisContextThresholdTest.php	150	1	$classOverride = self::override('complexity.cyclomatic', 15, 25, 10, 100, ControlScope::Class_);
complexity.cyclomatic	channel-code+producer	plain	complexity.cyclomatic	tests/Analysis/Finding/Unit/AnalysisContextThresholdTest.php	152	1	$methodOverride = self::override('complexity.cyclomatic', 30, 50, 20, 40);
complexity.cyclomatic	channel-code+producer	plain	complexity.cyclomatic	tests/Analysis/Finding/Unit/AnalysisContextThresholdTest.php	162	1	$result = $context->getThresholdOverride('complexity.cyclomatic', self::subject());
complexity.cyclomatic	channel-code+producer	plain	complexity.cyclomatic	tests/Analysis/Finding/Unit/AnalysisContextThresholdTest.php	166	1	$result = $context->getThresholdOverride('complexity.cyclomatic', self::subject());
complexity.cyclomatic	channel-code+producer	plain	complexity.cyclomatic	tests/Analysis/Finding/Unit/AnalysisContextThresholdTest.php	174	1	$unbounded = self::override('complexity.cyclomatic', 10, 20, 1, null);
complexity.cyclomatic	channel-code+producer	plain	complexity.cyclomatic	tests/Analysis/Finding/Unit/AnalysisContextThresholdTest.php	176	1	$bounded = self::override('complexity.cyclomatic', 30, 50, 10, 50);
complexity.cyclomatic	channel-code+producer	plain	complexity.cyclomatic	tests/Analysis/Finding/Unit/AnalysisContextThresholdTest.php	186	1	$result = $context->getThresholdOverride('complexity.cyclomatic', self::subject());
complexity.cyclomatic	channel-code+producer	plain	complexity.cyclomatic	tests/Analysis/Finding/Unit/AnalysisContextThresholdTest.php	190	1	$result = $context->getThresholdOverride('complexity.cyclomatic', self::subject());
complexity.cyclomatic	channel-code+producer	plain	complexity.cyclomatic	tests/Analysis/Finding/Unit/AnalysisContextThresholdTest.php	207	1	self::assertNull($context->getThresholdOverride('complexity.cyclomatic', self::subject()));
complexity.cyclomatic	channel-code+producer	plain	complexity.cyclomatic	tests/Analysis/Finding/Unit/ChannelDeclarationCompilerPassTest.php	105	1	self::assertArrayHasKey('complexity.cyclomatic', $declarations);
complexity.cyclomatic	channel-code+producer	plain	complexity.cyclomatic	tests/Analysis/Finding/Unit/ChannelPresentationViewTest.php	37	1	producerByCode: ['complexity.cyclomatic.function' => 'complexity.cyclomatic'],
complexity.cyclomatic	channel-code+producer	plain	complexity.cyclomatic	tests/Analysis/Finding/Unit/ChannelPresentationViewTest.php	38	1	rules: [$this->rule('complexity.cyclomatic', 'Flags overly complex callables.')],
complexity.cyclomatic	channel-code+producer	plain	complexity.cyclomatic	tests/Analysis/Finding/Unit/ChannelPresentationViewTest.php	39	1	docsPageByRule: ['complexity.cyclomatic' => 'rules/complexity.md'],
complexity.cyclomatic	channel-code+producer	plain	complexity.cyclomatic	tests/Analysis/Finding/Unit/ChannelPresentationViewTest.php	86	1	producerByCode: ['complexity.cyclomatic.function' => 'complexity.cyclomatic'],
complexity.cyclomatic	channel-code+producer	plain	complexity.cyclomatic	tests/Analysis/Finding/Unit/ChannelPresentationViewTest.php	87	1	rules: [$this->rule('complexity.cyclomatic', 'Flags overly complex callables.')],
complexity.cyclomatic	channel-code+producer	plain	complexity.cyclomatic	tests/Analysis/Finding/Unit/FindingChannelTest.php	139	1	FindingChannel::retiredPairAdvice('complexity.cyclomatic#complexity.cyclomatic.callable'),
complexity.cyclomatic	channel-code+producer	plain	complexity.cyclomatic	tests/Analysis/Finding/Unit/FindingTest.php	375	1	ruleName: 'complexity.cyclomatic',
complexity.cyclomatic	channel-code+producer	plain	complexity.cyclomatic	tests/Analysis/Finding/Unit/FindingTest.php	376	1	code: 'complexity.cyclomatic',
complexity.cyclomatic	channel-code+producer	plain	complexity.cyclomatic	tests/Analysis/Finding/Unit/NamespaceExclusionFilterTest.php	36	1	$finding = $this->createFinding('App\\Entity', 'complexity.cyclomatic');
complexity.cyclomatic	channel-code+producer	plain	complexity.cyclomatic	tests/Analysis/Finding/Unit/NamespaceExclusionFilterTest.php	46	1	$finding = $this->createFinding('App\\Service', 'complexity.cyclomatic');
complexity.cyclomatic	channel-code+producer	plain	complexity.cyclomatic	tests/Analysis/Finding/Unit/NamespaceExclusionFilterTest.php	101	1	$finding = $this->createFinding('App\\Entity', 'complexity.cyclomatic');
complexity.cyclomatic	channel-code+producer	plain	complexity.cyclomatic	tests/Analysis/Finding/Unit/NamespaceExclusionFilterTest.php	138	1	ruleName: 'complexity.cyclomatic',
complexity.cyclomatic	channel-code+producer	plain	complexity.cyclomatic	tests/Analysis/Finding/Unit/NamespaceExclusionFilterTest.php	139	1	code: 'complexity.cyclomatic',
complexity.cyclomatic	channel-code+producer	plain	complexity.cyclomatic	tests/Analysis/Finding/Unit/PredicateFilterStageTest.php	93	1	ruleName: 'complexity.cyclomatic',
complexity.cyclomatic	channel-code+producer	plain	complexity.cyclomatic	tests/Analysis/Finding/Unit/ProducerNameTest.php	42	1	yield 'two segments' => ['complexity.cyclomatic'];
complexity.cyclomatic	channel-code+producer	plain	complexity.cyclomatic	tests/Analysis/Finding/Unit/ProducerNameTest.php	70	1	yield 'space inside a segment' => ['complexity.cyclomatic complexity', 'a space is not part of any name'];
complexity.cyclomatic	channel-code+producer	plain	complexity.cyclomatic	tests/Analysis/Finding/Unit/RuleExecutorTest.php	548	2	$v1 = $this->createFinding('complexity.cyclomatic', code: 'complexity.cyclomatic');
complexity.cyclomatic	channel-code+producer	plain	complexity.cyclomatic	tests/Analysis/Finding/Unit/RuleExecutorTest.php	552	1	$rule1 = $this->createRule('complexity.cyclomatic', [$v1]);
complexity.cyclomatic	channel-code+producer	plain	complexity.cyclomatic	tests/Analysis/Finding/Unit/RuleExecutorTest.php	571	1	$methodFinding = $this->createFinding('complexity.cyclomatic', code: 'complexity.cyclomatic.callable');
complexity.cyclomatic	channel-code+producer	plain	complexity.cyclomatic	tests/Analysis/Finding/Unit/RuleExecutorTest.php	572	1	$classFinding = $this->createFinding('complexity.cyclomatic', code: 'complexity.cyclomatic.class');
complexity.cyclomatic	channel-code+producer	plain	complexity.cyclomatic	tests/Analysis/Finding/Unit/RuleExecutorTest.php	575	1	'complexity.cyclomatic',
complexity.cyclomatic	channel-code+producer	plain	complexity.cyclomatic	tests/Analysis/Finding/Unit/RuleExecutorTest.php	598	1	$rule1 = $this->createRule('complexity.cyclomatic', []);
complexity.cyclomatic	channel-code+producer	plain	complexity.cyclomatic	tests/Analysis/Finding/Unit/RuleExecutorTest.php	614	1	$rule1 = $this->createRule('complexity.cyclomatic', []);
complexity.cyclomatic	channel-code+producer	plain	complexity.cyclomatic	tests/Analysis/Finding/Unit/RuleFamilyTest.php	29	1	yield 'two segments' => ['complexity.cyclomatic', 'complexity'];
complexity.cyclomatic	channel-code+producer	plain	complexity.cyclomatic	tests/Analysis/Finding/Unit/RuleOptionsFactoryTest.php	966	1	'complexity.cyclomatic' => [
complexity.cyclomatic	channel-code+producer	plain	complexity.cyclomatic	tests/Analysis/Finding/Unit/RuleOptionsFactoryTest.php	972	1	self::expectExceptionMessage('rule "complexity.cyclomatic"');
complexity.cyclomatic	channel-code+producer	plain	complexity.cyclomatic	tests/Analysis/Finding/Unit/RuleOptionsFactoryTest.php	974	1	$this->factory->create('complexity.cyclomatic', TestRuleOptions::class);
complexity.cyclomatic	channel-code+producer	plain	complexity.cyclomatic	tests/Analysis/Finding/Unit/RuleOptionsFactoryTest.php	1383	1	'complexity.cyclomatic' => [
complexity.cyclomatic	channel-code+producer	plain	complexity.cyclomatic	tests/Analysis/Finding/Unit/RuleOptionsFactoryTest.php	1389	1	$options = $this->factory->create('complexity.cyclomatic', ComplexityOptions::class);
complexity.cyclomatic	channel-code+producer	plain	complexity.cyclomatic	tests/Analysis/Finding/Unit/RuleOptionsFactoryTest.php	1627	1	// Hierarchical rule (complexity.cyclomatic): eviction must be
complexity.cyclomatic	channel-code+producer	plain	complexity.cyclomatic	tests/Analysis/Finding/Unit/RuleOptionsFactoryTest.php	1630	1	'complexity.cyclomatic' => [
complexity.cyclomatic	channel-code+producer	plain	complexity.cyclomatic	tests/Analysis/Finding/Unit/RuleOptionsFactoryTest.php	1635	1	$this->registry->addCliOption('complexity.cyclomatic', 'callable.threshold', 15);
complexity.cyclomatic	channel-code+producer	plain	complexity.cyclomatic	tests/Analysis/Finding/Unit/RuleOptionsFactoryTest.php	1638	1	$options = $this->factory->create('complexity.cyclomatic', ComplexityOptions::class);
complexity.cyclomatic	channel-code+producer	plain	complexity.cyclomatic	tests/Analysis/Finding/Unit/RuleOptionsFactoryTest.php	1773	1	// complexity.cyclomatic's top-level legacy-flat shorthand accepts
complexity.cyclomatic	channel-code+producer	plain	complexity.cyclomatic	tests/Analysis/Finding/Unit/RuleOptionsFactoryTest.php	1779	1	'complexity.cyclomatic' => ['warningThreshold' => 10, 'errorThreshold' => 20],
complexity.cyclomatic	channel-code+producer	plain	complexity.cyclomatic	tests/Analysis/Finding/Unit/RuleOptionsFactoryTest.php	1781	1	$this->registry->setCliOptions('complexity.cyclomatic', ['threshold' => 15]);
complexity.cyclomatic	channel-code+producer	plain	complexity.cyclomatic	tests/Analysis/Finding/Unit/RuleOptionsFactoryTest.php	1784	1	$options = $this->factory->create('complexity.cyclomatic', ComplexityOptions::class);
complexity.cyclomatic	channel-code+producer	plain	complexity.cyclomatic	tests/Analysis/Finding/Unit/RulePathExclusionProviderTest.php	61	1	self::assertFalse($provider->isExcluded('complexity.cyclomatic', RelativePath::fromString('src/Metrics/SomeFile.php')));
complexity.cyclomatic	channel-code+producer	plain	complexity.cyclomatic	tests/Analysis/Finding/Unit/ThresholdOverrideTest.php	23	1	rulePattern: 'complexity.cyclomatic',
complexity.cyclomatic	channel-code+producer	plain	complexity.cyclomatic	tests/Analysis/Finding/Unit/ThresholdOverrideTest.php	31	1	self::assertTrue($override->matches('complexity.cyclomatic'));
complexity.cyclomatic	channel-code+producer	plain	complexity.cyclomatic	tests/Analysis/Finding/Unit/ThresholdOverrideTest.php	48	1	self::assertFalse($override->matches('complexity.cyclomatic'));
complexity.cyclomatic	channel-code+producer	plain	complexity.cyclomatic	tests/Analysis/Finding/Unit/ThresholdOverrideTest.php	67	1	self::assertFalse($override->matches('complexity.cyclomatic'));
complexity.cyclomatic	channel-code+producer	plain	complexity.cyclomatic	tests/Analysis/Finding/Unit/ThresholdOverrideTest.php	85	1	self::assertFalse($override->matches('complexity.cyclomatic'));
complexity.cyclomatic	channel-code+producer	plain	complexity.cyclomatic	tests/Analysis/Finding/Unit/ThresholdOverrideTest.php	94	1	rulePattern: 'complexity.cyclomatic',
complexity.cyclomatic	channel-code+producer	plain	complexity.cyclomatic	tests/Analysis/Finding/Unit/ThresholdOverrideTest.php	103	1	self::assertSame('complexity.cyclomatic', $override->rulePattern);
complexity.cyclomatic	channel-code+producer	plain	complexity.cyclomatic	tests/Analysis/Finding/Unit/ThresholdOverrideTest.php	114	1	rulePattern: 'complexity.cyclomatic',
complexity.cyclomatic	channel-code+producer	plain	complexity.cyclomatic	tests/Analysis/Policy/Baseline/Fixtures/ChannelRenameTsvCorpus.php	82	1	'contents' => "old\tnew\treason\n complexity.cyclomatic\tcomplexity.ccn\tX10\n",
complexity.cyclomatic	channel-code+producer	plain	complexity.cyclomatic	tests/Analysis/Policy/Baseline/Fixtures/ChannelRenameTsvCorpus.php	135	1	'contents' => "old\tnew\treason\ncomplexity#complexity.cyclomatic\tcomplexity.ccn\tX10\n",
complexity.cyclomatic	channel-code+producer	plain	complexity.cyclomatic	tests/Analysis/Policy/Baseline/Functional/BaselineExplainCommandTest.php	62	1	private const string CCN_CHANNEL = 'complexity.cyclomatic';
complexity.cyclomatic	channel-code+producer	plain	complexity.cyclomatic	tests/Analysis/Policy/Baseline/Functional/BaselineExplainCommandTest.php	101	1	'complexity.cyclomatic',
complexity.cyclomatic	channel-code+producer	plain	complexity.cyclomatic	tests/Analysis/Policy/Baseline/Functional/BaselineExplainCommandTest.php	129	1	$withZero = $this->execute($findings, [], [], ['complexity.cyclomatic' => ['callable' => ['warning' => 0, 'error' => 5]]]);
complexity.cyclomatic	channel-code+producer	plain	complexity.cyclomatic	tests/Analysis/Policy/Baseline/Functional/BaselineExplainCommandTest.php	216	2	$tester = $this->execute([], ['--channel' => 'complexity.cyclomatic#complexity.cyclomatic']);
complexity.cyclomatic	channel-code+producer	plain	complexity.cyclomatic	tests/Analysis/Policy/Baseline/Functional/BaselineExplainCommandTest.php	219	1	self::assertStringContainsString('Write "complexity.cyclomatic"', $tester->getDisplay());
complexity.cyclomatic	channel-code+producer	plain	complexity.cyclomatic	tests/Analysis/Policy/Baseline/Functional/BaselineExplainCommandTest.php	275	1	'complexity.cyclomatic',
complexity.cyclomatic	channel-code+producer	plain	complexity.cyclomatic	tests/Analysis/Policy/Baseline/Functional/BaselineExplainCommandTest.php	437	1	* naming `complexity.cyclomatic` still resolves to the rule a
complexity.cyclomatic	channel-code+producer	plain	complexity.cyclomatic	tests/Analysis/Policy/Baseline/Functional/BaselineExplainCommandTest.php	438	1	* `@qmx-threshold complexity.cyclomatic` addresses.
complexity.cyclomatic	channel-code+producer	plain	complexity.cyclomatic	tests/Analysis/Policy/Baseline/Functional/BaselineIncompleteAnalysisTest.php	95	1	'--channel' => 'complexity.cyclomatic',
complexity.cyclomatic	channel-code+producer	plain	complexity.cyclomatic	tests/Analysis/Policy/Baseline/Functional/BaselineRunBeforeLoadTest.php	386	1	* naming `complexity.cyclomatic` still resolves to the rule a
complexity.cyclomatic	channel-code+producer	plain	complexity.cyclomatic	tests/Analysis/Policy/Baseline/Functional/BaselineRunBeforeLoadTest.php	387	1	* `@qmx-threshold complexity.cyclomatic` addresses.
complexity.cyclomatic	channel-code+producer	plain	complexity.cyclomatic	tests/Analysis/Policy/Baseline/Functional/ConfiguredWarningBoundaryMapTest.php	42	1	'complexity.cyclomatic' => ['callable' => 10, 'class' => 30],
complexity.cyclomatic	channel-code+producer	plain	complexity.cyclomatic	tests/Analysis/Policy/Baseline/Integration/BaselineWorkflowTest.php	75	1	ruleName: 'complexity.cyclomatic',
complexity.cyclomatic	channel-code+producer	plain	complexity.cyclomatic	tests/Analysis/Policy/Baseline/Integration/BaselineWorkflowTest.php	76	1	code: 'complexity.cyclomatic',
complexity.cyclomatic	channel-code+producer	plain	complexity.cyclomatic	tests/Analysis/Policy/Baseline/Integration/BaselineWorkflowTest.php	153	1	ruleName: 'complexity.cyclomatic',
complexity.cyclomatic	channel-code+producer	plain	complexity.cyclomatic	tests/Analysis/Policy/Baseline/Integration/BaselineWorkflowTest.php	154	1	code: 'complexity.cyclomatic',
complexity.cyclomatic	channel-code+producer	plain	complexity.cyclomatic	tests/Analysis/Policy/Baseline/Integration/BaselineWorkflowTest.php	259	1	ruleName: 'complexity.cyclomatic',
complexity.cyclomatic	channel-code+producer	plain	complexity.cyclomatic	tests/Analysis/Policy/Baseline/Integration/BaselineWorkflowTest.php	260	1	code: 'complexity.cyclomatic',
complexity.cyclomatic	channel-code+producer	plain	complexity.cyclomatic	tests/Analysis/Policy/Baseline/Integration/BaselineWorkflowTest.php	269	1	ruleName: 'complexity.cyclomatic',
complexity.cyclomatic	channel-code+producer	plain	complexity.cyclomatic	tests/Analysis/Policy/Baseline/Integration/BaselineWorkflowTest.php	270	1	code: 'complexity.cyclomatic',
complexity.cyclomatic	channel-code+producer	plain	complexity.cyclomatic	tests/Analysis/Policy/Baseline/Integration/BaselineWorkflowTest.php	292	1	ruleName: 'complexity.cyclomatic',
complexity.cyclomatic	channel-code+producer	plain	complexity.cyclomatic	tests/Analysis/Policy/Baseline/Integration/BaselineWorkflowTest.php	293	1	code: 'complexity.cyclomatic',
complexity.cyclomatic	channel-code+producer	plain	complexity.cyclomatic	tests/Analysis/Policy/Baseline/Integration/BaselineWorkflowTest.php	332	1	ruleName: 'complexity.cyclomatic',
complexity.cyclomatic	channel-code+producer	plain	complexity.cyclomatic	tests/Analysis/Policy/Baseline/Integration/BaselineWorkflowTest.php	333	1	code: 'complexity.cyclomatic',
complexity.cyclomatic	channel-code+producer	plain	complexity.cyclomatic	tests/Analysis/Policy/Baseline/Integration/BaselineWorkflowTest.php	374	1	ruleName: 'complexity.cyclomatic',
complexity.cyclomatic	channel-code+producer	plain	complexity.cyclomatic	tests/Analysis/Policy/Baseline/Integration/BaselineWorkflowTest.php	375	1	code: 'complexity.cyclomatic',
complexity.cyclomatic	channel-code+producer	plain	complexity.cyclomatic	tests/Analysis/Policy/Baseline/Integration/BaselineWorkflowTest.php	385	1	ruleName: 'complexity.cyclomatic',
complexity.cyclomatic	channel-code+producer	plain	complexity.cyclomatic	tests/Analysis/Policy/Baseline/Integration/BaselineWorkflowTest.php	386	1	code: 'complexity.cyclomatic',
complexity.cyclomatic	channel-code+producer	plain	complexity.cyclomatic	tests/Analysis/Policy/Baseline/Integration/BaselineWorkflowTest.php	408	1	ruleName: 'complexity.cyclomatic',
complexity.cyclomatic	channel-code+producer	plain	complexity.cyclomatic	tests/Analysis/Policy/Baseline/Integration/BaselineWorkflowTest.php	409	1	code: 'complexity.cyclomatic',
complexity.cyclomatic	channel-code+producer	plain	complexity.cyclomatic	tests/Analysis/Policy/Baseline/Integration/BaselineWorkflowTest.php	419	1	ruleName: 'complexity.cyclomatic',
complexity.cyclomatic	channel-code+producer	plain	complexity.cyclomatic	tests/Analysis/Policy/Baseline/Integration/BaselineWorkflowTest.php	420	1	code: 'complexity.cyclomatic',
complexity.cyclomatic	channel-code+producer	plain	complexity.cyclomatic	tests/Analysis/Policy/Baseline/Integration/BaselineWorkflowTest.php	441	1	ruleName: 'complexity.cyclomatic',
complexity.cyclomatic	channel-code+producer	plain	complexity.cyclomatic	tests/Analysis/Policy/Baseline/Integration/BaselineWorkflowTest.php	442	1	code: 'complexity.cyclomatic',
complexity.cyclomatic	channel-code+producer	plain	complexity.cyclomatic	tests/Analysis/Policy/Baseline/Integration/BaselineWorkflowTest.php	452	1	ruleName: 'complexity.cyclomatic',
complexity.cyclomatic	channel-code+producer	plain	complexity.cyclomatic	tests/Analysis/Policy/Baseline/Integration/BaselineWorkflowTest.php	453	1	code: 'complexity.cyclomatic',
complexity.cyclomatic	channel-code+producer	plain	complexity.cyclomatic	tests/Analysis/Policy/Baseline/Integration/CaptureFromMeasuredSetTest.php	263	1	string $ruleName = 'complexity.cyclomatic',
complexity.cyclomatic	channel-code+producer	plain	complexity.cyclomatic	tests/Analysis/Policy/Baseline/Integration/CaptureFromMeasuredSetTest.php	264	1	string $code = 'complexity.cyclomatic',
complexity.cyclomatic	channel-code+producer	plain	complexity.cyclomatic	tests/Analysis/Policy/Baseline/Unit/BaselineCeilingStageFailSafeTest.php	158	1	'complexity.cyclomatic',
complexity.cyclomatic	channel-code+producer	plain	complexity.cyclomatic	tests/Analysis/Policy/Baseline/Unit/BaselineCeilingStageFailSafeTest.php	159	1	'complexity.cyclomatic',
complexity.cyclomatic	channel-code+producer	plain	complexity.cyclomatic	tests/Analysis/Policy/Baseline/Unit/BaselineCeilingStageFailSafeTest.php	204	1	'complexity.cyclomatic',
complexity.cyclomatic	channel-code+producer	plain	complexity.cyclomatic	tests/Analysis/Policy/Baseline/Unit/BaselineCeilingStageFailSafeTest.php	205	1	'complexity.cyclomatic',
complexity.cyclomatic	channel-code+producer	plain	complexity.cyclomatic	tests/Analysis/Policy/Baseline/Unit/BaselineCeilingStageFailSafeTest.php	226	1	['channel' => 'complexity.cyclomatic'],
complexity.cyclomatic	channel-code+producer	plain	complexity.cyclomatic	tests/Analysis/Policy/Baseline/Unit/BaselineChannelRenamerTest.php	246	1	['magnitudes' => [3.0, 1.0, 2.0], 'channel' => 'complexity.cyclomatic'],
complexity.cyclomatic	channel-code+producer	plain	complexity.cyclomatic	tests/Analysis/Policy/Baseline/Unit/BaselineChannelRenamerTest.php	251	1	$this->renamer->carry($path, $this->map("complexity.cyclomatic\tmaintainability.index.class"));
complexity.cyclomatic	channel-code+producer	plain	complexity.cyclomatic	tests/Analysis/Policy/Baseline/Unit/BaselineEntryParserTest.php	39	1	'channel' => 'complexity.cyclomatic',
complexity.cyclomatic	channel-code+producer	plain	complexity.cyclomatic	tests/Analysis/Policy/Baseline/Unit/BaselineEntryParserTest.php	170	1	'{"channel":"complexity.cyclomatic","magnitudes":[1e400]}',
complexity.cyclomatic	channel-code+producer	plain	complexity.cyclomatic	tests/Analysis/Policy/Baseline/Unit/BaselineEntryParserTest.php	189	1	'channel' => 'complexity.cyclomatic',
complexity.cyclomatic	channel-code+producer	plain	complexity.cyclomatic	tests/Analysis/Policy/Baseline/Unit/BaselineEntryParserTest.php	218	1	'channel' => 'complexity.cyclomatic',
complexity.cyclomatic	channel-code+producer	plain	complexity.cyclomatic	tests/Analysis/Policy/Baseline/Unit/BaselineEntryParserTest.php	310	1	['channel' => 'complexity.cyclomatic', 'magnitudes' => ['value' => 1]],
complexity.cyclomatic	channel-code+producer	plain	complexity.cyclomatic	tests/Analysis/Policy/Baseline/Unit/BaselineEntryParserTest.php	311	1	['channel' => 'complexity.cyclomatic', 'magnitudes' => ['one']],
complexity.cyclomatic	channel-code+producer	plain	complexity.cyclomatic	tests/Analysis/Policy/Baseline/Unit/BaselineEntryParserTest.php	334	1	'channel' => 'complexity.cyclomatic',
complexity.cyclomatic	channel-code+producer	plain	complexity.cyclomatic	tests/Analysis/Policy/Baseline/Unit/BaselineEntryValuesTest.php	170	1	new FindingChannel('complexity.cyclomatic'),
complexity.cyclomatic	channel-code+producer	plain	complexity.cyclomatic	tests/Analysis/Policy/Baseline/Unit/BaselineGeneratorTest.php	283	1	['complexity.cyclomatic', 'this.channel'],
complexity.cyclomatic	channel-code+producer	plain	complexity.cyclomatic	tests/Analysis/Policy/Baseline/Unit/BaselineGeneratorTest.php	342	1	ruleName: 'complexity.cyclomatic',
complexity.cyclomatic	channel-code+producer	plain	complexity.cyclomatic	tests/Analysis/Policy/Baseline/Unit/BaselineGeneratorTest.php	343	1	code: 'complexity.cyclomatic',
complexity.cyclomatic	channel-code+producer	plain	complexity.cyclomatic	tests/Analysis/Policy/Baseline/Unit/BaselineGeneratorTest.php	355	1	ruleName: 'complexity.cyclomatic',
complexity.cyclomatic	channel-code+producer	plain	complexity.cyclomatic	tests/Analysis/Policy/Baseline/Unit/BaselineGeneratorTest.php	356	1	code: 'complexity.cyclomatic',
complexity.cyclomatic	channel-code+producer	plain	complexity.cyclomatic	tests/Analysis/Policy/Baseline/Unit/BaselineIdentityTest.php	38	1	self::assertSame('complexity.cyclomatic', $identity->channel->code);
complexity.cyclomatic	channel-code+producer	plain	complexity.cyclomatic	tests/Analysis/Policy/Baseline/Unit/BaselineIdentityTest.php	182	1	ruleName: 'complexity.cyclomatic',
complexity.cyclomatic	channel-code+producer	plain	complexity.cyclomatic	tests/Analysis/Policy/Baseline/Unit/BaselineIdentityTest.php	183	1	code: 'complexity.cyclomatic',
complexity.cyclomatic	channel-code+producer	plain	complexity.cyclomatic	tests/Analysis/Policy/Baseline/Unit/BaselineIdentityTest.php	192	1	ruleName: 'complexity.cyclomatic',
complexity.cyclomatic	channel-code+producer	plain	complexity.cyclomatic	tests/Analysis/Policy/Baseline/Unit/BaselineIdentityTest.php	193	1	code: 'complexity.cyclomatic',
complexity.cyclomatic	channel-code+producer	plain	complexity.cyclomatic	tests/Analysis/Policy/Baseline/Unit/BaselineLoaderTest.php	60	1	"channel": "complexity.cyclomatic",
complexity.cyclomatic	channel-code+producer	plain	complexity.cyclomatic	tests/Analysis/Policy/Baseline/Unit/BaselineLoaderTest.php	336	1	"channel": "complexity.cyclomatic",
complexity.cyclomatic	channel-code+producer	plain	complexity.cyclomatic	tests/Analysis/Policy/Baseline/Unit/BaselineLoaderTest.php	622	1	$entry = '{"channel":"complexity.cyclomatic","magnitudes":[%d]}';
complexity.cyclomatic	channel-code+producer	plain	complexity.cyclomatic	tests/Analysis/Policy/Baseline/Unit/BaselineLoaderTest.php	777	1	. "      {\"channel\":\"complexity.cyclomatic\",\"magnitudes\":[25]},\n"
complexity.cyclomatic	channel-code+producer	plain	complexity.cyclomatic	tests/Analysis/Policy/Baseline/Unit/BaselineMigratorTest.php	32	1	* - `method:App\Foo::bar` / `complexity.cyclomatic` — the two legacy v5
complexity.cyclomatic	channel-code+producer	plain	complexity.cyclomatic	tests/Analysis/Policy/Baseline/Unit/BaselineMigratorTest.php	84	1	['method:App\Foo::bar', 'complexity.cyclomatic'],
complexity.cyclomatic	channel-code+producer	plain	complexity.cyclomatic	tests/Analysis/Policy/Baseline/Unit/BaselineMigratorTest.php	161	1	new V5Entry('method:App\Foo::bar', 'complexity.cyclomatic', '0000000000000001'),
complexity.cyclomatic	channel-code+producer	plain	complexity.cyclomatic	tests/Analysis/Policy/Baseline/Unit/BaselineMigratorTest.php	162	1	new V5Entry('method:App\Foo::bar', 'complexity.cyclomatic', '0000000000000002'),
complexity.cyclomatic	channel-code+producer	plain	complexity.cyclomatic	tests/Analysis/Policy/Baseline/Unit/BaselineRoundTripVOTest.php	154	1	new FindingChannel('complexity.cyclomatic'),
complexity.cyclomatic	channel-code+producer	plain	complexity.cyclomatic	tests/Analysis/Policy/Baseline/Unit/BaselineTest.php	81	2	$cyclomatic = self::entry($symbol, 'complexity.cyclomatic', 'complexity.cyclomatic');
complexity.cyclomatic	channel-code+producer	plain	complexity.cyclomatic	tests/Analysis/Policy/Baseline/Unit/BaselineUpdaterTest.php	301	1	ruleName: 'complexity.cyclomatic',
complexity.cyclomatic	channel-code+producer	plain	complexity.cyclomatic	tests/Analysis/Policy/Baseline/Unit/BaselineUpdaterTest.php	302	1	code: 'complexity.cyclomatic',
complexity.cyclomatic	channel-code+producer	plain	complexity.cyclomatic	tests/Analysis/Policy/Baseline/Unit/BaselineWriterTest.php	81	1	'complexity.cyclomatic',
complexity.cyclomatic	channel-code+producer	plain	complexity.cyclomatic	tests/Analysis/Policy/Baseline/Unit/BaselineWriterTest.php	416	1	$duplicated = 'complexity.cyclomatic';
complexity.cyclomatic	channel-code+producer	plain	complexity.cyclomatic	tests/Analysis/Policy/Baseline/Unit/BaselineWriterTest.php	698	1	new FindingChannel('complexity.cyclomatic'),
complexity.cyclomatic	channel-code+producer	plain	complexity.cyclomatic	tests/Analysis/Policy/Baseline/Unit/BaselineWriterTest.php	738	1	new FindingChannel('complexity.cyclomatic'),
complexity.cyclomatic	channel-code+producer	plain	complexity.cyclomatic	tests/Analysis/Policy/Baseline/Unit/BoundaryExplanationServiceTest.php	61	1	* naming `complexity.cyclomatic` still resolves to the rule a
complexity.cyclomatic	channel-code+producer	plain	complexity.cyclomatic	tests/Analysis/Policy/Baseline/Unit/BoundaryExplanationServiceTest.php	62	1	* `@qmx-threshold complexity.cyclomatic` addresses.
complexity.cyclomatic	channel-code+producer	plain	complexity.cyclomatic	tests/Analysis/Policy/Baseline/Unit/BoundaryExplanationServiceTest.php	81	1	$channel = new FindingChannel('complexity.cyclomatic');
complexity.cyclomatic	channel-code+producer	plain	complexity.cyclomatic	tests/Analysis/Policy/Baseline/Unit/BoundaryExplanationServiceTest.php	134	1	$channel = new FindingChannel('complexity.cyclomatic');
complexity.cyclomatic	channel-code+producer	plain	complexity.cyclomatic	tests/Analysis/Policy/Baseline/Unit/BoundaryExplanationServiceTest.php	169	1	$channel = new FindingChannel('complexity.cyclomatic');
complexity.cyclomatic	channel-code+producer	plain	complexity.cyclomatic	tests/Analysis/Policy/Baseline/Unit/BoundaryExplanationServiceTest.php	205	1	new FindingChannel('complexity.cyclomatic'),
complexity.cyclomatic	channel-code+producer	plain	complexity.cyclomatic	tests/Analysis/Policy/Baseline/Unit/BoundaryExplanationServiceTest.php	261	1	$baselinedChannel = new FindingChannel('complexity.cyclomatic');
complexity.cyclomatic	channel-code+producer	plain	complexity.cyclomatic	tests/Analysis/Policy/Baseline/Unit/BoundaryExplanationServiceTest.php	293	1	$channel = new FindingChannel('complexity.cyclomatic');
complexity.cyclomatic	channel-code+producer	plain	complexity.cyclomatic	tests/Analysis/Policy/Baseline/Unit/BoundaryExplanationServiceTest.php	319	1	$channel = new FindingChannel('complexity.cyclomatic');
complexity.cyclomatic	channel-code+producer	plain	complexity.cyclomatic	tests/Analysis/Policy/Baseline/Unit/BoundaryExplanationServiceTest.php	344	1	$channel = new FindingChannel('complexity.cyclomatic');
complexity.cyclomatic	channel-code+producer	plain	complexity.cyclomatic	tests/Analysis/Policy/Baseline/Unit/BoundaryExplanationServiceTest.php	374	1	$channel = new FindingChannel('complexity.cyclomatic');
complexity.cyclomatic	channel-code+producer	plain	complexity.cyclomatic	tests/Analysis/Policy/Baseline/Unit/BoundaryExplanationServiceTest.php	410	1	$channel = new FindingChannel('complexity.cyclomatic');
complexity.cyclomatic	channel-code+producer	plain	complexity.cyclomatic	tests/Analysis/Policy/Baseline/Unit/BoundaryExplanationServiceTest.php	430	1	$channel = new FindingChannel('complexity.cyclomatic');
complexity.cyclomatic	channel-code+producer	plain	complexity.cyclomatic	tests/Analysis/Policy/Baseline/Unit/BoundaryExplanationServiceTest.php	450	1	$override('complexity.cyclomatic', 3, ControlScope::Callable, 10, 20),
complexity.cyclomatic	channel-code+producer	plain	complexity.cyclomatic	tests/Analysis/Policy/Baseline/Unit/BoundaryExplanationServiceTest.php	451	1	$override('complexity.cyclomatic', 4, ControlScope::Callable, 10, 20),
complexity.cyclomatic	channel-code+producer	plain	complexity.cyclomatic	tests/Analysis/Policy/Baseline/Unit/BoundaryExplanationServiceTest.php	602	1	'complexity.cyclomatic',
complexity.cyclomatic	channel-code+producer	plain	complexity.cyclomatic	tests/Analysis/Policy/Baseline/Unit/V5BaselineReaderTest.php	51	1	{"rule": "complexity.cyclomatic", "hash": "0123456789abcdef"},
complexity.cyclomatic	channel-code+producer	plain	complexity.cyclomatic	tests/Analysis/Policy/Baseline/Unit/V5BaselineReaderTest.php	69	1	['complexity.cyclomatic', 'coupling.cbo'],
complexity.cyclomatic	channel-code+producer	plain	complexity.cyclomatic	tests/Analysis/Policy/Baseline/Unit/V5BaselineReaderTest.php	90	1	self::assertSame('complexity.cyclomatic', $baseline->entries[0]->rule);
complexity.cyclomatic	channel-code+producer	plain	complexity.cyclomatic	tests/Analysis/Policy/Baseline/Unit/V5BaselineReaderTest.php	147	1	"class:App\\Foo": [{"rule": "complexity.cyclomatic", "hash": "0123456789abcdef"}]
complexity.cyclomatic	channel-code+producer	plain	complexity.cyclomatic	tests/Analysis/Policy/Baseline/Unit/V5BaselineReaderTest.php	167	1	{"rule": "complexity.cyclomatic", "hash": "0123456789abcdef"},
complexity.cyclomatic	channel-code+producer	plain	complexity.cyclomatic	tests/Analysis/Policy/Baseline/Unit/V5BaselineReaderTest.php	188	1	"class:App\\Foo": [{"rule": "complexity.cyclomatic", "hash": "0123456789abcdef"}]
complexity.cyclomatic	channel-code+producer	plain	complexity.cyclomatic	tests/Analysis/Policy/Inline/Fixtures/NarrowControl/Silenced/LiveAndDeadDirectives.php	22	1	* @qmx-threshold complexity.cyclomatic warning=50 error=80 -- inert: a straight-line method
complexity.cyclomatic	channel-code+producer	plain	complexity.cyclomatic	tests/Analysis/Policy/Inline/Fixtures/ThresholdAudit/PairedDirectives.php	22	1	* @qmx-threshold complexity.cyclomatic warning=50 error=80 — inert: a straight-line method
complexity.cyclomatic	channel-code+producer	plain	complexity.cyclomatic	tests/Analysis/Policy/Inline/Integration/DirectiveUsageTest.php	266	1	new Suppression('complexity.cyclomatic', 'reason', 5, SuppressionType::File),
complexity.cyclomatic	channel-code+producer	plain	complexity.cyclomatic	tests/Analysis/Policy/Inline/Integration/DirectiveUsageTest.php	277	1	self::assertSame('complexity.cyclomatic', $inert[0]->site->target);
complexity.cyclomatic	channel-code+producer	plain	complexity.cyclomatic	tests/Analysis/Policy/Inline/Integration/ThresholdAnnotationParserPathTest.php	219	1	// parser actually receives a validator for complexity.cyclomatic
complexity.cyclomatic	channel-code+producer	plain	complexity.cyclomatic	tests/Analysis/Policy/Inline/Integration/ThresholdAnnotationParserPathTest.php	230	1	docblock: '/** @qmx-threshold complexity.cyclomatic warning=25 error=15 */',
complexity.cyclomatic	channel-code+producer	plain	complexity.cyclomatic	tests/Analysis/Policy/Inline/Integration/ThresholdDirectiveAuditTest.php	579	1	$ruleB = 'complexity.cyclomatic';
complexity.cyclomatic	channel-code+producer	plain	complexity.cyclomatic	tests/Analysis/Policy/Inline/Integration/ThresholdDirectiveAuditTest.php	627	1	$ruleB = 'complexity.cyclomatic';
complexity.cyclomatic	channel-code+producer	plain	complexity.cyclomatic	tests/Analysis/Policy/Inline/Integration/UnusedDirectiveRuleTest.php	602	1	message: '@qmx-threshold complexity.cyclomatic: invalid syntax',
complexity.cyclomatic	channel-code+producer	plain	complexity.cyclomatic	tests/Analysis/Policy/Inline/Unit/Directive/DirectiveAddressabilityTest.php	78	2	'channel "complexity.cyclomatic" of rule "complexity.cyclomatic"',
complexity.cyclomatic	channel-code+producer	plain	complexity.cyclomatic	tests/Analysis/Policy/Inline/Unit/Directive/DirectiveAddressabilityTest.php	120	1	$rejection = self::addressability()->problemWithThreshold(self::threshold('complexity.cyclomatic:class'));
complexity.cyclomatic	channel-code+producer	plain	complexity.cyclomatic	tests/Analysis/Policy/Inline/Unit/Directive/DirectiveAddressabilityTest.php	123	1	self::assertStringContainsString('--rule-opt complexity.cyclomatic:class.<option>=<value>', $rejection->message);
complexity.cyclomatic	channel-code+producer	plain	complexity.cyclomatic	tests/Analysis/Policy/Inline/Unit/Directive/DirectiveAddressabilityTest.php	185	1	'complexity.cyclomatic' => ChannelDeclaration::judging(
complexity.cyclomatic	channel-code+producer	plain	complexity.cyclomatic	tests/Analysis/Policy/Inline/Unit/Directive/DirectiveAddressabilityTest.php	197	2	'complexity.cyclomatic' => ['complexity.cyclomatic'],
complexity.cyclomatic	channel-code+producer	plain	complexity.cyclomatic	tests/Analysis/Policy/Inline/Unit/Directive/DirectiveAddressabilityTest.php	202	1	'complexity.cyclomatic' => true,
complexity.cyclomatic	channel-code+producer	plain	complexity.cyclomatic	tests/Analysis/Policy/Inline/Unit/Directive/DirectiveMaskingCoalitionTest.php	154	1	self::group(5, warning: 30, scope: ControlScope::Class_, rule: 'complexity.cyclomatic'),
complexity.cyclomatic	channel-code+producer	plain	complexity.cyclomatic	tests/Analysis/Policy/Inline/Unit/Directive/DirectiveMaskingCoalitionTest.php	156	1	self::group(13, warning: 30, scope: ControlScope::Hook, rule: 'complexity.cyclomatic'),
complexity.cyclomatic	channel-code+producer	plain	complexity.cyclomatic	tests/Analysis/Policy/Inline/Unit/Extraction/DeclarationControlBindingsTest.php	109	1	$ast = $this->parse('<?php class Named { /** @qmx-threshold complexity.cyclomatic broken */ public int $value; }');
complexity.cyclomatic	channel-code+producer	plain	complexity.cyclomatic	tests/Analysis/Policy/Inline/Unit/Extraction/SourceControlExtractorTest.php	42	1	/** @qmx-ignore complexity.cyclomatic class reason */
complexity.cyclomatic	channel-code+producer	plain	complexity.cyclomatic	tests/Analysis/Policy/Inline/Unit/Extraction/SourceControlExtractorTest.php	48	1	/** @qmx-threshold complexity.cyclomatic broken */
complexity.cyclomatic	channel-code+producer	plain	complexity.cyclomatic	tests/Analysis/Policy/Inline/Unit/Extraction/SourceControlExtractorTest.php	103	1	$classControl = new Suppression('complexity.cyclomatic', 'reason', 4, SuppressionType::Symbol, 12, $subject, ControlScope::Class_);
complexity.cyclomatic	channel-code+producer	plain	complexity.cyclomatic	tests/Analysis/Policy/Inline/Unit/Extraction/SourceControlExtractorTest.php	104	1	$callableControl = new Suppression('complexity.cyclomatic', 'reason', 4, SuppressionType::Symbol, 12, $subject, ControlScope::Callable);
complexity.cyclomatic	channel-code+producer	plain	complexity.cyclomatic	tests/Analysis/Policy/Inline/Unit/Extraction/SourceControlExtractorTest.php	132	1	$ast = $this->parse("<?php\n/** @qmx-ignore complexity.cyclomatic collision */\nfunction run(int \$value): void {}\n");
complexity.cyclomatic	channel-code+producer	plain	complexity.cyclomatic	tests/Analysis/Policy/Inline/Unit/SuppressionExtractorTest.php	150	1	* @qmx-ignore complexity.cyclomatic#complexity.cyclomatic.callable -- explicit
complexity.cyclomatic	channel-code+producer	plain	complexity.cyclomatic	tests/Analysis/Policy/Inline/Unit/SuppressionExtractorTest.php	163	1	self::assertSame('complexity.cyclomatic#complexity.cyclomatic.callable', $suppressions[0]->rule);
complexity.cyclomatic	channel-code+producer	plain	complexity.cyclomatic	tests/Analysis/Policy/Inline/Unit/SuppressionExtractorTest.php	689	1	'// @qmx-ignore complexity.cyclomatic',
complexity.cyclomatic	channel-code+producer	plain	complexity.cyclomatic	tests/Analysis/Policy/Inline/Unit/SuppressionExtractorTest.php	700	1	self::assertSame('complexity.cyclomatic', $suppressions[0]->rule);
complexity.cyclomatic	channel-code+producer	plain	complexity.cyclomatic	tests/Analysis/Policy/Inline/Unit/SuppressionExtractorTest.php	711	1	'/* @qmx-ignore complexity.cyclomatic */',
complexity.cyclomatic	channel-code+producer	plain	complexity.cyclomatic	tests/Analysis/Policy/Inline/Unit/SuppressionExtractorTest.php	722	1	self::assertSame('complexity.cyclomatic', $suppressions[0]->rule);
complexity.cyclomatic	channel-code+producer	plain	complexity.cyclomatic	tests/Analysis/Policy/Inline/Unit/SuppressionExtractorTest.php	730	1	'// @qmx-ignore-next-line complexity.cyclomatic',
complexity.cyclomatic	channel-code+producer	plain	complexity.cyclomatic	tests/Analysis/Policy/Inline/Unit/SuppressionExtractorTest.php	741	1	self::assertSame('complexity.cyclomatic', $suppressions[0]->rule);
complexity.cyclomatic	channel-code+producer	plain	complexity.cyclomatic	tests/Analysis/Policy/Inline/Unit/SuppressionExtractorTest.php	771	1	'// @qmx-ignore complexity.cyclomatic Legacy algorithm, too costly to refactor',
complexity.cyclomatic	channel-code+producer	plain	complexity.cyclomatic	tests/Analysis/Policy/Inline/Unit/SuppressionExtractorTest.php	782	1	self::assertSame('complexity.cyclomatic', $suppressions[0]->rule);
complexity.cyclomatic	channel-code+producer	plain	complexity.cyclomatic	tests/Analysis/Policy/Inline/Unit/SuppressionExtractorTest.php	870	1	* @qmx-ignore-next-line complexity.cyclomatic
complexity.cyclomatic	channel-code+producer	plain	complexity.cyclomatic	tests/Analysis/Policy/Inline/Unit/SuppressionExtractorTest.php	883	1	self::assertSame('complexity.cyclomatic', $suppressions[0]->rule);
complexity.cyclomatic	channel-code+producer	plain	complexity.cyclomatic	tests/Analysis/Policy/Inline/Unit/SuppressionFilterTest.php	232	1	ruleName: 'complexity.cyclomatic',
complexity.cyclomatic	channel-code+producer	plain	complexity.cyclomatic	tests/Analysis/Policy/Inline/Unit/SuppressionFilterTest.php	422	1	ruleName: 'complexity.cyclomatic',
complexity.cyclomatic	channel-code+producer	plain	complexity.cyclomatic	tests/Analysis/Policy/Inline/Unit/SuppressionFilterTest.php	423	1	code: 'complexity.cyclomatic',
complexity.cyclomatic	channel-code+producer	plain	complexity.cyclomatic	tests/Analysis/Policy/Inline/Unit/SuppressionFilterTest.php	428	1	'complexity.cyclomatic',
complexity.cyclomatic	channel-code+producer	plain	complexity.cyclomatic	tests/Analysis/Policy/Inline/Unit/SuppressionFilterTest.php	436	1	'complexity.cyclomatic',
complexity.cyclomatic	channel-code+producer	plain	complexity.cyclomatic	tests/Analysis/Policy/Inline/Unit/SuppressionTest.php	25	1	rule: 'complexity.cyclomatic',
complexity.cyclomatic	channel-code+producer	plain	complexity.cyclomatic	tests/Analysis/Policy/Inline/Unit/SuppressionTest.php	33	1	self::assertTrue($suppression->matches('complexity.cyclomatic', SymbolLevel::Class_));
complexity.cyclomatic	channel-code+producer	plain	complexity.cyclomatic	tests/Analysis/Policy/Inline/Unit/SuppressionTest.php	52	1	self::assertFalse($suppression->matches('complexity.cyclomatic', SymbolLevel::Class_));
complexity.cyclomatic	channel-code+producer	plain	complexity.cyclomatic	tests/Analysis/Policy/Inline/Unit/SuppressionTest.php	73	1	self::assertFalse($suppression->matches('complexity.cyclomatic', SymbolLevel::Class_));
complexity.cyclomatic	channel-code+producer	plain	complexity.cyclomatic	tests/Analysis/Policy/Inline/Unit/SuppressionTest.php	106	1	self::assertTrue($suppression->matches('complexity.cyclomatic', SymbolLevel::Class_));
complexity.cyclomatic	channel-code+producer	plain	complexity.cyclomatic	tests/Analysis/Policy/Inline/Unit/SuppressionTest.php	115	1	rule: 'complexity.cyclomatic',
complexity.cyclomatic	channel-code+producer	plain	complexity.cyclomatic	tests/Analysis/Policy/Inline/Unit/SuppressionTest.php	121	1	self::assertSame('complexity.cyclomatic', $suppression->rule);
complexity.cyclomatic	channel-code+producer	plain	complexity.cyclomatic	tests/Analysis/Policy/Inline/Unit/SuppressionTest.php	155	1	self::assertFalse($suppression->matches('complexity.cyclomatic', SymbolLevel::Class_));
complexity.cyclomatic	channel-code+producer	plain	complexity.cyclomatic	tests/Analysis/Policy/Inline/Unit/ThresholdOverrideExtractorTest.php	32	1	'complexity.cyclomatic' => $validator,
complexity.cyclomatic	channel-code+producer	plain	complexity.cyclomatic	tests/Analysis/Policy/Inline/Unit/ThresholdOverrideExtractorTest.php	44	1	* @qmx-threshold complexity.cyclomatic 15
complexity.cyclomatic	channel-code+producer	plain	complexity.cyclomatic	tests/Analysis/Policy/Inline/Unit/ThresholdOverrideExtractorTest.php	54	1	self::assertSame('complexity.cyclomatic', $overrides[0]->rulePattern);
complexity.cyclomatic	channel-code+producer	plain	complexity.cyclomatic	tests/Analysis/Policy/Inline/Unit/ThresholdOverrideExtractorTest.php	98	1	* @qmx-threshold complexity.cyclomatic warning=15 error=25
complexity.cyclomatic	channel-code+producer	plain	complexity.cyclomatic	tests/Analysis/Policy/Inline/Unit/ThresholdOverrideExtractorTest.php	108	1	self::assertSame('complexity.cyclomatic', $overrides[0]->rulePattern);
complexity.cyclomatic	channel-code+producer	plain	complexity.cyclomatic	tests/Analysis/Policy/Inline/Unit/ThresholdOverrideExtractorTest.php	119	1	* @qmx-threshold complexity.cyclomatic warning=15
complexity.cyclomatic	channel-code+producer	plain	complexity.cyclomatic	tests/Analysis/Policy/Inline/Unit/ThresholdOverrideExtractorTest.php	139	1	* @qmx-threshold complexity.cyclomatic error=25
complexity.cyclomatic	channel-code+producer	plain	complexity.cyclomatic	tests/Analysis/Policy/Inline/Unit/ThresholdOverrideExtractorTest.php	199	1	* @qmx-threshold complexity.cyclomatic 15
complexity.cyclomatic	channel-code+producer	plain	complexity.cyclomatic	tests/Analysis/Policy/Inline/Unit/ThresholdOverrideExtractorTest.php	210	1	self::assertSame('complexity.cyclomatic', $overrides[0]->rulePattern);
complexity.cyclomatic	channel-code+producer	plain	complexity.cyclomatic	tests/Analysis/Policy/Inline/Unit/ThresholdOverrideExtractorTest.php	241	1	* @qmx-threshold complexity.cyclomatic not-a-number
complexity.cyclomatic	channel-code+producer	plain	complexity.cyclomatic	tests/Analysis/Policy/Inline/Unit/ThresholdOverrideExtractorTest.php	259	1	* @qmx-threshold complexity.cyclomatic warning=-5 error=10
complexity.cyclomatic	channel-code+producer	plain	complexity.cyclomatic	tests/Analysis/Policy/Inline/Unit/ThresholdOverrideExtractorTest.php	279	1	* @qmx-threshold complexity.cyclomatic warning=25 error=10
complexity.cyclomatic	channel-code+producer	plain	complexity.cyclomatic	tests/Analysis/Policy/Inline/Unit/ThresholdOverrideExtractorTest.php	326	1	* @qmx-threshold complexity.cyclomatic 20
complexity.cyclomatic	channel-code+producer	plain	complexity.cyclomatic	tests/Analysis/Policy/Inline/Unit/ThresholdOverrideExtractorTest.php	341	1	self::assertSame('complexity.cyclomatic', $overrides[0]->rulePattern);
complexity.cyclomatic	channel-code+producer	plain	complexity.cyclomatic	tests/Analysis/Policy/Inline/Unit/ThresholdOverrideExtractorTest.php	367	1	self::assertFalse($overrides[0]->matches('complexity.cyclomatic'));
complexity.cyclomatic	channel-code+producer	plain	complexity.cyclomatic	tests/Analysis/Policy/Inline/Unit/ThresholdOverrideExtractorTest.php	381	1	* @qmx-threshold complexity.cyclomatic not-a-number
complexity.cyclomatic	channel-code+producer	plain	complexity.cyclomatic	tests/Analysis/Policy/Inline/Unit/ThresholdOverrideExtractorTest.php	394	1	self::assertStringContainsString('complexity.cyclomatic', $result->diagnostics[0]->message);
complexity.cyclomatic	channel-code+producer	plain	complexity.cyclomatic	tests/Analysis/Policy/Inline/Unit/ThresholdOverrideExtractorTest.php	404	1	* @qmx-threshold complexity.cyclomatic method.warning=15 method.error=25
complexity.cyclomatic	channel-code+producer	plain	complexity.cyclomatic	tests/Analysis/Policy/Inline/Unit/ThresholdOverrideExtractorTest.php	434	1	"/** @qmx-threshold complexity.cyclomatic {$valueString} */",
complexity.cyclomatic	channel-code+producer	plain	complexity.cyclomatic	tests/Analysis/Policy/Inline/Unit/ThresholdOverrideExtractorTest.php	452	1	* @qmx-threshold complexity.cyclomatic error=25 warning=15 — legacy adapter boundary
complexity.cyclomatic	channel-code+producer	plain	complexity.cyclomatic	tests/Analysis/Policy/Inline/Unit/ThresholdOverrideExtractorTest.php	473	1	* @qmx-threshold complexity.cyclomatic 15 -- legacy adapter boundary
complexity.cyclomatic	channel-code+producer	plain	complexity.cyclomatic	tests/Analysis/Policy/Inline/Unit/ThresholdOverrideExtractorTest.php	494	1	* @qmx-threshold complexity.cyclomatic warning=25 error=10
complexity.cyclomatic	channel-code+producer	plain	complexity.cyclomatic	tests/Analysis/Policy/Inline/Unit/ThresholdOverrideExtractorTest.php	535	1	* @qmx-threshold complexity.cyclomatic 15
complexity.cyclomatic	channel-code+producer	plain	complexity.cyclomatic	tests/Analysis/Policy/Inline/Unit/ThresholdOverrideExtractorTest.php	536	1	* @qmx-threshold complexity.cyclomatic 20
complexity.cyclomatic	channel-code+producer	plain	complexity.cyclomatic	tests/Analysis/Policy/Inline/Unit/ThresholdOverrideExtractorTest.php	549	1	self::assertStringContainsString('complexity.cyclomatic', $result->diagnostics[0]->message);
complexity.cyclomatic	channel-code+producer	plain	complexity.cyclomatic	tests/Analysis/Policy/Inline/Unit/ThresholdOverrideExtractorTest.php	558	1	* @qmx-threshold complexity.cyclomatic 15
complexity.cyclomatic	channel-code+producer	plain	complexity.cyclomatic	tests/Analysis/Policy/Inline/Unit/ThresholdOverrideExtractorTest.php	578	1	* @qmx-threshold complexity.cyclomatic warning=10 error=20
complexity.cyclomatic	channel-code+producer	plain	complexity.cyclomatic	tests/Analysis/Policy/Inline/Unit/ThresholdOverrideExtractorTest.php	627	1	* @qmx-threshold complexity.cyclomatic warning=25 error=10
complexity.cyclomatic	channel-code+producer	plain	complexity.cyclomatic	tests/Analysis/Policy/Inline/Unit/ThresholdOverrideExtractorTest.php	649	1	* @qmx-threshold complexity.cyclomatic not-a-number
complexity.cyclomatic	channel-code+producer	plain	complexity.cyclomatic	tests/Analysis/Policy/Inline/Unit/ThresholdOverrideExtractorTest.php	651	1	* @qmx-threshold complexity.cyclomatic 15
complexity.cyclomatic	channel-code+producer	plain	complexity.cyclomatic	tests/Analysis/Policy/Inline/Unit/ThresholdOverrideExtractorTest.php	652	1	* @qmx-threshold complexity.cyclomatic 20
complexity.cyclomatic	channel-code+producer	plain	complexity.cyclomatic	tests/Analysis/Policy/Inline/Unit/ThresholdOverrideExtractorTest.php	672	1	"/**\r\n * context\r\n * @qmx-threshold complexity.cyclomatic invalid\r\n */",
complexity.cyclomatic	channel-code+producer	plain	complexity.cyclomatic	tests/Analysis/Policy/Inline/Unit/ThresholdOverrideExtractorTest.php	686	1	'/** @qmx-threshold complexity.cyclomatic invalid */',
complexity.cyclomatic	channel-code+producer	plain	complexity.cyclomatic	tests/Analysis/Policy/Inline/Unit/ThresholdOverrideExtractorTest.php	702	1	* @qmx-threshold complexity.cyclomatic 15
complexity.cyclomatic	channel-code+producer	plain	complexity.cyclomatic	tests/Analysis/Policy/Inline/Unit/ThresholdOverrideExtractorTest.php	714	1	self::assertSame('complexity.cyclomatic', $result->overrides[0]->rulePattern);
complexity.cyclomatic	channel-code+producer	plain	complexity.cyclomatic	tests/Analysis/Policy/Inline/Unit/ThresholdOverrideExtractorTest.php	726	1	* Use `@qmx-threshold complexity.cyclomatic 15` to override thresholds.
complexity.cyclomatic	channel-code+producer	plain	complexity.cyclomatic	tests/Analysis/Policy/Inline/Unit/ThresholdOverrideExtractorTest.php	744	1	* @qmx-threshold complexity.cyclomatic 15
complexity.cyclomatic	channel-code+producer	plain	complexity.cyclomatic	tests/Analysis/Policy/Inline/Unit/ThresholdOverrideExtractorTest.php	755	1	self::assertSame('complexity.cyclomatic', $overrides[0]->rulePattern);
complexity.cyclomatic	channel-code+producer	plain	complexity.cyclomatic	tests/Analysis/Policy/Inline/Unit/ThresholdOverrideExtractorTest.php	765	1	* Example: `@qmx-threshold complexity.cyclomatic not-a-number`
complexity.cyclomatic	channel-code+producer	plain	complexity.cyclomatic	tests/Analysis/Policy/Inline/Unit/ThresholdOverrideIntegrationTest.php	195	1	self::override('complexity.cyclomatic', 20, 30, $subject, ControlScope::Class_, 10, 50),
complexity.cyclomatic	channel-code+producer	plain	complexity.cyclomatic	tests/Analysis/Policy/Inline/Unit/ThresholdOverrideIntegrationTest.php	241	1	'complexity.cyclomatic',
complexity.cyclomatic	channel-code+producer	plain	complexity.cyclomatic	tests/Analysis/Policy/Inline/Unit/ThresholdOverrideIntegrationTest.php	649	1	self::override('complexity.cyclomatic', 30, 50, $subject, ControlScope::Class_, 10, 100),
complexity.cyclomatic	channel-code+producer	plain	complexity.cyclomatic	tests/Analysis/Policy/Inline/Unit/ThresholdOverrideIntegrationTest.php	650	1	self::override('complexity.cyclomatic', 22, 50, $subject, ControlScope::Callable, 15, 40),
complexity.cyclomatic	channel-code+producer	plain	complexity.cyclomatic	tests/Analysis/Policy/Inline/Unit/ThresholdOverrideIntegrationTest.php	739	1	$override = self::override('complexity.cyclomatic', 20, 30, $subject, ControlScope::Class_, 1, null);
complexity.cyclomatic	channel-code+producer	plain	complexity.cyclomatic	tests/Analysis/Policy/Inline/Unit/ThresholdOverrideIntegrationTest.php	740	1	self::assertTrue($override->matches('complexity.cyclomatic'));
complexity.cyclomatic	channel-code+producer	plain	complexity.cyclomatic	tests/Analysis/Policy/Inline/Unit/ThresholdOverrideIntegrationTest.php	746	1	self::assertFalse($group->matches('complexity.cyclomatic'));
complexity.cyclomatic	channel-code+producer	plain	complexity.cyclomatic	tests/Analysis/Run/Integration/DirectiveAuditPipelineTest.php	54	1	'complexity.cyclomatic' => DirectiveEffect::Inert,
complexity.cyclomatic	channel-code+producer	plain	complexity.cyclomatic	tests/Analysis/Run/Integration/Pipeline/AnalysisPipelineIntegrationTest.php	611	1	* @qmx-ignore complexity.cyclomatic Worker transport parity.
complexity.cyclomatic	channel-code+producer	plain	complexity.cyclomatic	tests/Analysis/Run/Integration/Pipeline/AnalysisPipelineIntegrationTest.php	612	1	* @qmx-threshold complexity.cyclomatic warning=15 error=25
complexity.cyclomatic	channel-code+producer	plain	complexity.cyclomatic	tests/Analysis/Run/Integration/Pipeline/LateChannelObeysSelectionTest.php	62	1	private const string MEASURED = 'complexity.cyclomatic';
complexity.cyclomatic	channel-code+producer	plain	complexity.cyclomatic	tests/Analysis/Run/Integration/Pipeline/LateChannelObeysSelectionTest.php	91	1	* @qmx-ignore complexity.cyclomatic -- nothing complex here any more
complexity.cyclomatic	channel-code+producer	plain	complexity.cyclomatic	tests/Analysis/Run/Unit/Collection/CollectionOrchestratorTest.php	467	1	$override = new ThresholdOverride('complexity.cyclomatic', 12, 20, 8, $subject, ControlScope::Class_);
complexity.cyclomatic	channel-code+producer	plain	complexity.cyclomatic	tests/Analysis/Run/Unit/Collection/FileProcessorTest.php	354	1	'/** @qmx-threshold complexity.cyclomatic warning=40 error=50 */',
complexity.cyclomatic	channel-code+producer	plain	complexity.cyclomatic	tests/Analysis/Run/Unit/Collection/FileProcessorTest.php	366	1	'/** @qmx-threshold complexity.cyclomatic warning=20 error=30 */',
complexity.cyclomatic	channel-code+producer	plain	complexity.cyclomatic	tests/Analysis/Run/Unit/Collection/FileProcessorTest.php	402	1	self::assertSame('complexity.cyclomatic', $classOverride->rulePattern);
complexity.cyclomatic	channel-code+producer	plain	complexity.cyclomatic	tests/Analysis/Run/Unit/Collection/FileProcessorTest.php	414	1	self::assertSame('complexity.cyclomatic', $methodOverride->rulePattern);
complexity.cyclomatic	channel-code+producer	plain	complexity.cyclomatic	tests/Analysis/Run/Unit/Collection/FileProcessorTest.php	431	1	/** @qmx-threshold complexity.cyclomatic 12 */
complexity.cyclomatic	channel-code+producer	plain	complexity.cyclomatic	tests/Analysis/Run/Unit/Collection/FileProcessorTest.php	434	1	/** @qmx-threshold complexity.cyclomatic broken */
complexity.cyclomatic	channel-code+producer	plain	complexity.cyclomatic	tests/Analysis/Run/Unit/Collection/FileProcessorTest.php	457	1	$property->setDocComment(new Doc('/** @qmx-threshold complexity.cyclomatic broken */', 1, 1));
complexity.cyclomatic	channel-code+producer	plain	complexity.cyclomatic	tests/Analysis/Run/Unit/Collection/FileProcessorTest.php	474	1	/** @qmx-ignore complexity.cyclomatic class fallback */
complexity.cyclomatic	channel-code+producer	plain	complexity.cyclomatic	tests/Analysis/Run/Unit/Collection/FileProcessorTest.php	478	1	/** @qmx-ignore complexity.cyclomatic promoted parameter */
complexity.cyclomatic	channel-code+producer	plain	complexity.cyclomatic	tests/Analysis/Run/Unit/Collection/FileProcessorTest.php	480	1	/** @qmx-ignore complexity.cyclomatic ordinary parameter */
complexity.cyclomatic	channel-code+producer	plain	complexity.cyclomatic	tests/Analysis/Run/Unit/Collection/FileProcessorTest.php	529	1	/** @qmx-ignore complexity.cyclomatic class fallback */
complexity.cyclomatic	channel-code+producer	plain	complexity.cyclomatic	tests/Analysis/Run/Unit/Collection/FileProcessorTest.php	546	1	$closure->setDocComment(new Doc('/** @qmx-ignore complexity.cyclomatic closure control */', 9, 9));
complexity.cyclomatic	channel-code+producer	plain	complexity.cyclomatic	tests/Analysis/Run/Unit/Collection/FileProcessorTest.php	547	1	$arrow->setDocComment(new Doc('/** @qmx-ignore complexity.cyclomatic arrow control */', 11, 11));
complexity.cyclomatic	channel-code+producer	plain	complexity.cyclomatic	tests/Analysis/Run/Unit/Collection/FileProcessorTest.php	583	1	/** @qmx-threshold complexity.cyclomatic 10 */
complexity.cyclomatic	channel-code+producer	plain	complexity.cyclomatic	tests/Analysis/Run/Unit/Collection/FileProcessorTest.php	637	1	/** @qmx-threshold complexity.cyclomatic broken */
complexity.cyclomatic	channel-code+producer	plain	complexity.cyclomatic	tests/Analysis/Run/Unit/Collection/FileProcessorTest.php	640	1	/** @qmx-ignore complexity.cyclomatic inner constant */
complexity.cyclomatic	channel-code+producer	plain	complexity.cyclomatic	tests/Analysis/Run/Unit/Pipeline/AnalysisResultTest.php	285	1	$override1 = new ThresholdOverride('complexity.cyclomatic', 15, 25, 10, $subject, ControlScope::Callable);
complexity.cyclomatic	channel-code+producer	plain	complexity.cyclomatic	tests/Analysis/Run/Unit/Pipeline/AnalysisResultTest.php	372	1	'complexity.cyclomatic' => ['callable' => true, 'class' => false],
complexity.cyclomatic	channel-code+producer	plain	complexity.cyclomatic	tests/Analysis/Run/Unit/Pipeline/AnalysisResultTest.php	376	1	'complexity.cyclomatic' => ['callable' => false, 'class' => false],
complexity.cyclomatic	channel-code+producer	plain	complexity.cyclomatic	tests/Analysis/Run/Unit/Pipeline/AnalysisResultTest.php	385	1	self::assertTrue($merged->ran('complexity.cyclomatic', SymbolLevel::Callable), 'true on the left survives');
complexity.cyclomatic	channel-code+producer	plain	complexity.cyclomatic	tests/Analysis/Run/Unit/Pipeline/AnalysisResultTest.php	387	1	self::assertFalse($merged->ran('complexity.cyclomatic', SymbolLevel::Class_), 'false on both stays false');
complexity.cyclomatic	channel-code+producer	plain	complexity.cyclomatic	tests/Functional/Reporting/JsonShapePreservationTest.php	163	1	ruleName: 'complexity.cyclomatic',
complexity.cyclomatic	channel-code+producer	plain	complexity.cyclomatic	tests/Functional/Reporting/JsonShapePreservationTest.php	164	1	code: 'complexity.cyclomatic',
complexity.cyclomatic	channel-code+producer	plain	complexity.cyclomatic	tests/Infrastructure/Console/Functional/Command/CheckCommandInputValidationTest.php	119	2	'--only-rule' => ['complexity.cyclomatic#complexity.cyclomatic'],
complexity.cyclomatic	channel-code+producer	plain	complexity.cyclomatic	tests/Infrastructure/Console/Functional/Command/CheckCommandInputValidationTest.php	127	1	'Write "complexity.cyclomatic"',
complexity.cyclomatic	channel-code+producer	plain	complexity.cyclomatic	tests/Infrastructure/Console/Functional/Command/CheckCommandInputValidationTest.php	198	1	['paths' => ['tests/Fixtures/Ast/empty_file.php'], '--format' => 'json', '--rule-opt' => ['complexity.cyclomatic#callable:warning=8']],
complexity.cyclomatic	channel-code+producer	plain	complexity.cyclomatic	tests/Infrastructure/Console/Functional/Command/CheckCommandProjectScopedGateTest.php	39	1	private const string FILE_SCOPED_CHANNEL = 'complexity.cyclomatic';
complexity.cyclomatic	channel-code+producer	plain	complexity.cyclomatic	tests/Infrastructure/Console/Functional/Command/CheckCommandProjectScopedGateTest.php	173	1	'complexity.cyclomatic:threshold=1',
complexity.cyclomatic	channel-code+producer	plain	complexity.cyclomatic	tests/Infrastructure/Console/Functional/DirectivesCommandTest.php	92	1	'@qmx-threshold complexity.cyclomatic warning=50 error=80 — dead',
complexity.cyclomatic	channel-code+producer	plain	complexity.cyclomatic	tests/Infrastructure/Console/Functional/DirectivesCommandTest.php	191	1	site: new DirectiveSite(RelativePath::fromString('src/Foo.php'), 7, 'threshold', 'complexity.cyclomatic'),
complexity.cyclomatic	channel-code+producer	plain	complexity.cyclomatic	tests/Infrastructure/Console/Functional/DirectivesCommandTest.php	273	1	'@qmx-threshold complexity.cyclomatic warning=abc — an unparsable payload',
complexity.cyclomatic	channel-code+producer	plain	complexity.cyclomatic	tests/Infrastructure/Console/Functional/DirectivesCommandTest.php	402	1	/** @qmx-ignore complexity.cyclomatic -- stale: a straight line reaches no boundary */
complexity.cyclomatic	channel-code+producer	plain	complexity.cyclomatic	tests/Infrastructure/Console/Functional/DirectivesCommandTest.php	469	1	/** @qmx-ignore complexity.cyclomatic -- stale: a straight line reaches no boundary */
complexity.cyclomatic	channel-code+producer	plain	complexity.cyclomatic	tests/Infrastructure/Console/Functional/DirectivesCommandTest.php	542	1	/** @qmx-ignore complexity.cyclomatic -- stale: a straight line reaches no boundary */
complexity.cyclomatic	channel-code+producer	plain	complexity.cyclomatic	tests/Infrastructure/Console/Functional/DirectivesCommandTest.php	874	1	'@qmx-threshold complexity.cyclomatic warning=50 error=80 — dead',
complexity.cyclomatic	channel-code+producer	plain	complexity.cyclomatic	tests/Infrastructure/Console/Functional/DirectivesCommandTest.php	1020	1	'@qmx-threshold complexity.cyclomatic warning=50 error=80 — dead',
complexity.cyclomatic	channel-code+producer	plain	complexity.cyclomatic	tests/Infrastructure/Console/Functional/DirectivesCommandTest.php	1056	1	self::sevenParameterMethod('@qmx-threshold complexity.cyclomatic warning=50 error=80 — dead', 'Skipped'),
complexity.cyclomatic	channel-code+producer	plain	complexity.cyclomatic	tests/Infrastructure/Console/Functional/DirectivesCommandTest.php	1093	1	/** @qmx-ignore complexity.cyclomatic — nothing to silence */
complexity.cyclomatic	channel-code+producer	plain	complexity.cyclomatic	tests/Infrastructure/Console/Functional/DirectivesCommandTest.php	1196	1	'@qmx-threshold complexity.cyclomatic warning=1 error=2 — measured against a switched-off rule',
complexity.cyclomatic	channel-code+producer	plain	complexity.cyclomatic	tests/Infrastructure/Console/Functional/DirectivesCommandTest.php	1216	1	yield 'the whole rule' => ["  complexity.cyclomatic:\n    enabled: false\n"];
complexity.cyclomatic	channel-code+producer	plain	complexity.cyclomatic	tests/Infrastructure/Console/Functional/DirectivesCommandTest.php	1219	1	"  complexity.cyclomatic:\n    callable:\n      enabled: false\n    class:\n      enabled: false\n",
complexity.cyclomatic	channel-code+producer	plain	complexity.cyclomatic	tests/Infrastructure/Console/Functional/DirectivesCommandTest.php	1223	1	"  complexity.cyclomatic:\n    callable:\n      enabled: false\n    class:\n      enabled: true\n",
complexity.cyclomatic	channel-code+producer	plain	complexity.cyclomatic	tests/Infrastructure/Console/Unit/FindingFilterOrchestratorTest.php	90	1	namespaceExclusionsByRule: ['complexity.cyclomatic' => 2],
complexity.cyclomatic	channel-code+producer	plain	complexity.cyclomatic	tests/Infrastructure/Console/Unit/FindingFilterOrchestratorTest.php	108	1	self::assertStringContainsString('complexity.cyclomatic: 2', $display);
complexity.cyclomatic	channel-code+producer	plain	complexity.cyclomatic	tests/Infrastructure/Console/Unit/FindingFilterOrchestratorTest.php	160	1	ruleName: 'complexity.cyclomatic',
complexity.cyclomatic	channel-code+producer	plain	complexity.cyclomatic	tests/Infrastructure/Console/Unit/FindingFilterOrchestratorTest.php	161	1	code: 'complexity.cyclomatic',
complexity.cyclomatic	channel-code+producer	plain	complexity.cyclomatic	tests/Infrastructure/Console/Unit/FindingFilterOrchestratorTest.php	167	1	namespaceExclusionsByRule: ['complexity.cyclomatic' => 1],
complexity.cyclomatic	channel-code+producer	plain	complexity.cyclomatic	tests/Infrastructure/Console/Unit/FindingFilterOrchestratorTest.php	188	1	self::assertStringContainsString('[complexity.cyclomatic]', $display);
complexity.cyclomatic	channel-code+producer	plain	complexity.cyclomatic	tests/Infrastructure/Console/Unit/FindingFilterOrchestratorTest.php	200	1	ruleName: 'complexity.cyclomatic',
complexity.cyclomatic	channel-code+producer	plain	complexity.cyclomatic	tests/Infrastructure/Console/Unit/FindingFilterOrchestratorTest.php	201	1	code: 'complexity.cyclomatic',
complexity.cyclomatic	channel-code+producer	plain	complexity.cyclomatic	tests/Infrastructure/Console/Unit/FindingFilterOrchestratorTest.php	207	1	namespaceExclusionsByRule: ['complexity.cyclomatic' => 1],
complexity.cyclomatic	channel-code+producer	plain	complexity.cyclomatic	tests/Infrastructure/Console/Unit/FindingFilterOrchestratorTest.php	332	1	ruleName: 'complexity.cyclomatic',
complexity.cyclomatic	channel-code+producer	plain	complexity.cyclomatic	tests/Infrastructure/Console/Unit/FindingFilterOrchestratorTest.php	333	1	code: 'complexity.cyclomatic',
complexity.cyclomatic	channel-code+producer	plain	complexity.cyclomatic	tests/Infrastructure/Unit/KnownRuleNamesAdapterTest.php	24	1	'complexity.cyclomatic',
complexity.cyclomatic	channel-code+producer	plain	complexity.cyclomatic	tests/Infrastructure/Unit/KnownRuleNamesAdapterTest.php	30	1	['complexity.cyclomatic', 'size.class-count', 'health.cohesion'],
complexity.cyclomatic	channel-code+producer	plain	complexity.cyclomatic	tests/Infrastructure/Unit/RuleRegistryCompilerPassTest.php	82	1	self::expectExceptionMessage('Duplicate rule NAME "complexity.cyclomatic"');
complexity.cyclomatic	channel-code+producer	plain	complexity.cyclomatic	tests/Infrastructure/Unit/RuleRegistryTest.php	57	1	self::assertSame('complexity.cyclomatic', $aliases['cyclomatic-warning']['rule']);
complexity.cyclomatic	channel-code+producer	plain	complexity.cyclomatic	tests/Infrastructure/Unit/RuleRegistryTest.php	77	2	self::expectExceptionMessage('CLI alias "cyclomatic-warning" is defined by both "complexity.cyclomatic" and "complexity.cyclomatic" rules');
complexity.cyclomatic	channel-code+producer	plain	complexity.cyclomatic	tests/Infrastructure/Unit/RulesCommandTest.php	76	1	$rule = $this->createRuleMock('complexity.cyclomatic', 'Cyclomatic complexity');
complexity.cyclomatic	channel-code+producer	plain	complexity.cyclomatic	tests/Infrastructure/Unit/RulesCommandTest.php	95	1	$rule = $this->createRuleMock('complexity.cyclomatic', 'Cyclomatic complexity');
complexity.cyclomatic	channel-code+producer	plain	complexity.cyclomatic	tests/Infrastructure/Unit/RulesCommandTest.php	107	1	$ruleA = $this->createRuleMock('complexity.cyclomatic', 'Cyclomatic complexity');
complexity.cyclomatic	channel-code+producer	plain	complexity.cyclomatic	tests/Infrastructure/Unit/RulesCommandTest.php	118	1	self::assertStringContainsString('complexity.cyclomatic', $display);
complexity.cyclomatic	channel-code+producer	plain	complexity.cyclomatic	tests/Infrastructure/Unit/RulesCommandTest.php	127	1	$ruleA = $this->createRuleMock('complexity.cyclomatic', 'Cyclomatic complexity');
complexity.cyclomatic	channel-code+producer	plain	complexity.cyclomatic	tests/Infrastructure/Unit/RulesCommandTest.php	137	1	self::assertStringContainsString('complexity.cyclomatic', $display);
complexity.cyclomatic	channel-code+producer	plain	complexity.cyclomatic	tests/Infrastructure/Unit/RulesCommandTest.php	152	1	self::assertStringContainsString('complexity.cyclomatic:warning_threshold', $display);
complexity.cyclomatic	channel-code+producer	plain	complexity.cyclomatic	tests/Infrastructure/Unit/RulesCommandTest.php	183	1	$rule = $this->createRuleMock('complexity.cyclomatic', 'Cyclomatic complexity');
complexity.cyclomatic	channel-code+producer	plain	complexity.cyclomatic	tests/Infrastructure/Unit/RulesCommandTest.php	203	1	$rule = $this->createRuleMock('complexity.cyclomatic', 'Cyclomatic complexity');
complexity.cyclomatic	channel-code+producer	plain	complexity.cyclomatic	tests/Infrastructure/Unit/RulesCommandTest.php	207	2	['complexity.cyclomatic' => ['complexity.cyclomatic' => ['complexity.ccn', 'complexity.ccn.max']]],
complexity.cyclomatic	channel-code+producer	plain	complexity.cyclomatic	tests/Infrastructure/Unit/RulesCommandTest.php	212	1	'complexity.cyclomatic judges complexity.ccn, complexity.ccn.max',
complexity.cyclomatic	channel-code+producer	plain	complexity.cyclomatic	tests/Infrastructure/Unit/RulesCommandTest.php	330	1	return 'complexity.cyclomatic';
complexity.cyclomatic	channel-code+producer	plain	complexity.cyclomatic	tests/Reporting/FindingProjection/Unit/FindingProjectorTest.php	788	1	ruleName: 'complexity.cyclomatic',
complexity.cyclomatic	channel-code+producer	plain	complexity.cyclomatic	tests/Reporting/FindingProjection/Unit/FindingProjectorTest.php	789	1	code: 'complexity.cyclomatic',
complexity.cyclomatic	channel-code+producer	plain	complexity.cyclomatic	tests/Reporting/FindingProjection/Unit/FindingProjectorTest.php	923	1	string $ruleName = 'complexity.cyclomatic',
complexity.cyclomatic	channel-code+producer	plain	complexity.cyclomatic	tests/System/DocumentationConsistency/Integration/DocumentationConsistencyTest.php	227	1	// Slugs appear inside inline-code spans, e.g. `complexity.cyclomatic`.
complexity.cyclomatic	channel-code+producer	plain	complexity.cyclomatic	tests/Unit/Infrastructure/Console/CliOptionsParserTest.php	24	1	'cyclomatic-warning' => ['rule' => 'complexity.cyclomatic', 'option' => 'warning'],
complexity.cyclomatic	channel-code+producer	plain	complexity.cyclomatic	tests/Unit/Infrastructure/Console/CliOptionsParserTest.php	137	1	'ccn-warning' => ['rule' => 'complexity.cyclomatic', 'option' => 'warning'],
complexity.cyclomatic	channel-code+producer	plain	complexity.cyclomatic	tests/Unit/Infrastructure/Console/CliOptionsParserTest.php	153	1	self::assertArrayHasKey('complexity.cyclomatic', $result);
complexity.cyclomatic	channel-code+producer	plain	complexity.cyclomatic	tests/Unit/Infrastructure/Console/CliOptionsParserTest.php	154	1	self::assertSame(10, $result['complexity.cyclomatic']['warning']);
complexity.cyclomatic	channel-code+producer	plain	complexity.cyclomatic	tests/Unit/Infrastructure/Console/MeasuredFindingSetTest.php	268	1	ruleName: 'complexity.cyclomatic',
complexity.cyclomatic	channel-code+producer	plain	complexity.cyclomatic	tests/Unit/Infrastructure/Console/MeasuredFindingSetTest.php	269	1	code: 'complexity.cyclomatic',
complexity.cyclomatic	channel-code+producer	plain	complexity.cyclomatic	tests/Unit/Infrastructure/Parallel/FileProcessingResultWireFormatTest.php	121	1	$override = new ThresholdOverride('complexity.cyclomatic', 10, 20, 13, $subject, ControlScope::Class_);
complexity.cyclomatic	channel-code+producer	plain	complexity.cyclomatic	tests/Unit/Reporting/Formatter/CheckstyleFormatterTest.php	301	1	ruleName: 'complexity.cyclomatic',
complexity.cyclomatic	channel-code+producer	plain	complexity.cyclomatic	tests/Unit/Reporting/Formatter/CheckstyleFormatterTest.php	302	1	code: 'complexity.cyclomatic',
complexity.cyclomatic	channel-code+producer	plain	complexity.cyclomatic	tests/Unit/Reporting/Formatter/GitLabCodeQualityFormatterTest.php	222	1	ruleName: 'complexity.cyclomatic',
complexity.cyclomatic	channel-code+producer	plain	complexity.cyclomatic	tests/Unit/Reporting/Formatter/GitLabCodeQualityFormatterTest.php	223	1	code: 'complexity.cyclomatic',
complexity.cyclomatic	channel-code+producer	plain	complexity.cyclomatic	tests/Unit/Reporting/Formatter/GitLabCodeQualityFormatterTest.php	238	1	ruleName: 'complexity.cyclomatic',
complexity.cyclomatic	channel-code+producer	plain	complexity.cyclomatic	tests/Unit/Reporting/Formatter/GitLabCodeQualityFormatterTest.php	239	1	code: 'complexity.cyclomatic',
complexity.cyclomatic	channel-code+producer	plain	complexity.cyclomatic	tests/Unit/Reporting/Formatter/GithubActionsFormatterTest.php	64	1	ruleName: 'complexity.cyclomatic',
complexity.cyclomatic	channel-code+producer	plain	complexity.cyclomatic	tests/Unit/Reporting/Formatter/GithubActionsFormatterTest.php	65	1	code: 'complexity.cyclomatic',
complexity.cyclomatic	channel-code+producer	plain	complexity.cyclomatic	tests/Unit/Reporting/Formatter/GithubActionsFormatterTest.php	78	1	"::warning file=src/Service/UserService.php,line=42,title=complexity.cyclomatic::Cyclomatic complexity 15 exceeds warning threshold 10\n",
complexity.cyclomatic	channel-code+producer	plain	complexity.cyclomatic	tests/Unit/Reporting/Formatter/GithubActionsFormatterTest.php	90	1	ruleName: 'complexity.cyclomatic',
complexity.cyclomatic	channel-code+producer	plain	complexity.cyclomatic	tests/Unit/Reporting/Formatter/GithubActionsFormatterTest.php	91	1	code: 'complexity.cyclomatic',
complexity.cyclomatic	channel-code+producer	plain	complexity.cyclomatic	tests/Unit/Reporting/Formatter/GithubActionsFormatterTest.php	104	1	"::error file=src/Service/UserService.php,line=42,title=complexity.cyclomatic::Cyclomatic complexity 25 exceeds error threshold 20\n",
complexity.cyclomatic	channel-code+producer	plain	complexity.cyclomatic	tests/Unit/Reporting/Formatter/GithubActionsFormatterTest.php	138	1	ruleName: 'complexity.cyclomatic',
complexity.cyclomatic	channel-code+producer	plain	complexity.cyclomatic	tests/Unit/Reporting/Formatter/GithubActionsFormatterTest.php	139	1	code: 'complexity.cyclomatic',
complexity.cyclomatic	channel-code+producer	plain	complexity.cyclomatic	tests/Unit/Reporting/Formatter/GithubActionsFormatterTest.php	306	1	ruleName: 'complexity.cyclomatic',
complexity.cyclomatic	channel-code+producer	plain	complexity.cyclomatic	tests/Unit/Reporting/Formatter/GithubActionsFormatterTest.php	307	1	code: 'complexity.cyclomatic',
complexity.cyclomatic	channel-code+producer	plain	complexity.cyclomatic	tests/Unit/Reporting/Formatter/GithubActionsFormatterTest.php	320	1	"::error file=src/Service/UserService.php,line=42,title=complexity.cyclomatic::Cyclomatic complexity 31 exceeds threshold 25 (accepted at 25, now 31
complexity.cyclomatic	channel-code+producer	plain	complexity.cyclomatic	tests/Unit/Reporting/Formatter/Html/HtmlDebtCalculatorTest.php	56	1	ruleName: 'complexity.cyclomatic',
complexity.cyclomatic	channel-code+producer	plain	complexity.cyclomatic	tests/Unit/Reporting/Formatter/Html/HtmlDebtCalculatorTest.php	57	1	code: 'complexity.cyclomatic',
complexity.cyclomatic	channel-code+producer	plain	complexity.cyclomatic	tests/Unit/Reporting/Formatter/Html/HtmlDebtCalculatorTest.php	68	1	// complexity.cyclomatic = 30 minutes per RemediationTimeRegistry
complexity.cyclomatic	channel-code+producer	plain	complexity.cyclomatic	tests/Unit/Reporting/Formatter/Html/HtmlDebtCalculatorTest.php	81	1	ruleName: 'complexity.cyclomatic',
complexity.cyclomatic	channel-code+producer	plain	complexity.cyclomatic	tests/Unit/Reporting/Formatter/Html/HtmlDebtCalculatorTest.php	82	1	code: 'complexity.cyclomatic',
complexity.cyclomatic	channel-code+producer	plain	complexity.cyclomatic	tests/Unit/Reporting/Formatter/Html/HtmlFindingPartitionerTest.php	53	1	ruleName: 'complexity.cyclomatic',
complexity.cyclomatic	channel-code+producer	plain	complexity.cyclomatic	tests/Unit/Reporting/Formatter/Html/HtmlFindingPartitionerTest.php	54	1	code: 'complexity.cyclomatic',
complexity.cyclomatic	channel-code+producer	plain	complexity.cyclomatic	tests/Unit/Reporting/Formatter/Html/HtmlFindingPartitionerTest.php	134	1	ruleName: 'complexity.cyclomatic',
complexity.cyclomatic	channel-code+producer	plain	complexity.cyclomatic	tests/Unit/Reporting/Formatter/Html/HtmlFindingPartitionerTest.php	135	1	code: 'complexity.cyclomatic',
complexity.cyclomatic	channel-code+producer	plain	complexity.cyclomatic	tests/Unit/Reporting/Formatter/Html/HtmlFindingPartitionerTest.php	156	1	ruleName: 'complexity.cyclomatic',
complexity.cyclomatic	channel-code+producer	plain	complexity.cyclomatic	tests/Unit/Reporting/Formatter/Html/HtmlFindingPartitionerTest.php	157	1	code: 'complexity.cyclomatic',
complexity.cyclomatic	channel-code+producer	plain	complexity.cyclomatic	tests/Unit/Reporting/Formatter/Html/HtmlFindingPartitionerTest.php	174	1	ruleName: 'complexity.cyclomatic',
complexity.cyclomatic	channel-code+producer	plain	complexity.cyclomatic	tests/Unit/Reporting/Formatter/Html/HtmlFindingPartitionerTest.php	175	1	code: 'complexity.cyclomatic',
complexity.cyclomatic	channel-code+producer	plain	complexity.cyclomatic	tests/Unit/Reporting/Formatter/Html/HtmlFindingPartitionerTest.php	252	1	ruleName: 'complexity.cyclomatic',
complexity.cyclomatic	channel-code+producer	plain	complexity.cyclomatic	tests/Unit/Reporting/Formatter/Html/HtmlFindingPartitionerTest.php	253	1	code: 'complexity.cyclomatic',
complexity.cyclomatic	channel-code+producer	plain	complexity.cyclomatic	tests/Unit/Reporting/Formatter/Html/HtmlFindingPartitionerTest.php	271	1	self::assertSame('complexity.cyclomatic', $v['ruleName']);
complexity.cyclomatic	channel-code+producer	plain	complexity.cyclomatic	tests/Unit/Reporting/Formatter/Html/HtmlFindingPartitionerTest.php	272	1	self::assertSame('complexity.cyclomatic', $v['violationCode']);
complexity.cyclomatic	channel-code+producer	plain	complexity.cyclomatic	tests/Unit/Reporting/Formatter/Html/HtmlTreeBuilderTest.php	288	1	ruleName: 'complexity.cyclomatic',
complexity.cyclomatic	channel-code+producer	plain	complexity.cyclomatic	tests/Unit/Reporting/Formatter/Html/HtmlTreeBuilderTest.php	289	1	code: 'complexity.cyclomatic',
complexity.cyclomatic	channel-code+producer	plain	complexity.cyclomatic	tests/Unit/Reporting/Formatter/Html/HtmlTreeBuilderTest.php	316	1	self::assertSame('complexity.cyclomatic', $v['ruleName']);
complexity.cyclomatic	channel-code+producer	plain	complexity.cyclomatic	tests/Unit/Reporting/Formatter/Html/HtmlTreeBuilderTest.php	317	1	self::assertSame('complexity.cyclomatic', $v['violationCode']);
complexity.cyclomatic	channel-code+producer	plain	complexity.cyclomatic	tests/Unit/Reporting/Formatter/Html/HtmlTreeBuilderTest.php	347	1	ruleName: 'complexity.cyclomatic',
complexity.cyclomatic	channel-code+producer	plain	complexity.cyclomatic	tests/Unit/Reporting/Formatter/Html/HtmlTreeBuilderTest.php	348	1	code: 'complexity.cyclomatic',
complexity.cyclomatic	channel-code+producer	plain	complexity.cyclomatic	tests/Unit/Reporting/Formatter/Html/HtmlTreeBuilderTest.php	365	1	ruleName: 'complexity.cyclomatic',
complexity.cyclomatic	channel-code+producer	plain	complexity.cyclomatic	tests/Unit/Reporting/Formatter/Html/HtmlTreeBuilderTest.php	366	1	code: 'complexity.cyclomatic',
complexity.cyclomatic	channel-code+producer	plain	complexity.cyclomatic	tests/Unit/Reporting/Formatter/Html/HtmlTreeBuilderTest.php	456	1	ruleName: 'complexity.cyclomatic',
complexity.cyclomatic	channel-code+producer	plain	complexity.cyclomatic	tests/Unit/Reporting/Formatter/Html/HtmlTreeBuilderTest.php	457	1	code: 'complexity.cyclomatic',
complexity.cyclomatic	channel-code+producer	plain	complexity.cyclomatic	tests/Unit/Reporting/Formatter/Html/HtmlTreeBuilderTest.php	473	1	// complexity.cyclomatic = 30 minutes per RemediationTimeRegistry
complexity.cyclomatic	channel-code+producer	plain	complexity.cyclomatic	tests/Unit/Reporting/Formatter/Html/HtmlTreeBuilderTest.php	844	1	ruleName: 'complexity.cyclomatic',
complexity.cyclomatic	channel-code+producer	plain	complexity.cyclomatic	tests/Unit/Reporting/Formatter/Html/HtmlTreeBuilderTest.php	845	1	code: 'complexity.cyclomatic',
complexity.cyclomatic	channel-code+producer	plain	complexity.cyclomatic	tests/Unit/Reporting/Formatter/Json/JsonFindingSectionTest.php	57	1	ruleName: 'complexity.cyclomatic',
complexity.cyclomatic	channel-code+producer	plain	complexity.cyclomatic	tests/Unit/Reporting/Formatter/Json/JsonFindingSectionTest.php	58	1	code: 'complexity.cyclomatic',
complexity.cyclomatic	channel-code+producer	plain	complexity.cyclomatic	tests/Unit/Reporting/Formatter/Json/JsonFindingSectionTest.php	77	1	self::assertSame('complexity.cyclomatic', $item['rule']);
complexity.cyclomatic	channel-code+producer	plain	complexity.cyclomatic	tests/Unit/Reporting/Formatter/Json/JsonFindingSectionTest.php	78	1	self::assertSame('complexity.cyclomatic', $item['code']);
complexity.cyclomatic	channel-code+producer	plain	complexity.cyclomatic	tests/Unit/Reporting/Formatter/Json/JsonFindingSectionTest.php	141	1	ruleName: 'complexity.cyclomatic',
complexity.cyclomatic	channel-code+producer	plain	complexity.cyclomatic	tests/Unit/Reporting/Formatter/Json/JsonFindingSectionTest.php	142	1	code: 'complexity.cyclomatic',
complexity.cyclomatic	channel-code+producer	plain	complexity.cyclomatic	tests/Unit/Reporting/Formatter/Json/JsonFindingSectionTest.php	222	1	ruleName: 'complexity.cyclomatic',
complexity.cyclomatic	channel-code+producer	plain	complexity.cyclomatic	tests/Unit/Reporting/Formatter/Json/JsonFindingSectionTest.php	223	1	code: 'complexity.cyclomatic',
complexity.cyclomatic	channel-code+producer	plain	complexity.cyclomatic	tests/Unit/Reporting/Formatter/Json/JsonFindingSectionTest.php	272	1	ruleName: 'complexity.cyclomatic',
complexity.cyclomatic	channel-code+producer	plain	complexity.cyclomatic	tests/Unit/Reporting/Formatter/Json/JsonFindingSectionTest.php	273	1	code: 'complexity.cyclomatic',
complexity.cyclomatic	channel-code+producer	plain	complexity.cyclomatic	tests/Unit/Reporting/Formatter/Json/JsonFindingSectionTest.php	283	1	ruleName: 'complexity.cyclomatic',
complexity.cyclomatic	channel-code+producer	plain	complexity.cyclomatic	tests/Unit/Reporting/Formatter/Json/JsonFindingSectionTest.php	284	1	code: 'complexity.cyclomatic',
complexity.cyclomatic	channel-code+producer	plain	complexity.cyclomatic	tests/Unit/Reporting/Formatter/Json/JsonFindingSectionTest.php	441	1	$makeFinding('complexity.cyclomatic'),
complexity.cyclomatic	channel-code+producer	plain	complexity.cyclomatic	tests/Unit/Reporting/Formatter/Json/JsonFindingSectionTest.php	444	1	$makeFinding('complexity.cyclomatic'),
complexity.cyclomatic	channel-code+producer	plain	complexity.cyclomatic	tests/Unit/Reporting/Formatter/Json/JsonFindingSectionTest.php	449	1	self::assertSame(['size.loc' => 3, 'complexity.cyclomatic' => 2], $counts);
complexity.cyclomatic	channel-code+producer	plain	complexity.cyclomatic	tests/Unit/Reporting/Formatter/JsonFormatterTest.php	142	1	ruleName: 'complexity.cyclomatic',
complexity.cyclomatic	channel-code+producer	plain	complexity.cyclomatic	tests/Unit/Reporting/Formatter/JsonFormatterTest.php	143	1	code: 'complexity.cyclomatic',
complexity.cyclomatic	channel-code+producer	plain	complexity.cyclomatic	tests/Unit/Reporting/Formatter/JsonFormatterTest.php	153	1	ruleName: 'complexity.cyclomatic',
complexity.cyclomatic	channel-code+producer	plain	complexity.cyclomatic	tests/Unit/Reporting/Formatter/JsonFormatterTest.php	154	1	code: 'complexity.cyclomatic',
complexity.cyclomatic	channel-code+producer	plain	complexity.cyclomatic	tests/Unit/Reporting/Formatter/JsonFormatterTest.php	177	1	self::assertSame('complexity.cyclomatic', $v1['rule']);
complexity.cyclomatic	channel-code+producer	plain	complexity.cyclomatic	tests/Unit/Reporting/Formatter/JsonFormatterTest.php	178	1	self::assertSame('complexity.cyclomatic', $v1['code']);
complexity.cyclomatic	channel-code+producer	plain	complexity.cyclomatic	tests/Unit/Reporting/Formatter/JsonFormatterTest.php	731	1	ruleName: 'complexity.cyclomatic',
complexity.cyclomatic	channel-code+producer	plain	complexity.cyclomatic	tests/Unit/Reporting/Formatter/JsonFormatterTest.php	732	1	code: 'complexity.cyclomatic',
complexity.cyclomatic	channel-code+producer	plain	complexity.cyclomatic	tests/Unit/Reporting/Formatter/JsonFormatterTest.php	741	1	ruleName: 'complexity.cyclomatic',
complexity.cyclomatic	channel-code+producer	plain	complexity.cyclomatic	tests/Unit/Reporting/Formatter/JsonFormatterTest.php	742	1	code: 'complexity.cyclomatic',
complexity.cyclomatic	channel-code+producer	plain	complexity.cyclomatic	tests/Unit/Reporting/Formatter/JsonFormatterTest.php	1365	1	ruleName: 'complexity.cyclomatic',
complexity.cyclomatic	channel-code+producer	plain	complexity.cyclomatic	tests/Unit/Reporting/Formatter/JsonFormatterTest.php	1366	1	code: 'complexity.cyclomatic',
complexity.cyclomatic	channel-code+producer	plain	complexity.cyclomatic	tests/Unit/Reporting/Formatter/JsonFormatterTest.php	1373	1	ruleName: 'complexity.cyclomatic',
complexity.cyclomatic	channel-code+producer	plain	complexity.cyclomatic	tests/Unit/Reporting/Formatter/JsonFormatterTest.php	1374	1	code: 'complexity.cyclomatic',
complexity.cyclomatic	channel-code+producer	plain	complexity.cyclomatic	tests/Unit/Reporting/Formatter/JsonFormatterTest.php	1424	1	ruleName: 'complexity.cyclomatic',
complexity.cyclomatic	channel-code+producer	plain	complexity.cyclomatic	tests/Unit/Reporting/Formatter/JsonFormatterTest.php	1425	1	code: 'complexity.cyclomatic',
complexity.cyclomatic	channel-code+producer	plain	complexity.cyclomatic	tests/Unit/Reporting/Formatter/Sarif/SarifFormatterPosixSeparatorTest.php	37	1	ruleName: 'complexity.cyclomatic',
complexity.cyclomatic	channel-code+producer	plain	complexity.cyclomatic	tests/Unit/Reporting/Formatter/Sarif/SarifFormatterPosixSeparatorTest.php	38	1	code: 'complexity.cyclomatic',
complexity.cyclomatic	channel-code+producer	plain	complexity.cyclomatic	tests/Unit/Reporting/Formatter/Sarif/SarifRuleCollectorTest.php	22	1	* then, so `complexity.cyclomatic` named nothing), so it validated the table
complexity.cyclomatic	channel-code+producer	plain	complexity.cyclomatic	tests/Unit/Reporting/Formatter/Sarif/SarifRuleCollectorTest.php	55	1	ruleName: 'complexity.cyclomatic',
complexity.cyclomatic	channel-code+producer	plain	complexity.cyclomatic	tests/Unit/Reporting/Formatter/Sarif/SarifRuleCollectorTest.php	56	1	code: 'complexity.cyclomatic',
complexity.cyclomatic	channel-code+producer	plain	complexity.cyclomatic	tests/Unit/Reporting/Formatter/Sarif/SarifRuleCollectorTest.php	66	1	self::assertSame('complexity.cyclomatic', $rule['id']);
complexity.cyclomatic	channel-code+producer	plain	complexity.cyclomatic	tests/Unit/Reporting/Formatter/Sarif/SarifRuleCollectorTest.php	81	1	ruleName: 'complexity.cyclomatic',
complexity.cyclomatic	channel-code+producer	plain	complexity.cyclomatic	tests/Unit/Reporting/Formatter/Sarif/SarifRuleCollectorTest.php	82	1	code: 'complexity.cyclomatic',
complexity.cyclomatic	channel-code+producer	plain	complexity.cyclomatic	tests/Unit/Reporting/Formatter/Sarif/SarifRuleCollectorTest.php	90	1	ruleName: 'complexity.cyclomatic',
complexity.cyclomatic	channel-code+producer	plain	complexity.cyclomatic	tests/Unit/Reporting/Formatter/Sarif/SarifRuleCollectorTest.php	91	1	code: 'complexity.cyclomatic',
complexity.cyclomatic	channel-code+producer	plain	complexity.cyclomatic	tests/Unit/Reporting/Formatter/Sarif/SarifRuleCollectorTest.php	107	1	ruleName: 'complexity.cyclomatic',
complexity.cyclomatic	channel-code+producer	plain	complexity.cyclomatic	tests/Unit/Reporting/Formatter/Sarif/SarifRuleCollectorTest.php	108	1	code: 'complexity.cyclomatic',
complexity.cyclomatic	channel-code+producer	plain	complexity.cyclomatic	tests/Unit/Reporting/Formatter/Sarif/SarifRuleCollectorTest.php	126	1	self::assertContains('complexity.cyclomatic', $ids);
complexity.cyclomatic	channel-code+producer	plain	complexity.cyclomatic	tests/Unit/Reporting/Formatter/Sarif/SarifRuleCollectorTest.php	136	1	ruleName: 'complexity.cyclomatic',
complexity.cyclomatic	channel-code+producer	plain	complexity.cyclomatic	tests/Unit/Reporting/Formatter/Sarif/SarifRuleCollectorTest.php	137	1	code: 'complexity.cyclomatic',
complexity.cyclomatic	channel-code+producer	plain	complexity.cyclomatic	tests/Unit/Reporting/Formatter/Sarif/SarifRuleCollectorTest.php	145	1	ruleName: 'complexity.cyclomatic',
complexity.cyclomatic	channel-code+producer	plain	complexity.cyclomatic	tests/Unit/Reporting/Formatter/Sarif/SarifRuleCollectorTest.php	146	1	code: 'complexity.cyclomatic',
complexity.cyclomatic	channel-code+producer	plain	complexity.cyclomatic	tests/Unit/Reporting/Formatter/Sarif/SarifRuleCollectorTest.php	229	1	self::assertSame('Complexity Cyclomatic', $this->collector->formatRuleName('complexity.cyclomatic'));
complexity.cyclomatic	channel-code+producer	plain	complexity.cyclomatic	tests/Unit/Reporting/Formatter/Sarif/SarifRuleCollectorTest.php	251	1	$this->collector->getRuleDescription('complexity.cyclomatic'),
complexity.cyclomatic	channel-code+producer	plain	complexity.cyclomatic	tests/Unit/Reporting/Formatter/Sarif/SarifRuleCollectorTest.php	298	1	self::assertSame('https://qualimetrix.dev/rules/complexity/', $this->collector->getHelpUri('complexity.cyclomatic'));
complexity.cyclomatic	channel-code+producer	plain	complexity.cyclomatic	tests/Unit/Reporting/Formatter/Sarif/SarifSchemaValidationTest.php	64	1	ruleName: 'complexity.cyclomatic',
complexity.cyclomatic	channel-code+producer	plain	complexity.cyclomatic	tests/Unit/Reporting/Formatter/Sarif/SarifSchemaValidationTest.php	65	1	code: 'complexity.cyclomatic',
complexity.cyclomatic	channel-code+producer	plain	complexity.cyclomatic	tests/Unit/Reporting/Formatter/Sarif/SarifSchemaValidationTest.php	148	1	ruleName: 'complexity.cyclomatic',
complexity.cyclomatic	channel-code+producer	plain	complexity.cyclomatic	tests/Unit/Reporting/Formatter/Sarif/SarifSchemaValidationTest.php	149	1	code: 'complexity.cyclomatic',
complexity.cyclomatic	channel-code+producer	plain	complexity.cyclomatic	tests/Unit/Reporting/Formatter/SarifFormatterTest.php	29	1	* Some fixtures below use `complexity.cyclomatic` without its `.callable` /
complexity.cyclomatic	channel-code+producer	plain	complexity.cyclomatic	tests/Unit/Reporting/Formatter/SarifFormatterTest.php	79	1	ruleName: 'complexity.cyclomatic',
complexity.cyclomatic	channel-code+producer	plain	complexity.cyclomatic	tests/Unit/Reporting/Formatter/SarifFormatterTest.php	80	1	code: 'complexity.cyclomatic',
complexity.cyclomatic	channel-code+producer	plain	complexity.cyclomatic	tests/Unit/Reporting/Formatter/SarifFormatterTest.php	99	1	ruleName: 'complexity.cyclomatic',
complexity.cyclomatic	channel-code+producer	plain	complexity.cyclomatic	tests/Unit/Reporting/Formatter/SarifFormatterTest.php	100	1	code: 'complexity.cyclomatic',
complexity.cyclomatic	channel-code+producer	plain	complexity.cyclomatic	tests/Unit/Reporting/Formatter/SarifFormatterTest.php	181	1	ruleName: 'complexity.cyclomatic',
complexity.cyclomatic	channel-code+producer	plain	complexity.cyclomatic	tests/Unit/Reporting/Formatter/SarifFormatterTest.php	182	1	code: 'complexity.cyclomatic',
complexity.cyclomatic	channel-code+producer	plain	complexity.cyclomatic	tests/Unit/Reporting/Formatter/SarifFormatterTest.php	190	1	ruleName: 'complexity.cyclomatic',
complexity.cyclomatic	channel-code+producer	plain	complexity.cyclomatic	tests/Unit/Reporting/Formatter/SarifFormatterTest.php	191	1	code: 'complexity.cyclomatic',
complexity.cyclomatic	channel-code+producer	plain	complexity.cyclomatic	tests/Unit/Reporting/Formatter/SarifFormatterTest.php	209	1	self::assertSame('complexity.cyclomatic', $rule['id']);
complexity.cyclomatic	channel-code+producer	plain	complexity.cyclomatic	tests/Unit/Reporting/Formatter/SarifFormatterTest.php	220	1	self::assertSame('complexity.cyclomatic', $result1['ruleId']);
complexity.cyclomatic	channel-code+producer	plain	complexity.cyclomatic	tests/Unit/Reporting/Formatter/SarifFormatterTest.php	230	1	self::assertSame('complexity.cyclomatic', $result2['ruleId']);
complexity.cyclomatic	channel-code+producer	plain	complexity.cyclomatic	tests/Unit/Reporting/Formatter/SarifFormatterTest.php	243	1	ruleName: 'complexity.cyclomatic',
complexity.cyclomatic	channel-code+producer	plain	complexity.cyclomatic	tests/Unit/Reporting/Formatter/SarifFormatterTest.php	244	1	code: 'complexity.cyclomatic',
complexity.cyclomatic	channel-code+producer	plain	complexity.cyclomatic	tests/Unit/Reporting/Formatter/SarifFormatterTest.php	278	1	self::assertContains('complexity.cyclomatic', $ruleIds);
complexity.cyclomatic	channel-code+producer	plain	complexity.cyclomatic	tests/Unit/Reporting/Formatter/SarifFormatterTest.php	477	1	ruleName: 'complexity.cyclomatic',
complexity.cyclomatic	channel-code+producer	plain	complexity.cyclomatic	tests/Unit/Reporting/Formatter/SarifFormatterTest.php	478	1	code: 'complexity.cyclomatic',
complexity.cyclomatic	channel-code+producer	plain	complexity.cyclomatic	tests/Unit/Reporting/Formatter/SarifFormatterTest.php	528	1	ruleName: 'complexity.cyclomatic',
complexity.cyclomatic	channel-code+producer	plain	complexity.cyclomatic	tests/Unit/Reporting/Formatter/SarifFormatterTest.php	529	1	code: 'complexity.cyclomatic',
complexity.cyclomatic	channel-code+producer	plain	complexity.cyclomatic	tests/Unit/Reporting/Formatter/SarifFormatterTest.php	586	1	ruleName: 'complexity.cyclomatic',
complexity.cyclomatic	channel-code+producer	plain	complexity.cyclomatic	tests/Unit/Reporting/Formatter/SarifFormatterTest.php	587	1	code: 'complexity.cyclomatic',
complexity.cyclomatic	channel-code+producer	plain	complexity.cyclomatic	tests/Unit/Reporting/Formatter/SarifFormatterTest.php	622	1	self::assertSame('https://qualimetrix.dev/rules/complexity/', $rulesByCode['complexity.cyclomatic']['helpUri']);
complexity.cyclomatic	channel-code+producer	plain	complexity.cyclomatic	tests/Unit/Reporting/Formatter/SarifFormatterTest.php	639	1	code: 'complexity.cyclomatic',
complexity.cyclomatic	channel-code+producer	plain	complexity.cyclomatic	tests/Unit/Reporting/Formatter/SarifFormatterTest.php	652	1	// Should use the description matching 'complexity.cyclomatic', not 'cyclomatic-complexity'
complexity.cyclomatic	channel-code+producer	plain	complexity.cyclomatic	tests/Unit/Reporting/Formatter/SarifFormatterTest.php	710	1	ruleName: 'complexity.cyclomatic',
complexity.cyclomatic	channel-code+producer	plain	complexity.cyclomatic	tests/Unit/Reporting/Formatter/SarifFormatterTest.php	711	1	code: 'complexity.cyclomatic',
complexity.cyclomatic	channel-code+producer	plain	complexity.cyclomatic	tests/Unit/Reporting/Formatter/SarifFormatterTest.php	736	1	ruleName: 'complexity.cyclomatic',
complexity.cyclomatic	channel-code+producer	plain	complexity.cyclomatic	tests/Unit/Reporting/Formatter/SarifFormatterTest.php	737	1	code: 'complexity.cyclomatic',
complexity.cyclomatic	channel-code+producer	plain	complexity.cyclomatic	tests/Unit/Reporting/Formatter/SarifFormatterTest.php	801	1	code: 'complexity.cyclomatic',
complexity.cyclomatic	channel-code+producer	plain	complexity.cyclomatic	tests/Unit/Reporting/Formatter/SarifFormatterTest.php	809	1	code: 'complexity.cyclomatic',
complexity.cyclomatic	channel-code+producer	plain	complexity.cyclomatic	tests/Unit/Reporting/Formatter/SarifFormatterTest.php	835	1	// complexity.cyclomatic has both Warning and Error findings -> max is Error
complexity.cyclomatic	channel-code+producer	plain	complexity.cyclomatic	tests/Unit/Reporting/Formatter/SarifFormatterTest.php	836	1	self::assertSame('error', $rulesByCode['complexity.cyclomatic']['defaultConfiguration']['level']);
complexity.cyclomatic	channel-code+producer	plain	complexity.cyclomatic	tests/Unit/Reporting/Formatter/Summary/FindingSummaryRendererTest.php	297	1	ruleName: 'complexity.cyclomatic',
complexity.cyclomatic	channel-code+producer	plain	complexity.cyclomatic	tests/Unit/Reporting/Formatter/Summary/FindingSummaryRendererTest.php	298	1	code: 'complexity.cyclomatic',
complexity.cyclomatic	channel-code+producer	plain	complexity.cyclomatic	tests/Unit/Reporting/Formatter/Summary/FindingSummaryRendererTest.php	403	1	ruleName: 'complexity.cyclomatic',
complexity.cyclomatic	channel-code+producer	plain	complexity.cyclomatic	tests/Unit/Reporting/Formatter/Summary/FindingSummaryRendererTest.php	404	1	code: 'complexity.cyclomatic',
complexity.cyclomatic	channel-code+producer	plain	complexity.cyclomatic	tests/Unit/Reporting/Formatter/Summary/HintRendererTest.php	52	1	ruleName: 'complexity.cyclomatic',
complexity.cyclomatic	channel-code+producer	plain	complexity.cyclomatic	tests/Unit/Reporting/Formatter/Summary/HintRendererTest.php	53	1	code: 'complexity.cyclomatic',
complexity.cyclomatic	channel-code+producer	plain	complexity.cyclomatic	tests/Unit/Reporting/Formatter/Summary/HintRendererTest.php	83	1	ruleName: 'complexity.cyclomatic',
complexity.cyclomatic	channel-code+producer	plain	complexity.cyclomatic	tests/Unit/Reporting/Formatter/Summary/HintRendererTest.php	84	1	code: 'complexity.cyclomatic',
complexity.cyclomatic	channel-code+producer	plain	complexity.cyclomatic	tests/Unit/Reporting/Formatter/Summary/TopIssuesRendererTest.php	67	1	self::assertStringContainsString('complexity.cyclomatic: Cyclomatic complexity is 45', $output);
complexity.cyclomatic	channel-code+producer	plain	complexity.cyclomatic	tests/Unit/Reporting/Formatter/Summary/TopIssuesRendererTest.php	152	1	ruleName: 'complexity.cyclomatic',
complexity.cyclomatic	channel-code+producer	plain	complexity.cyclomatic	tests/Unit/Reporting/Formatter/Summary/TopIssuesRendererTest.php	153	1	code: 'complexity.cyclomatic',
complexity.cyclomatic	channel-code+producer	plain	complexity.cyclomatic	tests/Unit/Reporting/Formatter/Summary/TopIssuesRendererTest.php	283	1	ruleName: 'complexity.cyclomatic',
complexity.cyclomatic	channel-code+producer	plain	complexity.cyclomatic	tests/Unit/Reporting/Formatter/Summary/TopIssuesRendererTest.php	284	1	code: 'complexity.cyclomatic',
complexity.cyclomatic	channel-code+producer	plain	complexity.cyclomatic	tests/Unit/Reporting/Formatter/Summary/TopIssuesRendererTest.php	430	1	ruleName: 'complexity.cyclomatic',
complexity.cyclomatic	channel-code+producer	plain	complexity.cyclomatic	tests/Unit/Reporting/Formatter/Summary/TopIssuesRendererTest.php	431	1	code: 'complexity.cyclomatic',
complexity.cyclomatic	channel-code+producer	plain	complexity.cyclomatic	tests/Unit/Reporting/Formatter/SummaryFormatterTest.php	175	1	ruleName: 'complexity.cyclomatic',
complexity.cyclomatic	channel-code+producer	plain	complexity.cyclomatic	tests/Unit/Reporting/Formatter/SummaryFormatterTest.php	176	1	code: 'complexity.cyclomatic',
complexity.cyclomatic	channel-code+producer	plain	complexity.cyclomatic	tests/Unit/Reporting/Formatter/SummaryFormatterTest.php	844	1	ruleName: 'complexity.cyclomatic',
complexity.cyclomatic	channel-code+producer	plain	complexity.cyclomatic	tests/Unit/Reporting/Formatter/SummaryFormatterTest.php	845	1	code: 'complexity.cyclomatic',
complexity.cyclomatic	channel-code+producer	plain	complexity.cyclomatic	tests/Unit/Reporting/Formatter/SummaryFormatterTest.php	938	1	ruleName: 'complexity.cyclomatic',
complexity.cyclomatic	channel-code+producer	plain	complexity.cyclomatic	tests/Unit/Reporting/Formatter/SummaryFormatterTest.php	939	1	code: 'complexity.cyclomatic',
complexity.cyclomatic	channel-code+producer	plain	complexity.cyclomatic	tests/Unit/Reporting/Formatter/SummaryFormatterTest.php	959	1	self::assertStringContainsString('[complexity.cyclomatic]', $output);
complexity.cyclomatic	channel-code+producer	plain	complexity.cyclomatic	tests/Unit/Reporting/Formatter/SummaryFormatterTest.php	1177	1	ruleName: 'complexity.cyclomatic',
complexity.cyclomatic	channel-code+producer	plain	complexity.cyclomatic	tests/Unit/Reporting/Formatter/SummaryFormatterTest.php	1178	1	code: 'complexity.cyclomatic',
complexity.cyclomatic	channel-code+producer	plain	complexity.cyclomatic	tests/Unit/Reporting/Formatter/SummaryFormatterTest.php	1208	1	ruleName: 'complexity.cyclomatic',
complexity.cyclomatic	channel-code+producer	plain	complexity.cyclomatic	tests/Unit/Reporting/Formatter/SummaryFormatterTest.php	1209	1	code: 'complexity.cyclomatic',
complexity.cyclomatic	channel-code+producer	plain	complexity.cyclomatic	tests/Unit/Reporting/Formatter/SummaryFormatterTest.php	1231	1	self::assertStringContainsString('complexity.cyclomatic', $output);
complexity.cyclomatic	channel-code+producer	plain	complexity.cyclomatic	tests/Unit/Reporting/Formatter/Support/AcceptedLevelNarratorTest.php	111	1	ruleName: 'complexity.cyclomatic',
complexity.cyclomatic	channel-code+producer	plain	complexity.cyclomatic	tests/Unit/Reporting/Formatter/Support/AcceptedLevelNarratorTest.php	112	1	code: 'complexity.cyclomatic',
complexity.cyclomatic	channel-code+producer	plain	complexity.cyclomatic	tests/Unit/Reporting/Formatter/Support/DetailedFindingRendererTest.php	131	1	ruleName: 'complexity.cyclomatic',
complexity.cyclomatic	channel-code+producer	plain	complexity.cyclomatic	tests/Unit/Reporting/Formatter/Support/DetailedFindingRendererTest.php	132	1	code: 'complexity.cyclomatic',
complexity.cyclomatic	channel-code+producer	plain	complexity.cyclomatic	tests/Unit/Reporting/Formatter/Support/DetailedFindingRendererTest.php	149	1	self::assertStringContainsString('complexity.cyclomatic (1)', $output);
complexity.cyclomatic	channel-code+producer	plain	complexity.cyclomatic	tests/Unit/Reporting/Formatter/Support/DetailedFindingRendererTest.php	160	1	ruleName: 'complexity.cyclomatic',
complexity.cyclomatic	channel-code+producer	plain	complexity.cyclomatic	tests/Unit/Reporting/Formatter/Support/DetailedFindingRendererTest.php	161	1	code: 'complexity.cyclomatic',
complexity.cyclomatic	channel-code+producer	plain	complexity.cyclomatic	tests/Unit/Reporting/Formatter/Support/DetailedFindingRendererTest.php	183	1	ruleName: 'complexity.cyclomatic',
complexity.cyclomatic	channel-code+producer	plain	complexity.cyclomatic	tests/Unit/Reporting/Formatter/Support/DetailedFindingRendererTest.php	184	1	code: 'complexity.cyclomatic',
complexity.cyclomatic	channel-code+producer	plain	complexity.cyclomatic	tests/Unit/Reporting/Formatter/Support/DetailedFindingRendererTest.php	233	1	ruleName: 'complexity.cyclomatic',
complexity.cyclomatic	channel-code+producer	plain	complexity.cyclomatic	tests/Unit/Reporting/Formatter/Support/DetailedFindingRendererTest.php	234	1	code: 'complexity.cyclomatic',
complexity.cyclomatic	channel-code+producer	plain	complexity.cyclomatic	tests/Unit/Reporting/Formatter/Support/DetailedFindingRendererTest.php	243	1	self::assertStringContainsString('[complexity.cyclomatic]', $output);
complexity.cyclomatic	channel-code+producer	plain	complexity.cyclomatic	tests/Unit/Reporting/Formatter/Support/DetailedFindingRendererTest.php	273	1	ruleName: 'complexity.cyclomatic',
complexity.cyclomatic	channel-code+producer	plain	complexity.cyclomatic	tests/Unit/Reporting/Formatter/Support/DetailedFindingRendererTest.php	274	1	code: 'complexity.cyclomatic',
complexity.cyclomatic	channel-code+producer	plain	complexity.cyclomatic	tests/Unit/Reporting/Formatter/Support/DetailedFindingRendererTest.php	281	1	ruleName: 'complexity.cyclomatic',
complexity.cyclomatic	channel-code+producer	plain	complexity.cyclomatic	tests/Unit/Reporting/Formatter/Support/DetailedFindingRendererTest.php	282	1	code: 'complexity.cyclomatic',
complexity.cyclomatic	channel-code+producer	plain	complexity.cyclomatic	tests/Unit/Reporting/Formatter/Support/DetailedFindingRendererTest.php	299	1	self::assertStringContainsString('complexity.cyclomatic', $output);
complexity.cyclomatic	channel-code+producer	plain	complexity.cyclomatic	tests/Unit/Reporting/Formatter/Support/DetailedFindingRendererTest.php	312	1	ruleName: 'complexity.cyclomatic',
complexity.cyclomatic	channel-code+producer	plain	complexity.cyclomatic	tests/Unit/Reporting/Formatter/Support/DetailedFindingRendererTest.php	313	1	code: 'complexity.cyclomatic',
complexity.cyclomatic	channel-code+producer	plain	complexity.cyclomatic	tests/Unit/Reporting/Formatter/Support/DetailedFindingRendererTest.php	334	1	self::assertStringContainsString('complexity.cyclomatic', $output);
complexity.cyclomatic	channel-code+producer	plain	complexity.cyclomatic	tests/Unit/Reporting/Formatter/Support/DetailedFindingRendererTest.php	344	1	ruleName: 'complexity.cyclomatic',
complexity.cyclomatic	channel-code+producer	plain	complexity.cyclomatic	tests/Unit/Reporting/Formatter/Support/DetailedFindingRendererTest.php	345	1	code: 'complexity.cyclomatic',
complexity.cyclomatic	channel-code+producer	plain	complexity.cyclomatic	tests/Unit/Reporting/Formatter/Support/DetailedFindingRendererTest.php	365	1	ruleName: 'complexity.cyclomatic',
complexity.cyclomatic	channel-code+producer	plain	complexity.cyclomatic	tests/Unit/Reporting/Formatter/Support/DetailedFindingRendererTest.php	366	1	code: 'complexity.cyclomatic',
complexity.cyclomatic	channel-code+producer	plain	complexity.cyclomatic	tests/Unit/Reporting/Formatter/TextFormatterTest.php	107	1	ruleName: 'complexity.cyclomatic',
complexity.cyclomatic	channel-code+producer	plain	complexity.cyclomatic	tests/Unit/Reporting/Formatter/TextFormatterTest.php	108	1	code: 'complexity.cyclomatic',
complexity.cyclomatic	channel-code+producer	plain	complexity.cyclomatic	tests/Unit/Reporting/Formatter/TextFormatterTest.php	543	1	ruleName: 'complexity.cyclomatic',
complexity.cyclomatic	channel-code+producer	plain	complexity.cyclomatic	tests/Unit/Reporting/Formatter/TextFormatterTest.php	544	1	code: 'complexity.cyclomatic',
complexity.cyclomatic	channel-code+producer	plain	complexity.cyclomatic	tests/Unit/Reporting/Formatter/TextFormatterTest.php	562	1	self::assertStringContainsString('complexity.cyclomatic (1)', $output);
complexity.cyclomatic	channel-code+producer	plain	complexity.cyclomatic	tests/Unit/Reporting/Formatter/TextFormatterTest.php	579	1	ruleName: 'complexity.cyclomatic',
complexity.cyclomatic	channel-code+producer	plain	complexity.cyclomatic	tests/Unit/Reporting/Formatter/TextFormatterTest.php	580	1	code: 'complexity.cyclomatic',
complexity.cyclomatic	channel-code+producer	plain	complexity.cyclomatic	tests/Unit/Reporting/Formatter/TextFormatterTest.php	603	1	self::assertStringContainsString('complexity.cyclomatic', $output);
complexity.cyclomatic	channel-code+producer	plain	complexity.cyclomatic	tests/Unit/Reporting/Formatter/TextVerboseFormatterTest.php	65	1	ruleName: 'complexity.cyclomatic',
complexity.cyclomatic	channel-code+producer	plain	complexity.cyclomatic	tests/Unit/Reporting/Formatter/TextVerboseFormatterTest.php	66	1	code: 'complexity.cyclomatic',
complexity.cyclomatic	channel-code+producer	plain	complexity.cyclomatic	tests/Unit/Reporting/Formatter/TextVerboseFormatterTest.php	167	1	ruleName: 'complexity.cyclomatic',
complexity.cyclomatic	channel-code+producer	plain	complexity.cyclomatic	tests/Unit/Reporting/Formatter/TextVerboseFormatterTest.php	168	1	code: 'complexity.cyclomatic',
complexity.cyclomatic	channel-code+producer	plain	complexity.cyclomatic	tests/Unit/Reporting/Formatter/TextVerboseFormatterTest.php	192	1	ruleName: 'complexity.cyclomatic',
complexity.cyclomatic	channel-code+producer	plain	complexity.cyclomatic	tests/Unit/Reporting/Formatter/TextVerboseFormatterTest.php	193	1	code: 'complexity.cyclomatic',
complexity.cyclomatic	channel-code+producer	plain	complexity.cyclomatic	tests/Unit/Reporting/Formatter/TextVerboseFormatterTest.php	216	1	ruleName: 'complexity.cyclomatic',
complexity.cyclomatic	channel-code+producer	plain	complexity.cyclomatic	tests/Unit/Reporting/Formatter/TextVerboseFormatterTest.php	217	1	code: 'complexity.cyclomatic',
complexity.cyclomatic	channel-code+producer	plain	complexity.cyclomatic	tests/Unit/Reporting/Formatter/TextVerboseFormatterTest.php	225	1	ruleName: 'complexity.cyclomatic',
complexity.cyclomatic	channel-code+producer	plain	complexity.cyclomatic	tests/Unit/Reporting/Formatter/TextVerboseFormatterTest.php	226	1	code: 'complexity.cyclomatic',
complexity.cyclomatic	channel-code+producer	plain	complexity.cyclomatic	tests/Unit/Reporting/Formatter/TextVerboseFormatterTest.php	248	1	self::assertStringContainsString('complexity.cyclomatic', $output);
complexity.cyclomatic	channel-code+producer	plain	complexity.cyclomatic	tests/Unit/Reporting/Health/SummaryEnricherTest.php	86	1	ruleName: 'complexity.cyclomatic',
complexity.cyclomatic	channel-code+producer	plain	complexity.cyclomatic	tests/Unit/Reporting/Health/SummaryEnricherTest.php	87	1	code: 'complexity.cyclomatic',
complexity.cyclomatic	channel-code+producer	plain	complexity.cyclomatic	tests/Unit/Reporting/Health/SummaryEnricherTest.php	104	1	// complexity.cyclomatic = 30 min per finding, 2 findings = 60
complexity.cyclomatic	channel-code+producer	plain	complexity.cyclomatic	tests/Unit/Reporting/Health/SummaryEnricherTest.php	138	1	ruleName: 'complexity.cyclomatic',
complexity.cyclomatic	channel-code+producer	plain	complexity.cyclomatic	tests/Unit/Reporting/Health/SummaryEnricherTest.php	139	1	code: 'complexity.cyclomatic',
complexity.cyclomatic	channel-code+producer	plain	complexity.cyclomatic	tests/Unit/Reporting/Health/SummaryEnricherTest.php	386	1	ruleName: 'complexity.cyclomatic',
complexity.cyclomatic	channel-code+producer	plain	complexity.cyclomatic	tests/Unit/Reporting/Health/SummaryEnricherTest.php	387	1	code: 'complexity.cyclomatic',
complexity.cyclomatic	channel-code+producer	plain	complexity.cyclomatic	tests/Unit/RuleVocabulary/DirectiveAuditReportReadingTest.php	385	1	self::verdict('src/E.php', 4, 'symbol', 'complexity.cyclomatic', 'inert'),
complexity.cyclomatic	channel-code+producer	plain	complexity.cyclomatic	tests/Unit/RuleVocabulary/DirectiveAuditReportReadingTest.php	399	1	self::verdict('src/A.php', 12, 'threshold', 'complexity.cyclomatic', 'inert'),
complexity.cyclomatic	channel-code+producer	plain	complexity.cyclomatic	website/CONTRIBUTING_DOCS.md	169	1	- `complexity.cyclomatic`, `complexity.cognitive`, ...
complexity.cyclomatic	channel-code+producer	plain	complexity.cyclomatic	website/CONTRIBUTING_DOCS.md	193	1	- Rule ID (e.g., `**Rule ID:** complexity.cyclomatic`)
complexity.cyclomatic	channel-code+producer	plain	complexity.cyclomatic	website/docs/changelog.md	48	1	`complexity.cyclomatic`, so a near-spelling search could never reach the
complexity.cyclomatic	channel-code+producer	plain	complexity.cyclomatic	website/docs/changelog.md	303	1	- A level is no longer part of a channel's name. The ten level-suffixed channels collapse into five, each declaring both of the levels it reports at: `complexit
complexity.cyclomatic	channel-code+producer	plain	complexity.cyclomatic	website/docs/changelog.md	305	2	- A channel is named by one name. The `ruleName#violationCode` pair is gone: a channel's identity is what used to be the code half, and the rule that produces i
complexity.cyclomatic	channel-code+producer	plain	complexity.cyclomatic	website/docs/changelog.md	349	1	- **A `rules:` section key must be an exact rule name, and so must the owner in `--rule-opt RULE:option=value`.** No prefixes, no stars. This closes a silent no
complexity.cyclomatic	channel-code+producer	plain	complexity.cyclomatic	website/docs/getting-started/configuration.md	144	1	complexity.cyclomatic:
complexity.cyclomatic	channel-code+producer	plain	complexity.cyclomatic	website/docs/getting-started/configuration.md	158	1	complexity.cyclomatic:
complexity.cyclomatic	channel-code+producer	plain	complexity.cyclomatic	website/docs/getting-started/configuration.md	183	1	The same applies in the other direction (a lower layer's `threshold` overridden by a higher layer's `warning`/`error`), and to hierarchical rules at the level t
complexity.cyclomatic	channel-code+producer	plain	complexity.cyclomatic	website/docs/getting-started/configuration.md	185	1	`coupling.cbo` and `coupling.instability` accept the same bare `threshold` shorthand at their own top level too, but with a different effect than `complexity.cy
complexity.cyclomatic	channel-code+producer	plain	complexity.cyclomatic	website/docs/getting-started/configuration.md	212	1	complexity.cyclomatic:
complexity.cyclomatic	channel-code+producer	plain	complexity.cyclomatic	website/docs/getting-started/configuration.md	329	1	* @qmx-threshold complexity.cyclomatic warning=20 error=40
complexity.cyclomatic	channel-code+producer	plain	complexity.cyclomatic	website/docs/getting-started/configuration.md	350	1	| `complexity.cyclomatic`  | **exactly** that name, and nothing else
complexity.cyclomatic	channel-code+producer	plain	complexity.cyclomatic	website/docs/getting-started/configuration.md	351	1	| `complexity.*`           | **strictly the descendants** of `complexity` — `complexity.cyclomatic`, `complexity.wmc` and so on. `complexity` itself is not incl
complexity.cyclomatic	channel-code+producer	plain	complexity.cyclomatic	website/docs/getting-started/configuration.md	410	1	- complexity.cyclomatic
complexity.cyclomatic	channel-code+producer	plain	complexity.cyclomatic	website/docs/getting-started/configuration.md	414	1	Equivalent CLI: `--only-rule=complexity.cyclomatic --only-rule=complexity.cognitive`
complexity.cyclomatic	channel-code+producer	plain	complexity.cyclomatic	website/docs/getting-started/configuration.md	652	1	complexity.cyclomatic:
complexity.cyclomatic	channel-code+producer	plain	complexity.cyclomatic	website/docs/getting-started/configuration.md	711	1	Unknown rule "complexty.cyclomatic" in qmx.yaml. Did you mean "complexity.cyclomatic"?
complexity.cyclomatic	channel-code+producer	plain	complexity.cyclomatic	website/docs/getting-started/configuration.ru.md	144	1	complexity.cyclomatic:
complexity.cyclomatic	channel-code+producer	plain	complexity.cyclomatic	website/docs/getting-started/configuration.ru.md	158	1	complexity.cyclomatic:
complexity.cyclomatic	channel-code+producer	plain	complexity.cyclomatic	website/docs/getting-started/configuration.ru.md	186	1	То же самое работает и в обратную сторону (`threshold` из нижнего слоя перекрывается парой `warning`/`error` из более приоритетного), а также для составных прав
complexity.cyclomatic	channel-code+producer	plain	complexity.cyclomatic	website/docs/getting-started/configuration.ru.md	188	1	`coupling.cbo` и `coupling.instability` тоже принимают голый `threshold` на своём верхнем уровне, но с другим эффектом, чем у `complexity.cyclomatic`: поскольку
complexity.cyclomatic	channel-code+producer	plain	complexity.cyclomatic	website/docs/getting-started/configuration.ru.md	206	1	complexity.cyclomatic:
complexity.cyclomatic	channel-code+producer	plain	complexity.cyclomatic	website/docs/getting-started/configuration.ru.md	324	1	* @qmx-threshold complexity.cyclomatic warning=20 error=40
complexity.cyclomatic	channel-code+producer	plain	complexity.cyclomatic	website/docs/getting-started/configuration.ru.md	345	1	| `complexity.cyclomatic`  | **ровно** это имя и ничего больше
complexity.cyclomatic	channel-code+producer	plain	complexity.cyclomatic	website/docs/getting-started/configuration.ru.md	346	1	| `complexity.*`           | **строго потомки** `complexity` — `complexity.cyclomatic`, `complexity.wmc` и так далее. Сам `complexity` не входит; если имя однов
complexity.cyclomatic	channel-code+producer	plain	complexity.cyclomatic	website/docs/getting-started/configuration.ru.md	406	1	- complexity.cyclomatic
complexity.cyclomatic	channel-code+producer	plain	complexity.cyclomatic	website/docs/getting-started/configuration.ru.md	410	1	Эквивалент в CLI: `--only-rule=complexity.cyclomatic --only-rule=complexity.cognitive`
complexity.cyclomatic	channel-code+producer	plain	complexity.cyclomatic	website/docs/getting-started/configuration.ru.md	650	1	complexity.cyclomatic:
complexity.cyclomatic	channel-code+producer	plain	complexity.cyclomatic	website/docs/getting-started/configuration.ru.md	709	1	Unknown rule "complexty.cyclomatic" in qmx.yaml. Did you mean "complexity.cyclomatic"?
complexity.cyclomatic	channel-code+producer	plain	complexity.cyclomatic	website/docs/reference/default-thresholds.md	11	1	| Cyclomatic Complexity | `complexity.cyclomatic` | Method      | 10      | 20    | Method           |
complexity.cyclomatic	channel-code+producer	plain	complexity.cyclomatic	website/docs/reference/default-thresholds.md	12	1	| Cyclomatic Complexity | `complexity.cyclomatic` | Class (max) | 30      | 50    | Class            |
complexity.cyclomatic	channel-code+producer	plain	complexity.cyclomatic	website/docs/reference/default-thresholds.md	178	1	complexity.cyclomatic:
complexity.cyclomatic	channel-code+producer	plain	complexity.cyclomatic	website/docs/reference/default-thresholds.md	205	1	complexity.cyclomatic:
complexity.cyclomatic	channel-code+producer	plain	complexity.cyclomatic	website/docs/reference/default-thresholds.md	278	1	channel, and `complexity.cyclomatic` has two channels (`complexity.cyclomatic.callable` and
complexity.cyclomatic	channel-code+producer	plain	complexity.cyclomatic	website/docs/reference/default-thresholds.ru.md	11	1	| Cyclomatic Complexity | `complexity.cyclomatic` | Метод         | 10      | 20    | Метод             |
complexity.cyclomatic	channel-code+producer	plain	complexity.cyclomatic	website/docs/reference/default-thresholds.ru.md	12	1	| Cyclomatic Complexity | `complexity.cyclomatic` | Класс (макс.) | 30      | 50    | Класс             |
complexity.cyclomatic	channel-code+producer	plain	complexity.cyclomatic	website/docs/reference/default-thresholds.ru.md	178	1	complexity.cyclomatic:
complexity.cyclomatic	channel-code+producer	plain	complexity.cyclomatic	website/docs/reference/default-thresholds.ru.md	193	1	complexity.cyclomatic:
complexity.cyclomatic	channel-code+producer	plain	complexity.cyclomatic	website/docs/reference/default-thresholds.ru.md	252	1	адресует канал, а у `complexity.cyclomatic` два канала (`complexity.cyclomatic.callable` и
complexity.cyclomatic	channel-code+producer	plain	complexity.cyclomatic	website/docs/reference/remediation-time.md	11	1	| Cyclomatic Complexity | `complexity.cyclomatic` | 30      |
complexity.cyclomatic	channel-code+producer	plain	complexity.cyclomatic	website/docs/reference/remediation-time.ru.md	11	1	| Cyclomatic Complexity | `complexity.cyclomatic` | 30     |
complexity.cyclomatic	channel-code+producer	plain	complexity.cyclomatic	website/docs/rules/complexity.md	11	1	**Rule ID:** `complexity.cyclomatic`
complexity.cyclomatic	channel-code+producer	plain	complexity.cyclomatic	website/docs/rules/complexity.md	111	1	complexity.cyclomatic:
complexity.cyclomatic	channel-code+producer	plain	complexity.cyclomatic	website/docs/rules/complexity.md	124	1	complexity.cyclomatic:
complexity.cyclomatic	channel-code+producer	plain	complexity.cyclomatic	website/docs/rules/complexity.md	131	1	bin/qmx check src/ --rule-opt="complexity.cyclomatic:callable.warning=15"
complexity.cyclomatic	channel-code+producer	plain	complexity.cyclomatic	website/docs/rules/complexity.md	132	1	bin/qmx check src/ --rule-opt="complexity.cyclomatic:callable.error=25"
complexity.cyclomatic	channel-code+producer	plain	complexity.cyclomatic	website/docs/rules/complexity.md	133	1	bin/qmx check src/ --rule-opt="complexity.cyclomatic:class.max_warning=40"
complexity.cyclomatic	channel-code+producer	plain	complexity.cyclomatic	website/docs/rules/complexity.md	134	1	bin/qmx check src/ --rule-opt="complexity.cyclomatic:class.enabled=false"
complexity.cyclomatic	channel-code+producer	plain	complexity.cyclomatic	website/docs/rules/complexity.ru.md	11	1	**Rule ID:** `complexity.cyclomatic`
complexity.cyclomatic	channel-code+producer	plain	complexity.cyclomatic	website/docs/rules/complexity.ru.md	111	1	complexity.cyclomatic:
complexity.cyclomatic	channel-code+producer	plain	complexity.cyclomatic	website/docs/rules/complexity.ru.md	124	1	complexity.cyclomatic:
complexity.cyclomatic	channel-code+producer	plain	complexity.cyclomatic	website/docs/rules/complexity.ru.md	131	1	bin/qmx check src/ --rule-opt="complexity.cyclomatic:callable.warning=15"
complexity.cyclomatic	channel-code+producer	plain	complexity.cyclomatic	website/docs/rules/complexity.ru.md	132	1	bin/qmx check src/ --rule-opt="complexity.cyclomatic:callable.error=25"
complexity.cyclomatic	channel-code+producer	plain	complexity.cyclomatic	website/docs/rules/complexity.ru.md	133	1	bin/qmx check src/ --rule-opt="complexity.cyclomatic:class.max_warning=40"
complexity.cyclomatic	channel-code+producer	plain	complexity.cyclomatic	website/docs/rules/complexity.ru.md	134	1	bin/qmx check src/ --rule-opt="complexity.cyclomatic:class.enabled=false"
complexity.cyclomatic	channel-code+producer	plain	complexity.cyclomatic	website/docs/rules/coupling.md	157	1	dimensions in one go. This differs from `complexity.cyclomatic`'s top-level
complexity.cyclomatic	channel-code+producer	plain	complexity.cyclomatic	website/docs/rules/coupling.ru.md	155	1	class и namespace. Это отличается от `complexity.cyclomatic`, где верхний
complexity.cyclomatic	channel-code+producer	plain	complexity.cyclomatic	website/docs/rules/index.md	7	1	A rule ID and a metric key are two names in two vocabularies, and they are not the same name even where they look alike. The rule ID -- `complexity.cyclomatic`
complexity.cyclomatic	channel-code+producer	plain	complexity.cyclomatic	website/docs/rules/index.md	29	1	| [Cyclomatic Complexity](complexity.md) | `complexity.cyclomatic` | Number of decision paths in a method       | 10 (method)     | 20 (method)   |
complexity.cyclomatic	channel-code+producer	plain	complexity.cyclomatic	website/docs/rules/index.md	187	1	complexity.cyclomatic:
complexity.cyclomatic	channel-code+producer	plain	complexity.cyclomatic	website/docs/rules/index.md	194	1	bin/qmx check src/ --rule-opt="complexity.cyclomatic:suppress_namespaces=App\Tests"
complexity.cyclomatic	channel-code+producer	plain	complexity.cyclomatic	website/docs/rules/index.md	204	1	bin/qmx check src/ --rule-opt="complexity.cyclomatic:callable.warning=15"
complexity.cyclomatic	channel-code+producer	plain	complexity.cyclomatic	website/docs/rules/index.md	212	1	complexity.cyclomatic:
complexity.cyclomatic	channel-code+producer	plain	complexity.cyclomatic	website/docs/rules/index.md	225	1	- **Complexity:** `complexity.cyclomatic`, `complexity.cognitive`, `complexity.npath`, `complexity.wmc`
complexity.cyclomatic	channel-code+producer	plain	complexity.cyclomatic	website/docs/rules/index.ru.md	7	1	Идентификатор правила и ключ метрики -- это два имени из двух словарей, и они не одно и то же даже там, где выглядят похоже. Идентификатор правила -- `complexit
complexity.cyclomatic	channel-code+producer	plain	complexity.cyclomatic	website/docs/rules/index.ru.md	29	1	| [Цикломатическая сложность](complexity.ru.md) | `complexity.cyclomatic` | Количество путей принятия решений в методе  | 10 (метод)  | 20 (метод)   |
complexity.cyclomatic	channel-code+producer	plain	complexity.cyclomatic	website/docs/rules/index.ru.md	187	1	complexity.cyclomatic:
complexity.cyclomatic	channel-code+producer	plain	complexity.cyclomatic	website/docs/rules/index.ru.md	194	1	bin/qmx check src/ --rule-opt="complexity.cyclomatic:suppress_namespaces=App\Tests"
complexity.cyclomatic	channel-code+producer	plain	complexity.cyclomatic	website/docs/rules/index.ru.md	204	1	bin/qmx check src/ --rule-opt="complexity.cyclomatic:callable.warning=15"
complexity.cyclomatic	channel-code+producer	plain	complexity.cyclomatic	website/docs/rules/index.ru.md	212	1	complexity.cyclomatic:
complexity.cyclomatic	channel-code+producer	plain	complexity.cyclomatic	website/docs/rules/index.ru.md	225	1	- **Complexity:** `complexity.cyclomatic`, `complexity.cognitive`, `complexity.npath`, `complexity.wmc`
complexity.cyclomatic	channel-code+producer	plain	complexity.cyclomatic	website/docs/usage/baseline.md	102	1	complexity.cyclomatic	complexity.ccn	renamed in vX.Y
complexity.cyclomatic	channel-code+producer	plain	complexity.cyclomatic	website/docs/usage/baseline.md	155	1	bin/qmx baseline:explain 'callable:App\OrderService::calculate' src/ --channel='complexity.cyclomatic#complexity.cyclomatic.callable'
complexity.cyclomatic	channel-code+producer	plain	complexity.cyclomatic	website/docs/usage/baseline.md	229	1	| `complexity.cyclomatic` | `complexity.cyclomatic.callable`, `complexity.cyclomatic.class` |
complexity.cyclomatic	channel-code+producer	plain	complexity.cyclomatic	website/docs/usage/baseline.md	272	1	* @qmx-threshold complexity.cyclomatic warning=20 error=40 -- Legacy state machine
complexity.cyclomatic	channel-code+producer	plain	complexity.cyclomatic	website/docs/usage/baseline.md	284	2	`@qmx-threshold` addresses the **rule** by its exact name — never a channel, and never a wildcard. A threshold belongs to the rule's one options object, not to
complexity.cyclomatic	channel-code+producer	plain	complexity.cyclomatic	website/docs/usage/baseline.ru.md	102	1	complexity.cyclomatic	complexity.ccn	переименован в vX.Y
complexity.cyclomatic	channel-code+producer	plain	complexity.cyclomatic	website/docs/usage/baseline.ru.md	156	1	bin/qmx baseline:explain 'callable:App\OrderService::calculate' src/ --channel='complexity.cyclomatic#complexity.cyclomatic.callable'
complexity.cyclomatic	channel-code+producer	plain	complexity.cyclomatic	website/docs/usage/baseline.ru.md	230	1	| `complexity.cyclomatic` | `complexity.cyclomatic.callable`, `complexity.cyclomatic.class` |
complexity.cyclomatic	channel-code+producer	plain	complexity.cyclomatic	website/docs/usage/baseline.ru.md	273	1	* @qmx-threshold complexity.cyclomatic warning=20 error=40 -- Legacy state machine
complexity.cyclomatic	channel-code+producer	plain	complexity.cyclomatic	website/docs/usage/baseline.ru.md	285	2	`@qmx-threshold` адресует **правило** по точному имени — никогда канал и никогда wildcard. Порог принадлежит единственному объекту опций правила, а не отдельном
complexity.cyclomatic	channel-code+producer	plain	complexity.cyclomatic	website/docs/usage/cli-options.md	594	1	bin/qmx check src/ --only-rule=complexity.cyclomatic --only-rule=size.method-count
complexity.cyclomatic	channel-code+producer	plain	complexity.cyclomatic	website/docs/usage/cli-options.md	635	1	bin/qmx check src/ --rule-opt=complexity.cyclomatic:callable.warning=15
complexity.cyclomatic	channel-code+producer	plain	complexity.cyclomatic	website/docs/usage/cli-options.md	636	1	bin/qmx check src/ --rule-opt=complexity.cyclomatic:callable.error=30
complexity.cyclomatic	channel-code+producer	plain	complexity.cyclomatic	website/docs/usage/cli-options.md	655	1	| `--cyclomatic-warning=N`       | complexity.cyclomatic | callable.warning  |
complexity.cyclomatic	channel-code+producer	plain	complexity.cyclomatic	website/docs/usage/cli-options.md	656	1	| `--cyclomatic-error=N`         | complexity.cyclomatic | callable.error    |
complexity.cyclomatic	channel-code+producer	plain	complexity.cyclomatic	website/docs/usage/cli-options.md	657	1	| `--cyclomatic-class-warning=N` | complexity.cyclomatic | class.max_warning |
complexity.cyclomatic	channel-code+producer	plain	complexity.cyclomatic	website/docs/usage/cli-options.md	658	1	| `--cyclomatic-class-error=N`   | complexity.cyclomatic | class.max_error   |
complexity.cyclomatic	channel-code+producer	plain	complexity.cyclomatic	website/docs/usage/cli-options.md	956	1	complexity.cyclomatic                    Checks cyclomatic complexity at method and class levels
complexity.cyclomatic	channel-code+producer	plain	complexity.cyclomatic	website/docs/usage/cli-options.md	957	1	--cyclomatic-warning (--rule-opt=complexity.cyclomatic:callable.warning=...)
complexity.cyclomatic	channel-code+producer	plain	complexity.cyclomatic	website/docs/usage/cli-options.md	958	1	--cyclomatic-error (--rule-opt=complexity.cyclomatic:callable.error=...)
complexity.cyclomatic	channel-code+producer	plain	complexity.cyclomatic	website/docs/usage/cli-options.md	959	1	--cyclomatic-class-warning (--rule-opt=complexity.cyclomatic:class.max_warning=...)
complexity.cyclomatic	channel-code+producer	plain	complexity.cyclomatic	website/docs/usage/cli-options.md	960	1	--cyclomatic-class-error (--rule-opt=complexity.cyclomatic:class.max_error=...)
complexity.cyclomatic	channel-code+producer	plain	complexity.cyclomatic	website/docs/usage/cli-options.ru.md	593	1	bin/qmx check src/ --only-rule=complexity.cyclomatic --only-rule=size.method-count
complexity.cyclomatic	channel-code+producer	plain	complexity.cyclomatic	website/docs/usage/cli-options.ru.md	634	1	bin/qmx check src/ --rule-opt=complexity.cyclomatic:callable.warning=15
complexity.cyclomatic	channel-code+producer	plain	complexity.cyclomatic	website/docs/usage/cli-options.ru.md	635	1	bin/qmx check src/ --rule-opt=complexity.cyclomatic:callable.error=30
complexity.cyclomatic	channel-code+producer	plain	complexity.cyclomatic	website/docs/usage/cli-options.ru.md	654	1	| `--cyclomatic-warning=N`       | complexity.cyclomatic | callable.warning  |
complexity.cyclomatic	channel-code+producer	plain	complexity.cyclomatic	website/docs/usage/cli-options.ru.md	655	1	| `--cyclomatic-error=N`         | complexity.cyclomatic | callable.error    |
complexity.cyclomatic	channel-code+producer	plain	complexity.cyclomatic	website/docs/usage/cli-options.ru.md	656	1	| `--cyclomatic-class-warning=N` | complexity.cyclomatic | class.max_warning |
complexity.cyclomatic	channel-code+producer	plain	complexity.cyclomatic	website/docs/usage/cli-options.ru.md	657	1	| `--cyclomatic-class-error=N`   | complexity.cyclomatic | class.max_error   |
complexity.cyclomatic	channel-code+producer	plain	complexity.cyclomatic	website/docs/usage/cli-options.ru.md	955	1	complexity.cyclomatic                    Checks cyclomatic complexity at method and class levels
complexity.cyclomatic	channel-code+producer	plain	complexity.cyclomatic	website/docs/usage/cli-options.ru.md	956	1	--cyclomatic-warning (--rule-opt=complexity.cyclomatic:callable.warning=...)
complexity.cyclomatic	channel-code+producer	plain	complexity.cyclomatic	website/docs/usage/cli-options.ru.md	957	1	--cyclomatic-error (--rule-opt=complexity.cyclomatic:callable.error=...)
complexity.cyclomatic	channel-code+producer	plain	complexity.cyclomatic	website/docs/usage/cli-options.ru.md	958	1	--cyclomatic-class-warning (--rule-opt=complexity.cyclomatic:class.max_warning=...)
complexity.cyclomatic	channel-code+producer	plain	complexity.cyclomatic	website/docs/usage/cli-options.ru.md	959	1	--cyclomatic-class-error (--rule-opt=complexity.cyclomatic:class.max_error=...)
complexity.cyclomatic	channel-code+producer	plain	complexity.cyclomatic	website/docs/usage/output-formats.md	87	1	src/Service/UserService.php:42: error[complexity.cyclomatic]: Cyclomatic complexity is 15, max allowed is 10 (calculate)
complexity.cyclomatic	channel-code+producer	plain	complexity.cyclomatic	website/docs/usage/output-formats.md	186	1	"channel": "complexity.cyclomatic",
complexity.cyclomatic	channel-code+producer	plain	complexity.cyclomatic	website/docs/usage/output-formats.md	190	1	"rule": "complexity.cyclomatic",
complexity.cyclomatic	channel-code+producer	plain	complexity.cyclomatic	website/docs/usage/output-formats.md	191	1	"code": "complexity.cyclomatic",
complexity.cyclomatic	channel-code+producer	plain	complexity.cyclomatic	website/docs/usage/output-formats.md	205	1	"complexity.cyclomatic": 2,
complexity.cyclomatic	channel-code+producer	plain	complexity.cyclomatic	website/docs/usage/output-formats.md	406	1	"ruleId": "complexity.cyclomatic",
complexity.cyclomatic	channel-code+producer	plain	complexity.cyclomatic	website/docs/usage/output-formats.md	462	1	"check_name": "complexity.cyclomatic",
complexity.cyclomatic	channel-code+producer	plain	complexity.cyclomatic	website/docs/usage/output-formats.md	505	1	::error file=src/Service/UserService.php,line=42,title=complexity.cyclomatic::Cyclomatic complexity is 15, max allowed is 10
complexity.cyclomatic	channel-code+producer	plain	complexity.cyclomatic	website/docs/usage/output-formats.ru.md	87	1	src/Service/UserService.php:42: error[complexity.cyclomatic]: Cyclomatic complexity is 15, max allowed is 10 (calculate)
complexity.cyclomatic	channel-code+producer	plain	complexity.cyclomatic	website/docs/usage/output-formats.ru.md	186	1	"channel": "complexity.cyclomatic",
complexity.cyclomatic	channel-code+producer	plain	complexity.cyclomatic	website/docs/usage/output-formats.ru.md	190	1	"rule": "complexity.cyclomatic",
complexity.cyclomatic	channel-code+producer	plain	complexity.cyclomatic	website/docs/usage/output-formats.ru.md	191	1	"code": "complexity.cyclomatic",
complexity.cyclomatic	channel-code+producer	plain	complexity.cyclomatic	website/docs/usage/output-formats.ru.md	205	1	"complexity.cyclomatic": 2,
complexity.cyclomatic	channel-code+producer	plain	complexity.cyclomatic	website/docs/usage/output-formats.ru.md	406	1	"ruleId": "complexity.cyclomatic",
complexity.cyclomatic	channel-code+producer	plain	complexity.cyclomatic	website/docs/usage/output-formats.ru.md	462	1	"check_name": "complexity.cyclomatic",
complexity.cyclomatic	channel-code+producer	plain	complexity.cyclomatic	website/docs/usage/output-formats.ru.md	505	1	::error file=src/Service/UserService.php,line=42,title=complexity.cyclomatic::Cyclomatic complexity is 15, max allowed is 10
complexity.cyclomatic	channel-code+producer	plain	complexity.cyclomatic	website/docs/usage/usage-scenarios.md	29	1	complexity.cyclomatic:
complexity.cyclomatic	channel-code+producer	plain	complexity.cyclomatic	website/docs/usage/usage-scenarios.ru.md	29	1	complexity.cyclomatic:
design.inheritance	channel-code+producer	plain	design.inheritance	docs/adr/0046-a-channel-declares-the-metric-it-judges.md	23	1	`maintainability.index` judges `maintainability.mi`, `design.inheritance`
design.inheritance	channel-code+producer	plain	design.inheritance	docs/adr/0048-the-final-published-name-vocabulary.md	262	1	| `design.inheritance`           | `design.dit`                | channel code **and** producer rule name |
design.inheritance	channel-code+producer	plain	design.inheritance	docs/adr/README.md	92	1	- [0048 — The Final Published Name Vocabulary](0048-the-final-published-name-vocabulary.md) — every name the product publishes, in every role, ruled on in one d
design.inheritance	channel-code+producer	plain	design.inheritance	docs/internal/generated/modular-architecture/test-phpunit-discovery.txt	2886	1	- Qualimetrix\Tests\Analysis\Evidence\Prioritization\Unit\Debt\RemediationTimeRegistryTest::itReturnsTheInjectedBaseMinutesForKnownRule"design.inheritance"
design.inheritance	channel-code+producer	plain	design.inheritance	docs/internal/generated/modular-architecture/test-phpunit-discovery.txt	4165	1	- Qualimetrix\Tests\Analysis\Finding\Unit\RuleThresholdKeyGroupRegistryDriftTest::everyDeclaredKeyStillAffectsTheRealOptionsInstance"design.inheritance::(top)#
design.inheritance	channel-code+producer	plain	design.inheritance	docs/internal/generated/modular-architecture/test-phpunit-discovery.txt	4166	1	- Qualimetrix\Tests\Analysis\Finding\Unit\RuleThresholdKeyGroupRegistryDriftTest::everyDeclaredKeyStillAffectsTheRealOptionsInstance"design.inheritance::(top)#
design.inheritance	channel-code+producer	plain	design.inheritance	docs/internal/generated/modular-architecture/test-phpunit-discovery.txt	4167	1	- Qualimetrix\Tests\Analysis\Finding\Unit\RuleThresholdKeyGroupRegistryDriftTest::everyDeclaredKeyStillAffectsTheRealOptionsInstance"design.inheritance::(top)#
design.inheritance	channel-code+producer	plain	design.inheritance	docs/internal/generated/modular-architecture/test-phpunit-discovery.txt	4217	1	- Qualimetrix\Tests\Analysis\Finding\Unit\RuleThresholdKeyGroupRegistryDriftTest::everyRegistryEntryCorrespondsToARealThresholdParserCallSite"design.inheritanc
design.inheritance	channel-code+producer	plain	design.inheritance	docs/internal/generated/modular-architecture/test-phpunit-discovery.txt	4249	1	- Qualimetrix\Tests\Analysis\Finding\Unit\RuleThresholdKeyGroupRegistryDriftTest::everyThresholdParserCallSiteHasAMatchingRegistryEntry"design.inheritance::"
design.inheritance	channel-code+producer	plain	design.inheritance	docs/internal/plans/rule-vocabulary/FOLLOWUPS.md	124	1	by `maintainability.index`, `design.dit` by `design.inheritance`. The first two
design.inheritance	channel-code+producer	plain	design.inheritance	docs/internal/plans/rule-vocabulary/FOLLOWUPS.md	2564	1	`design.inheritance`, `duplication.code-duplication`).
design.inheritance	channel-code+producer	plain	design.inheritance	docs/internal/plans/rule-vocabulary/X11-final-vocabulary/decision-table-population.tsv	469	2	design.inheritance	channel-codes	channel-code	subject		design.inheritance	1		44	no	silent	baseline."channel":command; qmx.yaml.suppress_namespace_channels:refus
design.inheritance	channel-code+producer	plain	design.inheritance	docs/internal/plans/rule-vocabulary/X11-final-vocabulary/decision-table-population.tsv	602	2	design.inheritance	producer-rule-names	producer-rule-name	subject		design	1	design.inheritance	44	no	inert-detected	qmx.yaml.rules.<key>:refuse-loud; only_rules
design.inheritance	channel-code+producer	plain	design.inheritance	docs/internal/plans/rule-vocabulary/X11-final-vocabulary/decision-table-population.tsv	629	1	enabled	rule-option-keys	rule-option-key	shared-shorthand		<shared>	39	annotation.directive,architecture.circular-dependency,architecture.layer-violation,code-s
design.inheritance	channel-code+producer	plain	design.inheritance	docs/internal/plans/rule-vocabulary/X11-final-vocabulary/decision-table-population.tsv	630	1	error	rule-option-keys	rule-option-key	shared-shorthand		<shared>	16	code-smell.constructor-overinjection,code-smell.long-parameter-list,code-smell.unreachable-
design.inheritance	channel-code+producer	plain	design.inheritance	docs/internal/plans/rule-vocabulary/X11-final-vocabulary/decision-table-population.tsv	658	1	threshold	rule-option-keys	rule-option-key	shared-shorthand		<shared>	22	code-smell.constructor-overinjection,code-smell.long-parameter-list,code-smell.unreacha
design.inheritance	channel-code+producer	plain	design.inheritance	docs/internal/plans/rule-vocabulary/X11-final-vocabulary/decision-table-population.tsv	663	1	warning	rule-option-keys	rule-option-key	shared-shorthand		<shared>	16	code-smell.constructor-overinjection,code-smell.long-parameter-list,code-smell.unreachabl
design.inheritance	channel-code+producer	plain	design.inheritance	docs/internal/plans/rule-vocabulary/X11-final-vocabulary/decision-table-population.tsv	693	1	dit-error	cli-flag-aliases	cli-flag-alias	rule+option		design.inheritance	1	error			refuse-loud	check --<alias>:refuse-loud	no
design.inheritance	channel-code+producer	plain	design.inheritance	docs/internal/plans/rule-vocabulary/X11-final-vocabulary/decision-table-population.tsv	694	1	dit-warning	cli-flag-aliases	cli-flag-alias	rule+option		design.inheritance	1	warning			refuse-loud	check --<alias>:refuse-loud	no
design.inheritance	channel-code+producer	plain	design.inheritance	docs/internal/plans/rule-vocabulary/X11-final-vocabulary/decision-table.tsv	130	1	#          design.inheritance      -> design.dit
design.inheritance	channel-code+producer	plain	design.inheritance	docs/internal/plans/rule-vocabulary/X11-final-vocabulary/decision-table.tsv	368	1	#   design.inheritance (channel-code) -> design.dit
design.inheritance	channel-code+producer	plain	design.inheritance	docs/internal/plans/rule-vocabulary/X11-final-vocabulary/decision-table.tsv	369	1	#   design.inheritance (producer-rule-name) -> design.dit
design.inheritance	channel-code+producer	plain	design.inheritance	docs/internal/plans/rule-vocabulary/X11-final-vocabulary/decision-table.tsv	414	2	design.inheritance	channel-codes	channel-code	subject	magnitude:higher:judges=design.dit	rename	design.dit	RENAMED to design.dit under the owner's rule of 2026-
design.inheritance	channel-code+producer	plain	design.inheritance	docs/internal/plans/rule-vocabulary/X11-final-vocabulary/decision-table.tsv	464	1	design.dit	metric-keys	metric-key	abbreviation		keep	design.dit	KEEP, for the reason given on complexity.ccn: the dit/inheritance pair is closed by renaming the
design.inheritance	channel-code+producer	plain	design.inheritance	docs/internal/plans/rule-vocabulary/X11-final-vocabulary/decision-table.tsv	547	1	design.inheritance	producer-rule-names	producer-rule-name	subject		rename	design.dit	The producer name and the channel code of this spelling are the SAME declar
design.inheritance	channel-code+producer	plain	design.inheritance	docs/internal/plans/rule-vocabulary/X11-final-vocabulary/decision-table.tsv	638	2	dit-error	cli-flag-aliases	cli-flag-alias	rule+option		keep	dit-error	Rule+option alias: `dit-error` sets `error` on design.inheritance. Its owner design.inheri
design.inheritance	channel-code+producer	plain	design.inheritance	docs/internal/plans/rule-vocabulary/X11-final-vocabulary/decision-table.tsv	639	2	dit-warning	cli-flag-aliases	cli-flag-alias	rule+option		keep	dit-warning	Rule+option alias: `dit-warning` sets `warning` on design.inheritance. Its owner desig
design.inheritance	channel-code+producer	plain	design.inheritance	docs/internal/plans/rule-vocabulary/X11-final-vocabulary/enumeration-channel-naming.tsv	190	2	design.inheritance	design	design.inheritance	yes	src/Analysis/Evidence/Design/Inheritance/InheritanceRule.php:139	design.dit	subject	noun	no	no	44	6	11	20	4
design.inheritance	channel-code+producer	plain	design.inheritance	docs/internal/plans/rule-vocabulary/X11-final-vocabulary/enumeration-metric-key-naming.tsv	325	2	design.dit	design	dit	abbreviation	yes	Depth of Inheritance Tree	class	.avg,.count,.max,.p95	design.inheritance	no	yes: computed_metrics; threshold only via cha
design.inheritance	channel-code+producer	plain	design.inheritance	docs/internal/plans/rule-vocabulary/X11-final-vocabulary/enumeration-runtime-witness.tsv	214	1	channel	design.inheritance	check_json_case-design,check_json_finding-gate,check_json_noc-forced,check_json_tests
design.inheritance	channel-code+producer	plain	design.inheritance	docs/internal/plans/rule-vocabulary/X11-final-vocabulary/followups/adr.md	17	1	`design.inheritance → design.dit`, each with the producer name of the same
design.inheritance	channel-code+producer	plain	design.inheritance	docs/internal/plans/rule-vocabulary/X3-followups/enumeration-producer-enablement.tsv	32	1	design.inheritance	InheritanceRule	InheritanceOptions	flat	1	isEnabled@src/Analysis/Evidence/Design/Inheritance/InheritanceRule.php:63
design.inheritance	channel-code+producer	plain	design.inheritance	docs/internal/plans/rule-vocabulary/X8-one-string-two-jobs/01-declared-relation.md	26	1	`maintainability.index` — `maintainability.mi`, `design.inheritance` —
design.inheritance	channel-code+producer	plain	design.inheritance	docs/internal/plans/rule-vocabulary/X8-one-string-two-jobs/04-final-naming-step.md	127	1	| три пары «слово против написания»: `complexity.cyclomatic`/`ccn`, `maintainability.index`/`mi`, `design.inheritance`/`dit` | метрики 972 вхождения, каналы 137
design.inheritance	channel-code+producer	plain	design.inheritance	docs/internal/plans/rule-vocabulary/X8-one-string-two-jobs/enumeration-channels.tsv	50	2	design.inheritance	design.inheritance	Design	magnitude	higher	class	design.dit	design.dit	src/Analysis/Evidence/Design/Inheritance/InheritanceRule.php:75,121 ($
design.inheritance	channel-code+producer	plain	design.inheritance	docs/internal/plans/rule-vocabulary/X8-one-string-two-jobs/enumeration-metric-keys.tsv	33	1	design.dit	DESIGN_DIT	src/Analysis/Evidence/Design/Inheritance/InheritanceDepthCollector.php	N	design.inheritance	NONE	NONE
design.inheritance	channel-code+producer	plain	design.inheritance	docs/internal/plans/rule-vocabulary/X8-one-string-two-jobs/enumeration-overlap-sites.tsv	62	1	src/Analysis/Finding/RuleConfiguration/RuleThresholdKeyGroupRegistry.php	123	design.type-coverage.param	rule-name	none-already-allowed	src/Analysis/Finding/Rule
design.inheritance	channel-code+producer	plain	design.inheritance	docs/internal/plans/rule-vocabulary/X8-one-string-two-jobs/enumeration-overlap-sites.tsv	63	1	src/Analysis/Finding/RuleConfiguration/RuleThresholdKeyGroupRegistry.php	126	design.type-coverage.return	rule-name	none-already-allowed	src/Analysis/Finding/Rul
design.inheritance	channel-code+producer	plain	design.inheritance	docs/internal/plans/rule-vocabulary/X8-one-string-two-jobs/enumeration-overlap-sites.tsv	64	1	src/Analysis/Finding/RuleConfiguration/RuleThresholdKeyGroupRegistry.php	129	design.type-coverage.property	rule-name	none-already-allowed	src/Analysis/Finding/R
design.inheritance	channel-code+producer	plain	design.inheritance	docs/internal/plans/rule-vocabulary/X8-one-string-two-jobs/enumeration-overlap-sites.tsv	65	1	src/Analysis/Finding/RuleConfiguration/RuleThresholdKeyGroupRegistry.php	147	complexity.cognitive	rule-name	none-already-allowed	src/Analysis/Finding/RuleConfig
design.inheritance	channel-code+producer	plain	design.inheritance	docs/internal/plans/rule-vocabulary/X8-one-string-two-jobs/enumeration-overlap-sites.tsv	66	1	src/Analysis/Finding/RuleConfiguration/RuleThresholdKeyGroupRegistry.php	152	complexity.npath	rule-name	none-already-allowed	src/Analysis/Finding/RuleConfigurat
design.inheritance	channel-code+producer	plain	design.inheritance	docs/internal/plans/rule-vocabulary/X8-one-string-two-jobs/enumeration-overlap-sites.tsv	67	1	src/Analysis/Finding/RuleConfiguration/RuleThresholdKeyGroupRegistry.php	165	coupling.cbo	rule-name	none-already-allowed	src/Analysis/Finding/RuleConfiguration/
design.inheritance	channel-code+producer	plain	design.inheritance	docs/internal/plans/rule-vocabulary/X8-one-string-two-jobs/enumeration-overlap-sites.tsv	68	1	src/Analysis/Finding/RuleConfiguration/RuleThresholdKeyGroupRegistry.php	175	coupling.instability	rule-name	none-already-allowed	src/Analysis/Finding/RuleConfig
design.inheritance	channel-code+producer	plain	design.inheritance	docs/internal/plans/rule-vocabulary/X8-one-string-two-jobs/enumeration-overlap-sites.tsv	69	1	src/Analysis/Finding/RuleConfiguration/RuleThresholdKeyGroupRegistry.php	184	coupling.distance	rule-name	none-already-allowed	src/Analysis/Finding/RuleConfigura
design.inheritance	channel-code+producer	plain	design.inheritance	docs/internal/plans/rule-vocabulary/X8-one-string-two-jobs/enumeration-overlap-sites.tsv	70	1	src/Analysis/Finding/RuleConfiguration/RuleThresholdKeyGroupRegistry.php	191	coupling.class-rank	rule-name	none-already-allowed	src/Analysis/Finding/RuleConfigu
design.inheritance	channel-code+producer	plain	design.inheritance	docs/internal/plans/rule-vocabulary/X8-one-string-two-jobs/enumeration-overlap-sites.tsv	71	1	src/Analysis/Finding/RuleConfiguration/RuleThresholdKeyGroupRegistry.php	212	code-smell.unreachable-code	rule-name	none-already-allowed	src/Analysis/Finding/Rul
design.inheritance	channel-code+producer	plain	design.inheritance	docs/internal/plans/rule-vocabulary/X8-one-string-two-jobs/enumeration-overlap-sites.tsv	72	1	src/Analysis/Finding/RuleConfiguration/RuleThresholdKeyGroupRegistry.php	222	size.method-count	rule-name	none-already-allowed	src/Analysis/Finding/RuleConfigura
design.inheritance	channel-code+producer	plain	design.inheritance	docs/internal/plans/rule-vocabulary/X8-one-string-two-jobs/enumeration-overlap-sites.tsv	73	1	src/Analysis/Finding/RuleConfiguration/RuleThresholdKeyGroupRegistry.php	225	size.class-count	rule-name	none-already-allowed	src/Analysis/Finding/RuleConfigurat
design.inheritance	channel-code+producer	plain	design.inheritance	docs/internal/plans/rule-vocabulary/X8-one-string-two-jobs/enumeration-overlap-sites.tsv	74	1	src/Analysis/Finding/RuleConfiguration/RuleThresholdKeyGroupRegistry.php	228	size.property-count	rule-name	none-already-allowed	src/Analysis/Finding/RuleConfigu
design.inheritance	channel-code+producer	plain	design.inheritance	docs/internal/plans/rule-vocabulary/X8-one-string-two-jobs/enumeration-overlap-sites.tsv	75	1	src/Analysis/Finding/RuleConfiguration/RuleThresholdKeyGroupRegistry.php	236	design.noc	rule-name	none-already-allowed	src/Analysis/Finding/RuleConfiguration/Ru
design.inheritance	channel-code+producer	plain	design.inheritance	docs/internal/plans/rule-vocabulary/X8-one-string-two-jobs/enumeration-overlap-sites.tsv	76	1	src/Analysis/Finding/RuleConfiguration/RuleThresholdKeyGroupRegistry.php	239	cohesion.lcom	rule-name	none-already-allowed	src/Analysis/Finding/RuleConfiguration
design.inheritance	channel-code+producer	plain	design.inheritance	docs/internal/plans/rule-vocabulary/X8-one-string-two-jobs/enumeration-overlap-sites.tsv	77	1	src/Analysis/Finding/RuleConfiguration/RuleThresholdKeyGroupRegistry.php	242	complexity.wmc	rule-name	none-already-allowed	src/Analysis/Finding/RuleConfiguratio
design.inheritance	channel-code+producer	plain	design.inheritance	docs/internal/plans/rule-vocabulary/X9-gate-holes/followups/e3.md	32	1	`design.inheritance`, `duplication.code-duplication`).
design.inheritance	channel-code+producer	plain	design.inheritance	docs/internal/plans/rule-vocabulary/enumeration-channel-levels.tsv	50	2	design.inheritance#design.inheritance	class	no	no	C1 C2	both
design.inheritance	channel-code+producer	plain	design.inheritance	docs/internal/plans/rule-vocabulary/enumeration-channel-shapes.tsv	44	3	design.inheritance	design.inheritance#design.inheritance	magnitude	higher	class	InheritanceRule	src/Analysis/Evidence/Design/InheritanceRule.php
design.inheritance	channel-code+producer	plain	design.inheritance	docs/internal/plans/rule-vocabulary/enumeration-configured-boundary-population.tsv	155	1	design.inheritance	class	InheritanceRule	InheritanceOptions	yes	warning=4	4:->W 6:W>E	4
design.inheritance	channel-code+producer	plain	design.inheritance	docs/internal/plans/rule-vocabulary/enumeration-count-assertions.tsv	31	1	website_doc	website/docs/rules/index.md	line 50 (summary table row, rule-id `design.type-coverage`), line 219 (Design family bullet list: `design.inheritance, d
design.inheritance	channel-code+producer	plain	design.inheritance	docs/internal/plans/rule-vocabulary/enumeration-magnitude-levels.tsv	2	1	design.inheritance	Magnitude	InheritanceRule	NONE-FOUND
design.inheritance	channel-code+producer	plain	design.inheritance	docs/internal/plans/rule-vocabulary/enumeration-renames.tsv	39	1	design.inheritance	channel	?		6	11	2	2	0	20	0	3	0	0	0	0
design.inheritance	channel-code+producer	plain	design.inheritance	docs/internal/plans/rule-vocabulary/enumeration-renames.tsv	166	1	design.inheritance	producer	?		6	11	2	2	0	20	0	3	0	0	0	0
design.inheritance	channel-code+producer	plain	design.inheritance	docs/internal/plans/rule-vocabulary/enumeration-rule-category.tsv	48	1	producer	design.inheritance	design	design	yes	rule class	src/Analysis/Evidence/Design/InheritanceRule.php:50-53 (NAME:35)
design.inheritance	channel-code+producer	plain	design.inheritance	docs/internal/plans/rule-vocabulary/enumeration-rules.tsv	31	2	design.inheritance	design	Analysis/Evidence/Design/InheritanceRule.php	design.inheritance	Magnitude	debt	own	-	0	no	InheritanceOptions	design	yes
design.inheritance	channel-code+producer	plain	design.inheritance	docs/internal/plans/sarif-channel-descriptions/channel-inventory.tsv	53	3	design.inheritance	design.inheritance	design.inheritance	Checks Depth of Inheritance Tree (deep hierarchies increase complexity)
design.inheritance	channel-code+producer	plain	design.inheritance	docs/internal/plans/sarif-channel-descriptions/sarif-table-coverage.tsv	19	1	design.inheritance	yes	Inheritance structure issue	Checks Depth of Inheritance Tree (deep hierarchies increase complexity)
design.inheritance	channel-code+producer	plain	design.inheritance	finding-gate/cases/design/case.json	23	1	"--rule-opt=design.inheritance:warning=3",
design.inheritance	channel-code+producer	plain	design.inheritance	finding-gate/cases/design/case.json	24	1	"--rule-opt=design.inheritance:error=5",
design.inheritance	channel-code+producer	plain	design.inheritance	finding-gate/cases/design/case.json	35	1	"design.inheritance@class",
design.inheritance	channel-code+producer	plain	design.inheritance	qmx.yaml	1704	1	design.inheritance:
design.inheritance	channel-code+producer	plain	design.inheritance	qmx.yaml.example	169	1	# design.inheritance:
design.inheritance	channel-code+producer	plain	design.inheritance	src/Analysis/Configuration/Preset/legacy.yaml	45	1	design.inheritance:
design.inheritance	channel-code+producer	plain	design.inheritance	src/Analysis/Configuration/Preset/strict.yaml	46	1	design.inheritance:
design.inheritance	channel-code+producer	plain	design.inheritance	src/Analysis/Configuration/README.md	140	1	| `--dit-warning=N`                       | design.inheritance                   | warning               |
design.inheritance	channel-code+producer	plain	design.inheritance	src/Analysis/Configuration/README.md	141	1	| `--dit-error=N`                         | design.inheritance                   | error                 |
design.inheritance	channel-code+producer	plain	design.inheritance	src/Analysis/Evidence/Design/Inheritance/InheritanceRule.php	35	1	public const string NAME = 'design.inheritance';
design.inheritance	channel-code+producer	plain	design.inheritance	src/Analysis/Evidence/Design/Inheritance/InheritanceRule.php	129	1	* `design.inheritance` reports DIT (`$ditValue` — see the emission
design.inheritance	channel-code+producer	plain	design.inheritance	src/Analysis/Finding/RuleConfiguration/RuleThresholdKeyGroupRegistry.php	232	1	// design.inheritance / design.noc / cohesion.lcom / complexity.wmc — flat, bare.
design.inheritance	channel-code+producer	plain	design.inheritance	src/Analysis/Finding/RuleConfiguration/RuleThresholdKeyGroupRegistry.php	233	1	'design.inheritance' => [
design.inheritance	channel-code+producer	plain	design.inheritance	tests/Analysis/Evidence/Design/Unit/Inheritance/InheritanceRuleTest.php	31	1	self::assertSame('design.inheritance', $rule->getName());
design.inheritance	channel-code+producer	plain	design.inheritance	tests/Analysis/Evidence/Design/Unit/Inheritance/InheritanceRuleTest.php	118	1	self::assertSame('design.inheritance', $findings[0]->ruleName);
design.inheritance	channel-code+producer	plain	design.inheritance	tests/Analysis/Evidence/Prioritization/Support/StubRemediationMinutes.php	45	1	'design.inheritance' => 30,
design.inheritance	channel-code+producer	plain	design.inheritance	tests/Analysis/Finding/Fixtures/Channels/declared.txt	109	1	design.inheritance higher class judges:design.dit
design.inheritance	channel-code+producer	plain	design.inheritance	tests/Analysis/Finding/Fixtures/Channels/order.txt	45	1	design.inheritance
design.inheritance	channel-code+producer	plain	design.inheritance	tests/Analysis/Finding/Integration/RuleIdentifierLiteralGuardTest.php	188	1	'design.inheritance' => self::RULE_THRESHOLD_KEY_GROUP_REASON,
design.inheritance	channel-code+producer	plain	design.inheritance	tests/Analysis/Policy/Baseline/Functional/ConfiguredWarningBoundaryMapTest.php	51	1	'design.inheritance' => ['class' => 4],
design.inheritance	channel-code+producer	plain	design.inheritance	tests/Unit/Reporting/Formatter/SarifFormatterTest.php	33	1	* channels (`cohesion.lcom`, `design.inheritance`, `code-smell.boolean-argument`)
design.inheritance	channel-code+producer	plain	design.inheritance	tests/Unit/Reporting/Formatter/SarifFormatterTest.php	395	1	ruleName: 'design.inheritance',
design.inheritance	channel-code+producer	plain	design.inheritance	tests/Unit/Reporting/Formatter/SarifFormatterTest.php	396	1	code: 'design.inheritance',
design.inheritance	channel-code+producer	plain	design.inheritance	tests/Unit/Reporting/Formatter/SarifFormatterTest.php	417	1	if ($rule['id'] === 'design.inheritance') {
design.inheritance	channel-code+producer	plain	design.inheritance	website/docs/reference/default-thresholds.md	45	1	| DIT                     | `design.inheritance`            | 4          | 6          | Class |
design.inheritance	channel-code+producer	plain	design.inheritance	website/docs/reference/default-thresholds.ru.md	45	1	| DIT                        | `design.inheritance`            | 4         | 6         | Класс   |
design.inheritance	channel-code+producer	plain	design.inheritance	website/docs/reference/remediation-time.md	35	1	| DIT (Inheritance Depth) | `design.inheritance`            | 30      |
design.inheritance	channel-code+producer	plain	design.inheritance	website/docs/reference/remediation-time.ru.md	35	1	| DIT (глубина наследования) | `design.inheritance`            | 30     |
design.inheritance	channel-code+producer	plain	design.inheritance	website/docs/rules/design.md	101	1	**Rule ID:** `design.inheritance`
design.inheritance	channel-code+producer	plain	design.inheritance	website/docs/rules/design.md	197	1	design.inheritance:
design.inheritance	channel-code+producer	plain	design.inheritance	website/docs/rules/design.md	203	1	bin/qmx check src/ --rule-opt="design.inheritance:warning=5"
design.inheritance	channel-code+producer	plain	design.inheritance	website/docs/rules/design.md	204	1	bin/qmx check src/ --rule-opt="design.inheritance:error=7"
design.inheritance	channel-code+producer	plain	design.inheritance	website/docs/rules/design.ru.md	101	1	**Rule ID:** `design.inheritance`
design.inheritance	channel-code+producer	plain	design.inheritance	website/docs/rules/design.ru.md	197	1	design.inheritance:
design.inheritance	channel-code+producer	plain	design.inheritance	website/docs/rules/design.ru.md	203	1	bin/qmx check src/ --rule-opt="design.inheritance:warning=5"
design.inheritance	channel-code+producer	plain	design.inheritance	website/docs/rules/design.ru.md	204	1	bin/qmx check src/ --rule-opt="design.inheritance:error=7"
design.inheritance	channel-code+producer	plain	design.inheritance	website/docs/rules/index.md	54	1	| [Inheritance Depth](design.md)       | `design.inheritance`            | How deep the inheritance chain is                      | 4               | 6
design.inheritance	channel-code+producer	plain	design.inheritance	website/docs/rules/index.md	227	1	- **Design:** `design.inheritance`, `design.noc`, `design.type-coverage.param`, `design.type-coverage.return`, `design.type-coverage.property`, `design.data-cla
design.inheritance	channel-code+producer	plain	design.inheritance	website/docs/rules/index.ru.md	54	1	| [Глубина наследования](design.ru.md)       | `design.inheritance`            | Глубина цепочки наследования                                   | 4           |
design.inheritance	channel-code+producer	plain	design.inheritance	website/docs/rules/index.ru.md	227	1	- **Design:** `design.inheritance`, `design.noc`, `design.type-coverage.param`, `design.type-coverage.return`, `design.type-coverage.property`, `design.data-cla
design.inheritance	channel-code+producer	plain	design.inheritance	website/docs/usage/cli-options.md	698	1	| `--dit-warning=N`                    | design.inheritance            | warning             |
design.inheritance	channel-code+producer	plain	design.inheritance	website/docs/usage/cli-options.md	699	1	| `--dit-error=N`                      | design.inheritance            | error               |
design.inheritance	channel-code+producer	plain	design.inheritance	website/docs/usage/cli-options.ru.md	697	1	| `--dit-warning=N`                    | design.inheritance            | warning             |
design.inheritance	channel-code+producer	plain	design.inheritance	website/docs/usage/cli-options.ru.md	698	1	| `--dit-error=N`                      | design.inheritance            | error               |
design.type-coverage.pct	metric-key	plain	design.type-coverage.pct	docs/adr/0048-the-final-published-name-vocabulary.md	265	1	| `design.type-coverage.pct`     | `design.type-coverage.all`  | metric key                              |
design.type-coverage.pct	metric-key	plain	design.type-coverage.pct	docs/adr/0048-the-final-published-name-vocabulary.md	311	1	**`design.type-coverage.pct` → `design.type-coverage.all`.** The leaf named a
design.type-coverage.pct	metric-key	plain	design.type-coverage.pct	docs/adr/0048-the-final-published-name-vocabulary.md	326	1	`m["design.type-coverage.pct"]` (`ComputedMetricDefaults.php:85`), so the
design.type-coverage.pct	metric-key	plain	design.type-coverage.pct	docs/adr/README.md	92	1	- [0048 — The Final Published Name Vocabulary](0048-the-final-published-name-vocabulary.md) — every name the product publishes, in every role, ruled on in one d
design.type-coverage.pct	metric-key	plain	design.type-coverage.pct	docs/internal/plans/rule-vocabulary/PLAN.md	4634	1	регистре и без семейства, и `typeCoverage.pct` → `design.type-coverage.pct` даёт
design.type-coverage.pct	metric-key	plain	design.type-coverage.pct	docs/internal/plans/rule-vocabulary/X11-final-vocabulary/decision-table-population.tsv	530	1	design.type-coverage.pct	metric-keys	metric-key	mixed		design	1		40	no	silent	qmx.yaml.computed_metrics.formula:refuse-loud; format=metrics/json/html metric fie
design.type-coverage.pct	metric-key	plain	design.type-coverage.pct	docs/internal/plans/rule-vocabulary/X11-final-vocabulary/decision-table.tsv	234	1	#     - design.type-coverage.pct (RENAME to design.type-coverage.all) — the
design.type-coverage.pct	metric-key	plain	design.type-coverage.pct	docs/internal/plans/rule-vocabulary/X11-final-vocabulary/decision-table.tsv	301	1	#     with design.type-coverage.pct's 40 the whole step is 1074. That is the
design.type-coverage.pct	metric-key	plain	design.type-coverage.pct	docs/internal/plans/rule-vocabulary/X11-final-vocabulary/decision-table.tsv	370	1	#   design.type-coverage.pct (metric-key) -> design.type-coverage.all
design.type-coverage.pct	metric-key	plain	design.type-coverage.pct	docs/internal/plans/rule-vocabulary/X11-final-vocabulary/decision-table.tsv	475	1	design.type-coverage.pct	metric-keys	metric-key	mixed		rename	design.type-coverage.all	RENAMED to design.type-coverage.all. The leaf named a UNIT where its thre
design.type-coverage.pct	metric-key	plain	design.type-coverage.pct	docs/internal/plans/rule-vocabulary/X11-final-vocabulary/enumeration-metric-key-naming.tsv	324	1	design.type-coverage.pct	design	type-coverage.pct	mixed	no		class	(none)		no	yes: computed_metrics	40	13	25	2	0	trailing token "pct" (percent) is an abbreviatio
design.type-coverage.pct	metric-key	plain	design.type-coverage.pct	docs/internal/plans/rule-vocabulary/X11-final-vocabulary/enumeration-runtime-witness.tsv	365	1	metric-key	design.type-coverage.pct	check_metrics_case-health,check_metrics_finding-gate,check_metrics_mi-forced,check_metrics_noc-forced,check_metrics_src_defa
design.type-coverage.pct	metric-key	plain	design.type-coverage.pct	docs/internal/plans/rule-vocabulary/X8-one-string-two-jobs/enumeration-metric-keys.tsv	32	1	design.type-coverage.pct	DESIGN_TYPE_COVERAGE_PCT	src/Analysis/Evidence/Design/TypeCoverage/TypeCoveragePercentCollector.php	N	NONE	NONE	NONE
design.type-coverage.pct	metric-key	plain	design.type-coverage.pct	docs/internal/plans/rule-vocabulary/X9-gate-holes/enumeration-c1-catalog.tsv	73	1	design.type-coverage.pct	yes	yes
design.type-coverage.pct	metric-key	plain	design.type-coverage.pct	docs/internal/plans/rule-vocabulary/X9-gate-holes/enumeration-js-metric-keys.tsv	87	1	test	tests/hints.test.js	208	design.type-coverage.pct	yes
design.type-coverage.pct	metric-key	plain	design.type-coverage.pct	docs/internal/plans/rule-vocabulary/X9-gate-holes/enumeration-js-metric-keys.tsv	109	1	test	tests/hints.test.js	268	design.type-coverage.pct	yes
design.type-coverage.pct	metric-key	plain	design.type-coverage.pct	docs/internal/plans/rule-vocabulary/X9-gate-holes/enumeration-js-metric-keys.tsv	132	1	test	tests/hints.test.js	314	design.type-coverage.pct	yes
design.type-coverage.pct	metric-key	plain	design.type-coverage.pct	docs/internal/plans/rule-vocabulary/X9-gate-holes/enumeration-js-metric-keys.tsv	133	1	test	tests/hints.test.js	314	design.type-coverage.pct	yes
design.type-coverage.pct	metric-key	plain	design.type-coverage.pct	docs/internal/plans/rule-vocabulary/X9-gate-holes/enumeration-js-metric-keys.tsv	204	1	test	tests/hints.test.js	515	design.type-coverage.pct	yes
design.type-coverage.pct	metric-key	plain	design.type-coverage.pct	docs/internal/plans/rule-vocabulary/X9-gate-holes/enumeration-js-metric-keys.tsv	205	1	test	tests/hints.test.js	516	design.type-coverage.pct	yes
design.type-coverage.pct	metric-key	plain	design.type-coverage.pct	docs/internal/plans/rule-vocabulary/X9-gate-holes/enumeration-js-metric-keys.tsv	206	1	test	tests/hints.test.js	517	design.type-coverage.pct	yes
design.type-coverage.pct	metric-key	plain	design.type-coverage.pct	docs/internal/plans/rule-vocabulary/X9-gate-holes/enumeration-js-metric-keys.tsv	236	1	test	tests/hints.test.js	628	design.type-coverage.pct	yes
design.type-coverage.pct	metric-key	plain	design.type-coverage.pct	docs/internal/plans/rule-vocabulary/enumeration-renames-executed.tsv	104	1	typeCoverage.pct	metric-key	design.type-coverage.pct	Ш5e3
design.type-coverage.pct	metric-key	plain	design.type-coverage.pct	docs/internal/plans/rule-vocabulary/enumeration-renames.tsv	94	1	design.type-coverage.pct	metric-key	?		13	25	0	0	0	2	0	0	0	0	0	0
design.type-coverage.pct	metric-key	plain	design.type-coverage.pct	src/Analysis/Evidence/ComputedMetrics/ComputedMetricDefaults.php	85	1	SymbolLevel::Class_->value => 'clamp(m["design.type-coverage.pct"] ?? 0, 0, 100)',
design.type-coverage.pct	metric-key	plain	design.type-coverage.pct	src/Analysis/Evidence/ComputedMetrics/Health/Metadata/HealthDimensionCatalog.php	29	1	['key' => 'design.type-coverage.pct', 'altKey' => null, 'label' => 'Coverage', 'ideal' => '100%', 'direction' => 'higher'],
design.type-coverage.pct	metric-key	plain	design.type-coverage.pct	src/Analysis/Evidence/ComputedMetrics/Health/Metadata/MetricHintCatalog.php	217	1	'design.type-coverage.pct' => [
design.type-coverage.pct	metric-key	plain	design.type-coverage.pct	src/Analysis/Evidence/ComputedMetrics/Health/Metadata/MetricHintCatalog.php	397	1	'design.type-coverage.pct' => [
design.type-coverage.pct	metric-key	plain	design.type-coverage.pct	src/Analysis/Evidence/Measurement/Contract/MetricName.php	78	1	public const string DESIGN_TYPE_COVERAGE_PCT = 'design.type-coverage.pct';
design.type-coverage.pct	metric-key	plain	design.type-coverage.pct	src/Reporting/Template/tests/hints.test.js	208	1	'design.type-coverage.pct': {
design.type-coverage.pct	metric-key	plain	design.type-coverage.pct	src/Reporting/Template/tests/hints.test.js	268	1	{ key: 'design.type-coverage.pct', altKey: null, label: 'Coverage', ideal: '100%', direction: 'higher' },
design.type-coverage.pct	metric-key	plain	design.type-coverage.pct	src/Reporting/Template/tests/hints.test.js	314	2	expect(resolveBaseKey('design.type-coverage.pct')).toBe('design.type-coverage.pct');
design.type-coverage.pct	metric-key	plain	design.type-coverage.pct	src/Reporting/Template/tests/hints.test.js	515	1	expect(getMetricHint('design.type-coverage.pct', 30)).toBe('Low type coverage');
design.type-coverage.pct	metric-key	plain	design.type-coverage.pct	src/Reporting/Template/tests/hints.test.js	516	1	expect(getMetricHint('design.type-coverage.pct', 60)).toBe('Moderate type coverage');
design.type-coverage.pct	metric-key	plain	design.type-coverage.pct	src/Reporting/Template/tests/hints.test.js	517	1	expect(getMetricHint('design.type-coverage.pct', 95)).toBe('Good type coverage');
design.type-coverage.pct	metric-key	plain	design.type-coverage.pct	src/Reporting/Template/tests/hints.test.js	628	1	'design.type-coverage.pct': 85,
design.type-coverage.pct	metric-key	plain	design.type-coverage.pct	tests/Analysis/Evidence/ComputedMetrics/Health/Unit/HealthDimensionCatalogTest.php	39	1	self::assertSame(['design.type-coverage.pct'], $this->provider->getDecomposition('health.typing'));
design.type-coverage.pct	metric-key	plain	design.type-coverage.pct	tests/Analysis/Evidence/ComputedMetrics/Health/Unit/MetricHintCatalogTest.php	162	1	self::assertSame('well-typed code', $this->provider->getExplanation('design.type-coverage.pct', 90.0));
design.type-coverage.pct	metric-key	plain	design.type-coverage.pct	tests/Analysis/Evidence/ComputedMetrics/Health/Unit/MetricHintCatalogTest.php	163	1	self::assertSame('missing type declarations', $this->provider->getExplanation('design.type-coverage.pct', 50.0));
design.type-coverage.pct	metric-key	plain	design.type-coverage.pct	tests/Analysis/Evidence/ComputedMetrics/Unit/ComputedMetricEvaluatorTest.php	227	1	'design.type-coverage.pct' => 80.0,
design.type-coverage.pct	metric-key	plain	design.type-coverage.pct	tests/Analysis/Evidence/ComputedMetrics/Unit/ComputedMetricEvaluatorTest.php	272	1	'design.type-coverage.pct' => 100.0,
design.type-coverage.pct	metric-key	plain	design.type-coverage.pct	tests/Analysis/Evidence/Measurement/Integration/Aggregation/GoldenFileAggregationTest.php	478	1	self::assertSame(100.0, $class->get('design.type-coverage.pct'));
design.type-coverage.pct	metric-key	plain	design.type-coverage.pct	tests/Analysis/Evidence/Measurement/Integration/Aggregation/GoldenFileAggregationTest.php	484	1	self::assertNull($method->get('design.type-coverage.pct'));
design.type-coverage.pct	metric-key	plain	design.type-coverage.pct	tests/Analysis/Evidence/Measurement/Integration/Aggregation/GoldenFileAggregationTest.php	487	1	self::assertSame(100.0, $emptyClass->get('design.type-coverage.pct'), 'empty class surface is fully typed');
design.type-coverage.pct	metric-key	plain	design.type-coverage.pct	tests/Analysis/Evidence/Measurement/Unit/FileMeasurement/CompositeCollectorTest.php	454	1	$derivedCollector->method('provides')->willReturn(['design.type-coverage.pct']);
design.type-coverage.pct	metric-key	plain	design.type-coverage.pct	tests/Analysis/Evidence/Measurement/Unit/FileMeasurement/CompositeCollectorTest.php	456	1	new MetricDefinition('design.type-coverage.pct', SymbolLevel::Class_),
design.type-coverage.pct	metric-key	plain	design.type-coverage.pct	tests/Analysis/Evidence/Measurement/Unit/FileMeasurement/CompositeCollectorTest.php	460	1	'design.type-coverage.pct',
design.type-coverage.pct	metric-key	plain	design.type-coverage.pct	tests/Analysis/Evidence/Measurement/Unit/FileMeasurement/CompositeCollectorTest.php	473	1	self::assertSame(100.0, $result->metrics->get($this->derivedSubjectKey('design.type-coverage.pct', $class->subject)));
design.type-coverage.pct	metric-key	plain	design.type-coverage.pct	tests/Analysis/Evidence/Measurement/Unit/FileMeasurement/CompositeCollectorTest.php	474	1	self::assertFalse($result->metrics->has('design.type-coverage.pct:callable:' . $class->declarationPath->toCanonical()));
design.type-coverage.pct	metric-key	plain	design.type-coverage.pct	tests/Analysis/Evidence/Measurement/Unit/FileMeasurement/DerivedMetricExtractorTest.php	109	1	$derivedCollector->method('provides')->willReturn(['maintainability.mi', 'design.type-coverage.pct']);
design.type-coverage.pct	metric-key	plain	design.type-coverage.pct	tests/Analysis/Evidence/Measurement/Unit/FileMeasurement/DerivedMetricExtractorTest.php	112	1	new MetricDefinition('design.type-coverage.pct', SymbolLevel::Class_),
design.type-coverage.pct	metric-key	plain	design.type-coverage.pct	tests/Analysis/Evidence/Measurement/Unit/FileMeasurement/DerivedMetricExtractorTest.php	140	1	$this->derivedClassKey('design.type-coverage.pct', $class) => 100.0,
design.type-coverage.pct	metric-key	plain	design.type-coverage.pct	tests/Analysis/Evidence/Measurement/Unit/FileMeasurement/DerivedMetricExtractorTest.php	148	1	self::assertNull($repository->getSubject($this->declarationSubject($callable))->get('design.type-coverage.pct'));
design.type-coverage.pct	metric-key	plain	design.type-coverage.pct	tests/Analysis/Evidence/Measurement/Unit/FileMeasurement/DerivedMetricExtractorTest.php	149	1	self::assertSame(100.0, $repository->getSubject($class->subject)->get('design.type-coverage.pct'));
design.type-coverage.pct	metric-key	plain	design.type-coverage.pct	tests/Analysis/Run/Unit/Collection/CollectionOrchestratorTest.php	254	1	$derivedCollector->method('provides')->willReturn(['design.type-coverage.pct']);
design.type-coverage.pct	metric-key	plain	design.type-coverage.pct	tests/Analysis/Run/Unit/Collection/CollectionOrchestratorTest.php	256	1	new MetricDefinition('design.type-coverage.pct', SymbolLevel::Class_),
design.type-coverage.pct	metric-key	plain	design.type-coverage.pct	tests/Analysis/Run/Unit/Collection/CollectionOrchestratorTest.php	265	1	'design.type-coverage.pct:' . $firstSubject->toCanonical() => 100.0,
design.type-coverage.pct	metric-key	plain	design.type-coverage.pct	tests/Analysis/Run/Unit/Collection/CollectionOrchestratorTest.php	266	1	'design.type-coverage.pct:' . $secondSubject->toCanonical() => 50.0,
design.type-coverage.pct	metric-key	plain	design.type-coverage.pct	tests/Analysis/Run/Unit/Collection/CollectionOrchestratorTest.php	299	1	self::assertSame(100.0, $repository->getSubject($firstSubject)->get('design.type-coverage.pct'));
design.type-coverage.pct	metric-key	plain	design.type-coverage.pct	tests/Analysis/Run/Unit/Collection/CollectionOrchestratorTest.php	300	1	self::assertSame(50.0, $repository->getSubject($secondSubject)->get('design.type-coverage.pct'));
design.type-coverage.pct	metric-key	plain	design.type-coverage.pct	tests/Unit/Reporting/Health/HealthHintProjectorTest.php	35	1	$expectedKeys = ['complexity.ccn', 'complexity.cognitive', 'complexity.npath', 'cohesion.lcom', 'cohesion.tcc', 'cohesion.lcc', 'complexity.wmc', 'coupl
design.type-coverage.pct	metric-key	plain	design.type-coverage.pct	website/docs/reference/health-scores.md	220	1	| `design.type-coverage.pct`                | class                     |
design.type-coverage.pct	metric-key	plain	design.type-coverage.pct	website/docs/reference/health-scores.ru.md	245	1	| `design.type-coverage.pct`                                                           | Процент покрытия типами                          | class
duplication.code-duplication	channel-code+producer	plain	duplication.code-duplication	AGENTS.md	293	1	- **Duplication detection** is memory-intensive (stores tokens of all matching files). Automatically skipped when `duplication.code-duplication` rule is disable
duplication.code-duplication	channel-code+producer	plain	duplication.code-duplication	CHANGELOG.md	139	1	`duplication.code-duplication` — the exact name, `:project`, or a group like
duplication.code-duplication	channel-code+producer	plain	duplication.code-duplication	CHANGELOG.md	148	1	instead (`disabled_rules: [duplication.code-duplication]` /
duplication.code-duplication	channel-code+producer	plain	duplication.code-duplication	CHANGELOG.md	149	1	`--disable-rule=duplication.code-duplication`), or accept the occurrence in
duplication.code-duplication	channel-code+producer	plain	duplication.code-duplication	CHANGELOG.md	155	1	also no longer silences a `duplication.code-duplication` finding by covering
duplication.code-duplication	channel-code+producer	plain	duplication.code-duplication	CHANGELOG.md	157	1	below. A bare directive that silenced only a `duplication.code-duplication`
duplication.code-duplication	channel-code+producer	plain	duplication.code-duplication	CHANGELOG.md	297	1	- A rule stops running as soon as the disable selectors, taken together, silence every level of every channel it emits — `--disable-rule=duplication.code-duplic
duplication.code-duplication	channel-code+producer	plain	duplication.code-duplication	CHANGELOG.md	532	1	- `duplication.code-duplication` no longer flags a duplicate block that lies *entirely* inside a `const` array or a static/instance property's array-literal ini
duplication.code-duplication	channel-code+producer	plain	duplication.code-duplication	CHANGELOG.md	828	1	- **New rules**: `code-smell.long-parameter-list`, `code-smell.unreachable-code`, `code-smell.identical-subexpression`, `design.god-class` (Lanza & Marinescu),
duplication.code-duplication	channel-code+producer	plain	duplication.code-duplication	CLAUDE.md	293	1	- **Duplication detection** is memory-intensive (stores tokens of all matching files). Automatically skipped when `duplication.code-duplication` rule is disable
duplication.code-duplication	channel-code+producer	plain	duplication.code-duplication	docs/adr/0046-a-channel-declares-the-metric-it-judges.md	133	1	`duplication.code-duplication`, `design.god-class`).
duplication.code-duplication	channel-code+producer	plain	duplication.code-duplication	docs/adr/0048-the-final-published-name-vocabulary.md	263	1	| `duplication.code-duplication` | `duplication.clone`         | channel code **and** producer rule name |
duplication.code-duplication	channel-code+producer	plain	duplication.code-duplication	docs/adr/0048-the-final-published-name-vocabulary.md	283	1	**`duplication.code-duplication` → `duplication.clone`.** It is the only
duplication.code-duplication	channel-code+producer	plain	duplication.code-duplication	docs/adr/0048-the-final-published-name-vocabulary.md	640	1	half while the option word stays, so `duplication.code-duplication:min-tokens`
duplication.code-duplication	channel-code+producer	plain	duplication.code-duplication	docs/adr/README.md	92	1	- [0048 — The Final Published Name Vocabulary](0048-the-final-published-name-vocabulary.md) — every name the product publishes, in every role, ruled on in one d
duplication.code-duplication	channel-code+producer	plain	duplication.code-duplication	docs/internal/benchmark-baselines.json	184	1	"duplication.code-duplication"
duplication.code-duplication	channel-code+producer	plain	duplication.code-duplication	docs/internal/generated/modular-architecture/test-phpunit-discovery.txt	2891	1	- Qualimetrix\Tests\Analysis\Evidence\Prioritization\Unit\Debt\RemediationTimeRegistryTest::itReturnsTheInjectedBaseMinutesForKnownRule"duplication.code-duplic
duplication.code-duplication	channel-code+producer	plain	duplication.code-duplication	docs/internal/generated/modular-architecture/test-phpunit-discovery.txt	4180	1	- Qualimetrix\Tests\Analysis\Finding\Unit\RuleThresholdKeyGroupRegistryDriftTest::everyDeclaredKeyStillAffectsTheRealOptionsInstance"duplication.code-duplicati
duplication.code-duplication	channel-code+producer	plain	duplication.code-duplication	docs/internal/generated/modular-architecture/test-phpunit-discovery.txt	4181	1	- Qualimetrix\Tests\Analysis\Finding\Unit\RuleThresholdKeyGroupRegistryDriftTest::everyDeclaredKeyStillAffectsTheRealOptionsInstance"duplication.code-duplicati
duplication.code-duplication	channel-code+producer	plain	duplication.code-duplication	docs/internal/generated/modular-architecture/test-phpunit-discovery.txt	4182	1	- Qualimetrix\Tests\Analysis\Finding\Unit\RuleThresholdKeyGroupRegistryDriftTest::everyDeclaredKeyStillAffectsTheRealOptionsInstance"duplication.code-duplicati
duplication.code-duplication	channel-code+producer	plain	duplication.code-duplication	docs/internal/generated/modular-architecture/test-phpunit-discovery.txt	4222	1	- Qualimetrix\Tests\Analysis\Finding\Unit\RuleThresholdKeyGroupRegistryDriftTest::everyRegistryEntryCorrespondsToARealThresholdParserCallSite"duplication.code-
duplication.code-duplication	channel-code+producer	plain	duplication.code-duplication	docs/internal/generated/modular-architecture/test-phpunit-discovery.txt	4254	1	- Qualimetrix\Tests\Analysis\Finding\Unit\RuleThresholdKeyGroupRegistryDriftTest::everyThresholdParserCallSiteHasAMatchingRegistryEntry"duplication.code-duplic
duplication.code-duplication	channel-code+producer	plain	duplication.code-duplication	docs/internal/generated/suppression/composition.tsv	175	2	rule-path-suppression	duplication.code-duplication	duplication.code-duplication	src/Analysis/Evidence/CodeSmell/ConstructorOverinjectionOptions.php	(project)	er
duplication.code-duplication	channel-code+producer	plain	duplication.code-duplication	docs/internal/generated/suppression/composition.tsv	176	2	rule-path-suppression	duplication.code-duplication	duplication.code-duplication	src/Analysis/Evidence/CodeSmell/ConstructorOverinjectionOptions.php	(project)	wa
duplication.code-duplication	channel-code+producer	plain	duplication.code-duplication	docs/internal/generated/suppression/composition.tsv	177	2	rule-path-suppression	duplication.code-duplication	duplication.code-duplication	src/Analysis/Evidence/Cohesion/LcomOptions.php	(project)	warning	1
duplication.code-duplication	channel-code+producer	plain	duplication.code-duplication	docs/internal/generated/suppression/composition.tsv	178	2	rule-path-suppression	duplication.code-duplication	duplication.code-duplication	src/Analysis/Evidence/Complexity/ClassCognitiveComplexityOptions.php	(project)	w
duplication.code-duplication	channel-code+producer	plain	duplication.code-duplication	docs/internal/generated/suppression/composition.tsv	179	2	rule-path-suppression	duplication.code-duplication	duplication.code-duplication	src/Analysis/Evidence/Complexity/CognitiveComplexityOptions.php	(project)	error
duplication.code-duplication	channel-code+producer	plain	duplication.code-duplication	docs/internal/generated/suppression/composition.tsv	180	2	rule-path-suppression	duplication.code-duplication	duplication.code-duplication	src/Analysis/Evidence/Complexity/MethodCognitiveComplexityOptions.php	(project)
duplication.code-duplication	channel-code+producer	plain	duplication.code-duplication	docs/internal/generated/suppression/composition.tsv	181	2	rule-path-suppression	duplication.code-duplication	duplication.code-duplication	src/Analysis/Evidence/Complexity/MethodCognitiveComplexityOptions.php	(project)
duplication.code-duplication	channel-code+producer	plain	duplication.code-duplication	docs/internal/generated/suppression/composition.tsv	182	2	rule-path-suppression	duplication.code-duplication	duplication.code-duplication	src/Analysis/Evidence/Complexity/WmcOptions.php	(project)	warning	1
duplication.code-duplication	channel-code+producer	plain	duplication.code-duplication	docs/internal/generated/suppression/composition.tsv	183	2	rule-path-suppression	duplication.code-duplication	duplication.code-duplication	src/Analysis/Evidence/Coupling/CboOptions.php	(project)	warning	1
duplication.code-duplication	channel-code+producer	plain	duplication.code-duplication	docs/internal/generated/suppression/composition.tsv	184	2	rule-path-suppression	duplication.code-duplication	duplication.code-duplication	src/Analysis/Evidence/Coupling/CboRule.php	(project)	warning	1
duplication.code-duplication	channel-code+producer	plain	duplication.code-duplication	docs/internal/generated/suppression/composition.tsv	185	2	rule-path-suppression	duplication.code-duplication	duplication.code-duplication	src/Analysis/Evidence/Coupling/ClassInstabilityOptions.php	(project)	warning	2
duplication.code-duplication	channel-code+producer	plain	duplication.code-duplication	docs/internal/generated/suppression/composition.tsv	186	2	rule-path-suppression	duplication.code-duplication	duplication.code-duplication	src/Analysis/Evidence/Coupling/ClassRankOptions.php	(project)	warning	1
duplication.code-duplication	channel-code+producer	plain	duplication.code-duplication	docs/internal/generated/suppression/composition.tsv	187	2	rule-path-suppression	duplication.code-duplication	duplication.code-duplication	src/Analysis/Evidence/Design/TypeCoverage/TypeCoverageOptions.php	(project)	warn
duplication.code-duplication	channel-code+producer	plain	duplication.code-duplication	docs/internal/generated/suppression/inert.tsv	16	1	rule-path-suppression	duplication.code-duplication: src/Analysis/Evidence/Duplication/CodeDuplicationOptions.php
duplication.code-duplication	channel-code+producer	plain	duplication.code-duplication	docs/internal/generated/suppression/inert.tsv	17	1	rule-path-suppression	duplication.code-duplication: src/Analysis/Evidence/Maintainability/*Options.php
duplication.code-duplication	channel-code+producer	plain	duplication.code-duplication	docs/internal/generated/suppression/inert.tsv	18	1	rule-path-suppression	duplication.code-duplication: src/Analysis/Evidence/Security/*Options.php
duplication.code-duplication	channel-code+producer	plain	duplication.code-duplication	docs/internal/generated/suppression/inert.tsv	19	1	rule-path-suppression	duplication.code-duplication: src/Analysis/Evidence/Size/*Options.php
duplication.code-duplication	channel-code+producer	plain	duplication.code-duplication	docs/internal/plans/baseline-compaction/measurements/README.md	81	1	| `project:` `duplication.code-duplication`         | 36   | 32    | потолок ужесточён: восемь одинаковых сборок класс-записи сведены в один хелпер |
duplication.code-duplication	channel-code+producer	plain	duplication.code-duplication	docs/internal/plans/baseline-compaction/measurements/ceiling-comparison-v12-v13.txt	15	2	GONE x1 project:@ | duplication.code-duplication#duplication.code-duplication | ('magnitudes', ('36',))
duplication.code-duplication	channel-code+producer	plain	duplication.code-duplication	docs/internal/plans/baseline-compaction/measurements/ceiling-comparison-v12-v13.txt	17	2	NEW x1 project:@ | duplication.code-duplication#duplication.code-duplication | ('magnitudes', ('32',))
duplication.code-duplication	channel-code+producer	plain	duplication.code-duplication	docs/internal/plans/diff-mode-new-only.md	55	1	| 3   | Размер блока дублирования — `duplication.code-duplication`, строк (`metricValue = $block->lines`)
duplication.code-duplication	channel-code+producer	plain	duplication.code-duplication	docs/internal/plans/diff-mode-new-only.md	350	1	| `duplication.code-duplication`            | ключ = файл первой копии; изменение состава копий невидимо                           | `block` = хеш канонического
duplication.code-duplication	channel-code+producer	plain	duplication.code-duplication	docs/internal/plans/diff-mode-new-only.md	362	1	`duplication.code-duplication` facet держит только состав путей, а число строк остаётся в
duplication.code-duplication	channel-code+producer	plain	duplication.code-duplication	docs/internal/plans/modular-architecture/p3-run-measurement-configuration.md	577	1	Duplication implements it with participant id `duplication` and producer rule `duplication.code-duplication`; `resetForRun()` resets its result provider. Delete
duplication.code-duplication	channel-code+producer	plain	duplication.code-duplication	docs/internal/plans/rule-vocabulary/FOLLOWUPS.md	2564	1	`design.inheritance`, `duplication.code-duplication`).
duplication.code-duplication	channel-code+producer	plain	duplication.code-duplication	docs/internal/plans/rule-vocabulary/FOLLOWUPS.md	2723	1	`duplication.code-duplication` публикует **одну** находку на блок дублей,
duplication.code-duplication	channel-code+producer	plain	duplication.code-duplication	docs/internal/plans/rule-vocabulary/FOLLOWUPS.md	2739	1	субъекту): `@qmx-ignore-file duplication.code-duplication` в файле первого
duplication.code-duplication	channel-code+producer	plain	duplication.code-duplication	docs/internal/plans/rule-vocabulary/FOLLOWUPS.md	2755	1	расширен на `duplication.code-duplication` вторым именем в том же
duplication.code-duplication	channel-code+producer	plain	duplication.code-duplication	docs/internal/plans/rule-vocabulary/FOLLOWUPS.md	2764	1	`'duplication.code-duplication'`, не импорт `CodeDuplicationRule::NAME`
duplication.code-duplication	channel-code+producer	plain	duplication.code-duplication	docs/internal/plans/rule-vocabulary/FOLLOWUPS.md	2768	1	`disabled_rules: [duplication.code-duplication]` / `--disable-rule=…`, или
duplication.code-duplication	channel-code+producer	plain	duplication.code-duplication	docs/internal/plans/rule-vocabulary/FOLLOWUPS.md	2798	1	- **Найденная находка `duplication.code-duplication` остаётся в отчёте**:
duplication.code-duplication	channel-code+producer	plain	duplication.code-duplication	docs/internal/plans/rule-vocabulary/FOLLOWUPS.md	2803	1	`duplication.code-duplication` — находка остаётся ordinary debt (ратчет,
duplication.code-duplication	channel-code+producer	plain	duplication.code-duplication	docs/internal/plans/rule-vocabulary/PLAN.md	1667	1	`duplication.code-duplication` с четырьмя величинами, тогда как прогон даёт три;
duplication.code-duplication	channel-code+producer	plain	duplication.code-duplication	docs/internal/plans/rule-vocabulary/PLAN.md	2989	1	- оба дорогих производителя (`duplication.code-duplication`,
duplication.code-duplication	channel-code+producer	plain	duplication.code-duplication	docs/internal/plans/rule-vocabulary/PLAN.md	3861	1	первые редакции функции зажигали `duplication.code-duplication` (токенайзер
duplication.code-duplication	channel-code+producer	plain	duplication.code-duplication	docs/internal/plans/rule-vocabulary/X10-freeze-and-carry/followups/a.md	13	1	- `CodeDuplicationRule::OCCURRENCE_KIND = 'duplication.code-duplication'`
duplication.code-duplication	channel-code+producer	plain	duplication.code-duplication	docs/internal/plans/rule-vocabulary/X10-freeze-and-carry/followups/a.md	107	1	perl -pi -e "s/OCCURRENCE_KIND = 'duplication.code-duplication';/OCCURRENCE_KIND = 'duplication.code-duplication-MUTATED';/" src/Analysis/Evidence/Duplication/C
duplication.code-duplication	channel-code+producer	plain	duplication.code-duplication	docs/internal/plans/rule-vocabulary/X10-freeze-and-carry/followups/fix3.md	109	1	`code-smell.identical-subexpression`, `duplication.code-duplication`,
duplication.code-duplication	channel-code+producer	plain	duplication.code-duplication	docs/internal/plans/rule-vocabulary/X11-final-vocabulary/01-decision-table.md	119	1	| `duplication.code-duplication`         | ambiguous, and tautological in spelling
duplication.code-duplication	channel-code+producer	plain	duplication.code-duplication	docs/internal/plans/rule-vocabulary/X11-final-vocabulary/01-decision-table.md	124	1	- **`duplication.code-duplication` and `architecture.coverage` are the weakest
duplication.code-duplication	channel-code+producer	plain	duplication.code-duplication	docs/internal/plans/rule-vocabulary/X11-final-vocabulary/decision-table-population.tsv	474	2	duplication.code-duplication	channel-codes	channel-code	ambiguous		duplication.code-duplication	1		159	kind	silent	baseline."channel":command; qmx.yaml.suppress
duplication.code-duplication	channel-code+producer	plain	duplication.code-duplication	docs/internal/plans/rule-vocabulary/X11-final-vocabulary/decision-table-population.tsv	607	2	duplication.code-duplication	producer-rule-names	producer-rule-name	ambiguous		duplication	1	duplication.code-duplication	159	no	inert-detected	qmx.yaml.rules.<
duplication.code-duplication	channel-code+producer	plain	duplication.code-duplication	docs/internal/plans/rule-vocabulary/X11-final-vocabulary/decision-table-population.tsv	629	1	enabled	rule-option-keys	rule-option-key	shared-shorthand		<shared>	39	annotation.directive,architecture.circular-dependency,architecture.layer-violation,code-s
duplication.code-duplication	channel-code+producer	plain	duplication.code-duplication	docs/internal/plans/rule-vocabulary/X11-final-vocabulary/decision-table-population.tsv	630	1	error	rule-option-keys	rule-option-key	shared-shorthand		<shared>	16	code-smell.constructor-overinjection,code-smell.long-parameter-list,code-smell.unreachable-
duplication.code-duplication	channel-code+producer	plain	duplication.code-duplication	docs/internal/plans/rule-vocabulary/X11-final-vocabulary/decision-table-population.tsv	645	1	min-lines	rule-option-keys	rule-option-key	compound	min_lines	duplication.code-duplication	1				warn-and-default	qmx.yaml.rules.<rule>.<option>:warn-and-default
duplication.code-duplication	channel-code+producer	plain	duplication.code-duplication	docs/internal/plans/rule-vocabulary/X11-final-vocabulary/decision-table-population.tsv	649	1	min-tokens	rule-option-keys	rule-option-key	compound	min_tokens	duplication.code-duplication	1				warn-and-default	qmx.yaml.rules.<rule>.<option>:warn-and-defau
duplication.code-duplication	channel-code+producer	plain	duplication.code-duplication	docs/internal/plans/rule-vocabulary/X11-final-vocabulary/decision-table-population.tsv	658	1	threshold	rule-option-keys	rule-option-key	shared-shorthand		<shared>	22	code-smell.constructor-overinjection,code-smell.long-parameter-list,code-smell.unreacha
duplication.code-duplication	channel-code+producer	plain	duplication.code-duplication	docs/internal/plans/rule-vocabulary/X11-final-vocabulary/decision-table-population.tsv	663	1	warning	rule-option-keys	rule-option-key	shared-shorthand		<shared>	16	code-smell.constructor-overinjection,code-smell.long-parameter-list,code-smell.unreachabl
duplication.code-duplication	channel-code+producer	plain	duplication.code-duplication	docs/internal/plans/rule-vocabulary/X11-final-vocabulary/decision-table.tsv	190	1	#   design.god-class, duplication.code-duplication).
duplication.code-duplication	channel-code+producer	plain	duplication.code-duplication	docs/internal/plans/rule-vocabulary/X11-final-vocabulary/decision-table.tsv	371	1	#   duplication.code-duplication (channel-code) -> duplication.clone
duplication.code-duplication	channel-code+producer	plain	duplication.code-duplication	docs/internal/plans/rule-vocabulary/X11-final-vocabulary/decision-table.tsv	372	1	#   duplication.code-duplication (producer-rule-name) -> duplication.clone
duplication.code-duplication	channel-code+producer	plain	duplication.code-duplication	docs/internal/plans/rule-vocabulary/X11-final-vocabulary/decision-table.tsv	419	2	duplication.code-duplication	channel-codes	channel-code	ambiguous	magnitude:higher:no-judged-key	rename	duplication.clone	Renamed 2026-09-07. The leaf stops rep
duplication.code-duplication	channel-code+producer	plain	duplication.code-duplication	docs/internal/plans/rule-vocabulary/X11-final-vocabulary/decision-table.tsv	552	1	duplication.code-duplication	producer-rule-names	producer-rule-name	ambiguous		rename	duplication.clone	Renamed 2026-09-07 by the cascade; this row carries no d
duplication.code-duplication	channel-code+producer	plain	duplication.code-duplication	docs/internal/plans/rule-vocabulary/X11-final-vocabulary/decision-table.tsv	590	2	min-lines	rule-option-keys	rule-option-key	compound		keep	min-lines	Declared `min_lines` and folded to the canonical kebab `min-lines` by ConfigKeySpelling::nor
duplication.code-duplication	channel-code+producer	plain	duplication.code-duplication	docs/internal/plans/rule-vocabulary/X11-final-vocabulary/decision-table.tsv	594	2	min-tokens	rule-option-keys	rule-option-key	compound		keep	min-tokens	Declared `min_tokens` and folded to the canonical kebab `min-tokens` by ConfigKeySpelling:
duplication.code-duplication	channel-code+producer	plain	duplication.code-duplication	docs/internal/plans/rule-vocabulary/X11-final-vocabulary/enumeration-channel-naming.tsv	131	1	#     `duplication.code-duplication`).
duplication.code-duplication	channel-code+producer	plain	duplication.code-duplication	docs/internal/plans/rule-vocabulary/X11-final-vocabulary/enumeration-channel-naming.tsv	195	2	duplication.code-duplication	duplication	duplication.code-duplication	yes	src/Analysis/Evidence/Duplication/CodeDuplicationRule.php:98		ambiguous	noun-phrase	no
duplication.code-duplication	channel-code+producer	plain	duplication.code-duplication	docs/internal/plans/rule-vocabulary/X11-final-vocabulary/enumeration-runtime-witness.tsv	219	1	channel	duplication.code-duplication	check_json_case-disabled-rule-duplication,check_json_case-duplication,check_json_finding-gate,check_json_mi-forced,check_js
duplication.code-duplication	channel-code+producer	plain	duplication.code-duplication	docs/internal/plans/rule-vocabulary/X11-final-vocabulary/followups/adr.md	142	1	`design.god-class`, `duplication.code-duplication`) plus the six `health.*`
duplication.code-duplication	channel-code+producer	plain	duplication.code-duplication	docs/internal/plans/rule-vocabulary/X11-final-vocabulary/followups/adr.md	152	1	`duplication.code-duplication`, which is renamed and so is not among the kept.
duplication.code-duplication	channel-code+producer	plain	duplication.code-duplication	docs/internal/plans/rule-vocabulary/X11-final-vocabulary/followups/naming-questions-answered.md	238	1	(`@qmx-ignore duplication.code-duplication:class`) uses the `:` level form,
duplication.code-duplication	channel-code+producer	plain	duplication.code-duplication	docs/internal/plans/rule-vocabulary/X11-final-vocabulary/followups/naming-questions-answered.md	528	1	### 9. `duplication.code-duplication` — reports a block; the number only picks the severity
duplication.code-duplication	channel-code+producer	plain	duplication.code-duplication	docs/internal/plans/rule-vocabulary/X11-final-vocabulary/followups/naming-questions-answered.md	546	1	among the 52 (`enumeration-channel-naming.tsv`, its `duplication.code-duplication`
duplication.code-duplication	channel-code+producer	plain	duplication.code-duplication	docs/internal/plans/rule-vocabulary/X11-final-vocabulary/followups/naming-questions-answered.md	553	1	- Note for П4: `private const string OCCURRENCE_KIND = 'duplication.code-duplication'`
duplication.code-duplication	channel-code+producer	plain	duplication.code-duplication	docs/internal/plans/rule-vocabulary/X11-final-vocabulary/followups/naming-questions-answered.md	560	1	- `duplication.code-duplication` and `architecture.coverage` **are** the two
duplication.code-duplication	channel-code+producer	plain	duplication.code-duplication	docs/internal/plans/rule-vocabulary/X3-followups/enumeration-producer-enablement.tsv	37	1	duplication.code-duplication	CodeDuplicationRule	CodeDuplicationOptions	flat	1	isEnabled@src/Analysis/Evidence/Duplication/CodeDuplicationRule.php:59
duplication.code-duplication	channel-code+producer	plain	duplication.code-duplication	docs/internal/plans/rule-vocabulary/X8-one-string-two-jobs/01-declared-relation.md	107	1	`duplication.code-duplication`, `design.god-class`), плюс `coupling.class-rank`
duplication.code-duplication	channel-code+producer	plain	duplication.code-duplication	docs/internal/plans/rule-vocabulary/X8-one-string-two-jobs/01-declared-relation.md	122	1	| magnitude, величина собственного изготовления                                                  | 4       | `magnitude` без изменений: `architecture.circular-d
duplication.code-duplication	channel-code+producer	plain	duplication.code-duplication	docs/internal/plans/rule-vocabulary/X8-one-string-two-jobs/enumeration-channels.tsv	55	2	duplication.code-duplication	duplication.code-duplication	Duplication	magnitude	higher	project	NONE	NONE	src/Analysis/Evidence/Duplication/CodeDuplicationRule.p
duplication.code-duplication	channel-code+producer	plain	duplication.code-duplication	docs/internal/plans/rule-vocabulary/X8-one-string-two-jobs/enumeration-channels.tsv	83	1	#   duplication.code-duplication).
duplication.code-duplication	channel-code+producer	plain	duplication.code-duplication	docs/internal/plans/rule-vocabulary/X8-one-string-two-jobs/enumeration-exclusion-vocabulary.tsv	9	1	disable-rule / disabledRules / disabled_rules	CLI --disable-rule (repeatable) + qmx.yaml disabledRules	root: disabled_rules: [rule-name-or-prefix, ...]	src/Anal
duplication.code-duplication	channel-code+producer	plain	duplication.code-duplication	docs/internal/plans/rule-vocabulary/X9-gate-holes/04-product-defects.md	59	1	## Пакет D2 — `@qmx-ignore duplication.code-duplication` не достигает проектного субъекта
duplication.code-duplication	channel-code+producer	plain	duplication.code-duplication	docs/internal/plans/rule-vocabulary/X9-gate-holes/followups/d2.md	3	1	## Х9 (2026-09-05) — `@qmx-ignore duplication.code-duplication` не достигает проектного субъекта
duplication.code-duplication	channel-code+producer	plain	duplication.code-duplication	docs/internal/plans/rule-vocabulary/X9-gate-holes/followups/d2.md	10	1	`duplication.code-duplication` публикует **одну** находку на блок дублей,
duplication.code-duplication	channel-code+producer	plain	duplication.code-duplication	docs/internal/plans/rule-vocabulary/X9-gate-holes/followups/d2.md	26	1	субъекту): `@qmx-ignore-file duplication.code-duplication` в файле первого
duplication.code-duplication	channel-code+producer	plain	duplication.code-duplication	docs/internal/plans/rule-vocabulary/X9-gate-holes/followups/d2.md	42	1	расширен на `duplication.code-duplication` вторым именем в том же
duplication.code-duplication	channel-code+producer	plain	duplication.code-duplication	docs/internal/plans/rule-vocabulary/X9-gate-holes/followups/d2.md	51	1	`'duplication.code-duplication'`, не импорт `CodeDuplicationRule::NAME`
duplication.code-duplication	channel-code+producer	plain	duplication.code-duplication	docs/internal/plans/rule-vocabulary/X9-gate-holes/followups/d2.md	55	1	`disabled_rules: [duplication.code-duplication]` / `--disable-rule=…`, или
duplication.code-duplication	channel-code+producer	plain	duplication.code-duplication	docs/internal/plans/rule-vocabulary/X9-gate-holes/followups/d2.md	76	1	- **Найденная находка `duplication.code-duplication` остаётся в отчёте**:
duplication.code-duplication	channel-code+producer	plain	duplication.code-duplication	docs/internal/plans/rule-vocabulary/X9-gate-holes/followups/d2.md	81	1	`duplication.code-duplication` — находка остаётся ordinary debt (ратчет,
duplication.code-duplication	channel-code+producer	plain	duplication.code-duplication	docs/internal/plans/rule-vocabulary/X9-gate-holes/followups/e3.md	32	1	`design.inheritance`, `duplication.code-duplication`).
duplication.code-duplication	channel-code+producer	plain	duplication.code-duplication	docs/internal/plans/rule-vocabulary/enumeration-channel-levels.tsv	55	2	duplication.code-duplication#duplication.code-duplication	project	no	no	C1	both
duplication.code-duplication	channel-code+producer	plain	duplication.code-duplication	docs/internal/plans/rule-vocabulary/enumeration-channel-levels.tsv	140	1	#  - `duplication.code-duplication` and `architecture.circular-dependency`
duplication.code-duplication	channel-code+producer	plain	duplication.code-duplication	docs/internal/plans/rule-vocabulary/enumeration-channel-shapes.tsv	49	3	duplication.code-duplication	duplication.code-duplication#duplication.code-duplication	magnitude	higher	project	CodeDuplicationRule	src/Analysis/Evidence/Duplic
duplication.code-duplication	channel-code+producer	plain	duplication.code-duplication	docs/internal/plans/rule-vocabulary/enumeration-configured-boundary-population.tsv	160	1	duplication.code-duplication	project	CodeDuplicationRule	CodeDuplicationOptions	yes	warning=5	5:->W 50:W>E	5
duplication.code-duplication	channel-code+producer	plain	duplication.code-duplication	docs/internal/plans/rule-vocabulary/enumeration-magnitude-levels.tsv	31	1	duplication.code-duplication	Magnitude	CodeDuplicationRule	aggregate Project
duplication.code-duplication	channel-code+producer	plain	duplication.code-duplication	docs/internal/plans/rule-vocabulary/enumeration-renames.tsv	44	1	duplication.code-duplication	channel	?		22	73	0	2	12	46	0	4	1	1	0	0
duplication.code-duplication	channel-code+producer	plain	duplication.code-duplication	docs/internal/plans/rule-vocabulary/enumeration-renames.tsv	171	1	duplication.code-duplication	producer	?		22	73	0	2	12	46	0	4	0	0	0	0
duplication.code-duplication	channel-code+producer	plain	duplication.code-duplication	docs/internal/plans/rule-vocabulary/enumeration-rule-category.tsv	53	1	producer	duplication.code-duplication	duplication	duplication	yes	rule class	src/Analysis/Evidence/Duplication/CodeDuplicationRule.php:52-55 (NAME:30)
duplication.code-duplication	channel-code+producer	plain	duplication.code-duplication	docs/internal/plans/rule-vocabulary/enumeration-rules.tsv	34	2	duplication.code-duplication	duplication	Analysis/Evidence/Duplication/CodeDuplicationRule.php	duplication.code-duplication	Magnitude	debt	own	-	0	no	CodeDuplic
duplication.code-duplication	channel-code+producer	plain	duplication.code-duplication	docs/internal/plans/sarif-channel-descriptions/channel-inventory.tsv	59	3	duplication.code-duplication	duplication.code-duplication	duplication.code-duplication	Detects duplicated code blocks
duplication.code-duplication	channel-code+producer	plain	duplication.code-duplication	docs/internal/plans/sarif-channel-descriptions/sarif-table-coverage.tsv	26	1	duplication.code-duplication	yes	Duplicated code block detected	Detects duplicated code blocks
duplication.code-duplication	channel-code+producer	plain	duplication.code-duplication	finding-gate/cases/annotations/src/Directives.php	67	1	* @qmx-ignore duplication.code-duplication:class -- that channel reports at project level only
duplication.code-duplication	channel-code+producer	plain	duplication.code-duplication	finding-gate/cases/disabled-rule-duplication/case.json	3	1	"description": "Auxiliary: the only case addressing an expensive producer through a level-qualified --disable-rule (duplication.code-duplication:project), s
duplication.code-duplication	channel-code+producer	plain	duplication.code-duplication	finding-gate/cases/disabled-rule-duplication/case.json	14	1	"--disable-rule=duplication.code-duplication:project"
duplication.code-duplication	channel-code+producer	plain	duplication.code-duplication	finding-gate/cases/duplication/case.json	15	1	"duplication.code-duplication@project"
duplication.code-duplication	channel-code+producer	plain	duplication.code-duplication	qmx-baseline.json	516	1	{"channel":"duplication.code-duplication","occurrence":"1eefcbbb02d84e4e","magnitudes":[16]},
duplication.code-duplication	channel-code+producer	plain	duplication.code-duplication	qmx-baseline.json	517	1	{"channel":"duplication.code-duplication","occurrence":"26a58f2d85548561","magnitudes":[31]},
duplication.code-duplication	channel-code+producer	plain	duplication.code-duplication	qmx-baseline.json	518	1	{"channel":"duplication.code-duplication","occurrence":"34b279d1e8cbb107","magnitudes":[21]},
duplication.code-duplication	channel-code+producer	plain	duplication.code-duplication	qmx-baseline.json	519	1	{"channel":"duplication.code-duplication","occurrence":"67c3f109dc2d3e97","magnitudes":[28]},
duplication.code-duplication	channel-code+producer	plain	duplication.code-duplication	qmx-baseline.json	520	1	{"channel":"duplication.code-duplication","occurrence":"9964fabbf3e849d9","magnitudes":[46]},
duplication.code-duplication	channel-code+producer	plain	duplication.code-duplication	qmx-baseline.json	521	1	{"channel":"duplication.code-duplication","occurrence":"b3f1aa710dda6738","magnitudes":[29]},
duplication.code-duplication	channel-code+producer	plain	duplication.code-duplication	qmx-baseline.json	522	1	{"channel":"duplication.code-duplication","occurrence":"cf1eed47dd349df2","magnitudes":[45]},
duplication.code-duplication	channel-code+producer	plain	duplication.code-duplication	qmx-baseline.json	523	1	{"channel":"duplication.code-duplication","occurrence":"d3feecf066ef9d58","magnitudes":[30]},
duplication.code-duplication	channel-code+producer	plain	duplication.code-duplication	qmx-baseline.json	524	1	{"channel":"duplication.code-duplication","occurrence":"d4a10c7cb6a1893d","magnitudes":[32]},
duplication.code-duplication	channel-code+producer	plain	duplication.code-duplication	qmx-baseline.json	525	1	{"channel":"duplication.code-duplication","occurrence":"fd45a3650ac682e6","magnitudes":[20,20,20]},
duplication.code-duplication	channel-code+producer	plain	duplication.code-duplication	qmx-baseline.json	526	1	{"channel":"duplication.code-duplication","occurrence":"ffe945d02651bf40","magnitudes":[24]},
duplication.code-duplication	channel-code+producer	plain	duplication.code-duplication	qmx-baseline.json	527	1	{"channel":"duplication.code-duplication","occurrence":"fffecc238d6441b0","magnitudes":[41]}
duplication.code-duplication	channel-code+producer	plain	duplication.code-duplication	qmx.yaml	1567	1	duplication.code-duplication:
duplication.code-duplication	channel-code+producer	plain	duplication.code-duplication	qmx.yaml.example	297	1	# duplication.code-duplication:
duplication.code-duplication	channel-code+producer	plain	duplication.code-duplication	scripts/cross-tool-comparison.py	259	1	"--format=metrics", "--workers=1", "--disable-rule=duplication.code-duplication",
duplication.code-duplication	channel-code+producer	plain	duplication.code-duplication	scripts/directive-audit-controls/Probes.php	1593	1	// `duplication.code-duplication` is the second banned
duplication.code-duplication	channel-code+producer	plain	duplication.code-duplication	scripts/directive-audit-controls/Probes.php	1617	1	// (`duplication.code-duplication`, unrelated to this claim),
duplication.code-duplication	channel-code+producer	plain	duplication.code-duplication	scripts/directive-audit-controls/Probes.php	1688	1	// file-form directive addressing `duplication.code-duplication`
duplication.code-duplication	channel-code+producer	plain	duplication.code-duplication	src/Analysis/Evidence/Duplication/CodeDuplicationRule.php	29	1	public const string NAME = 'duplication.code-duplication';
duplication.code-duplication	channel-code+producer	plain	duplication.code-duplication	src/Analysis/Evidence/Duplication/CodeDuplicationRule.php	37	1	private const string OCCURRENCE_KIND = 'duplication.code-duplication';
duplication.code-duplication	channel-code+producer	plain	duplication.code-duplication	src/Analysis/Evidence/Duplication/CodeDuplicationRule.php	80	1	* `duplication.code-duplication` reports the duplicated block's line
duplication.code-duplication	channel-code+producer	plain	duplication.code-duplication	src/Analysis/Evidence/Duplication/DuplicationDetector.php	81	1	return 'duplication.code-duplication';
duplication.code-duplication	channel-code+producer	plain	duplication.code-duplication	src/Analysis/Evidence/Duplication/DuplicationDetector.php	120	1	$dupOptions = $ruleOptions['duplication.code-duplication'] ?? [];
duplication.code-duplication	channel-code+producer	plain	duplication.code-duplication	src/Analysis/Evidence/Duplication/README.md	7	1	for one analysis run, and emit `duplication.code-duplication` findings from
duplication.code-duplication	channel-code+producer	plain	duplication.code-duplication	src/Analysis/Evidence/Duplication/README.md	106	1	identities. The rule's deterministic id is `duplication.code-duplication`.
duplication.code-duplication	channel-code+producer	plain	duplication.code-duplication	src/Analysis/Evidence/Duplication/README.md	113	1	`duplication.code-duplication` prevents both inspection and allocation; a second
duplication.code-duplication	channel-code+producer	plain	duplication.code-duplication	src/Analysis/Finding/Contract/Rule/AbstractRule.php	42	1	* `duplication.code-duplication` said so first. A rule expresses its own
duplication.code-duplication	channel-code+producer	plain	duplication.code-duplication	src/Analysis/Finding/Contract/Rule/RuleSelector.php	32	1	* producers, `duplication.code-duplication` and
duplication.code-duplication	channel-code+producer	plain	duplication.code-duplication	src/Analysis/Finding/Contract/Rule/RuleShapeReader.php	19	1	* `duplication.code-duplication` measured before that method existed. That
duplication.code-duplication	channel-code+producer	plain	duplication.code-duplication	src/Analysis/Finding/RuleConfiguration/RuleThresholdKeyGroupRegistry.php	246	1	// duplication.code-duplication (CodeDuplicationOptions) — flat, bare.
duplication.code-duplication	channel-code+producer	plain	duplication.code-duplication	src/Analysis/Finding/RuleConfiguration/RuleThresholdKeyGroupRegistry.php	247	1	'duplication.code-duplication' => [
duplication.code-duplication	channel-code+producer	plain	duplication.code-duplication	src/Analysis/Policy/Baseline/README.md	409	1	{"channel":"duplication.code-duplication","magnitudes":[40,100]}
duplication.code-duplication	channel-code+producer	plain	duplication.code-duplication	src/Analysis/Policy/Inline/Directive/DirectiveChannelBan.php	23	1	* `duplication.code-duplication` reports one finding per duplicate block,
duplication.code-duplication	channel-code+producer	plain	duplication.code-duplication	src/Analysis/Policy/Inline/Directive/DirectiveChannelBan.php	56	1	* assembled after it. The working path for `duplication.code-duplication` is
duplication.code-duplication	channel-code+producer	plain	duplication.code-duplication	src/Analysis/Policy/Inline/Directive/DirectiveChannelBan.php	57	1	* channel-level: `disabled_rules: [duplication.code-duplication]` /
duplication.code-duplication	channel-code+producer	plain	duplication.code-duplication	src/Analysis/Policy/Inline/Directive/DirectiveChannelBan.php	58	1	* `--disable-rule=duplication.code-duplication`, or accepting individual
duplication.code-duplication	channel-code+producer	plain	duplication.code-duplication	src/Analysis/Policy/Inline/Directive/DirectiveChannelBan.php	72	1	private const string PROJECT_ONLY_DUPLICATION_NAME = 'duplication.code-duplication';
duplication.code-duplication	channel-code+producer	plain	duplication.code-duplication	src/Analysis/Policy/Inline/README.md	181	1	**The second banned channel is `duplication.code-duplication`, for a different
duplication.code-duplication	channel-code+producer	plain	duplication.code-duplication	src/Infrastructure/Console/CheckCommandDefinition.php	405	1	'Disable a rule or group by prefix (e.g., complexity, size.class-count). Disabling duplication.code-duplication also skips the memory-intensive
duplication.code-duplication	channel-code+producer	plain	duplication.code-duplication	src/Infrastructure/DependencyInjection/CompilerPass/JudgedMetricDeclarationGuard.php	51	1	* 3. `duplication.code-duplication` — magnitude, publishes a duplicated
duplication.code-duplication	channel-code+producer	plain	duplication.code-duplication	tests/Analysis/Evidence/Duplication/Unit/CodeDuplicationRuleTest.php	43	1	self::assertSame('duplication.code-duplication', $rule->getName());
duplication.code-duplication	channel-code+producer	plain	duplication.code-duplication	tests/Analysis/Evidence/Duplication/Unit/CodeDuplicationRuleTest.php	111	1	self::assertSame('duplication.code-duplication', $v->ruleName);
duplication.code-duplication	channel-code+producer	plain	duplication.code-duplication	tests/Analysis/Evidence/Duplication/Unit/CodeDuplicationRuleTest.php	156	1	OccurrenceKey::semantic('duplication.code-duplication', ['contentHash' => self::CONTENT_HASH])->value,
duplication.code-duplication	channel-code+producer	plain	duplication.code-duplication	tests/Analysis/Evidence/Duplication/Unit/DuplicationDetectorTest.php	498	1	'duplication.code-duplication' => [
duplication.code-duplication	channel-code+producer	plain	duplication.code-duplication	tests/Analysis/Evidence/Duplication/Unit/DuplicationMemoryLimitProcessTest.php	59	1	onlyRules: ['duplication.code-duplication']
duplication.code-duplication	channel-code+producer	plain	duplication.code-duplication	tests/Analysis/Evidence/Duplication/Unit/DuplicationMemoryLimitProcessTest.php	62	1	duplication.code-duplication:
duplication.code-duplication	channel-code+producer	plain	duplication.code-duplication	tests/Analysis/Evidence/Duplication/Unit/DuplicationMemoryLimitProcessTest.php	75	1	'duplication.code-duplication',
duplication.code-duplication	channel-code+producer	plain	duplication.code-duplication	tests/Analysis/Evidence/Prioritization/Support/StubRemediationMinutes.php	89	1	'duplication.code-duplication' => 15,
duplication.code-duplication	channel-code+producer	plain	duplication.code-duplication	tests/Analysis/Finding/Fixtures/Channels/declared.txt	26	1	# architecture.unassigned-class, duplication.code-duplication,
duplication.code-duplication	channel-code+producer	plain	duplication.code-duplication	tests/Analysis/Finding/Fixtures/Channels/declared.txt	114	1	duplication.code-duplication higher project
duplication.code-duplication	channel-code+producer	plain	duplication.code-duplication	tests/Analysis/Finding/Fixtures/Channels/order.txt	67	1	duplication.code-duplication
duplication.code-duplication	channel-code+producer	plain	duplication.code-duplication	tests/Analysis/Finding/Integration/ChannelJudgedMetricDriftTest.php	84	1	* 3. `duplication.code-duplication` — magnitude of its own making (a
duplication.code-duplication	channel-code+producer	plain	duplication.code-duplication	tests/Analysis/Finding/Integration/OccurrenceKindFreezeGuardTest.php	75	1	CodeDuplicationRule::class => 'duplication.code-duplication',
duplication.code-duplication	channel-code+producer	plain	duplication.code-duplication	tests/Analysis/Finding/Integration/RuleIdentifierLiteralGuardTest.php	192	1	'duplication.code-duplication' => self::RULE_THRESHOLD_KEY_GROUP_REASON,
duplication.code-duplication	channel-code+producer	plain	duplication.code-duplication	tests/Analysis/Finding/Integration/RuleIdentifierLiteralGuardTest.php	195	1	'duplication.code-duplication' => 'The ban must name the second channel no directive may silence,'
duplication.code-duplication	channel-code+producer	plain	duplication.code-duplication	tests/Analysis/Finding/Support/StubChannelDeclarationRegistry.php	44	1	'duplication.code-duplication' => ChannelDeclaration::magnitude(WorseDirection::Higher, SymbolLevel::Project),
duplication.code-duplication	channel-code+producer	plain	duplication.code-duplication	tests/Analysis/Finding/Unit/ChannelLevelAddressingTest.php	31	1	'duplication.code-duplication' => [SymbolLevel::Project],
duplication.code-duplication	channel-code+producer	plain	duplication.code-duplication	tests/Analysis/Finding/Unit/ChannelLevelAddressingTest.php	44	1	'duplication.code-duplication' => true,
duplication.code-duplication	channel-code+producer	plain	duplication.code-duplication	tests/Analysis/Finding/Unit/ChannelLevelAddressingTest.php	138	1	['duplication.code-duplication:project'],
duplication.code-duplication	channel-code+producer	plain	duplication.code-duplication	tests/Analysis/Finding/Unit/ChannelLevelAddressingTest.php	139	1	['duplication.code-duplication'],
duplication.code-duplication	channel-code+producer	plain	duplication.code-duplication	tests/Analysis/Finding/Unit/ChannelLevelAddressingTest.php	142	1	['duplication.code-duplication'],
duplication.code-duplication	channel-code+producer	plain	duplication.code-duplication	tests/Analysis/Finding/Unit/ChannelLevelAddressingTest.php	143	1	['duplication.code-duplication'],
duplication.code-duplication	channel-code+producer	plain	duplication.code-duplication	tests/Analysis/Finding/Unit/RuleSelectorTest.php	187	2	['duplication.code-duplication' => ['duplication.code-duplication']],
duplication.code-duplication	channel-code+producer	plain	duplication.code-duplication	tests/Analysis/Finding/Unit/RuleSelectorTest.php	188	1	['duplication.code-duplication' => [SymbolLevel::Project]],
duplication.code-duplication	channel-code+producer	plain	duplication.code-duplication	tests/Analysis/Finding/Unit/RuleSelectorTest.php	192	1	'duplication.code-duplication',
duplication.code-duplication	channel-code+producer	plain	duplication.code-duplication	tests/Analysis/Finding/Unit/RuleSelectorTest.php	194	1	['duplication.code-duplication' . ChannelLevelSelector::LEVEL_SEPARATOR . SymbolLevel::Project->value],
duplication.code-duplication	channel-code+producer	plain	duplication.code-duplication	tests/Analysis/Policy/Baseline/Fixtures/BaselineV10/duplication-repair/qmx.yaml	1	1	onlyRules: ['duplication.code-duplication']
duplication.code-duplication	channel-code+producer	plain	duplication.code-duplication	tests/Analysis/Policy/Baseline/Fixtures/BaselineV10/duplication-repair/qmx.yaml	3	1	duplication.code-duplication:
duplication.code-duplication	channel-code+producer	plain	duplication.code-duplication	tests/Analysis/Policy/Baseline/Fixtures/BaselineV10/duplication/qmx.yaml	1	1	onlyRules: ['duplication.code-duplication']
duplication.code-duplication	channel-code+producer	plain	duplication.code-duplication	tests/Analysis/Policy/Baseline/Fixtures/BaselineV10/duplication/qmx.yaml	3	1	duplication.code-duplication:
duplication.code-duplication	channel-code+producer	plain	duplication.code-duplication	tests/Analysis/Policy/Baseline/Functional/BaselineLifecycleTest.php	96	1	$captured = self::aggregateForChannel($project->baselinePath, 'duplication.code-duplication');
duplication.code-duplication	channel-code+producer	plain	duplication.code-duplication	tests/Analysis/Policy/Baseline/Functional/BaselineLifecycleTest.php	105	1	$survivor = self::aggregateForChannel($currentBaseline, 'duplication.code-duplication');
duplication.code-duplication	channel-code+producer	plain	duplication.code-duplication	tests/Analysis/Policy/Baseline/Functional/BaselineUpdateCommandTest.php	48	1	private const string HIGHER_CHANNEL = 'duplication.code-duplication';
duplication.code-duplication	channel-code+producer	plain	duplication.code-duplication	tests/Analysis/Policy/Baseline/Functional/ConfiguredWarningBoundaryMapTest.php	56	1	'duplication.code-duplication' => ['project' => 5],
duplication.code-duplication	channel-code+producer	plain	duplication.code-duplication	tests/Analysis/Policy/Baseline/Unit/BaselineCeilingStageAcceptanceTest.php	49	1	private const string DUPLICATION = 'duplication.code-duplication';
duplication.code-duplication	channel-code+producer	plain	duplication.code-duplication	tests/Analysis/Policy/Baseline/Unit/BaselineCeilingStageAcceptanceTest.php	532	1	* A ceiling holding one `duplication.code-duplication` entry over a
duplication.code-duplication	channel-code+producer	plain	duplication.code-duplication	tests/Analysis/Policy/Baseline/Unit/BaselineCeilingStageFailSafeTest.php	294	1	'duplication.code-duplication',
duplication.code-duplication	channel-code+producer	plain	duplication.code-duplication	tests/Analysis/Policy/Baseline/Unit/BaselineCeilingStageFailSafeTest.php	295	1	'duplication.code-duplication',
duplication.code-duplication	channel-code+producer	plain	duplication.code-duplication	tests/Analysis/Policy/Baseline/Unit/BaselineCeilingStagePromotionTest.php	38	1	private const string DUPLICATION = 'duplication.code-duplication';
duplication.code-duplication	channel-code+producer	plain	duplication.code-duplication	tests/Analysis/Policy/Baseline/Unit/BaselineGeneratorTest.php	136	2	FindingFactory::magnitude($file, 100, 'duplication.code-duplication', 'duplication.code-duplication'),
duplication.code-duplication	channel-code+producer	plain	duplication.code-duplication	tests/Analysis/Policy/Baseline/Unit/BaselineGeneratorTest.php	137	2	FindingFactory::magnitude($file, 40, 'duplication.code-duplication', 'duplication.code-duplication'),
duplication.code-duplication	channel-code+producer	plain	duplication.code-duplication	tests/Analysis/Policy/Baseline/Unit/BaselineGeneratorTest.php	145	1	'duplication.code-duplication',
duplication.code-duplication	channel-code+producer	plain	duplication.code-duplication	tests/Analysis/Policy/Baseline/Unit/BaselineGeneratorTest.php	146	1	'duplication.code-duplication',
duplication.code-duplication	channel-code+producer	plain	duplication.code-duplication	tests/Analysis/Policy/Baseline/Unit/BaselineRoundTripVOTest.php	112	1	new FindingChannel('duplication.code-duplication'),
duplication.code-duplication	channel-code+producer	plain	duplication.code-duplication	tests/Analysis/Policy/Baseline/Unit/BaselineUpdaterTest.php	62	2	$current = FindingFactory::magnitude($symbol, 100, 'duplication.code-duplication', 'duplication.code-duplication');
duplication.code-duplication	channel-code+producer	plain	duplication.code-duplication	tests/Analysis/Policy/Baseline/Unit/BaselineUpdaterTest.php	379	1	return new FindingChannel('duplication.code-duplication');
duplication.code-duplication	channel-code+producer	plain	duplication.code-duplication	tests/Analysis/Policy/Baseline/Unit/BaselineWriterTest.php	125	1	new FindingChannel('duplication.code-duplication'),
duplication.code-duplication	channel-code+producer	plain	duplication.code-duplication	tests/Analysis/Policy/Baseline/Unit/BaselineWriterTest.php	706	1	new FindingChannel('duplication.code-duplication'),
duplication.code-duplication	channel-code+producer	plain	duplication.code-duplication	tests/Analysis/Policy/Inline/Unit/Directive/DirectiveAddressabilityTest.php	160	1	* of this ordering: `duplication.code-duplication:class` names an
duplication.code-duplication	channel-code+producer	plain	duplication.code-duplication	tests/Analysis/Policy/Inline/Unit/Directive/DirectiveAddressabilityTest.php	172	1	self::suppression('duplication.code-duplication:class'),
duplication.code-duplication	channel-code+producer	plain	duplication.code-duplication	tests/Analysis/Policy/Inline/Unit/Directive/DirectiveAddressabilityTest.php	191	1	'duplication.code-duplication' => ChannelDeclaration::magnitude(
duplication.code-duplication	channel-code+producer	plain	duplication.code-duplication	tests/Analysis/Policy/Inline/Unit/Directive/DirectiveAddressabilityTest.php	199	2	'duplication.code-duplication' => ['duplication.code-duplication'],
duplication.code-duplication	channel-code+producer	plain	duplication.code-duplication	tests/Analysis/Policy/Inline/Unit/Directive/DirectiveAddressabilityTest.php	204	1	'duplication.code-duplication' => true,
duplication.code-duplication	channel-code+producer	plain	duplication.code-duplication	tests/Infrastructure/Console/Functional/DirectivesCommandTest.php	617	1	* `duplication.code-duplication` reports one project-wide finding per
duplication.code-duplication	channel-code+producer	plain	duplication.code-duplication	tests/Infrastructure/Console/Functional/DirectivesCommandTest.php	640	1	* The underlying `duplication.code-duplication` finding is never
duplication.code-duplication	channel-code+producer	plain	duplication.code-duplication	tests/Infrastructure/Console/Functional/DirectivesCommandTest.php	670	1	self::assertArrayHasKey('duplication.code-duplication', $byChannel);
duplication.code-duplication	channel-code+producer	plain	duplication.code-duplication	tests/Infrastructure/Console/Functional/DirectivesCommandTest.php	673	1	'duplication.code-duplication',
duplication.code-duplication	channel-code+producer	plain	duplication.code-duplication	tests/Infrastructure/Console/Functional/DirectivesCommandTest.php	699	1	'the exact name' => 'duplication.code-duplication',
duplication.code-duplication	channel-code+producer	plain	duplication.code-duplication	tests/Infrastructure/Console/Functional/DirectivesCommandTest.php	700	1	'the exact name at project level' => 'duplication.code-duplication:project',
duplication.code-duplication	channel-code+producer	plain	duplication.code-duplication	tests/Infrastructure/Console/Functional/DirectivesCommandTest.php	726	1	"<?php\n// @qmx-ignore-file duplication.code-duplication -- was silently inert on this copy pre-ban\n\n"
duplication.code-duplication	channel-code+producer	plain	duplication.code-duplication	tests/Unit/Reporting/Formatter/Sarif/SarifRuleCollectorTest.php	259	1	$this->collector->getRuleDescription('duplication.code-duplication'),
duplication.code-duplication	channel-code+producer	plain	duplication.code-duplication	tests/Unit/Reporting/Formatter/Sarif/SarifRuleCollectorTest.php	305	1	self::assertSame('https://qualimetrix.dev/rules/duplication/', $this->collector->getHelpUri('duplication.code-duplication'));
duplication.code-duplication	channel-code+producer	plain	duplication.code-duplication	tests/Unit/Reporting/Formatter/Sarif/SarifSchemaValidationTest.php	108	1	ruleName: 'duplication.code-duplication',
duplication.code-duplication	channel-code+producer	plain	duplication.code-duplication	tests/Unit/Reporting/Formatter/Sarif/SarifSchemaValidationTest.php	109	1	code: 'duplication.code-duplication',
duplication.code-duplication	channel-code+producer	plain	duplication.code-duplication	tests/Unit/Reporting/Formatter/SarifFormatterTest.php	663	1	ruleName: 'duplication.code-duplication',
duplication.code-duplication	channel-code+producer	plain	duplication.code-duplication	tests/Unit/Reporting/Formatter/SarifFormatterTest.php	664	1	code: 'duplication.code-duplication',
duplication.code-duplication	channel-code+producer	plain	duplication.code-duplication	tests/Unit/Reporting/Formatter/SarifFormatterTest.php	767	1	ruleName: 'duplication.code-duplication',
duplication.code-duplication	channel-code+producer	plain	duplication.code-duplication	tests/Unit/Reporting/Formatter/SarifFormatterTest.php	768	1	code: 'duplication.code-duplication',
duplication.code-duplication	channel-code+producer	plain	duplication.code-duplication	website/docs/changelog.md	139	1	`duplication.code-duplication` — the exact name, `:project`, or a group like
duplication.code-duplication	channel-code+producer	plain	duplication.code-duplication	website/docs/changelog.md	148	1	instead (`disabled_rules: [duplication.code-duplication]` /
duplication.code-duplication	channel-code+producer	plain	duplication.code-duplication	website/docs/changelog.md	149	1	`--disable-rule=duplication.code-duplication`), or accept the occurrence in
duplication.code-duplication	channel-code+producer	plain	duplication.code-duplication	website/docs/changelog.md	155	1	also no longer silences a `duplication.code-duplication` finding by covering
duplication.code-duplication	channel-code+producer	plain	duplication.code-duplication	website/docs/changelog.md	157	1	below. A bare directive that silenced only a `duplication.code-duplication`
duplication.code-duplication	channel-code+producer	plain	duplication.code-duplication	website/docs/changelog.md	297	1	- A rule stops running as soon as the disable selectors, taken together, silence every level of every channel it emits — `--disable-rule=duplication.code-duplic
duplication.code-duplication	channel-code+producer	plain	duplication.code-duplication	website/docs/changelog.md	532	1	- `duplication.code-duplication` no longer flags a duplicate block that lies *entirely* inside a `const` array or a static/instance property's array-literal ini
duplication.code-duplication	channel-code+producer	plain	duplication.code-duplication	website/docs/changelog.md	828	1	- **New rules**: `code-smell.long-parameter-list`, `code-smell.unreachable-code`, `code-smell.identical-subexpression`, `design.god-class` (Lanza & Marinescu),
duplication.code-duplication	channel-code+producer	plain	duplication.code-duplication	website/docs/getting-started/configuration.md	392	1	- duplication.code-duplication
duplication.code-duplication	channel-code+producer	plain	duplication.code-duplication	website/docs/getting-started/configuration.md	395	1	Equivalent CLI: `--disable-rule=code-smell.boolean-argument --disable-rule=duplication.code-duplication`
duplication.code-duplication	channel-code+producer	plain	duplication.code-duplication	website/docs/getting-started/configuration.md	649	1	- duplication.code-duplication
duplication.code-duplication	channel-code+producer	plain	duplication.code-duplication	website/docs/getting-started/configuration.ru.md	388	1	- duplication.code-duplication
duplication.code-duplication	channel-code+producer	plain	duplication.code-duplication	website/docs/getting-started/configuration.ru.md	391	1	Эквивалент в CLI: `--disable-rule=code-smell.boolean-argument --disable-rule=duplication.code-duplication`
duplication.code-duplication	channel-code+producer	plain	duplication.code-duplication	website/docs/getting-started/configuration.ru.md	647	1	- duplication.code-duplication
duplication.code-duplication	channel-code+producer	plain	duplication.code-duplication	website/docs/reference/default-thresholds.md	144	1	| Code Duplication | `duplication.code-duplication` | <50 lines | >=50 lines | Method |
duplication.code-duplication	channel-code+producer	plain	duplication.code-duplication	website/docs/reference/default-thresholds.ru.md	144	1	| Code Duplication | `duplication.code-duplication` | <50 строк | >=50 строк | Метод   |
duplication.code-duplication	channel-code+producer	plain	duplication.code-duplication	website/docs/reference/remediation-time.md	90	1	| Code Duplication | `duplication.code-duplication` | 15      |
duplication.code-duplication	channel-code+producer	plain	duplication.code-duplication	website/docs/reference/remediation-time.ru.md	90	1	| Code Duplication | `duplication.code-duplication` | 15     |
duplication.code-duplication	channel-code+producer	plain	duplication.code-duplication	website/docs/rules/duplication.md	9	1	**Rule ID:** `duplication.code-duplication`
duplication.code-duplication	channel-code+producer	plain	duplication.code-duplication	website/docs/rules/duplication.md	134	1	`duplication.code-duplication` reports at project level only, so no inline
duplication.code-duplication	channel-code+producer	plain	duplication.code-duplication	website/docs/rules/duplication.md	141	1	rule instead — `disabled_rules: [duplication.code-duplication]` in the
duplication.code-duplication	channel-code+producer	plain	duplication.code-duplication	website/docs/rules/duplication.md	142	1	configuration, or `--disable-rule=duplication.code-duplication` — or
duplication.code-duplication	channel-code+producer	plain	duplication.code-duplication	website/docs/rules/duplication.md	170	1	duplication.code-duplication:
duplication.code-duplication	channel-code+producer	plain	duplication.code-duplication	website/docs/rules/duplication.md	178	1	bin/qmx check src/ --rule-opt="duplication.code-duplication:min_tokens=100"
duplication.code-duplication	channel-code+producer	plain	duplication.code-duplication	website/docs/rules/duplication.md	181	1	bin/qmx check src/ --rule-opt="duplication.code-duplication:min_lines=10"
duplication.code-duplication	channel-code+producer	plain	duplication.code-duplication	website/docs/rules/duplication.md	187	1	bin/qmx check src/ --disable-rule=duplication.code-duplication
duplication.code-duplication	channel-code+producer	plain	duplication.code-duplication	website/docs/rules/duplication.md	191	1	Duplication detection uses the Rabin-Karp rolling hash algorithm, which requires storing normalized tokens for all files with matching hashes in memory simu
duplication.code-duplication	channel-code+producer	plain	duplication.code-duplication	website/docs/rules/duplication.ru.md	9	1	**Идентификатор правила:** `duplication.code-duplication`
duplication.code-duplication	channel-code+producer	plain	duplication.code-duplication	website/docs/rules/duplication.ru.md	134	1	`duplication.code-duplication` публикуется только на уровне проекта,
duplication.code-duplication	channel-code+producer	plain	duplication.code-duplication	website/docs/rules/duplication.ru.md	142	1	отключите правило — `disabled_rules: [duplication.code-duplication]` в
duplication.code-duplication	channel-code+producer	plain	duplication.code-duplication	website/docs/rules/duplication.ru.md	143	1	конфигурации или `--disable-rule=duplication.code-duplication` — либо
duplication.code-duplication	channel-code+producer	plain	duplication.code-duplication	website/docs/rules/duplication.ru.md	170	1	duplication.code-duplication:
duplication.code-duplication	channel-code+producer	plain	duplication.code-duplication	website/docs/rules/duplication.ru.md	178	1	bin/qmx check src/ --rule-opt="duplication.code-duplication:min_tokens=100"
duplication.code-duplication	channel-code+producer	plain	duplication.code-duplication	website/docs/rules/duplication.ru.md	181	1	bin/qmx check src/ --rule-opt="duplication.code-duplication:min_lines=10"
duplication.code-duplication	channel-code+producer	plain	duplication.code-duplication	website/docs/rules/duplication.ru.md	187	1	bin/qmx check src/ --disable-rule=duplication.code-duplication
duplication.code-duplication	channel-code+producer	plain	duplication.code-duplication	website/docs/rules/duplication.ru.md	191	1	Обнаружение дубликатов использует алгоритм скользящего хеша Рабина-Карпа, который требует хранения нормализованных токенов всех файлов с совпавшими хешами в
duplication.code-duplication	channel-code+producer	plain	duplication.code-duplication	website/docs/rules/index.md	118	1	| [Code Duplication](duplication.md) | `duplication.code-duplication` | Structurally identical code blocks across files | < 50 lines      | >= 50 lines   |
duplication.code-duplication	channel-code+producer	plain	duplication.code-duplication	website/docs/rules/index.md	232	1	- **Duplication:** `duplication.code-duplication`
duplication.code-duplication	channel-code+producer	plain	duplication.code-duplication	website/docs/rules/index.ru.md	118	1	| [Дублирование кода](duplication.ru.md) | `duplication.code-duplication` | Структурно идентичные блоки кода между файлами | < 50 строк | >= 50 строк |
duplication.code-duplication	channel-code+producer	plain	duplication.code-duplication	website/docs/rules/index.ru.md	232	1	- **Duplication:** `duplication.code-duplication`
duplication.code-duplication	channel-code+producer	plain	duplication.code-duplication	website/docs/usage/cli-options.md	579	3	Disabling the `duplication.code-duplication` rule also skips the memory-intensive duplication detection phase entirely. On large codebases (500+ files), thi
duplication.code-duplication	channel-code+producer	plain	duplication.code-duplication	website/docs/usage/cli-options.ru.md	578	3	Отключение правила `duplication.code-duplication` также полностью пропускает ресурсоёмкую фазу обнаружения дубликатов. На больших кодовых базах (500+ файлов
maintainability.index	channel-code+producer	plain	maintainability.index	CHANGELOG.md	612	1	- `@qmx-threshold maintainability.index warning=N error=M` annotations with `N > M` were silently rejected by the parser, even though the rule's defaults are `w
maintainability.index	channel-code+producer	plain	maintainability.index	docs/adr/0046-a-channel-declares-the-metric-it-judges.md	23	1	`maintainability.index` judges `maintainability.mi`, `design.inheritance`
maintainability.index	channel-code+producer	plain	maintainability.index	docs/adr/0048-the-final-published-name-vocabulary.md	261	1	| `maintainability.index`        | `maintainability.mi`        | channel code **and** producer rule name |
maintainability.index	channel-code+producer	plain	maintainability.index	docs/adr/README.md	92	1	- [0048 — The Final Published Name Vocabulary](0048-the-final-published-name-vocabulary.md) — every name the product publishes, in every role, ruled on in one d
maintainability.index	channel-code+producer	plain	maintainability.index	docs/internal/CLI_CONVENTIONS.md	102	1	--mi-exclude-tests            # maintainability.index, boolean option
maintainability.index	channel-code+producer	plain	maintainability.index	docs/internal/SCANNER_VALIDATION_ROUND_2_PLAN.md	2984	1	| `NpathComplexityVisitor`; `enterNode` maintainability fresh             | Keep `public enterNode(Node $node): ?int` and add its adjacent exact `@qmx-threshold
maintainability.index	channel-code+producer	plain	maintainability.index	docs/internal/SCANNER_VALIDATION_ROUND_2_PLAN.md	3335	1	--fail-on=none --only-rule=maintainability.index \
maintainability.index	channel-code+producer	plain	maintainability.index	docs/internal/SCANNER_VALIDATION_ROUND_2_PLAN.md	3342	1	`@qmx-threshold maintainability.index` line and prove the global default 35
maintainability.index	channel-code+producer	plain	maintainability.index	docs/internal/SCANNER_VALIDATION_ROUND_2_PLAN.md	3344	1	`@qmx-threshold maintainability.index warning=<raw> error=<raw> -- Finite
maintainability.index	channel-code+producer	plain	maintainability.index	docs/internal/generated/modular-architecture/test-phpunit-discovery.txt	2895	1	- Qualimetrix\Tests\Analysis\Evidence\Prioritization\Unit\Debt\RemediationTimeRegistryTest::itReturnsTheInjectedBaseMinutesForKnownRule"maintainability.index"
maintainability.index	channel-code+producer	plain	maintainability.index	docs/internal/generated/modular-architecture/test-phpunit-discovery.txt	4183	1	- Qualimetrix\Tests\Analysis\Finding\Unit\RuleThresholdKeyGroupRegistryDriftTest::everyDeclaredKeyStillAffectsTheRealOptionsInstance"maintainability.index::(to
maintainability.index	channel-code+producer	plain	maintainability.index	docs/internal/generated/modular-architecture/test-phpunit-discovery.txt	4184	1	- Qualimetrix\Tests\Analysis\Finding\Unit\RuleThresholdKeyGroupRegistryDriftTest::everyDeclaredKeyStillAffectsTheRealOptionsInstance"maintainability.index::(to
maintainability.index	channel-code+producer	plain	maintainability.index	docs/internal/generated/modular-architecture/test-phpunit-discovery.txt	4185	1	- Qualimetrix\Tests\Analysis\Finding\Unit\RuleThresholdKeyGroupRegistryDriftTest::everyDeclaredKeyStillAffectsTheRealOptionsInstance"maintainability.index::(to
maintainability.index	channel-code+producer	plain	maintainability.index	docs/internal/generated/modular-architecture/test-phpunit-discovery.txt	4223	1	- Qualimetrix\Tests\Analysis\Finding\Unit\RuleThresholdKeyGroupRegistryDriftTest::everyRegistryEntryCorrespondsToARealThresholdParserCallSite"maintainability.i
maintainability.index	channel-code+producer	plain	maintainability.index	docs/internal/generated/modular-architecture/test-phpunit-discovery.txt	4255	1	- Qualimetrix\Tests\Analysis\Finding\Unit\RuleThresholdKeyGroupRegistryDriftTest::everyThresholdParserCallSiteHasAMatchingRegistryEntry"maintainability.index::
maintainability.index	channel-code+producer	plain	maintainability.index	docs/internal/plans/rule-vocabulary/FOLLOWUPS.md	124	1	by `maintainability.index`, `design.dit` by `design.inheritance`. The first two
maintainability.index	channel-code+producer	plain	maintainability.index	docs/internal/plans/rule-vocabulary/FOLLOWUPS.md	2563	1	`code-smell.constructor-overinjection`, `maintainability.index`,
maintainability.index	channel-code+producer	plain	maintainability.index	docs/internal/plans/rule-vocabulary/X11-final-vocabulary/01-decision-table.md	80	1	`coupling.*`, `cohesion.lcom`, `design.*`, `maintainability.index`, `size.*`),
maintainability.index	channel-code+producer	plain	maintainability.index	docs/internal/plans/rule-vocabulary/X11-final-vocabulary/decision-table-population.tsv	481	2	maintainability.index	channel-codes	channel-code	subject		maintainability.index	1		93	no	silent	baseline."channel":command; qmx.yaml.suppress_namespace_channels
maintainability.index	channel-code+producer	plain	maintainability.index	docs/internal/plans/rule-vocabulary/X11-final-vocabulary/decision-table-population.tsv	614	2	maintainability.index	producer-rule-names	producer-rule-name	subject		maintainability	1	maintainability.index	93	no	inert-detected	qmx.yaml.rules.<key>:refuse-l
maintainability.index	channel-code+producer	plain	maintainability.index	docs/internal/plans/rule-vocabulary/X11-final-vocabulary/decision-table-population.tsv	629	1	enabled	rule-option-keys	rule-option-key	shared-shorthand		<shared>	39	annotation.directive,architecture.circular-dependency,architecture.layer-violation,code-s
maintainability.index	channel-code+producer	plain	maintainability.index	docs/internal/plans/rule-vocabulary/X11-final-vocabulary/decision-table-population.tsv	630	1	error	rule-option-keys	rule-option-key	shared-shorthand		<shared>	16	code-smell.constructor-overinjection,code-smell.long-parameter-list,code-smell.unreachable-
maintainability.index	channel-code+producer	plain	maintainability.index	docs/internal/plans/rule-vocabulary/X11-final-vocabulary/decision-table-population.tsv	636	1	exclude-tests	rule-option-keys	rule-option-key	compound	excludeTests	maintainability.index	1				warn-and-default	qmx.yaml.rules.<rule>.<option>:warn-and-default
maintainability.index	channel-code+producer	plain	maintainability.index	docs/internal/plans/rule-vocabulary/X11-final-vocabulary/decision-table-population.tsv	648	1	min-statements	rule-option-keys	rule-option-key	compound	minStatements	maintainability.index	1				warn-and-default	qmx.yaml.rules.<rule>.<option>:warn-and-defau
maintainability.index	channel-code+producer	plain	maintainability.index	docs/internal/plans/rule-vocabulary/X11-final-vocabulary/decision-table-population.tsv	658	1	threshold	rule-option-keys	rule-option-key	shared-shorthand		<shared>	22	code-smell.constructor-overinjection,code-smell.long-parameter-list,code-smell.unreacha
maintainability.index	channel-code+producer	plain	maintainability.index	docs/internal/plans/rule-vocabulary/X11-final-vocabulary/decision-table-population.tsv	663	1	warning	rule-option-keys	rule-option-key	shared-shorthand		<shared>	16	code-smell.constructor-overinjection,code-smell.long-parameter-list,code-smell.unreachabl
maintainability.index	channel-code+producer	plain	maintainability.index	docs/internal/plans/rule-vocabulary/X11-final-vocabulary/decision-table-population.tsv	720	1	mi-error	cli-flag-aliases	cli-flag-alias	rule+option		maintainability.index	1	error			refuse-loud	check --<alias>:refuse-loud	no
maintainability.index	channel-code+producer	plain	maintainability.index	docs/internal/plans/rule-vocabulary/X11-final-vocabulary/decision-table-population.tsv	721	1	mi-exclude-tests	cli-flag-aliases	cli-flag-alias	rule+option		maintainability.index	1	excludeTests			refuse-loud	check --<alias>:refuse-loud	no
maintainability.index	channel-code+producer	plain	maintainability.index	docs/internal/plans/rule-vocabulary/X11-final-vocabulary/decision-table-population.tsv	722	1	mi-min-statements	cli-flag-aliases	cli-flag-alias	rule+option		maintainability.index	1	minStatements			refuse-loud	check --<alias>:refuse-loud	no
maintainability.index	channel-code+producer	plain	maintainability.index	docs/internal/plans/rule-vocabulary/X11-final-vocabulary/decision-table-population.tsv	723	1	mi-warning	cli-flag-aliases	cli-flag-alias	rule+option		maintainability.index	1	warning			refuse-loud	check --<alias>:refuse-loud	no
maintainability.index	channel-code+producer	plain	maintainability.index	docs/internal/plans/rule-vocabulary/X11-final-vocabulary/decision-table.tsv	129	1	#          maintainability.index   -> maintainability.mi
maintainability.index	channel-code+producer	plain	maintainability.index	docs/internal/plans/rule-vocabulary/X11-final-vocabulary/decision-table.tsv	373	1	#   maintainability.index (channel-code) -> maintainability.mi
maintainability.index	channel-code+producer	plain	maintainability.index	docs/internal/plans/rule-vocabulary/X11-final-vocabulary/decision-table.tsv	374	1	#   maintainability.index (producer-rule-name) -> maintainability.mi
maintainability.index	channel-code+producer	plain	maintainability.index	docs/internal/plans/rule-vocabulary/X11-final-vocabulary/decision-table.tsv	405	1	complexity.cyclomatic	channel-codes	channel-code	subject	magnitude:higher:judges=complexity.ccn,complexity.ccn.max	rename	complexity.ccn	RENAMED to complexity.c
maintainability.index	channel-code+producer	plain	maintainability.index	docs/internal/plans/rule-vocabulary/X11-final-vocabulary/decision-table.tsv	426	2	maintainability.index	channel-codes	channel-code	subject	magnitude:lower:judges=maintainability.mi	rename	maintainability.mi	RENAMED to maintainability.mi under
maintainability.index	channel-code+producer	plain	maintainability.index	docs/internal/plans/rule-vocabulary/X11-final-vocabulary/decision-table.tsv	488	1	maintainability.mi	metric-keys	metric-key	abbreviation		keep	maintainability.mi	KEEP, for the reason given on complexity.ccn: the mi/index pair is closed by ren
maintainability.index	channel-code+producer	plain	maintainability.index	docs/internal/plans/rule-vocabulary/X11-final-vocabulary/decision-table.tsv	559	1	maintainability.index	producer-rule-names	producer-rule-name	subject		rename	maintainability.mi	The producer name and the channel code of this spelling are the
maintainability.index	channel-code+producer	plain	maintainability.index	docs/internal/plans/rule-vocabulary/X11-final-vocabulary/decision-table.tsv	581	2	exclude-tests	rule-option-keys	rule-option-key	compound		keep	exclude-tests	Declared `excludeTests` and folded to the canonical kebab `exclude-tests` by ConfigK
maintainability.index	channel-code+producer	plain	maintainability.index	docs/internal/plans/rule-vocabulary/X11-final-vocabulary/decision-table.tsv	593	2	min-statements	rule-option-keys	rule-option-key	compound		keep	min-statements	Declared `minStatements` and folded to the canonical kebab `min-statements` by Con
maintainability.index	channel-code+producer	plain	maintainability.index	docs/internal/plans/rule-vocabulary/X11-final-vocabulary/decision-table.tsv	665	2	mi-error	cli-flag-aliases	cli-flag-alias	rule+option		keep	mi-error	Rule+option alias: `mi-error` sets `error` on maintainability.index. Its owner maintainabili
maintainability.index	channel-code+producer	plain	maintainability.index	docs/internal/plans/rule-vocabulary/X11-final-vocabulary/decision-table.tsv	666	2	mi-exclude-tests	cli-flag-aliases	cli-flag-alias	rule+option		keep	mi-exclude-tests	Rule+option alias: `mi-exclude-tests` sets `excludeTests` on maintainability
maintainability.index	channel-code+producer	plain	maintainability.index	docs/internal/plans/rule-vocabulary/X11-final-vocabulary/decision-table.tsv	667	2	mi-min-statements	cli-flag-aliases	cli-flag-alias	rule+option		keep	mi-min-statements	Rule+option alias: `mi-min-statements` sets `minStatements` on maintainabi
maintainability.index	channel-code+producer	plain	maintainability.index	docs/internal/plans/rule-vocabulary/X11-final-vocabulary/decision-table.tsv	668	2	mi-warning	cli-flag-aliases	cli-flag-alias	rule+option		keep	mi-warning	Rule+option alias: `mi-warning` sets `warning` on maintainability.index. Its owner maint
maintainability.index	channel-code+producer	plain	maintainability.index	docs/internal/plans/rule-vocabulary/X11-final-vocabulary/enumeration-channel-naming.tsv	64	1	#   (complexity.cyclomatic judges complexity.ccn; maintainability.index judges
maintainability.index	channel-code+producer	plain	maintainability.index	docs/internal/plans/rule-vocabulary/X11-final-vocabulary/enumeration-channel-naming.tsv	196	2	maintainability.index	maintainability	maintainability.index	yes	src/Analysis/Evidence/Maintainability/MaintainabilityRule.php:156	maintainability.mi	subject	nou
maintainability.index	channel-code+producer	plain	maintainability.index	docs/internal/plans/rule-vocabulary/X11-final-vocabulary/enumeration-metric-key-naming.tsv	339	2	maintainability.mi	maintainability	mi	abbreviation	yes	Maintainability Index	callable	.avg,.count,.min,.p5	maintainability.index	no	yes: computed_metrics; thres
maintainability.index	channel-code+producer	plain	maintainability.index	docs/internal/plans/rule-vocabulary/X11-final-vocabulary/enumeration-runtime-witness.tsv	49	2	#     --rule-opt=maintainability.index:warning=100 --rule-opt=maintainability.index:error=100 \
maintainability.index	channel-code+producer	plain	maintainability.index	docs/internal/plans/rule-vocabulary/X11-final-vocabulary/enumeration-runtime-witness.tsv	75	2	#     --rule-opt=maintainability.index:warning=100 --rule-opt=maintainability.index:error=100 \
maintainability.index	channel-code+producer	plain	maintainability.index	docs/internal/plans/rule-vocabulary/X11-final-vocabulary/enumeration-runtime-witness.tsv	126	1	#        - maintainability.index (default warning/error=35; no file in src/ or tests/ scores
maintainability.index	channel-code+producer	plain	maintainability.index	docs/internal/plans/rule-vocabulary/X11-final-vocabulary/enumeration-runtime-witness.tsv	226	2	channel	maintainability.index	check_json_mi-forced	default threshold (warning=35) not tripped by src/ or tests/; triggered only after raising it via --rule-opt=
maintainability.index	channel-code+producer	plain	maintainability.index	docs/internal/plans/rule-vocabulary/X11-final-vocabulary/followups/adr.md	16	1	`maintainability.index → maintainability.mi`,
maintainability.index	channel-code+producer	plain	maintainability.index	docs/internal/plans/rule-vocabulary/X3-followups/enumeration-producer-enablement.tsv	44	1	maintainability.index	MaintainabilityRule	MaintainabilityOptions	flat	1	isEnabled@src/Analysis/Evidence/Maintainability/MaintainabilityRule.php:66
maintainability.index	channel-code+producer	plain	maintainability.index	docs/internal/plans/rule-vocabulary/X8-one-string-two-jobs/01-declared-relation.md	26	1	`maintainability.index` — `maintainability.mi`, `design.inheritance` —
maintainability.index	channel-code+producer	plain	maintainability.index	docs/internal/plans/rule-vocabulary/X8-one-string-two-jobs/01-declared-relation.md	272	1	- Округление и агрегация: `maintainability.index` и `size.class-count` проходят
maintainability.index	channel-code+producer	plain	maintainability.index	docs/internal/plans/rule-vocabulary/X8-one-string-two-jobs/04-final-naming-step.md	127	1	| три пары «слово против написания»: `complexity.cyclomatic`/`ccn`, `maintainability.index`/`mi`, `design.inheritance`/`dit` | метрики 972 вхождения, каналы 137
maintainability.index	channel-code+producer	plain	maintainability.index	docs/internal/plans/rule-vocabulary/X8-one-string-two-jobs/enumeration-channels.tsv	56	2	maintainability.index	maintainability.index	Maintainability	magnitude	lower	callable	maintainability.mi,size.method-statement-count	maintainability.mi	src/Analy
maintainability.index	channel-code+producer	plain	maintainability.index	docs/internal/plans/rule-vocabulary/X8-one-string-two-jobs/enumeration-metric-keys.tsv	47	1	maintainability.mi	MAINTAINABILITY_MI	src/Analysis/Evidence/Maintainability/MaintainabilityIndexCollector.php	N	maintainability.index	src/Analysis/Evidence/Comp
maintainability.index	channel-code+producer	plain	maintainability.index	docs/internal/plans/rule-vocabulary/X8-one-string-two-jobs/enumeration-overlap-sites.tsv	62	1	src/Analysis/Finding/RuleConfiguration/RuleThresholdKeyGroupRegistry.php	123	design.type-coverage.param	rule-name	none-already-allowed	src/Analysis/Finding/Rule
maintainability.index	channel-code+producer	plain	maintainability.index	docs/internal/plans/rule-vocabulary/X8-one-string-two-jobs/enumeration-overlap-sites.tsv	63	1	src/Analysis/Finding/RuleConfiguration/RuleThresholdKeyGroupRegistry.php	126	design.type-coverage.return	rule-name	none-already-allowed	src/Analysis/Finding/Rul
maintainability.index	channel-code+producer	plain	maintainability.index	docs/internal/plans/rule-vocabulary/X8-one-string-two-jobs/enumeration-overlap-sites.tsv	64	1	src/Analysis/Finding/RuleConfiguration/RuleThresholdKeyGroupRegistry.php	129	design.type-coverage.property	rule-name	none-already-allowed	src/Analysis/Finding/R
maintainability.index	channel-code+producer	plain	maintainability.index	docs/internal/plans/rule-vocabulary/X8-one-string-two-jobs/enumeration-overlap-sites.tsv	65	1	src/Analysis/Finding/RuleConfiguration/RuleThresholdKeyGroupRegistry.php	147	complexity.cognitive	rule-name	none-already-allowed	src/Analysis/Finding/RuleConfig
maintainability.index	channel-code+producer	plain	maintainability.index	docs/internal/plans/rule-vocabulary/X8-one-string-two-jobs/enumeration-overlap-sites.tsv	66	1	src/Analysis/Finding/RuleConfiguration/RuleThresholdKeyGroupRegistry.php	152	complexity.npath	rule-name	none-already-allowed	src/Analysis/Finding/RuleConfigurat
maintainability.index	channel-code+producer	plain	maintainability.index	docs/internal/plans/rule-vocabulary/X8-one-string-two-jobs/enumeration-overlap-sites.tsv	67	1	src/Analysis/Finding/RuleConfiguration/RuleThresholdKeyGroupRegistry.php	165	coupling.cbo	rule-name	none-already-allowed	src/Analysis/Finding/RuleConfiguration/
maintainability.index	channel-code+producer	plain	maintainability.index	docs/internal/plans/rule-vocabulary/X8-one-string-two-jobs/enumeration-overlap-sites.tsv	68	1	src/Analysis/Finding/RuleConfiguration/RuleThresholdKeyGroupRegistry.php	175	coupling.instability	rule-name	none-already-allowed	src/Analysis/Finding/RuleConfig
maintainability.index	channel-code+producer	plain	maintainability.index	docs/internal/plans/rule-vocabulary/X8-one-string-two-jobs/enumeration-overlap-sites.tsv	69	1	src/Analysis/Finding/RuleConfiguration/RuleThresholdKeyGroupRegistry.php	184	coupling.distance	rule-name	none-already-allowed	src/Analysis/Finding/RuleConfigura
maintainability.index	channel-code+producer	plain	maintainability.index	docs/internal/plans/rule-vocabulary/X8-one-string-two-jobs/enumeration-overlap-sites.tsv	70	1	src/Analysis/Finding/RuleConfiguration/RuleThresholdKeyGroupRegistry.php	191	coupling.class-rank	rule-name	none-already-allowed	src/Analysis/Finding/RuleConfigu
maintainability.index	channel-code+producer	plain	maintainability.index	docs/internal/plans/rule-vocabulary/X8-one-string-two-jobs/enumeration-overlap-sites.tsv	71	1	src/Analysis/Finding/RuleConfiguration/RuleThresholdKeyGroupRegistry.php	212	code-smell.unreachable-code	rule-name	none-already-allowed	src/Analysis/Finding/Rul
maintainability.index	channel-code+producer	plain	maintainability.index	docs/internal/plans/rule-vocabulary/X8-one-string-two-jobs/enumeration-overlap-sites.tsv	72	1	src/Analysis/Finding/RuleConfiguration/RuleThresholdKeyGroupRegistry.php	222	size.method-count	rule-name	none-already-allowed	src/Analysis/Finding/RuleConfigura
maintainability.index	channel-code+producer	plain	maintainability.index	docs/internal/plans/rule-vocabulary/X8-one-string-two-jobs/enumeration-overlap-sites.tsv	73	1	src/Analysis/Finding/RuleConfiguration/RuleThresholdKeyGroupRegistry.php	225	size.class-count	rule-name	none-already-allowed	src/Analysis/Finding/RuleConfigurat
maintainability.index	channel-code+producer	plain	maintainability.index	docs/internal/plans/rule-vocabulary/X8-one-string-two-jobs/enumeration-overlap-sites.tsv	74	1	src/Analysis/Finding/RuleConfiguration/RuleThresholdKeyGroupRegistry.php	228	size.property-count	rule-name	none-already-allowed	src/Analysis/Finding/RuleConfigu
maintainability.index	channel-code+producer	plain	maintainability.index	docs/internal/plans/rule-vocabulary/X8-one-string-two-jobs/enumeration-overlap-sites.tsv	75	1	src/Analysis/Finding/RuleConfiguration/RuleThresholdKeyGroupRegistry.php	236	design.noc	rule-name	none-already-allowed	src/Analysis/Finding/RuleConfiguration/Ru
maintainability.index	channel-code+producer	plain	maintainability.index	docs/internal/plans/rule-vocabulary/X8-one-string-two-jobs/enumeration-overlap-sites.tsv	76	1	src/Analysis/Finding/RuleConfiguration/RuleThresholdKeyGroupRegistry.php	239	cohesion.lcom	rule-name	none-already-allowed	src/Analysis/Finding/RuleConfiguration
maintainability.index	channel-code+producer	plain	maintainability.index	docs/internal/plans/rule-vocabulary/X8-one-string-two-jobs/enumeration-overlap-sites.tsv	77	1	src/Analysis/Finding/RuleConfiguration/RuleThresholdKeyGroupRegistry.php	242	complexity.wmc	rule-name	none-already-allowed	src/Analysis/Finding/RuleConfiguratio
maintainability.index	channel-code+producer	plain	maintainability.index	docs/internal/plans/rule-vocabulary/X9-gate-holes/followups/e3.md	31	1	`code-smell.constructor-overinjection`, `maintainability.index`,
maintainability.index	channel-code+producer	plain	maintainability.index	docs/internal/plans/rule-vocabulary/enumeration-channel-levels.tsv	56	2	maintainability.index#maintainability.index	callable	no	no	C1 C2	both
maintainability.index	channel-code+producer	plain	maintainability.index	docs/internal/plans/rule-vocabulary/enumeration-channel-shapes.tsv	50	3	maintainability.index	maintainability.index#maintainability.index	magnitude	lower	callable	MaintainabilityRule	src/Analysis/Evidence/Maintainability/Maintainabi
maintainability.index	channel-code+producer	plain	maintainability.index	docs/internal/plans/rule-vocabulary/enumeration-configured-boundary-population.tsv	161	1	maintainability.index	callable	MaintainabilityRule	MaintainabilityOptions	yes	warning=40	20:E>W 40:W>-	40
maintainability.index	channel-code+producer	plain	maintainability.index	docs/internal/plans/rule-vocabulary/enumeration-magnitude-levels.tsv	17	1	maintainability.index	Magnitude	MaintainabilityRule	NONE-FOUND
maintainability.index	channel-code+producer	plain	maintainability.index	docs/internal/plans/rule-vocabulary/enumeration-renames.tsv	45	1	maintainability.index	channel	?		11	48	2	2	0	27	0	3	0	0	0	0
maintainability.index	channel-code+producer	plain	maintainability.index	docs/internal/plans/rule-vocabulary/enumeration-renames.tsv	178	1	maintainability.index	producer	?		11	48	2	2	0	27	0	3	0	0	0	0
maintainability.index	channel-code+producer	plain	maintainability.index	docs/internal/plans/rule-vocabulary/enumeration-rule-category.tsv	60	1	producer	maintainability.index	maintainability	maintainability	yes	rule class	src/Analysis/Evidence/Maintainability/MaintainabilityRule.php:53-56 (NAME:38)
maintainability.index	channel-code+producer	plain	maintainability.index	docs/internal/plans/rule-vocabulary/enumeration-rules.tsv	35	2	maintainability.index	maintainability	Analysis/Evidence/Maintainability/MaintainabilityRule.php	maintainability.index	Magnitude	debt	own	-	0	no	MaintainabilityO
maintainability.index	channel-code+producer	plain	maintainability.index	docs/internal/plans/sarif-channel-descriptions.md	476	1	- `coupling.class-rank` takes the flat base time; `maintainability.index` still
maintainability.index	channel-code+producer	plain	maintainability.index	docs/internal/plans/sarif-channel-descriptions/channel-inventory.tsv	60	3	maintainability.index	maintainability.index	maintainability.index	Checks Maintainability Index (lower values indicate harder to maintain code)
maintainability.index	channel-code+producer	plain	maintainability.index	docs/internal/plans/sarif-channel-descriptions/sarif-table-coverage.tsv	17	1	maintainability.index	yes	Maintainability index below threshold	Checks Maintainability Index (lower values indicate harder to maintain code)
maintainability.index	channel-code+producer	plain	maintainability.index	finding-gate/cases/complexity/case.json	31	1	"--rule-opt=maintainability.index:warning=100",
maintainability.index	channel-code+producer	plain	maintainability.index	finding-gate/cases/complexity/case.json	32	1	"--rule-opt=maintainability.index:error=60"
maintainability.index	channel-code+producer	plain	maintainability.index	finding-gate/cases/complexity/case.json	43	1	"maintainability.index@callable"
maintainability.index	channel-code+producer	plain	maintainability.index	qmx.yaml	1713	1	maintainability.index:
maintainability.index	channel-code+producer	plain	maintainability.index	qmx.yaml.example	209	1	# maintainability.index:
maintainability.index	channel-code+producer	plain	maintainability.index	src/Analysis/Configuration/Preset/legacy.yaml	36	1	maintainability.index:
maintainability.index	channel-code+producer	plain	maintainability.index	src/Analysis/Configuration/Preset/strict.yaml	37	1	maintainability.index:
maintainability.index	channel-code+producer	plain	maintainability.index	src/Analysis/Configuration/README.md	155	1	| `--mi-warning=N`                        | maintainability.index                | warning               |
maintainability.index	channel-code+producer	plain	maintainability.index	src/Analysis/Configuration/README.md	156	1	| `--mi-error=N`                          | maintainability.index                | error                 |
maintainability.index	channel-code+producer	plain	maintainability.index	src/Analysis/Configuration/README.md	157	1	| `--mi-exclude-tests=N`                  | maintainability.index                | excludeTests          |
maintainability.index	channel-code+producer	plain	maintainability.index	src/Analysis/Configuration/README.md	158	1	| `--mi-min-statements=N`                 | maintainability.index                | minStatements         |
maintainability.index	channel-code+producer	plain	maintainability.index	src/Analysis/Evidence/Maintainability/MaintainabilityRule.php	41	1	public const string NAME = 'maintainability.index';
maintainability.index	channel-code+producer	plain	maintainability.index	src/Analysis/Evidence/Maintainability/MaintainabilityRule.php	141	1	* `maintainability.index` reports the Maintainability Index itself
maintainability.index	channel-code+producer	plain	maintainability.index	src/Analysis/Evidence/Maintainability/README.md	6	1	derived Maintainability Index (MI), and the `maintainability.index` rule and
maintainability.index	channel-code+producer	plain	maintainability.index	src/Analysis/Evidence/Maintainability/README.md	262	1	`maintainability.index` ID, aliases, channels, option defaults, thresholds,
maintainability.index	channel-code+producer	plain	maintainability.index	src/Analysis/Finding/RuleConfiguration/RuleThresholdKeyGroupRegistry.php	216	1	// maintainability.index (MaintainabilityOptions) — flat, bare.
maintainability.index	channel-code+producer	plain	maintainability.index	src/Analysis/Finding/RuleConfiguration/RuleThresholdKeyGroupRegistry.php	217	1	'maintainability.index' => [
maintainability.index	channel-code+producer	plain	maintainability.index	src/Analysis/Policy/Baseline/BaselineEntry.php	106	1	* `maintainability.index` and computed metrics) pass through unchanged.
maintainability.index	channel-code+producer	plain	maintainability.index	tests/Analysis/Evidence/Maintainability/Unit/MaintainabilityRuleTest.php	38	1	self::assertSame('maintainability.index', $rule->getName());
maintainability.index	channel-code+producer	plain	maintainability.index	tests/Analysis/Evidence/Maintainability/Unit/MaintainabilityRuleTest.php	131	1	self::assertSame('maintainability.index', $findings[0]->ruleName);
maintainability.index	channel-code+producer	plain	maintainability.index	tests/Analysis/Evidence/Prioritization/Support/StubRemediationMinutes.php	60	1	'maintainability.index' => 60,
maintainability.index	channel-code+producer	plain	maintainability.index	tests/Analysis/Evidence/Prioritization/Unit/Debt/DebtCalculatorTest.php	83	1	$this->createFinding('src/Bar.php', 'maintainability.index'),   // 60
maintainability.index	channel-code+producer	plain	maintainability.index	tests/Analysis/Evidence/Prioritization/Unit/Debt/DebtCalculatorTest.php	93	1	'maintainability.index' => 60,
maintainability.index	channel-code+producer	plain	maintainability.index	tests/Analysis/Evidence/Prioritization/Unit/Debt/RemediationTimeRegistryTest.php	149	1	// maintainability.index is declared Lower (a magnitude decreasing
maintainability.index	channel-code+producer	plain	maintainability.index	tests/Analysis/Evidence/Prioritization/Unit/Debt/RemediationTimeRegistryTest.php	153	1	'maintainability.index' => ChannelDeclaration::magnitude(WorseDirection::Lower, SymbolLevel::Callable),
maintainability.index	channel-code+producer	plain	maintainability.index	tests/Analysis/Evidence/Prioritization/Unit/Debt/RemediationTimeRegistryTest.php	159	1	$finding = $this->createFinding('maintainability.index', metricValue: 30, threshold: 50);
maintainability.index	channel-code+producer	plain	maintainability.index	tests/Analysis/Finding/Fixtures/Channels/declared.txt	55	1	# maintainability.index). P1b fills in every other static emission point in
maintainability.index	channel-code+producer	plain	maintainability.index	tests/Analysis/Finding/Fixtures/Channels/declared.txt	115	1	maintainability.index lower callable judges:maintainability.mi
maintainability.index	channel-code+producer	plain	maintainability.index	tests/Analysis/Finding/Fixtures/Channels/order.txt	50	1	maintainability.index
maintainability.index	channel-code+producer	plain	maintainability.index	tests/Analysis/Finding/Integration/ChannelJudgedMetricDriftTest.php	50	1	* genuinely exercised: `maintainability.index` publishes 49.5 where the
maintainability.index	channel-code+producer	plain	maintainability.index	tests/Analysis/Finding/Integration/RuleIdentifierLiteralGuardTest.php	184	1	'maintainability.index' => self::RULE_THRESHOLD_KEY_GROUP_REASON,
maintainability.index	channel-code+producer	plain	maintainability.index	tests/Analysis/Finding/Unit/ChannelDeclarationCompilerPassTest.php	66	1	['code-smell.goto', 'maintainability.index'],
maintainability.index	channel-code+producer	plain	maintainability.index	tests/Analysis/Finding/Unit/ChannelDeclarationCompilerPassTest.php	79	1	$declarations['maintainability.index'],
maintainability.index	channel-code+producer	plain	maintainability.index	tests/Analysis/Finding/Unit/ChannelDeclarationCompilerPassTest.php	84	2	'maintainability.index' => ['maintainability.index'],
maintainability.index	channel-code+producer	plain	maintainability.index	tests/Analysis/Policy/Baseline/Functional/BaselineUpdateCommandTest.php	40	1	* `maintainability.index` is worse the *smaller* it gets, so a rule written
maintainability.index	channel-code+producer	plain	maintainability.index	tests/Analysis/Policy/Baseline/Functional/ConfiguredWarningBoundaryMapTest.php	57	1	'maintainability.index' => ['callable' => 40.0],
maintainability.index	channel-code+producer	plain	maintainability.index	tests/Analysis/Policy/Baseline/Unit/BaselineCeilingStageAcceptanceTest.php	74	1	* `maintainability.index` — a smaller number is the worse one, so a
maintainability.index	channel-code+producer	plain	maintainability.index	tests/Analysis/Policy/Baseline/Unit/BaselineCeilingStageAcceptanceTest.php	101	1	* reader generalising from `maintainability.index` alone would be
maintainability.index	channel-code+producer	plain	maintainability.index	tests/Analysis/Policy/Baseline/Unit/BaselineCeilingStageAcceptanceTest.php	432	1	* `maintainability.index` and the three `design.*-type-coverage` rules are
maintainability.index	channel-code+producer	plain	maintainability.index	tests/Analysis/Policy/Baseline/Unit/BaselineCeilingStageAcceptanceTest.php	566	1	* A ceiling holding one `maintainability.index` entry over a class,
maintainability.index	channel-code+producer	plain	maintainability.index	tests/Analysis/Policy/Baseline/Unit/BaselineCeilingStageAcceptanceTest.php	598	1	'maintainability.index',
maintainability.index	channel-code+producer	plain	maintainability.index	tests/Analysis/Policy/Baseline/Unit/BaselineEntryTest.php	33	1	// maintainability.index and computed metrics store round($v, 1);
maintainability.index	channel-code+producer	plain	maintainability.index	tests/Analysis/Policy/Baseline/Unit/BaselineUpdaterTest.php	87	1	'maintainability.index',
maintainability.index	channel-code+producer	plain	maintainability.index	tests/Analysis/Policy/Baseline/Unit/BaselineUpdaterTest.php	95	1	FindingFactory::magnitude($symbol, 55, 'maintainability.index', 'maintainability.index.class'),
maintainability.index	channel-code+producer	plain	maintainability.index	tests/Analysis/Policy/Baseline/Unit/BaselineUpdaterTest.php	96	1	FindingFactory::magnitude($symbol, 70, 'maintainability.index', 'maintainability.index.class'),
maintainability.index	channel-code+producer	plain	maintainability.index	tests/Analysis/Policy/Inline/Integration/ThresholdAnnotationParserPathTest.php	92	1	docblock: '/** @qmx-threshold maintainability.index warning=50 error=30 */',
maintainability.index	channel-code+producer	plain	maintainability.index	tests/Analysis/Policy/Inline/Integration/ThresholdAnnotationParserPathTest.php	108	1	docblock: '/** @qmx-threshold maintainability.index warning=20 error=40 */',
maintainability.index	channel-code+producer	plain	maintainability.index	tests/Infrastructure/Unit/ChannelUniverseTest.php	61	1	$channel = new FindingChannel('maintainability.index');
maintainability.index	channel-code+producer	plain	maintainability.index	tests/Unit/Infrastructure/Console/CliOptionsParserTest.php	25	1	'mi-warning' => ['rule' => 'maintainability.index', 'option' => 'warning'],
maintainability.index	channel-code+producer	plain	maintainability.index	tests/Unit/Infrastructure/Console/CliOptionsParserTest.php	47	1	self::assertArrayHasKey('maintainability.index', $result);
maintainability.index	channel-code+producer	plain	maintainability.index	tests/Unit/Infrastructure/Console/CliOptionsParserTest.php	48	1	self::assertSame(30, $result['maintainability.index']['warning']);
maintainability.index	channel-code+producer	plain	maintainability.index	tests/Unit/Infrastructure/Console/CliOptionsParserTest.php	59	1	'mi-warning' => ['rule' => 'maintainability.index', 'option' => 'warning'],
maintainability.index	channel-code+producer	plain	maintainability.index	tests/Unit/Infrastructure/Console/CliOptionsParserTest.php	70	1	'--rule-opt' => ['maintainability.index:warning=50'],
maintainability.index	channel-code+producer	plain	maintainability.index	tests/Unit/Infrastructure/Console/CliOptionsParserTest.php	78	1	self::assertSame(50, $result['maintainability.index']['warning']);
maintainability.index	channel-code+producer	plain	maintainability.index	tests/Unit/Infrastructure/Console/CliOptionsParserTest.php	258	1	'mi-warning' => ['rule' => 'maintainability.index', 'option' => 'warning'],
maintainability.index	channel-code+producer	plain	maintainability.index	tests/Unit/Infrastructure/Console/CliOptionsParserTest.php	259	1	'mi-error' => ['rule' => 'maintainability.index', 'option' => 'error'],
maintainability.index	channel-code+producer	plain	maintainability.index	tests/Unit/Infrastructure/Console/CliOptionsParserTest.php	279	1	self::assertArrayHasKey('maintainability.index', $result);
maintainability.index	channel-code+producer	plain	maintainability.index	tests/Unit/Infrastructure/Console/CliOptionsParserTest.php	280	1	self::assertSame(30, $result['maintainability.index']['warning']);
maintainability.index	channel-code+producer	plain	maintainability.index	tests/Unit/Infrastructure/Console/CliOptionsParserTest.php	281	1	self::assertArrayNotHasKey('error', $result['maintainability.index']);
maintainability.index	channel-code+producer	plain	maintainability.index	tests/Unit/Reporting/Formatter/Html/HtmlTreeBuilderTest.php	664	1	ruleName: 'maintainability.index',
maintainability.index	channel-code+producer	plain	maintainability.index	tests/Unit/Reporting/Formatter/Html/HtmlTreeBuilderTest.php	665	1	code: 'maintainability.index',
maintainability.index	channel-code+producer	plain	maintainability.index	tests/Unit/Reporting/Formatter/JsonFormatterTest.php	629	1	ruleName: 'maintainability.index',
maintainability.index	channel-code+producer	plain	maintainability.index	tests/Unit/Reporting/Formatter/JsonFormatterTest.php	630	1	code: 'maintainability.index',
maintainability.index	channel-code+producer	plain	maintainability.index	tests/Unit/Reporting/Formatter/JsonFormatterTest.php	638	1	ruleName: 'maintainability.index',
maintainability.index	channel-code+producer	plain	maintainability.index	tests/Unit/Reporting/Formatter/JsonFormatterTest.php	639	1	code: 'maintainability.index',
maintainability.index	channel-code+producer	plain	maintainability.index	website/docs/changelog.md	612	1	- `@qmx-threshold maintainability.index warning=N error=M` annotations with `N > M` were silently rejected by the parser, even though the rule's defaults are `w
maintainability.index	channel-code+producer	plain	maintainability.index	website/docs/reference/default-thresholds.md	85	1	| Maintainability Index | `maintainability.index` | 40              | 20            | Method |
maintainability.index	channel-code+producer	plain	maintainability.index	website/docs/reference/default-thresholds.md	194	1	maintainability.index:
maintainability.index	channel-code+producer	plain	maintainability.index	website/docs/reference/default-thresholds.ru.md	85	1	| Maintainability Index | `maintainability.index` | 40             | 20           | Метод   |
maintainability.index	channel-code+producer	plain	maintainability.index	website/docs/reference/default-thresholds.ru.md	209	1	maintainability.index:
maintainability.index	channel-code+producer	plain	maintainability.index	website/docs/reference/remediation-time.md	55	1	| Maintainability Index | `maintainability.index` | 60      |
maintainability.index	channel-code+producer	plain	maintainability.index	website/docs/reference/remediation-time.ru.md	55	1	| Maintainability Index | `maintainability.index` | 60     |
maintainability.index	channel-code+producer	plain	maintainability.index	website/docs/rules/index.md	99	1	| [Maintainability Index](maintainability.md) | `maintainability.index` | Overall code maintainability score | &lt;40          | &lt;20        |
maintainability.index	channel-code+producer	plain	maintainability.index	website/docs/rules/index.md	230	1	- **Maintainability:** `maintainability.index`
maintainability.index	channel-code+producer	plain	maintainability.index	website/docs/rules/index.ru.md	99	1	| [Индекс поддерживаемости](maintainability.ru.md) | `maintainability.index` | Общая оценка поддерживаемости кода | &lt;40  | &lt;20 |
maintainability.index	channel-code+producer	plain	maintainability.index	website/docs/rules/index.ru.md	230	1	- **Maintainability:** `maintainability.index`
maintainability.index	channel-code+producer	plain	maintainability.index	website/docs/rules/maintainability.md	13	1	**Rule ID:** `maintainability.index`
maintainability.index	channel-code+producer	plain	maintainability.index	website/docs/rules/maintainability.md	190	1	maintainability.index:
maintainability.index	channel-code+producer	plain	maintainability.index	website/docs/rules/maintainability.md	198	1	bin/qmx check src/ --rule-opt="maintainability.index:warning=35"
maintainability.index	channel-code+producer	plain	maintainability.index	website/docs/rules/maintainability.md	199	1	bin/qmx check src/ --rule-opt="maintainability.index:min_statements=15"
maintainability.index	channel-code+producer	plain	maintainability.index	website/docs/rules/maintainability.ru.md	13	1	**Идентификатор правила:** `maintainability.index`
maintainability.index	channel-code+producer	plain	maintainability.index	website/docs/rules/maintainability.ru.md	190	1	maintainability.index:
maintainability.index	channel-code+producer	plain	maintainability.index	website/docs/rules/maintainability.ru.md	198	1	bin/qmx check src/ --rule-opt="maintainability.index:warning=35"
maintainability.index	channel-code+producer	plain	maintainability.index	website/docs/rules/maintainability.ru.md	199	1	bin/qmx check src/ --rule-opt="maintainability.index:min_statements=15"
maintainability.index	channel-code+producer	plain	maintainability.index	website/docs/usage/cli-options.md	719	1	| `--mi-warning=N`        | maintainability.index | warning       |
maintainability.index	channel-code+producer	plain	maintainability.index	website/docs/usage/cli-options.md	720	1	| `--mi-error=N`          | maintainability.index | error         |
maintainability.index	channel-code+producer	plain	maintainability.index	website/docs/usage/cli-options.md	721	1	| `--mi-min-statements=N` | maintainability.index | minStatements |
maintainability.index	channel-code+producer	plain	maintainability.index	website/docs/usage/cli-options.md	722	1	| `--mi-exclude-tests`    | maintainability.index | excludeTests  |
maintainability.index	channel-code+producer	plain	maintainability.index	website/docs/usage/cli-options.ru.md	718	1	| `--mi-warning=N`        | maintainability.index | warning       |
maintainability.index	channel-code+producer	plain	maintainability.index	website/docs/usage/cli-options.ru.md	719	1	| `--mi-error=N`          | maintainability.index | error         |
maintainability.index	channel-code+producer	plain	maintainability.index	website/docs/usage/cli-options.ru.md	720	1	| `--mi-min-statements=N` | maintainability.index | minStatements |
maintainability.index	channel-code+producer	plain	maintainability.index	website/docs/usage/cli-options.ru.md	721	1	| `--mi-exclude-tests`    | maintainability.index | excludeTests  |
