rule	key_a	key_b	kind	affected	today_verdict	today_coexistence	post_cure_under_today_value	assigned	post_cure_under_assigned	assigned_on_todays_product	note
code-smell.constructor-overinjection	error	threshold	1-threshold-group-declared	no	COEXISTENCE_OK	refuse	COEXISTENCE_OK	refuse	COEXISTENCE_OK	COEXISTENCE_OK	"the rule is not one of the five the cure touches (no level entry in RuleThresholdKeyGroupRegistry, not a HierarchicalRuleOptions)"
code-smell.constructor-overinjection	error	warning	1-threshold-group-declared	no	COEXISTENCE_OK	compose	COEXISTENCE_OK	compose	COEXISTENCE_OK	COEXISTENCE_OK	"the rule is not one of the five the cure touches (no level entry in RuleThresholdKeyGroupRegistry, not a HierarchicalRuleOptions)"
code-smell.constructor-overinjection	threshold	warning	1-threshold-group-declared	no	COEXISTENCE_OK	refuse	COEXISTENCE_OK	refuse	COEXISTENCE_OK	COEXISTENCE_OK	"the rule is not one of the five the cure touches (no level entry in RuleThresholdKeyGroupRegistry, not a HierarchicalRuleOptions)"
code-smell.long-parameter-list	error	threshold	1-threshold-group-declared	no	COEXISTENCE_OK	refuse	COEXISTENCE_OK	refuse	COEXISTENCE_OK	COEXISTENCE_OK	"the rule is not one of the five the cure touches (no level entry in RuleThresholdKeyGroupRegistry, not a HierarchicalRuleOptions)"
code-smell.long-parameter-list	error	warning	1-threshold-group-declared	no	COEXISTENCE_OK	compose	COEXISTENCE_OK	compose	COEXISTENCE_OK	COEXISTENCE_OK	"the rule is not one of the five the cure touches (no level entry in RuleThresholdKeyGroupRegistry, not a HierarchicalRuleOptions)"
code-smell.long-parameter-list	threshold	warning	1-threshold-group-declared	no	COEXISTENCE_OK	refuse	COEXISTENCE_OK	refuse	COEXISTENCE_OK	COEXISTENCE_OK	"the rule is not one of the five the cure touches (no level entry in RuleThresholdKeyGroupRegistry, not a HierarchicalRuleOptions)"
code-smell.long-parameter-list	vo-error	vo-threshold	1-threshold-group-declared	no	COEXISTENCE_OK	refuse	COEXISTENCE_OK	refuse	COEXISTENCE_OK	COEXISTENCE_OK	"the rule is not one of the five the cure touches (no level entry in RuleThresholdKeyGroupRegistry, not a HierarchicalRuleOptions)"
code-smell.long-parameter-list	vo-error	vo-warning	1-threshold-group-declared	no	COEXISTENCE_OK	compose	COEXISTENCE_OK	compose	COEXISTENCE_OK	COEXISTENCE_OK	"the rule is not one of the five the cure touches (no level entry in RuleThresholdKeyGroupRegistry, not a HierarchicalRuleOptions)"
code-smell.long-parameter-list	vo-threshold	vo-warning	1-threshold-group-declared	no	COEXISTENCE_OK	refuse	COEXISTENCE_OK	refuse	COEXISTENCE_OK	COEXISTENCE_OK	"the rule is not one of the five the cure touches (no level entry in RuleThresholdKeyGroupRegistry, not a HierarchicalRuleOptions)"
code-smell.unreachable-code	error	threshold	1-threshold-group-declared	no	COEXISTENCE_OK	refuse	COEXISTENCE_OK	refuse	COEXISTENCE_OK	COEXISTENCE_OK	"the rule is not one of the five the cure touches (no level entry in RuleThresholdKeyGroupRegistry, not a HierarchicalRuleOptions)"
code-smell.unreachable-code	error	warning	1-threshold-group-declared	no	COEXISTENCE_OK	compose	COEXISTENCE_OK	compose	COEXISTENCE_OK	COEXISTENCE_OK	"the rule is not one of the five the cure touches (no level entry in RuleThresholdKeyGroupRegistry, not a HierarchicalRuleOptions)"
code-smell.unreachable-code	threshold	warning	1-threshold-group-declared	no	COEXISTENCE_OK	refuse	COEXISTENCE_OK	refuse	COEXISTENCE_OK	COEXISTENCE_OK	"the rule is not one of the five the cure touches (no level entry in RuleThresholdKeyGroupRegistry, not a HierarchicalRuleOptions)"
cohesion.lcom	error	threshold	1-threshold-group-declared	no	COEXISTENCE_OK	refuse	COEXISTENCE_OK	refuse	COEXISTENCE_OK	COEXISTENCE_OK	"the rule is not one of the five the cure touches (no level entry in RuleThresholdKeyGroupRegistry, not a HierarchicalRuleOptions)"
cohesion.lcom	error	warning	1-threshold-group-declared	no	COEXISTENCE_OK	compose	COEXISTENCE_OK	compose	COEXISTENCE_OK	COEXISTENCE_OK	"the rule is not one of the five the cure touches (no level entry in RuleThresholdKeyGroupRegistry, not a HierarchicalRuleOptions)"
cohesion.lcom	threshold	warning	1-threshold-group-declared	no	COEXISTENCE_OK	refuse	COEXISTENCE_OK	refuse	COEXISTENCE_OK	COEXISTENCE_OK	"the rule is not one of the five the cure touches (no level entry in RuleThresholdKeyGroupRegistry, not a HierarchicalRuleOptions)"
complexity.ccn	callable.error	callable.threshold	1-threshold-group-declared	no	COEXISTENCE_OK	refuse	COEXISTENCE_OK	refuse	COEXISTENCE_OK	COEXISTENCE_OK	"both keys are level keys: the document carries no top-level key, so the unfold has nothing to push and fromArray() never enters the branch the cure removes"
complexity.ccn	callable.error	callable.warning	1-threshold-group-declared	no	COEXISTENCE_OK	compose	COEXISTENCE_OK	compose	COEXISTENCE_OK	COEXISTENCE_OK	"both keys are level keys: the document carries no top-level key, so the unfold has nothing to push and fromArray() never enters the branch the cure removes"
complexity.ccn	callable.threshold	callable.warning	1-threshold-group-declared	no	COEXISTENCE_OK	refuse	COEXISTENCE_OK	refuse	COEXISTENCE_OK	COEXISTENCE_OK	"both keys are level keys: the document carries no top-level key, so the unfold has nothing to push and fromArray() never enters the branch the cure removes"
complexity.ccn	class.max-error	class.max-warning	1-threshold-group-declared	no	COEXISTENCE_OK	compose	COEXISTENCE_OK	compose	COEXISTENCE_OK	COEXISTENCE_OK	"both keys are level keys: the document carries no top-level key, so the unfold has nothing to push and fromArray() never enters the branch the cure removes"
complexity.ccn	class.max-error	class.threshold	1-threshold-group-declared	no	COEXISTENCE_OK	refuse	COEXISTENCE_OK	refuse	COEXISTENCE_OK	COEXISTENCE_OK	"both keys are level keys: the document carries no top-level key, so the unfold has nothing to push and fromArray() never enters the branch the cure removes"
complexity.ccn	class.max-warning	class.threshold	1-threshold-group-declared	no	COEXISTENCE_OK	refuse	COEXISTENCE_OK	refuse	COEXISTENCE_OK	COEXISTENCE_OK	"both keys are level keys: the document carries no top-level key, so the unfold has nothing to push and fromArray() never enters the branch the cure removes"
complexity.cognitive	callable.error	callable.threshold	1-threshold-group-declared	no	COEXISTENCE_OK	refuse	COEXISTENCE_OK	refuse	COEXISTENCE_OK	COEXISTENCE_OK	"both keys are level keys: the document carries no top-level key, so the unfold has nothing to push and fromArray() never enters the branch the cure removes"
complexity.cognitive	callable.error	callable.warning	1-threshold-group-declared	no	COEXISTENCE_OK	compose	COEXISTENCE_OK	compose	COEXISTENCE_OK	COEXISTENCE_OK	"both keys are level keys: the document carries no top-level key, so the unfold has nothing to push and fromArray() never enters the branch the cure removes"
complexity.cognitive	callable.threshold	callable.warning	1-threshold-group-declared	no	COEXISTENCE_OK	refuse	COEXISTENCE_OK	refuse	COEXISTENCE_OK	COEXISTENCE_OK	"both keys are level keys: the document carries no top-level key, so the unfold has nothing to push and fromArray() never enters the branch the cure removes"
complexity.cognitive	class.max-error	class.max-warning	1-threshold-group-declared	no	COEXISTENCE_OK	compose	COEXISTENCE_OK	compose	COEXISTENCE_OK	COEXISTENCE_OK	"both keys are level keys: the document carries no top-level key, so the unfold has nothing to push and fromArray() never enters the branch the cure removes"
complexity.cognitive	class.max-error	class.threshold	1-threshold-group-declared	no	COEXISTENCE_OK	refuse	COEXISTENCE_OK	refuse	COEXISTENCE_OK	COEXISTENCE_OK	"both keys are level keys: the document carries no top-level key, so the unfold has nothing to push and fromArray() never enters the branch the cure removes"
complexity.cognitive	class.max-warning	class.threshold	1-threshold-group-declared	no	COEXISTENCE_OK	refuse	COEXISTENCE_OK	refuse	COEXISTENCE_OK	COEXISTENCE_OK	"both keys are level keys: the document carries no top-level key, so the unfold has nothing to push and fromArray() never enters the branch the cure removes"
complexity.npath	callable.error	callable.threshold	1-threshold-group-declared	no	COEXISTENCE_OK	refuse	COEXISTENCE_OK	refuse	COEXISTENCE_OK	COEXISTENCE_OK	"both keys are level keys: the document carries no top-level key, so the unfold has nothing to push and fromArray() never enters the branch the cure removes"
complexity.npath	callable.error	callable.warning	1-threshold-group-declared	no	COEXISTENCE_OK	compose	COEXISTENCE_OK	compose	COEXISTENCE_OK	COEXISTENCE_OK	"both keys are level keys: the document carries no top-level key, so the unfold has nothing to push and fromArray() never enters the branch the cure removes"
complexity.npath	callable.threshold	callable.warning	1-threshold-group-declared	no	COEXISTENCE_OK	refuse	COEXISTENCE_OK	refuse	COEXISTENCE_OK	COEXISTENCE_OK	"both keys are level keys: the document carries no top-level key, so the unfold has nothing to push and fromArray() never enters the branch the cure removes"
complexity.npath	class.max-error	class.max-warning	1-threshold-group-declared	no	COEXISTENCE_OK	compose	COEXISTENCE_OK	compose	COEXISTENCE_OK	COEXISTENCE_OK	"both keys are level keys: the document carries no top-level key, so the unfold has nothing to push and fromArray() never enters the branch the cure removes"
complexity.npath	class.max-error	class.threshold	1-threshold-group-declared	no	COEXISTENCE_OK	refuse	COEXISTENCE_OK	refuse	COEXISTENCE_OK	COEXISTENCE_OK	"both keys are level keys: the document carries no top-level key, so the unfold has nothing to push and fromArray() never enters the branch the cure removes"
complexity.npath	class.max-warning	class.threshold	1-threshold-group-declared	no	COEXISTENCE_OK	refuse	COEXISTENCE_OK	refuse	COEXISTENCE_OK	COEXISTENCE_OK	"both keys are level keys: the document carries no top-level key, so the unfold has nothing to push and fromArray() never enters the branch the cure removes"
complexity.wmc	error	threshold	1-threshold-group-declared	no	COEXISTENCE_OK	refuse	COEXISTENCE_OK	refuse	COEXISTENCE_OK	COEXISTENCE_OK	"the rule is not one of the five the cure touches (no level entry in RuleThresholdKeyGroupRegistry, not a HierarchicalRuleOptions)"
complexity.wmc	error	warning	1-threshold-group-declared	no	COEXISTENCE_OK	compose	COEXISTENCE_OK	compose	COEXISTENCE_OK	COEXISTENCE_OK	"the rule is not one of the five the cure touches (no level entry in RuleThresholdKeyGroupRegistry, not a HierarchicalRuleOptions)"
complexity.wmc	threshold	warning	1-threshold-group-declared	no	COEXISTENCE_OK	refuse	COEXISTENCE_OK	refuse	COEXISTENCE_OK	COEXISTENCE_OK	"the rule is not one of the five the cure touches (no level entry in RuleThresholdKeyGroupRegistry, not a HierarchicalRuleOptions)"
coupling.cbo	class.error	class.threshold	1-threshold-group-declared	no	COEXISTENCE_OK	refuse	COEXISTENCE_OK	refuse	COEXISTENCE_OK	COEXISTENCE_OK	"both keys are level keys: the document carries no top-level key, so the unfold has nothing to push and fromArray() never enters the branch the cure removes"
coupling.cbo	class.error	class.warning	1-threshold-group-declared	no	COEXISTENCE_OK	compose	COEXISTENCE_OK	compose	COEXISTENCE_OK	COEXISTENCE_OK	"both keys are level keys: the document carries no top-level key, so the unfold has nothing to push and fromArray() never enters the branch the cure removes"
coupling.cbo	class.threshold	class.warning	1-threshold-group-declared	no	COEXISTENCE_OK	refuse	COEXISTENCE_OK	refuse	COEXISTENCE_OK	COEXISTENCE_OK	"both keys are level keys: the document carries no top-level key, so the unfold has nothing to push and fromArray() never enters the branch the cure removes"
coupling.cbo	error	threshold	1-threshold-group-declared	yes	COEXISTENCE_OK	refuse	COEXISTENCE_OK	refuse	COEXISTENCE_OK	COEXISTENCE_OK	"two spellings of one band at one depth: C4 leaves this refusing, and the row is unchanged"
coupling.cbo	error	warning	1-threshold-group-declared	yes	COEXISTENCE_OK	compose	COEXISTENCE_OK	compose	COEXISTENCE_OK	COEXISTENCE_OK	"two top-level keys of different groups (or two halves of one band): both unfold and both survive"
coupling.cbo	namespace.error	namespace.threshold	1-threshold-group-declared	no	COEXISTENCE_OK	refuse	COEXISTENCE_OK	refuse	COEXISTENCE_OK	COEXISTENCE_OK	"both keys are level keys: the document carries no top-level key, so the unfold has nothing to push and fromArray() never enters the branch the cure removes"
coupling.cbo	namespace.error	namespace.warning	1-threshold-group-declared	no	COEXISTENCE_OK	compose	COEXISTENCE_OK	compose	COEXISTENCE_OK	COEXISTENCE_OK	"both keys are level keys: the document carries no top-level key, so the unfold has nothing to push and fromArray() never enters the branch the cure removes"
coupling.cbo	namespace.threshold	namespace.warning	1-threshold-group-declared	no	COEXISTENCE_OK	refuse	COEXISTENCE_OK	refuse	COEXISTENCE_OK	COEXISTENCE_OK	"both keys are level keys: the document carries no top-level key, so the unfold has nothing to push and fromArray() never enters the branch the cure removes"
coupling.cbo	threshold	warning	1-threshold-group-declared	yes	COEXISTENCE_OK	refuse	COEXISTENCE_OK	refuse	COEXISTENCE_OK	COEXISTENCE_OK	"two spellings of one band at one depth: C4 leaves this refusing, and the row is unchanged"
coupling.class-rank	error	threshold	1-threshold-group-declared	no	COEXISTENCE_OK	refuse	COEXISTENCE_OK	refuse	COEXISTENCE_OK	COEXISTENCE_OK	"the rule is not one of the five the cure touches (no level entry in RuleThresholdKeyGroupRegistry, not a HierarchicalRuleOptions)"
coupling.class-rank	error	warning	1-threshold-group-declared	no	COEXISTENCE_OK	compose	COEXISTENCE_OK	compose	COEXISTENCE_OK	COEXISTENCE_OK	"the rule is not one of the five the cure touches (no level entry in RuleThresholdKeyGroupRegistry, not a HierarchicalRuleOptions)"
coupling.class-rank	threshold	warning	1-threshold-group-declared	no	COEXISTENCE_OK	refuse	COEXISTENCE_OK	refuse	COEXISTENCE_OK	COEXISTENCE_OK	"the rule is not one of the five the cure touches (no level entry in RuleThresholdKeyGroupRegistry, not a HierarchicalRuleOptions)"
coupling.distance	max-distance-error	max-distance-warning	1-threshold-group-declared	no	COEXISTENCE_OK	compose	COEXISTENCE_OK	compose	COEXISTENCE_OK	COEXISTENCE_OK	"the rule is not one of the five the cure touches (no level entry in RuleThresholdKeyGroupRegistry, not a HierarchicalRuleOptions)"
coupling.distance	max-distance-error	threshold	1-threshold-group-declared	no	COEXISTENCE_OK	refuse	COEXISTENCE_OK	refuse	COEXISTENCE_OK	COEXISTENCE_OK	"the rule is not one of the five the cure touches (no level entry in RuleThresholdKeyGroupRegistry, not a HierarchicalRuleOptions)"
coupling.distance	max-distance-warning	threshold	1-threshold-group-declared	no	COEXISTENCE_OK	refuse	COEXISTENCE_OK	refuse	COEXISTENCE_OK	COEXISTENCE_OK	"the rule is not one of the five the cure touches (no level entry in RuleThresholdKeyGroupRegistry, not a HierarchicalRuleOptions)"
coupling.instability	class.max-error	class.max-warning	1-threshold-group-declared	no	COEXISTENCE_OK	compose	COEXISTENCE_OK	compose	COEXISTENCE_OK	COEXISTENCE_OK	"both keys are level keys: the document carries no top-level key, so the unfold has nothing to push and fromArray() never enters the branch the cure removes"
coupling.instability	class.max-error	class.threshold	1-threshold-group-declared	no	COEXISTENCE_OK	refuse	COEXISTENCE_OK	refuse	COEXISTENCE_OK	COEXISTENCE_OK	"both keys are level keys: the document carries no top-level key, so the unfold has nothing to push and fromArray() never enters the branch the cure removes"
coupling.instability	class.max-warning	class.threshold	1-threshold-group-declared	no	COEXISTENCE_OK	refuse	COEXISTENCE_OK	refuse	COEXISTENCE_OK	COEXISTENCE_OK	"both keys are level keys: the document carries no top-level key, so the unfold has nothing to push and fromArray() never enters the branch the cure removes"
coupling.instability	max-error	max-warning	1-threshold-group-declared	yes	COEXISTENCE_OK	compose	COEXISTENCE_OK	compose	COEXISTENCE_OK	COEXISTENCE_OK	"two top-level keys of different groups (or two halves of one band): both unfold and both survive"
coupling.instability	max-error	threshold	1-threshold-group-declared	yes	COEXISTENCE_OK	refuse	COEXISTENCE_OK	refuse	COEXISTENCE_OK	COEXISTENCE_OK	"two spellings of one band at one depth: C4 leaves this refusing, and the row is unchanged"
coupling.instability	max-warning	threshold	1-threshold-group-declared	yes	COEXISTENCE_OK	refuse	COEXISTENCE_OK	refuse	COEXISTENCE_OK	COEXISTENCE_OK	"two spellings of one band at one depth: C4 leaves this refusing, and the row is unchanged"
coupling.instability	namespace.max-error	namespace.max-warning	1-threshold-group-declared	no	COEXISTENCE_OK	compose	COEXISTENCE_OK	compose	COEXISTENCE_OK	COEXISTENCE_OK	"both keys are level keys: the document carries no top-level key, so the unfold has nothing to push and fromArray() never enters the branch the cure removes"
coupling.instability	namespace.max-error	namespace.threshold	1-threshold-group-declared	no	COEXISTENCE_OK	refuse	COEXISTENCE_OK	refuse	COEXISTENCE_OK	COEXISTENCE_OK	"both keys are level keys: the document carries no top-level key, so the unfold has nothing to push and fromArray() never enters the branch the cure removes"
coupling.instability	namespace.max-warning	namespace.threshold	1-threshold-group-declared	no	COEXISTENCE_OK	refuse	COEXISTENCE_OK	refuse	COEXISTENCE_OK	COEXISTENCE_OK	"both keys are level keys: the document carries no top-level key, so the unfold has nothing to push and fromArray() never enters the branch the cure removes"
design.dit	error	threshold	1-threshold-group-declared	no	COEXISTENCE_OK	refuse	COEXISTENCE_OK	refuse	COEXISTENCE_OK	COEXISTENCE_OK	"the rule is not one of the five the cure touches (no level entry in RuleThresholdKeyGroupRegistry, not a HierarchicalRuleOptions)"
design.dit	error	warning	1-threshold-group-declared	no	COEXISTENCE_OK	compose	COEXISTENCE_OK	compose	COEXISTENCE_OK	COEXISTENCE_OK	"the rule is not one of the five the cure touches (no level entry in RuleThresholdKeyGroupRegistry, not a HierarchicalRuleOptions)"
design.dit	threshold	warning	1-threshold-group-declared	no	COEXISTENCE_OK	refuse	COEXISTENCE_OK	refuse	COEXISTENCE_OK	COEXISTENCE_OK	"the rule is not one of the five the cure touches (no level entry in RuleThresholdKeyGroupRegistry, not a HierarchicalRuleOptions)"
design.noc	error	threshold	1-threshold-group-declared	no	COEXISTENCE_OK	refuse	COEXISTENCE_OK	refuse	COEXISTENCE_OK	COEXISTENCE_OK	"the rule is not one of the five the cure touches (no level entry in RuleThresholdKeyGroupRegistry, not a HierarchicalRuleOptions)"
design.noc	error	warning	1-threshold-group-declared	no	COEXISTENCE_OK	compose	COEXISTENCE_OK	compose	COEXISTENCE_OK	COEXISTENCE_OK	"the rule is not one of the five the cure touches (no level entry in RuleThresholdKeyGroupRegistry, not a HierarchicalRuleOptions)"
design.noc	threshold	warning	1-threshold-group-declared	no	COEXISTENCE_OK	refuse	COEXISTENCE_OK	refuse	COEXISTENCE_OK	COEXISTENCE_OK	"the rule is not one of the five the cure touches (no level entry in RuleThresholdKeyGroupRegistry, not a HierarchicalRuleOptions)"
design.type-coverage.param	error	threshold	1-threshold-group-declared	no	COEXISTENCE_OK	refuse	COEXISTENCE_OK	refuse	COEXISTENCE_OK	COEXISTENCE_OK	"the rule is not one of the five the cure touches (no level entry in RuleThresholdKeyGroupRegistry, not a HierarchicalRuleOptions)"
design.type-coverage.param	error	warning	1-threshold-group-declared	no	COEXISTENCE_OK	compose	COEXISTENCE_OK	compose	COEXISTENCE_OK	COEXISTENCE_OK	"the rule is not one of the five the cure touches (no level entry in RuleThresholdKeyGroupRegistry, not a HierarchicalRuleOptions)"
design.type-coverage.param	threshold	warning	1-threshold-group-declared	no	COEXISTENCE_OK	refuse	COEXISTENCE_OK	refuse	COEXISTENCE_OK	COEXISTENCE_OK	"the rule is not one of the five the cure touches (no level entry in RuleThresholdKeyGroupRegistry, not a HierarchicalRuleOptions)"
design.type-coverage.property	error	threshold	1-threshold-group-declared	no	COEXISTENCE_OK	refuse	COEXISTENCE_OK	refuse	COEXISTENCE_OK	COEXISTENCE_OK	"the rule is not one of the five the cure touches (no level entry in RuleThresholdKeyGroupRegistry, not a HierarchicalRuleOptions)"
design.type-coverage.property	error	warning	1-threshold-group-declared	no	COEXISTENCE_OK	compose	COEXISTENCE_OK	compose	COEXISTENCE_OK	COEXISTENCE_OK	"the rule is not one of the five the cure touches (no level entry in RuleThresholdKeyGroupRegistry, not a HierarchicalRuleOptions)"
design.type-coverage.property	threshold	warning	1-threshold-group-declared	no	COEXISTENCE_OK	refuse	COEXISTENCE_OK	refuse	COEXISTENCE_OK	COEXISTENCE_OK	"the rule is not one of the five the cure touches (no level entry in RuleThresholdKeyGroupRegistry, not a HierarchicalRuleOptions)"
design.type-coverage.return	error	threshold	1-threshold-group-declared	no	COEXISTENCE_OK	refuse	COEXISTENCE_OK	refuse	COEXISTENCE_OK	COEXISTENCE_OK	"the rule is not one of the five the cure touches (no level entry in RuleThresholdKeyGroupRegistry, not a HierarchicalRuleOptions)"
design.type-coverage.return	error	warning	1-threshold-group-declared	no	COEXISTENCE_OK	compose	COEXISTENCE_OK	compose	COEXISTENCE_OK	COEXISTENCE_OK	"the rule is not one of the five the cure touches (no level entry in RuleThresholdKeyGroupRegistry, not a HierarchicalRuleOptions)"
design.type-coverage.return	threshold	warning	1-threshold-group-declared	no	COEXISTENCE_OK	refuse	COEXISTENCE_OK	refuse	COEXISTENCE_OK	COEXISTENCE_OK	"the rule is not one of the five the cure touches (no level entry in RuleThresholdKeyGroupRegistry, not a HierarchicalRuleOptions)"
duplication.clone	error	threshold	1-threshold-group-declared	no	COEXISTENCE_OK	refuse	COEXISTENCE_OK	refuse	COEXISTENCE_OK	COEXISTENCE_OK	"the rule is not one of the five the cure touches (no level entry in RuleThresholdKeyGroupRegistry, not a HierarchicalRuleOptions)"
duplication.clone	error	warning	1-threshold-group-declared	no	COEXISTENCE_OK	compose	COEXISTENCE_OK	compose	COEXISTENCE_OK	COEXISTENCE_OK	"the rule is not one of the five the cure touches (no level entry in RuleThresholdKeyGroupRegistry, not a HierarchicalRuleOptions)"
duplication.clone	threshold	warning	1-threshold-group-declared	no	COEXISTENCE_OK	refuse	COEXISTENCE_OK	refuse	COEXISTENCE_OK	COEXISTENCE_OK	"the rule is not one of the five the cure touches (no level entry in RuleThresholdKeyGroupRegistry, not a HierarchicalRuleOptions)"
maintainability.mi	error	threshold	1-threshold-group-declared	no	COEXISTENCE_OK	refuse	COEXISTENCE_OK	refuse	COEXISTENCE_OK	COEXISTENCE_OK	"the rule is not one of the five the cure touches (no level entry in RuleThresholdKeyGroupRegistry, not a HierarchicalRuleOptions)"
maintainability.mi	error	warning	1-threshold-group-declared	no	COEXISTENCE_OK	compose	COEXISTENCE_OK	compose	COEXISTENCE_OK	COEXISTENCE_OK	"the rule is not one of the five the cure touches (no level entry in RuleThresholdKeyGroupRegistry, not a HierarchicalRuleOptions)"
maintainability.mi	threshold	warning	1-threshold-group-declared	no	COEXISTENCE_OK	refuse	COEXISTENCE_OK	refuse	COEXISTENCE_OK	COEXISTENCE_OK	"the rule is not one of the five the cure touches (no level entry in RuleThresholdKeyGroupRegistry, not a HierarchicalRuleOptions)"
size.class-count	error	threshold	1-threshold-group-declared	no	COEXISTENCE_OK	refuse	COEXISTENCE_OK	refuse	COEXISTENCE_OK	COEXISTENCE_OK	"the rule is not one of the five the cure touches (no level entry in RuleThresholdKeyGroupRegistry, not a HierarchicalRuleOptions)"
size.class-count	error	warning	1-threshold-group-declared	no	COEXISTENCE_OK	compose	COEXISTENCE_OK	compose	COEXISTENCE_OK	COEXISTENCE_OK	"the rule is not one of the five the cure touches (no level entry in RuleThresholdKeyGroupRegistry, not a HierarchicalRuleOptions)"
size.class-count	threshold	warning	1-threshold-group-declared	no	COEXISTENCE_OK	refuse	COEXISTENCE_OK	refuse	COEXISTENCE_OK	COEXISTENCE_OK	"the rule is not one of the five the cure touches (no level entry in RuleThresholdKeyGroupRegistry, not a HierarchicalRuleOptions)"
size.method-count	error	threshold	1-threshold-group-declared	no	COEXISTENCE_OK	refuse	COEXISTENCE_OK	refuse	COEXISTENCE_OK	COEXISTENCE_OK	"the rule is not one of the five the cure touches (no level entry in RuleThresholdKeyGroupRegistry, not a HierarchicalRuleOptions)"
size.method-count	error	warning	1-threshold-group-declared	no	COEXISTENCE_OK	compose	COEXISTENCE_OK	compose	COEXISTENCE_OK	COEXISTENCE_OK	"the rule is not one of the five the cure touches (no level entry in RuleThresholdKeyGroupRegistry, not a HierarchicalRuleOptions)"
size.method-count	threshold	warning	1-threshold-group-declared	no	COEXISTENCE_OK	refuse	COEXISTENCE_OK	refuse	COEXISTENCE_OK	COEXISTENCE_OK	"the rule is not one of the five the cure touches (no level entry in RuleThresholdKeyGroupRegistry, not a HierarchicalRuleOptions)"
size.property-count	error	threshold	1-threshold-group-declared	no	COEXISTENCE_OK	refuse	COEXISTENCE_OK	refuse	COEXISTENCE_OK	COEXISTENCE_OK	"the rule is not one of the five the cure touches (no level entry in RuleThresholdKeyGroupRegistry, not a HierarchicalRuleOptions)"
size.property-count	error	warning	1-threshold-group-declared	no	COEXISTENCE_OK	compose	COEXISTENCE_OK	compose	COEXISTENCE_OK	COEXISTENCE_OK	"the rule is not one of the five the cure touches (no level entry in RuleThresholdKeyGroupRegistry, not a HierarchicalRuleOptions)"
size.property-count	threshold	warning	1-threshold-group-declared	no	COEXISTENCE_OK	refuse	COEXISTENCE_OK	refuse	COEXISTENCE_OK	COEXISTENCE_OK	"the rule is not one of the five the cure touches (no level entry in RuleThresholdKeyGroupRegistry, not a HierarchicalRuleOptions)"
complexity.ccn	callable.enabled	enabled	2-same-name-top-vs-level	yes	COEXISTENCE_OK	compose	COEXISTENCE_OK	deeper-wins:callable.enabled	COEXISTENCE_OK	COEXISTENCE_OK	"the top key loses the level the other key names and keeps the sibling level"
complexity.ccn	callable.threshold	threshold	2-same-name-top-vs-level	yes	MISCOMPOSED	refuse	MISCOMPOSED	one-wins:callable.threshold	"NOT OBSERVABLE"	MISCOMPOSED	"the top key reaches only the level the other key names, and that level chose its own group: the top key lands nowhere"
complexity.ccn	class.enabled	enabled	2-same-name-top-vs-level	yes	COEXISTENCE_OK	compose	COEXISTENCE_OK	deeper-wins:class.enabled	COEXISTENCE_OK	COEXISTENCE_OK	"the top key loses the level the other key names and keeps the sibling level"
complexity.ccn	class.threshold	threshold	2-same-name-top-vs-level	yes	MISCOMPOSED	compose	COEXISTENCE_OK	compose	COEXISTENCE_OK	MISCOMPOSED	"the two keys name different groups (or the top key does not reach this level), so neither displaces the other"
complexity.cognitive	callable.enabled	enabled	2-same-name-top-vs-level	yes	COEXISTENCE_OK	compose	COEXISTENCE_OK	deeper-wins:callable.enabled	COEXISTENCE_OK	COEXISTENCE_OK	"the top key loses the level the other key names and keeps the sibling level"
complexity.cognitive	callable.threshold	threshold	2-same-name-top-vs-level	yes	MISCOMPOSED	refuse	MISCOMPOSED	one-wins:callable.threshold	"NOT OBSERVABLE"	MISCOMPOSED	"the top key reaches only the level the other key names, and that level chose its own group: the top key lands nowhere"
complexity.cognitive	class.enabled	enabled	2-same-name-top-vs-level	yes	COEXISTENCE_OK	compose	COEXISTENCE_OK	deeper-wins:class.enabled	COEXISTENCE_OK	COEXISTENCE_OK	"the top key loses the level the other key names and keeps the sibling level"
complexity.cognitive	class.threshold	threshold	2-same-name-top-vs-level	yes	MISCOMPOSED	compose	COEXISTENCE_OK	compose	COEXISTENCE_OK	MISCOMPOSED	"the two keys name different groups (or the top key does not reach this level), so neither displaces the other"
complexity.npath	callable.enabled	enabled	2-same-name-top-vs-level	yes	COEXISTENCE_OK	compose	COEXISTENCE_OK	deeper-wins:callable.enabled	"NOT OBSERVABLE"	"NOT OBSERVABLE"	"the top key loses the level the other key names and keeps the sibling level"
complexity.npath	callable.threshold	threshold	2-same-name-top-vs-level	yes	MISCOMPOSED	refuse	MISCOMPOSED	one-wins:callable.threshold	"NOT OBSERVABLE"	"NOT OBSERVABLE"	"the top key reaches only the level the other key names, and that level chose its own group: the top key lands nowhere"
complexity.npath	class.enabled	enabled	2-same-name-top-vs-level	yes	MISCOMPOSED	compose	COEXISTENCE_OK	deeper-wins:class.enabled	"NOT OBSERVABLE"	MISCOMPOSED	"the top key loses the level the other key names and keeps the sibling level"
complexity.npath	class.threshold	threshold	2-same-name-top-vs-level	yes	MISCOMPOSED	compose	COEXISTENCE_OK	compose	COEXISTENCE_OK	MISCOMPOSED	"the two keys name different groups (or the top key does not reach this level), so neither displaces the other"
coupling.cbo	class.enabled	enabled	2-same-name-top-vs-level	yes	COEXISTENCE_OK	compose	COEXISTENCE_OK	deeper-wins:class.enabled	COEXISTENCE_OK	COEXISTENCE_OK	"the top key loses the level the other key names and keeps the sibling level"
coupling.cbo	class.error	error	2-same-name-top-vs-level	yes	COEXISTENCE_OK	compose	COEXISTENCE_OK	deeper-wins:class.error	COEXISTENCE_OK	COEXISTENCE_OK	"the top key loses the level the other key names and keeps the sibling level"
coupling.cbo	class.scope	scope	2-same-name-top-vs-level	yes	COEXISTENCE_OK	compose	COEXISTENCE_OK	one-wins:class.scope	"NOT OBSERVABLE"	"NOT OBSERVABLE"	"the top key reaches only the level the other key names, and that level chose its own group: the top key lands nowhere"
coupling.cbo	class.threshold	threshold	2-same-name-top-vs-level	yes	MISCOMPOSED	refuse	MISCOMPOSED	deeper-wins:class.threshold	COEXISTENCE_OK	COEXISTENCE_OK	"the top key loses the level the other key names and keeps the sibling level"
coupling.cbo	class.warning	warning	2-same-name-top-vs-level	yes	COEXISTENCE_OK	compose	COEXISTENCE_OK	deeper-wins:class.warning	COEXISTENCE_OK	COEXISTENCE_OK	"the top key loses the level the other key names and keeps the sibling level"
coupling.cbo	enabled	namespace.enabled	2-same-name-top-vs-level	yes	COEXISTENCE_OK	compose	COEXISTENCE_OK	deeper-wins:namespace.enabled	COEXISTENCE_OK	COEXISTENCE_OK	"the top key loses the level the other key names and keeps the sibling level"
coupling.cbo	error	namespace.error	2-same-name-top-vs-level	yes	COEXISTENCE_OK	compose	COEXISTENCE_OK	deeper-wins:namespace.error	COEXISTENCE_OK	COEXISTENCE_OK	"the top key loses the level the other key names and keeps the sibling level"
coupling.cbo	namespace.threshold	threshold	2-same-name-top-vs-level	yes	MISCOMPOSED	refuse	MISCOMPOSED	deeper-wins:namespace.threshold	COEXISTENCE_OK	COEXISTENCE_OK	"the top key loses the level the other key names and keeps the sibling level"
coupling.cbo	namespace.warning	warning	2-same-name-top-vs-level	yes	COEXISTENCE_OK	compose	COEXISTENCE_OK	deeper-wins:namespace.warning	COEXISTENCE_OK	COEXISTENCE_OK	"the top key loses the level the other key names and keeps the sibling level"
coupling.instability	class.enabled	enabled	2-same-name-top-vs-level	yes	COEXISTENCE_OK	compose	COEXISTENCE_OK	deeper-wins:class.enabled	COEXISTENCE_OK	COEXISTENCE_OK	"the top key loses the level the other key names and keeps the sibling level"
coupling.instability	class.max-error	max-error	2-same-name-top-vs-level	yes	COEXISTENCE_OK	compose	COEXISTENCE_OK	deeper-wins:class.max-error	COEXISTENCE_OK	COEXISTENCE_OK	"the top key loses the level the other key names and keeps the sibling level"
coupling.instability	class.max-warning	max-warning	2-same-name-top-vs-level	yes	COEXISTENCE_OK	compose	COEXISTENCE_OK	deeper-wins:class.max-warning	COEXISTENCE_OK	COEXISTENCE_OK	"the top key loses the level the other key names and keeps the sibling level"
coupling.instability	class.threshold	threshold	2-same-name-top-vs-level	yes	MISCOMPOSED	refuse	MISCOMPOSED	deeper-wins:class.threshold	COEXISTENCE_OK	COEXISTENCE_OK	"the top key loses the level the other key names and keeps the sibling level"
coupling.instability	enabled	namespace.enabled	2-same-name-top-vs-level	yes	COEXISTENCE_OK	compose	COEXISTENCE_OK	deeper-wins:namespace.enabled	COEXISTENCE_OK	COEXISTENCE_OK	"the top key loses the level the other key names and keeps the sibling level"
coupling.instability	max-error	namespace.max-error	2-same-name-top-vs-level	yes	COEXISTENCE_OK	compose	COEXISTENCE_OK	deeper-wins:namespace.max-error	COEXISTENCE_OK	COEXISTENCE_OK	"the top key loses the level the other key names and keeps the sibling level"
coupling.instability	max-warning	namespace.max-warning	2-same-name-top-vs-level	yes	COEXISTENCE_OK	compose	COEXISTENCE_OK	deeper-wins:namespace.max-warning	COEXISTENCE_OK	COEXISTENCE_OK	"the top key loses the level the other key names and keeps the sibling level"
coupling.instability	namespace.threshold	threshold	2-same-name-top-vs-level	yes	MISCOMPOSED	refuse	MISCOMPOSED	deeper-wins:namespace.threshold	COEXISTENCE_OK	COEXISTENCE_OK	"the top key loses the level the other key names and keeps the sibling level"
complexity.ccn	callable:	threshold	3-shorthand-vs-level-block	yes	MISCOMPOSED	refuse	MISCOMPOSED	one-wins:callable:	"NOT OBSERVABLE"	MISCOMPOSED	"the top key reaches only the level the other key names, and that level chose its own group: the top key lands nowhere"
complexity.ccn	class:	threshold	3-shorthand-vs-level-block	yes	MISCOMPOSED	compose	COEXISTENCE_OK	compose	COEXISTENCE_OK	MISCOMPOSED	"the two keys name different groups (or the top key does not reach this level), so neither displaces the other"
complexity.cognitive	callable:	threshold	3-shorthand-vs-level-block	yes	MISCOMPOSED	refuse	MISCOMPOSED	one-wins:callable:	"NOT OBSERVABLE"	MISCOMPOSED	"the top key reaches only the level the other key names, and that level chose its own group: the top key lands nowhere"
complexity.cognitive	class:	threshold	3-shorthand-vs-level-block	yes	MISCOMPOSED	compose	COEXISTENCE_OK	compose	COEXISTENCE_OK	MISCOMPOSED	"the two keys name different groups (or the top key does not reach this level), so neither displaces the other"
complexity.npath	callable:	threshold	3-shorthand-vs-level-block	yes	MISCOMPOSED	refuse	MISCOMPOSED	one-wins:callable:	"NOT OBSERVABLE"	"NOT OBSERVABLE"	"the top key reaches only the level the other key names, and that level chose its own group: the top key lands nowhere"
complexity.npath	class:	threshold	3-shorthand-vs-level-block	yes	MISCOMPOSED	compose	COEXISTENCE_OK	compose	COEXISTENCE_OK	MISCOMPOSED	"the two keys name different groups (or the top key does not reach this level), so neither displaces the other"
coupling.cbo	class:	error	3-shorthand-vs-level-block	yes	MISCOMPOSED	compose	COEXISTENCE_OK	deeper-wins:class:	COEXISTENCE_OK	MISCOMPOSED	"the top key loses the level the other key names and keeps the sibling level"
coupling.cbo	class:	threshold	3-shorthand-vs-level-block	yes	MISCOMPOSED	refuse	MISCOMPOSED	deeper-wins:class:	COEXISTENCE_OK	COEXISTENCE_OK	"the top key loses the level the other key names and keeps the sibling level"
coupling.cbo	class:	warning	3-shorthand-vs-level-block	yes	MISCOMPOSED	compose	COEXISTENCE_OK	deeper-wins:class:	COEXISTENCE_OK	MISCOMPOSED	"the top key loses the level the other key names and keeps the sibling level"
coupling.cbo	error	namespace:	3-shorthand-vs-level-block	yes	MISCOMPOSED	compose	COEXISTENCE_OK	deeper-wins:namespace:	COEXISTENCE_OK	MISCOMPOSED	"the top key loses the level the other key names and keeps the sibling level"
coupling.cbo	namespace:	threshold	3-shorthand-vs-level-block	yes	MISCOMPOSED	refuse	MISCOMPOSED	deeper-wins:namespace:	COEXISTENCE_OK	MISCOMPOSED	"the top key loses the level the other key names and keeps the sibling level"
coupling.cbo	namespace:	warning	3-shorthand-vs-level-block	yes	MISCOMPOSED	compose	COEXISTENCE_OK	deeper-wins:namespace:	COEXISTENCE_OK	MISCOMPOSED	"the top key loses the level the other key names and keeps the sibling level"
coupling.instability	class:	max-error	3-shorthand-vs-level-block	yes	MISCOMPOSED	compose	COEXISTENCE_OK	deeper-wins:class:	COEXISTENCE_OK	MISCOMPOSED	"the top key loses the level the other key names and keeps the sibling level"
coupling.instability	class:	max-warning	3-shorthand-vs-level-block	yes	MISCOMPOSED	compose	COEXISTENCE_OK	deeper-wins:class:	COEXISTENCE_OK	MISCOMPOSED	"the top key loses the level the other key names and keeps the sibling level"
coupling.instability	class:	threshold	3-shorthand-vs-level-block	yes	MISCOMPOSED	refuse	MISCOMPOSED	deeper-wins:class:	COEXISTENCE_OK	MISCOMPOSED	"the top key loses the level the other key names and keeps the sibling level"
coupling.instability	max-error	namespace:	3-shorthand-vs-level-block	yes	MISCOMPOSED	compose	COEXISTENCE_OK	deeper-wins:namespace:	COEXISTENCE_OK	MISCOMPOSED	"the top key loses the level the other key names and keeps the sibling level"
coupling.instability	max-warning	namespace:	3-shorthand-vs-level-block	yes	MISCOMPOSED	compose	COEXISTENCE_OK	deeper-wins:namespace:	COEXISTENCE_OK	MISCOMPOSED	"the top key loses the level the other key names and keeps the sibling level"
coupling.instability	namespace:	threshold	3-shorthand-vs-level-block	yes	MISCOMPOSED	refuse	MISCOMPOSED	deeper-wins:namespace:	COEXISTENCE_OK	MISCOMPOSED	"the top key loses the level the other key names and keeps the sibling level"
code-smell.long-parameter-list	error	vo-error	4-cross-group-same-path	no	COEXISTENCE_OK	compose	COEXISTENCE_OK	compose	COEXISTENCE_OK	COEXISTENCE_OK	"the rule is not one of the five the cure touches (no level entry in RuleThresholdKeyGroupRegistry, not a HierarchicalRuleOptions)"
code-smell.long-parameter-list	error	vo-threshold	4-cross-group-same-path	no	COEXISTENCE_OK	compose	COEXISTENCE_OK	compose	COEXISTENCE_OK	COEXISTENCE_OK	"the rule is not one of the five the cure touches (no level entry in RuleThresholdKeyGroupRegistry, not a HierarchicalRuleOptions)"
code-smell.long-parameter-list	error	vo-warning	4-cross-group-same-path	no	COEXISTENCE_OK	compose	COEXISTENCE_OK	compose	COEXISTENCE_OK	COEXISTENCE_OK	"the rule is not one of the five the cure touches (no level entry in RuleThresholdKeyGroupRegistry, not a HierarchicalRuleOptions)"
code-smell.long-parameter-list	threshold	vo-error	4-cross-group-same-path	no	COEXISTENCE_OK	compose	COEXISTENCE_OK	compose	COEXISTENCE_OK	COEXISTENCE_OK	"the rule is not one of the five the cure touches (no level entry in RuleThresholdKeyGroupRegistry, not a HierarchicalRuleOptions)"
code-smell.long-parameter-list	threshold	vo-threshold	4-cross-group-same-path	no	COEXISTENCE_OK	compose	COEXISTENCE_OK	compose	COEXISTENCE_OK	COEXISTENCE_OK	"the rule is not one of the five the cure touches (no level entry in RuleThresholdKeyGroupRegistry, not a HierarchicalRuleOptions)"
code-smell.long-parameter-list	threshold	vo-warning	4-cross-group-same-path	no	COEXISTENCE_OK	compose	COEXISTENCE_OK	compose	COEXISTENCE_OK	COEXISTENCE_OK	"the rule is not one of the five the cure touches (no level entry in RuleThresholdKeyGroupRegistry, not a HierarchicalRuleOptions)"
code-smell.long-parameter-list	vo-error	warning	4-cross-group-same-path	no	COEXISTENCE_OK	compose	COEXISTENCE_OK	compose	COEXISTENCE_OK	COEXISTENCE_OK	"the rule is not one of the five the cure touches (no level entry in RuleThresholdKeyGroupRegistry, not a HierarchicalRuleOptions)"
code-smell.long-parameter-list	vo-threshold	warning	4-cross-group-same-path	no	COEXISTENCE_OK	compose	COEXISTENCE_OK	compose	COEXISTENCE_OK	COEXISTENCE_OK	"the rule is not one of the five the cure touches (no level entry in RuleThresholdKeyGroupRegistry, not a HierarchicalRuleOptions)"
code-smell.long-parameter-list	vo-warning	warning	4-cross-group-same-path	no	COEXISTENCE_OK	compose	COEXISTENCE_OK	compose	COEXISTENCE_OK	COEXISTENCE_OK	"the rule is not one of the five the cure touches (no level entry in RuleThresholdKeyGroupRegistry, not a HierarchicalRuleOptions)"
complexity.ccn	callable.error	class.max-error	4-cross-level	no	COEXISTENCE_OK	compose	COEXISTENCE_OK	compose	COEXISTENCE_OK	COEXISTENCE_OK	"both keys are level keys: the document carries no top-level key, so the unfold has nothing to push and fromArray() never enters the branch the cure removes"
complexity.ccn	callable.error	class.max-warning	4-cross-level	no	COEXISTENCE_OK	compose	COEXISTENCE_OK	compose	COEXISTENCE_OK	COEXISTENCE_OK	"both keys are level keys: the document carries no top-level key, so the unfold has nothing to push and fromArray() never enters the branch the cure removes"
complexity.ccn	callable.error	class.threshold	4-cross-level	no	COEXISTENCE_OK	compose	COEXISTENCE_OK	compose	COEXISTENCE_OK	COEXISTENCE_OK	"both keys are level keys: the document carries no top-level key, so the unfold has nothing to push and fromArray() never enters the branch the cure removes"
complexity.ccn	callable.error	threshold	4-cross-level	yes	COEXISTENCE_OK	compose	MISCOMPOSED	one-wins:callable.error	COEXISTENCE_OK	MISCOMPOSED	"the top key reaches only the level the other key names, and that level chose its own group: the top key lands nowhere"
complexity.ccn	callable.threshold	class.max-error	4-cross-level	no	COEXISTENCE_OK	compose	COEXISTENCE_OK	compose	COEXISTENCE_OK	COEXISTENCE_OK	"both keys are level keys: the document carries no top-level key, so the unfold has nothing to push and fromArray() never enters the branch the cure removes"
complexity.ccn	callable.threshold	class.max-warning	4-cross-level	no	COEXISTENCE_OK	compose	COEXISTENCE_OK	compose	COEXISTENCE_OK	COEXISTENCE_OK	"both keys are level keys: the document carries no top-level key, so the unfold has nothing to push and fromArray() never enters the branch the cure removes"
complexity.ccn	callable.threshold	class.threshold	4-cross-level	no	COEXISTENCE_OK	compose	COEXISTENCE_OK	compose	COEXISTENCE_OK	COEXISTENCE_OK	"both keys are level keys: the document carries no top-level key, so the unfold has nothing to push and fromArray() never enters the branch the cure removes"
complexity.ccn	callable.threshold	threshold	4-cross-level	yes	MISCOMPOSED	refuse	MISCOMPOSED	one-wins:callable.threshold	"NOT OBSERVABLE"	MISCOMPOSED	"the top key reaches only the level the other key names, and that level chose its own group: the top key lands nowhere"
complexity.ccn	callable.warning	class.max-error	4-cross-level	no	COEXISTENCE_OK	compose	COEXISTENCE_OK	compose	COEXISTENCE_OK	COEXISTENCE_OK	"both keys are level keys: the document carries no top-level key, so the unfold has nothing to push and fromArray() never enters the branch the cure removes"
complexity.ccn	callable.warning	class.max-warning	4-cross-level	no	COEXISTENCE_OK	compose	COEXISTENCE_OK	compose	COEXISTENCE_OK	COEXISTENCE_OK	"both keys are level keys: the document carries no top-level key, so the unfold has nothing to push and fromArray() never enters the branch the cure removes"
complexity.ccn	callable.warning	class.threshold	4-cross-level	no	COEXISTENCE_OK	compose	COEXISTENCE_OK	compose	COEXISTENCE_OK	COEXISTENCE_OK	"both keys are level keys: the document carries no top-level key, so the unfold has nothing to push and fromArray() never enters the branch the cure removes"
complexity.ccn	callable.warning	threshold	4-cross-level	yes	COEXISTENCE_OK	compose	MISCOMPOSED	one-wins:callable.warning	COEXISTENCE_OK	MISCOMPOSED	"the top key reaches only the level the other key names, and that level chose its own group: the top key lands nowhere"
complexity.ccn	class.max-error	threshold	4-cross-level	yes	MISCOMPOSED	compose	COEXISTENCE_OK	compose	COEXISTENCE_OK	MISCOMPOSED	"the two keys name different groups (or the top key does not reach this level), so neither displaces the other"
complexity.ccn	class.max-warning	threshold	4-cross-level	yes	MISCOMPOSED	compose	COEXISTENCE_OK	compose	COEXISTENCE_OK	MISCOMPOSED	"the two keys name different groups (or the top key does not reach this level), so neither displaces the other"
complexity.ccn	class.threshold	threshold	4-cross-level	yes	MISCOMPOSED	compose	COEXISTENCE_OK	compose	COEXISTENCE_OK	MISCOMPOSED	"the two keys name different groups (or the top key does not reach this level), so neither displaces the other"
complexity.cognitive	callable.error	class.max-error	4-cross-level	no	COEXISTENCE_OK	compose	COEXISTENCE_OK	compose	COEXISTENCE_OK	COEXISTENCE_OK	"both keys are level keys: the document carries no top-level key, so the unfold has nothing to push and fromArray() never enters the branch the cure removes"
complexity.cognitive	callable.error	class.max-warning	4-cross-level	no	COEXISTENCE_OK	compose	COEXISTENCE_OK	compose	COEXISTENCE_OK	COEXISTENCE_OK	"both keys are level keys: the document carries no top-level key, so the unfold has nothing to push and fromArray() never enters the branch the cure removes"
complexity.cognitive	callable.error	class.threshold	4-cross-level	no	COEXISTENCE_OK	compose	COEXISTENCE_OK	compose	COEXISTENCE_OK	COEXISTENCE_OK	"both keys are level keys: the document carries no top-level key, so the unfold has nothing to push and fromArray() never enters the branch the cure removes"
complexity.cognitive	callable.error	threshold	4-cross-level	yes	COEXISTENCE_OK	compose	MISCOMPOSED	one-wins:callable.error	COEXISTENCE_OK	MISCOMPOSED	"the top key reaches only the level the other key names, and that level chose its own group: the top key lands nowhere"
complexity.cognitive	callable.threshold	class.max-error	4-cross-level	no	COEXISTENCE_OK	compose	COEXISTENCE_OK	compose	COEXISTENCE_OK	COEXISTENCE_OK	"both keys are level keys: the document carries no top-level key, so the unfold has nothing to push and fromArray() never enters the branch the cure removes"
complexity.cognitive	callable.threshold	class.max-warning	4-cross-level	no	COEXISTENCE_OK	compose	COEXISTENCE_OK	compose	COEXISTENCE_OK	COEXISTENCE_OK	"both keys are level keys: the document carries no top-level key, so the unfold has nothing to push and fromArray() never enters the branch the cure removes"
complexity.cognitive	callable.threshold	class.threshold	4-cross-level	no	COEXISTENCE_OK	compose	COEXISTENCE_OK	compose	COEXISTENCE_OK	COEXISTENCE_OK	"both keys are level keys: the document carries no top-level key, so the unfold has nothing to push and fromArray() never enters the branch the cure removes"
complexity.cognitive	callable.threshold	threshold	4-cross-level	yes	MISCOMPOSED	refuse	MISCOMPOSED	one-wins:callable.threshold	"NOT OBSERVABLE"	MISCOMPOSED	"the top key reaches only the level the other key names, and that level chose its own group: the top key lands nowhere"
complexity.cognitive	callable.warning	class.max-error	4-cross-level	no	COEXISTENCE_OK	compose	COEXISTENCE_OK	compose	COEXISTENCE_OK	COEXISTENCE_OK	"both keys are level keys: the document carries no top-level key, so the unfold has nothing to push and fromArray() never enters the branch the cure removes"
complexity.cognitive	callable.warning	class.max-warning	4-cross-level	no	COEXISTENCE_OK	compose	COEXISTENCE_OK	compose	COEXISTENCE_OK	COEXISTENCE_OK	"both keys are level keys: the document carries no top-level key, so the unfold has nothing to push and fromArray() never enters the branch the cure removes"
complexity.cognitive	callable.warning	class.threshold	4-cross-level	no	COEXISTENCE_OK	compose	COEXISTENCE_OK	compose	COEXISTENCE_OK	COEXISTENCE_OK	"both keys are level keys: the document carries no top-level key, so the unfold has nothing to push and fromArray() never enters the branch the cure removes"
complexity.cognitive	callable.warning	threshold	4-cross-level	yes	COEXISTENCE_OK	compose	MISCOMPOSED	one-wins:callable.warning	COEXISTENCE_OK	MISCOMPOSED	"the top key reaches only the level the other key names, and that level chose its own group: the top key lands nowhere"
complexity.cognitive	class.max-error	threshold	4-cross-level	yes	MISCOMPOSED	compose	COEXISTENCE_OK	compose	COEXISTENCE_OK	MISCOMPOSED	"the two keys name different groups (or the top key does not reach this level), so neither displaces the other"
complexity.cognitive	class.max-warning	threshold	4-cross-level	yes	MISCOMPOSED	compose	COEXISTENCE_OK	compose	COEXISTENCE_OK	MISCOMPOSED	"the two keys name different groups (or the top key does not reach this level), so neither displaces the other"
complexity.cognitive	class.threshold	threshold	4-cross-level	yes	MISCOMPOSED	compose	COEXISTENCE_OK	compose	COEXISTENCE_OK	MISCOMPOSED	"the two keys name different groups (or the top key does not reach this level), so neither displaces the other"
complexity.npath	callable.error	class.max-error	4-cross-level	no	COEXISTENCE_OK	compose	COEXISTENCE_OK	compose	COEXISTENCE_OK	COEXISTENCE_OK	"both keys are level keys: the document carries no top-level key, so the unfold has nothing to push and fromArray() never enters the branch the cure removes"
complexity.npath	callable.error	class.max-warning	4-cross-level	no	COEXISTENCE_OK	compose	COEXISTENCE_OK	compose	COEXISTENCE_OK	COEXISTENCE_OK	"both keys are level keys: the document carries no top-level key, so the unfold has nothing to push and fromArray() never enters the branch the cure removes"
complexity.npath	callable.error	class.threshold	4-cross-level	no	COEXISTENCE_OK	compose	COEXISTENCE_OK	compose	COEXISTENCE_OK	COEXISTENCE_OK	"both keys are level keys: the document carries no top-level key, so the unfold has nothing to push and fromArray() never enters the branch the cure removes"
complexity.npath	callable.error	threshold	4-cross-level	yes	COEXISTENCE_OK	compose	MISCOMPOSED	one-wins:callable.error	COEXISTENCE_OK	MISCOMPOSED	"the top key reaches only the level the other key names, and that level chose its own group: the top key lands nowhere"
complexity.npath	callable.threshold	class.max-error	4-cross-level	no	COEXISTENCE_OK	compose	COEXISTENCE_OK	compose	COEXISTENCE_OK	COEXISTENCE_OK	"both keys are level keys: the document carries no top-level key, so the unfold has nothing to push and fromArray() never enters the branch the cure removes"
complexity.npath	callable.threshold	class.max-warning	4-cross-level	no	COEXISTENCE_OK	compose	COEXISTENCE_OK	compose	COEXISTENCE_OK	COEXISTENCE_OK	"both keys are level keys: the document carries no top-level key, so the unfold has nothing to push and fromArray() never enters the branch the cure removes"
complexity.npath	callable.threshold	class.threshold	4-cross-level	no	COEXISTENCE_OK	compose	COEXISTENCE_OK	compose	COEXISTENCE_OK	COEXISTENCE_OK	"both keys are level keys: the document carries no top-level key, so the unfold has nothing to push and fromArray() never enters the branch the cure removes"
complexity.npath	callable.threshold	threshold	4-cross-level	yes	MISCOMPOSED	refuse	MISCOMPOSED	one-wins:callable.threshold	"NOT OBSERVABLE"	"NOT OBSERVABLE"	"the top key reaches only the level the other key names, and that level chose its own group: the top key lands nowhere"
complexity.npath	callable.warning	class.max-error	4-cross-level	no	COEXISTENCE_OK	compose	COEXISTENCE_OK	compose	COEXISTENCE_OK	COEXISTENCE_OK	"both keys are level keys: the document carries no top-level key, so the unfold has nothing to push and fromArray() never enters the branch the cure removes"
complexity.npath	callable.warning	class.max-warning	4-cross-level	no	COEXISTENCE_OK	compose	COEXISTENCE_OK	compose	COEXISTENCE_OK	COEXISTENCE_OK	"both keys are level keys: the document carries no top-level key, so the unfold has nothing to push and fromArray() never enters the branch the cure removes"
complexity.npath	callable.warning	class.threshold	4-cross-level	no	COEXISTENCE_OK	compose	COEXISTENCE_OK	compose	COEXISTENCE_OK	COEXISTENCE_OK	"both keys are level keys: the document carries no top-level key, so the unfold has nothing to push and fromArray() never enters the branch the cure removes"
complexity.npath	callable.warning	threshold	4-cross-level	yes	COEXISTENCE_OK	compose	MISCOMPOSED	one-wins:callable.warning	COEXISTENCE_OK	MISCOMPOSED	"the top key reaches only the level the other key names, and that level chose its own group: the top key lands nowhere"
complexity.npath	class.max-error	threshold	4-cross-level	yes	MISCOMPOSED	compose	COEXISTENCE_OK	compose	COEXISTENCE_OK	MISCOMPOSED	"the two keys name different groups (or the top key does not reach this level), so neither displaces the other"
complexity.npath	class.max-warning	threshold	4-cross-level	yes	MISCOMPOSED	compose	COEXISTENCE_OK	compose	COEXISTENCE_OK	MISCOMPOSED	"the two keys name different groups (or the top key does not reach this level), so neither displaces the other"
complexity.npath	class.threshold	threshold	4-cross-level	yes	MISCOMPOSED	compose	COEXISTENCE_OK	compose	COEXISTENCE_OK	MISCOMPOSED	"the two keys name different groups (or the top key does not reach this level), so neither displaces the other"
coupling.cbo	class.error	error	4-cross-level	yes	COEXISTENCE_OK	compose	COEXISTENCE_OK	deeper-wins:class.error	COEXISTENCE_OK	COEXISTENCE_OK	"the top key loses the level the other key names and keeps the sibling level"
coupling.cbo	class.error	namespace.error	4-cross-level	no	COEXISTENCE_OK	compose	COEXISTENCE_OK	compose	COEXISTENCE_OK	COEXISTENCE_OK	"both keys are level keys: the document carries no top-level key, so the unfold has nothing to push and fromArray() never enters the branch the cure removes"
coupling.cbo	class.error	namespace.threshold	4-cross-level	no	COEXISTENCE_OK	compose	COEXISTENCE_OK	compose	COEXISTENCE_OK	COEXISTENCE_OK	"both keys are level keys: the document carries no top-level key, so the unfold has nothing to push and fromArray() never enters the branch the cure removes"
coupling.cbo	class.error	namespace.warning	4-cross-level	no	COEXISTENCE_OK	compose	COEXISTENCE_OK	compose	COEXISTENCE_OK	COEXISTENCE_OK	"both keys are level keys: the document carries no top-level key, so the unfold has nothing to push and fromArray() never enters the branch the cure removes"
coupling.cbo	class.error	threshold	4-cross-level	yes	COEXISTENCE_OK	compose	MISCOMPOSED	deeper-wins:class.error	COEXISTENCE_OK	MISCOMPOSED	"the top key loses the level the other key names and keeps the sibling level"
coupling.cbo	class.error	warning	4-cross-level	yes	MISCOMPOSED	compose	MISCOMPOSED	deeper-wins:class.error	COEXISTENCE_OK	MISCOMPOSED	"the top key loses the level the other key names and keeps the sibling level"
coupling.cbo	class.threshold	error	4-cross-level	yes	MISCOMPOSED	compose	COEXISTENCE_OK	deeper-wins:class.threshold	COEXISTENCE_OK	MISCOMPOSED	"the top key loses the level the other key names and keeps the sibling level"
coupling.cbo	class.threshold	namespace.error	4-cross-level	no	COEXISTENCE_OK	compose	COEXISTENCE_OK	compose	COEXISTENCE_OK	COEXISTENCE_OK	"both keys are level keys: the document carries no top-level key, so the unfold has nothing to push and fromArray() never enters the branch the cure removes"
coupling.cbo	class.threshold	namespace.threshold	4-cross-level	no	COEXISTENCE_OK	compose	COEXISTENCE_OK	compose	COEXISTENCE_OK	COEXISTENCE_OK	"both keys are level keys: the document carries no top-level key, so the unfold has nothing to push and fromArray() never enters the branch the cure removes"
coupling.cbo	class.threshold	namespace.warning	4-cross-level	no	COEXISTENCE_OK	compose	COEXISTENCE_OK	compose	COEXISTENCE_OK	COEXISTENCE_OK	"both keys are level keys: the document carries no top-level key, so the unfold has nothing to push and fromArray() never enters the branch the cure removes"
coupling.cbo	class.threshold	threshold	4-cross-level	yes	MISCOMPOSED	refuse	MISCOMPOSED	deeper-wins:class.threshold	COEXISTENCE_OK	COEXISTENCE_OK	"the top key loses the level the other key names and keeps the sibling level"
coupling.cbo	class.threshold	warning	4-cross-level	yes	MISCOMPOSED	compose	COEXISTENCE_OK	deeper-wins:class.threshold	COEXISTENCE_OK	MISCOMPOSED	"the top key loses the level the other key names and keeps the sibling level"
coupling.cbo	class.warning	error	4-cross-level	yes	MISCOMPOSED	compose	MISCOMPOSED	deeper-wins:class.warning	COEXISTENCE_OK	MISCOMPOSED	"the top key loses the level the other key names and keeps the sibling level"
coupling.cbo	class.warning	namespace.error	4-cross-level	no	COEXISTENCE_OK	compose	COEXISTENCE_OK	compose	COEXISTENCE_OK	COEXISTENCE_OK	"both keys are level keys: the document carries no top-level key, so the unfold has nothing to push and fromArray() never enters the branch the cure removes"
coupling.cbo	class.warning	namespace.threshold	4-cross-level	no	COEXISTENCE_OK	compose	COEXISTENCE_OK	compose	COEXISTENCE_OK	COEXISTENCE_OK	"both keys are level keys: the document carries no top-level key, so the unfold has nothing to push and fromArray() never enters the branch the cure removes"
coupling.cbo	class.warning	namespace.warning	4-cross-level	no	COEXISTENCE_OK	compose	COEXISTENCE_OK	compose	COEXISTENCE_OK	COEXISTENCE_OK	"both keys are level keys: the document carries no top-level key, so the unfold has nothing to push and fromArray() never enters the branch the cure removes"
coupling.cbo	class.warning	threshold	4-cross-level	yes	COEXISTENCE_OK	compose	MISCOMPOSED	deeper-wins:class.warning	COEXISTENCE_OK	MISCOMPOSED	"the top key loses the level the other key names and keeps the sibling level"
coupling.cbo	class.warning	warning	4-cross-level	yes	COEXISTENCE_OK	compose	COEXISTENCE_OK	deeper-wins:class.warning	COEXISTENCE_OK	COEXISTENCE_OK	"the top key loses the level the other key names and keeps the sibling level"
coupling.cbo	error	namespace.error	4-cross-level	yes	COEXISTENCE_OK	compose	COEXISTENCE_OK	deeper-wins:namespace.error	COEXISTENCE_OK	COEXISTENCE_OK	"the top key loses the level the other key names and keeps the sibling level"
coupling.cbo	error	namespace.threshold	4-cross-level	yes	MISCOMPOSED	compose	COEXISTENCE_OK	deeper-wins:namespace.threshold	COEXISTENCE_OK	MISCOMPOSED	"the top key loses the level the other key names and keeps the sibling level"
coupling.cbo	error	namespace.warning	4-cross-level	yes	MISCOMPOSED	compose	MISCOMPOSED	deeper-wins:namespace.warning	COEXISTENCE_OK	MISCOMPOSED	"the top key loses the level the other key names and keeps the sibling level"
coupling.cbo	namespace.error	threshold	4-cross-level	yes	COEXISTENCE_OK	compose	MISCOMPOSED	deeper-wins:namespace.error	COEXISTENCE_OK	MISCOMPOSED	"the top key loses the level the other key names and keeps the sibling level"
coupling.cbo	namespace.error	warning	4-cross-level	yes	MISCOMPOSED	compose	MISCOMPOSED	deeper-wins:namespace.error	COEXISTENCE_OK	MISCOMPOSED	"the top key loses the level the other key names and keeps the sibling level"
coupling.cbo	namespace.threshold	threshold	4-cross-level	yes	MISCOMPOSED	refuse	MISCOMPOSED	deeper-wins:namespace.threshold	COEXISTENCE_OK	COEXISTENCE_OK	"the top key loses the level the other key names and keeps the sibling level"
coupling.cbo	namespace.threshold	warning	4-cross-level	yes	MISCOMPOSED	compose	COEXISTENCE_OK	deeper-wins:namespace.threshold	COEXISTENCE_OK	MISCOMPOSED	"the top key loses the level the other key names and keeps the sibling level"
coupling.cbo	namespace.warning	threshold	4-cross-level	yes	COEXISTENCE_OK	compose	MISCOMPOSED	deeper-wins:namespace.warning	COEXISTENCE_OK	MISCOMPOSED	"the top key loses the level the other key names and keeps the sibling level"
coupling.cbo	namespace.warning	warning	4-cross-level	yes	COEXISTENCE_OK	compose	COEXISTENCE_OK	deeper-wins:namespace.warning	COEXISTENCE_OK	COEXISTENCE_OK	"the top key loses the level the other key names and keeps the sibling level"
coupling.instability	class.max-error	max-error	4-cross-level	yes	COEXISTENCE_OK	compose	COEXISTENCE_OK	deeper-wins:class.max-error	COEXISTENCE_OK	COEXISTENCE_OK	"the top key loses the level the other key names and keeps the sibling level"
coupling.instability	class.max-error	max-warning	4-cross-level	yes	MISCOMPOSED	compose	MISCOMPOSED	deeper-wins:class.max-error	COEXISTENCE_OK	MISCOMPOSED	"the top key loses the level the other key names and keeps the sibling level"
coupling.instability	class.max-error	namespace.max-error	4-cross-level	no	COEXISTENCE_OK	compose	COEXISTENCE_OK	compose	COEXISTENCE_OK	COEXISTENCE_OK	"both keys are level keys: the document carries no top-level key, so the unfold has nothing to push and fromArray() never enters the branch the cure removes"
coupling.instability	class.max-error	namespace.max-warning	4-cross-level	no	COEXISTENCE_OK	compose	COEXISTENCE_OK	compose	COEXISTENCE_OK	COEXISTENCE_OK	"both keys are level keys: the document carries no top-level key, so the unfold has nothing to push and fromArray() never enters the branch the cure removes"
coupling.instability	class.max-error	namespace.threshold	4-cross-level	no	COEXISTENCE_OK	compose	COEXISTENCE_OK	compose	COEXISTENCE_OK	COEXISTENCE_OK	"both keys are level keys: the document carries no top-level key, so the unfold has nothing to push and fromArray() never enters the branch the cure removes"
coupling.instability	class.max-error	threshold	4-cross-level	yes	COEXISTENCE_OK	compose	MISCOMPOSED	deeper-wins:class.max-error	COEXISTENCE_OK	MISCOMPOSED	"the top key loses the level the other key names and keeps the sibling level"
coupling.instability	class.max-warning	max-error	4-cross-level	yes	MISCOMPOSED	compose	MISCOMPOSED	deeper-wins:class.max-warning	COEXISTENCE_OK	MISCOMPOSED	"the top key loses the level the other key names and keeps the sibling level"
coupling.instability	class.max-warning	max-warning	4-cross-level	yes	COEXISTENCE_OK	compose	COEXISTENCE_OK	deeper-wins:class.max-warning	COEXISTENCE_OK	COEXISTENCE_OK	"the top key loses the level the other key names and keeps the sibling level"
coupling.instability	class.max-warning	namespace.max-error	4-cross-level	no	COEXISTENCE_OK	compose	COEXISTENCE_OK	compose	COEXISTENCE_OK	COEXISTENCE_OK	"both keys are level keys: the document carries no top-level key, so the unfold has nothing to push and fromArray() never enters the branch the cure removes"
coupling.instability	class.max-warning	namespace.max-warning	4-cross-level	no	COEXISTENCE_OK	compose	COEXISTENCE_OK	compose	COEXISTENCE_OK	COEXISTENCE_OK	"both keys are level keys: the document carries no top-level key, so the unfold has nothing to push and fromArray() never enters the branch the cure removes"
coupling.instability	class.max-warning	namespace.threshold	4-cross-level	no	COEXISTENCE_OK	compose	COEXISTENCE_OK	compose	COEXISTENCE_OK	COEXISTENCE_OK	"both keys are level keys: the document carries no top-level key, so the unfold has nothing to push and fromArray() never enters the branch the cure removes"
coupling.instability	class.max-warning	threshold	4-cross-level	yes	COEXISTENCE_OK	compose	MISCOMPOSED	deeper-wins:class.max-warning	COEXISTENCE_OK	MISCOMPOSED	"the top key loses the level the other key names and keeps the sibling level"
coupling.instability	class.threshold	max-error	4-cross-level	yes	MISCOMPOSED	compose	COEXISTENCE_OK	deeper-wins:class.threshold	COEXISTENCE_OK	MISCOMPOSED	"the top key loses the level the other key names and keeps the sibling level"
coupling.instability	class.threshold	max-warning	4-cross-level	yes	MISCOMPOSED	compose	COEXISTENCE_OK	deeper-wins:class.threshold	COEXISTENCE_OK	MISCOMPOSED	"the top key loses the level the other key names and keeps the sibling level"
coupling.instability	class.threshold	namespace.max-error	4-cross-level	no	COEXISTENCE_OK	compose	COEXISTENCE_OK	compose	COEXISTENCE_OK	COEXISTENCE_OK	"both keys are level keys: the document carries no top-level key, so the unfold has nothing to push and fromArray() never enters the branch the cure removes"
coupling.instability	class.threshold	namespace.max-warning	4-cross-level	no	COEXISTENCE_OK	compose	COEXISTENCE_OK	compose	COEXISTENCE_OK	COEXISTENCE_OK	"both keys are level keys: the document carries no top-level key, so the unfold has nothing to push and fromArray() never enters the branch the cure removes"
coupling.instability	class.threshold	namespace.threshold	4-cross-level	no	COEXISTENCE_OK	compose	COEXISTENCE_OK	compose	COEXISTENCE_OK	COEXISTENCE_OK	"both keys are level keys: the document carries no top-level key, so the unfold has nothing to push and fromArray() never enters the branch the cure removes"
coupling.instability	class.threshold	threshold	4-cross-level	yes	MISCOMPOSED	refuse	MISCOMPOSED	deeper-wins:class.threshold	COEXISTENCE_OK	COEXISTENCE_OK	"the top key loses the level the other key names and keeps the sibling level"
coupling.instability	max-error	namespace.max-error	4-cross-level	yes	COEXISTENCE_OK	compose	COEXISTENCE_OK	deeper-wins:namespace.max-error	COEXISTENCE_OK	COEXISTENCE_OK	"the top key loses the level the other key names and keeps the sibling level"
coupling.instability	max-error	namespace.max-warning	4-cross-level	yes	MISCOMPOSED	compose	MISCOMPOSED	deeper-wins:namespace.max-warning	COEXISTENCE_OK	MISCOMPOSED	"the top key loses the level the other key names and keeps the sibling level"
coupling.instability	max-error	namespace.threshold	4-cross-level	yes	MISCOMPOSED	compose	COEXISTENCE_OK	deeper-wins:namespace.threshold	COEXISTENCE_OK	MISCOMPOSED	"the top key loses the level the other key names and keeps the sibling level"
coupling.instability	max-warning	namespace.max-error	4-cross-level	yes	MISCOMPOSED	compose	MISCOMPOSED	deeper-wins:namespace.max-error	COEXISTENCE_OK	MISCOMPOSED	"the top key loses the level the other key names and keeps the sibling level"
coupling.instability	max-warning	namespace.max-warning	4-cross-level	yes	COEXISTENCE_OK	compose	COEXISTENCE_OK	deeper-wins:namespace.max-warning	COEXISTENCE_OK	COEXISTENCE_OK	"the top key loses the level the other key names and keeps the sibling level"
coupling.instability	max-warning	namespace.threshold	4-cross-level	yes	MISCOMPOSED	compose	COEXISTENCE_OK	deeper-wins:namespace.threshold	COEXISTENCE_OK	MISCOMPOSED	"the top key loses the level the other key names and keeps the sibling level"
coupling.instability	namespace.max-error	threshold	4-cross-level	yes	COEXISTENCE_OK	compose	MISCOMPOSED	deeper-wins:namespace.max-error	COEXISTENCE_OK	MISCOMPOSED	"the top key loses the level the other key names and keeps the sibling level"
coupling.instability	namespace.max-warning	threshold	4-cross-level	yes	COEXISTENCE_OK	compose	MISCOMPOSED	deeper-wins:namespace.max-warning	COEXISTENCE_OK	MISCOMPOSED	"the top key loses the level the other key names and keeps the sibling level"
coupling.instability	namespace.threshold	threshold	4-cross-level	yes	MISCOMPOSED	refuse	MISCOMPOSED	deeper-wins:namespace.threshold	COEXISTENCE_OK	COEXISTENCE_OK	"the top key loses the level the other key names and keeps the sibling level"
architecture.unassigned-class	enabled	mode	6-contradiction-refused	no	COEXISTENCE_OK	refuse	COEXISTENCE_OK	refuse	COEXISTENCE_OK	COEXISTENCE_OK	"the rule is not one of the five the cure touches (no level entry in RuleThresholdKeyGroupRegistry, not a HierarchicalRuleOptions)"
design.god-class	class-loc-threshold	min-criteria	6-criteria-count	no	COEXISTENCE_OK	compose	COEXISTENCE_OK	compose	COEXISTENCE_OK	COEXISTENCE_OK	"the rule is not one of the five the cure touches (no level entry in RuleThresholdKeyGroupRegistry, not a HierarchicalRuleOptions)"
design.god-class	lcom-threshold	min-criteria	6-criteria-count	no	COEXISTENCE_OK	compose	COEXISTENCE_OK	compose	COEXISTENCE_OK	COEXISTENCE_OK	"the rule is not one of the five the cure touches (no level entry in RuleThresholdKeyGroupRegistry, not a HierarchicalRuleOptions)"
design.god-class	min-criteria	tcc-threshold	6-criteria-count	no	COEXISTENCE_OK	compose	COEXISTENCE_OK	compose	COEXISTENCE_OK	COEXISTENCE_OK	"the rule is not one of the five the cure touches (no level entry in RuleThresholdKeyGroupRegistry, not a HierarchicalRuleOptions)"
design.god-class	min-criteria	wmc-threshold	6-criteria-count	no	COEXISTENCE_OK	compose	COEXISTENCE_OK	compose	COEXISTENCE_OK	COEXISTENCE_OK	"the rule is not one of the five the cure touches (no level entry in RuleThresholdKeyGroupRegistry, not a HierarchicalRuleOptions)"
annotation.directive	enabled	unused-directive-severity	6-gate	no	COEXISTENCE_OK	compose	COEXISTENCE_OK	compose	COEXISTENCE_OK	COEXISTENCE_OK	"the rule is not one of the five the cure touches (no level entry in RuleThresholdKeyGroupRegistry, not a HierarchicalRuleOptions)"
architecture.circular-dependency	direct-as-error	enabled	6-gate	no	COEXISTENCE_OK	compose	COEXISTENCE_OK	compose	COEXISTENCE_OK	COEXISTENCE_OK	"the rule is not one of the five the cure touches (no level entry in RuleThresholdKeyGroupRegistry, not a HierarchicalRuleOptions)"
architecture.circular-dependency	enabled	max-cycle-size	6-gate	no	COEXISTENCE_OK	compose	COEXISTENCE_OK	compose	COEXISTENCE_OK	COEXISTENCE_OK	"the rule is not one of the five the cure touches (no level entry in RuleThresholdKeyGroupRegistry, not a HierarchicalRuleOptions)"
architecture.layer-violation	enabled	severity	6-gate	no	COEXISTENCE_OK	compose	COEXISTENCE_OK	compose	COEXISTENCE_OK	COEXISTENCE_OK	"the rule is not one of the five the cure touches (no level entry in RuleThresholdKeyGroupRegistry, not a HierarchicalRuleOptions)"
code-smell.boolean-argument	allowed-prefixes	enabled	6-gate	no	COEXISTENCE_OK	compose	COEXISTENCE_OK	compose	COEXISTENCE_OK	COEXISTENCE_OK	"the rule is not one of the five the cure touches (no level entry in RuleThresholdKeyGroupRegistry, not a HierarchicalRuleOptions)"
code-smell.boolean-argument	enabled	flag-promoted-properties	6-gate	no	COEXISTENCE_OK	compose	COEXISTENCE_OK	compose	COEXISTENCE_OK	COEXISTENCE_OK	"the rule is not one of the five the cure touches (no level entry in RuleThresholdKeyGroupRegistry, not a HierarchicalRuleOptions)"
code-smell.constructor-overinjection	enabled	error	6-gate	no	COEXISTENCE_OK	compose	COEXISTENCE_OK	compose	COEXISTENCE_OK	COEXISTENCE_OK	"the rule is not one of the five the cure touches (no level entry in RuleThresholdKeyGroupRegistry, not a HierarchicalRuleOptions)"
code-smell.constructor-overinjection	enabled	threshold	6-gate	no	COEXISTENCE_OK	compose	COEXISTENCE_OK	compose	COEXISTENCE_OK	COEXISTENCE_OK	"the rule is not one of the five the cure touches (no level entry in RuleThresholdKeyGroupRegistry, not a HierarchicalRuleOptions)"
code-smell.constructor-overinjection	enabled	warning	6-gate	no	COEXISTENCE_OK	compose	COEXISTENCE_OK	compose	COEXISTENCE_OK	COEXISTENCE_OK	"the rule is not one of the five the cure touches (no level entry in RuleThresholdKeyGroupRegistry, not a HierarchicalRuleOptions)"
code-smell.error-suppression	allowed-functions	enabled	6-gate	no	COEXISTENCE_OK	compose	COEXISTENCE_OK	compose	COEXISTENCE_OK	COEXISTENCE_OK	"the rule is not one of the five the cure touches (no level entry in RuleThresholdKeyGroupRegistry, not a HierarchicalRuleOptions)"
code-smell.long-parameter-list	enabled	error	6-gate	no	COEXISTENCE_OK	compose	COEXISTENCE_OK	compose	COEXISTENCE_OK	COEXISTENCE_OK	"the rule is not one of the five the cure touches (no level entry in RuleThresholdKeyGroupRegistry, not a HierarchicalRuleOptions)"
code-smell.long-parameter-list	enabled	threshold	6-gate	no	COEXISTENCE_OK	compose	COEXISTENCE_OK	compose	COEXISTENCE_OK	COEXISTENCE_OK	"the rule is not one of the five the cure touches (no level entry in RuleThresholdKeyGroupRegistry, not a HierarchicalRuleOptions)"
code-smell.long-parameter-list	enabled	vo-error	6-gate	no	COEXISTENCE_OK	compose	COEXISTENCE_OK	compose	COEXISTENCE_OK	COEXISTENCE_OK	"the rule is not one of the five the cure touches (no level entry in RuleThresholdKeyGroupRegistry, not a HierarchicalRuleOptions)"
code-smell.long-parameter-list	enabled	vo-threshold	6-gate	no	COEXISTENCE_OK	compose	COEXISTENCE_OK	compose	COEXISTENCE_OK	COEXISTENCE_OK	"the rule is not one of the five the cure touches (no level entry in RuleThresholdKeyGroupRegistry, not a HierarchicalRuleOptions)"
code-smell.long-parameter-list	enabled	vo-warning	6-gate	no	COEXISTENCE_OK	compose	COEXISTENCE_OK	compose	COEXISTENCE_OK	COEXISTENCE_OK	"the rule is not one of the five the cure touches (no level entry in RuleThresholdKeyGroupRegistry, not a HierarchicalRuleOptions)"
code-smell.long-parameter-list	enabled	warning	6-gate	no	COEXISTENCE_OK	compose	COEXISTENCE_OK	compose	COEXISTENCE_OK	COEXISTENCE_OK	"the rule is not one of the five the cure touches (no level entry in RuleThresholdKeyGroupRegistry, not a HierarchicalRuleOptions)"
code-smell.unreachable-code	enabled	error	6-gate	no	COEXISTENCE_OK	compose	COEXISTENCE_OK	compose	COEXISTENCE_OK	COEXISTENCE_OK	"the rule is not one of the five the cure touches (no level entry in RuleThresholdKeyGroupRegistry, not a HierarchicalRuleOptions)"
code-smell.unreachable-code	enabled	threshold	6-gate	no	COEXISTENCE_OK	compose	COEXISTENCE_OK	compose	COEXISTENCE_OK	COEXISTENCE_OK	"the rule is not one of the five the cure touches (no level entry in RuleThresholdKeyGroupRegistry, not a HierarchicalRuleOptions)"
code-smell.unreachable-code	enabled	warning	6-gate	no	COEXISTENCE_OK	compose	COEXISTENCE_OK	compose	COEXISTENCE_OK	COEXISTENCE_OK	"the rule is not one of the five the cure touches (no level entry in RuleThresholdKeyGroupRegistry, not a HierarchicalRuleOptions)"
cohesion.lcom	enabled	error	6-gate	no	COEXISTENCE_OK	compose	COEXISTENCE_OK	compose	COEXISTENCE_OK	COEXISTENCE_OK	"the rule is not one of the five the cure touches (no level entry in RuleThresholdKeyGroupRegistry, not a HierarchicalRuleOptions)"
cohesion.lcom	enabled	exclude-methods	6-gate	no	COEXISTENCE_OK	compose	COEXISTENCE_OK	compose	COEXISTENCE_OK	COEXISTENCE_OK	"the rule is not one of the five the cure touches (no level entry in RuleThresholdKeyGroupRegistry, not a HierarchicalRuleOptions)"
cohesion.lcom	enabled	exclude-readonly	6-gate	no	COEXISTENCE_OK	compose	COEXISTENCE_OK	compose	COEXISTENCE_OK	COEXISTENCE_OK	"the rule is not one of the five the cure touches (no level entry in RuleThresholdKeyGroupRegistry, not a HierarchicalRuleOptions)"
cohesion.lcom	enabled	min-methods	6-gate	no	COEXISTENCE_OK	compose	COEXISTENCE_OK	compose	COEXISTENCE_OK	COEXISTENCE_OK	"the rule is not one of the five the cure touches (no level entry in RuleThresholdKeyGroupRegistry, not a HierarchicalRuleOptions)"
cohesion.lcom	enabled	threshold	6-gate	no	COEXISTENCE_OK	compose	COEXISTENCE_OK	compose	COEXISTENCE_OK	COEXISTENCE_OK	"the rule is not one of the five the cure touches (no level entry in RuleThresholdKeyGroupRegistry, not a HierarchicalRuleOptions)"
cohesion.lcom	enabled	warning	6-gate	no	COEXISTENCE_OK	compose	COEXISTENCE_OK	compose	COEXISTENCE_OK	COEXISTENCE_OK	"the rule is not one of the five the cure touches (no level entry in RuleThresholdKeyGroupRegistry, not a HierarchicalRuleOptions)"
complexity.ccn	callable	enabled	6-gate	yes	MISCOMPOSED	compose	MISCOMPOSED	deeper-wins:callable	COEXISTENCE_OK	MISCOMPOSED	"the top key loses the level the other key names and keeps the sibling level"
complexity.ccn	callable.enabled	callable.error	6-gate	no	COEXISTENCE_OK	compose	COEXISTENCE_OK	compose	COEXISTENCE_OK	COEXISTENCE_OK	"both keys are level keys: the document carries no top-level key, so the unfold has nothing to push and fromArray() never enters the branch the cure removes"
complexity.ccn	callable.enabled	callable.threshold	6-gate	no	COEXISTENCE_OK	compose	COEXISTENCE_OK	compose	COEXISTENCE_OK	COEXISTENCE_OK	"both keys are level keys: the document carries no top-level key, so the unfold has nothing to push and fromArray() never enters the branch the cure removes"
complexity.ccn	callable.enabled	callable.warning	6-gate	no	COEXISTENCE_OK	compose	COEXISTENCE_OK	compose	COEXISTENCE_OK	COEXISTENCE_OK	"both keys are level keys: the document carries no top-level key, so the unfold has nothing to push and fromArray() never enters the branch the cure removes"
complexity.ccn	class	enabled	6-gate	yes	MISCOMPOSED	compose	MISCOMPOSED	deeper-wins:class	COEXISTENCE_OK	MISCOMPOSED	"the top key loses the level the other key names and keeps the sibling level"
complexity.ccn	class.enabled	class.max-error	6-gate	no	COEXISTENCE_OK	compose	COEXISTENCE_OK	compose	COEXISTENCE_OK	COEXISTENCE_OK	"both keys are level keys: the document carries no top-level key, so the unfold has nothing to push and fromArray() never enters the branch the cure removes"
complexity.ccn	class.enabled	class.max-warning	6-gate	no	COEXISTENCE_OK	compose	COEXISTENCE_OK	compose	COEXISTENCE_OK	COEXISTENCE_OK	"both keys are level keys: the document carries no top-level key, so the unfold has nothing to push and fromArray() never enters the branch the cure removes"
complexity.ccn	class.enabled	class.threshold	6-gate	no	COEXISTENCE_OK	compose	COEXISTENCE_OK	compose	COEXISTENCE_OK	COEXISTENCE_OK	"both keys are level keys: the document carries no top-level key, so the unfold has nothing to push and fromArray() never enters the branch the cure removes"
complexity.ccn	enabled	threshold	6-gate	yes	MISCOMPOSED	compose	COEXISTENCE_OK	compose	COEXISTENCE_OK	MISCOMPOSED	"two top-level keys of different groups (or two halves of one band): both unfold and both survive"
complexity.cognitive	callable	enabled	6-gate	yes	MISCOMPOSED	compose	MISCOMPOSED	deeper-wins:callable	COEXISTENCE_OK	MISCOMPOSED	"the top key loses the level the other key names and keeps the sibling level"
complexity.cognitive	callable.enabled	callable.error	6-gate	no	COEXISTENCE_OK	compose	COEXISTENCE_OK	compose	COEXISTENCE_OK	COEXISTENCE_OK	"both keys are level keys: the document carries no top-level key, so the unfold has nothing to push and fromArray() never enters the branch the cure removes"
complexity.cognitive	callable.enabled	callable.threshold	6-gate	no	COEXISTENCE_OK	compose	COEXISTENCE_OK	compose	COEXISTENCE_OK	COEXISTENCE_OK	"both keys are level keys: the document carries no top-level key, so the unfold has nothing to push and fromArray() never enters the branch the cure removes"
complexity.cognitive	callable.enabled	callable.warning	6-gate	no	COEXISTENCE_OK	compose	COEXISTENCE_OK	compose	COEXISTENCE_OK	COEXISTENCE_OK	"both keys are level keys: the document carries no top-level key, so the unfold has nothing to push and fromArray() never enters the branch the cure removes"
complexity.cognitive	class	enabled	6-gate	yes	MISCOMPOSED	compose	MISCOMPOSED	deeper-wins:class	COEXISTENCE_OK	MISCOMPOSED	"the top key loses the level the other key names and keeps the sibling level"
complexity.cognitive	class.enabled	class.max-error	6-gate	no	COEXISTENCE_OK	compose	COEXISTENCE_OK	compose	COEXISTENCE_OK	COEXISTENCE_OK	"both keys are level keys: the document carries no top-level key, so the unfold has nothing to push and fromArray() never enters the branch the cure removes"
complexity.cognitive	class.enabled	class.max-warning	6-gate	no	COEXISTENCE_OK	compose	COEXISTENCE_OK	compose	COEXISTENCE_OK	COEXISTENCE_OK	"both keys are level keys: the document carries no top-level key, so the unfold has nothing to push and fromArray() never enters the branch the cure removes"
complexity.cognitive	class.enabled	class.threshold	6-gate	no	COEXISTENCE_OK	compose	COEXISTENCE_OK	compose	COEXISTENCE_OK	COEXISTENCE_OK	"both keys are level keys: the document carries no top-level key, so the unfold has nothing to push and fromArray() never enters the branch the cure removes"
complexity.cognitive	enabled	threshold	6-gate	yes	MISCOMPOSED	compose	COEXISTENCE_OK	compose	COEXISTENCE_OK	MISCOMPOSED	"two top-level keys of different groups (or two halves of one band): both unfold and both survive"
complexity.npath	callable	enabled	6-gate	yes	MISCOMPOSED	compose	MISCOMPOSED	deeper-wins:callable	"NOT OBSERVABLE"	MISCOMPOSED	"the top key loses the level the other key names and keeps the sibling level"
complexity.npath	callable.enabled	callable.error	6-gate	no	COEXISTENCE_OK	compose	COEXISTENCE_OK	compose	COEXISTENCE_OK	COEXISTENCE_OK	"both keys are level keys: the document carries no top-level key, so the unfold has nothing to push and fromArray() never enters the branch the cure removes"
complexity.npath	callable.enabled	callable.threshold	6-gate	no	COEXISTENCE_OK	compose	COEXISTENCE_OK	compose	COEXISTENCE_OK	COEXISTENCE_OK	"both keys are level keys: the document carries no top-level key, so the unfold has nothing to push and fromArray() never enters the branch the cure removes"
complexity.npath	callable.enabled	callable.warning	6-gate	no	COEXISTENCE_OK	compose	COEXISTENCE_OK	compose	COEXISTENCE_OK	COEXISTENCE_OK	"both keys are level keys: the document carries no top-level key, so the unfold has nothing to push and fromArray() never enters the branch the cure removes"
complexity.npath	class	enabled	6-gate	yes	MISCOMPOSED	compose	COEXISTENCE_OK	deeper-wins:class	"NOT OBSERVABLE"	MISCOMPOSED	"the top key loses the level the other key names and keeps the sibling level"
complexity.npath	class.enabled	class.max-error	6-gate	no	COEXISTENCE_OK	compose	COEXISTENCE_OK	compose	COEXISTENCE_OK	COEXISTENCE_OK	"both keys are level keys: the document carries no top-level key, so the unfold has nothing to push and fromArray() never enters the branch the cure removes"
complexity.npath	class.enabled	class.max-warning	6-gate	no	COEXISTENCE_OK	compose	COEXISTENCE_OK	compose	COEXISTENCE_OK	COEXISTENCE_OK	"both keys are level keys: the document carries no top-level key, so the unfold has nothing to push and fromArray() never enters the branch the cure removes"
complexity.npath	class.enabled	class.threshold	6-gate	no	COEXISTENCE_OK	compose	COEXISTENCE_OK	compose	COEXISTENCE_OK	COEXISTENCE_OK	"both keys are level keys: the document carries no top-level key, so the unfold has nothing to push and fromArray() never enters the branch the cure removes"
complexity.npath	enabled	threshold	6-gate	yes	MISCOMPOSED	compose	COEXISTENCE_OK	compose	COEXISTENCE_OK	MISCOMPOSED	"two top-level keys of different groups (or two halves of one band): both unfold and both survive"
complexity.wmc	enabled	error	6-gate	no	COEXISTENCE_OK	compose	COEXISTENCE_OK	compose	COEXISTENCE_OK	COEXISTENCE_OK	"the rule is not one of the five the cure touches (no level entry in RuleThresholdKeyGroupRegistry, not a HierarchicalRuleOptions)"
complexity.wmc	enabled	exclude-data-classes	6-gate	no	COEXISTENCE_OK	compose	COEXISTENCE_OK	compose	COEXISTENCE_OK	COEXISTENCE_OK	"the rule is not one of the five the cure touches (no level entry in RuleThresholdKeyGroupRegistry, not a HierarchicalRuleOptions)"
complexity.wmc	enabled	threshold	6-gate	no	COEXISTENCE_OK	compose	COEXISTENCE_OK	compose	COEXISTENCE_OK	COEXISTENCE_OK	"the rule is not one of the five the cure touches (no level entry in RuleThresholdKeyGroupRegistry, not a HierarchicalRuleOptions)"
complexity.wmc	enabled	warning	6-gate	no	COEXISTENCE_OK	compose	COEXISTENCE_OK	compose	COEXISTENCE_OK	COEXISTENCE_OK	"the rule is not one of the five the cure touches (no level entry in RuleThresholdKeyGroupRegistry, not a HierarchicalRuleOptions)"
coupling.cbo	class	enabled	6-gate	yes	MISCOMPOSED	compose	MISCOMPOSED	deeper-wins:class	COEXISTENCE_OK	MISCOMPOSED	"the top key loses the level the other key names and keeps the sibling level"
coupling.cbo	class.enabled	class.error	6-gate	no	COEXISTENCE_OK	compose	COEXISTENCE_OK	compose	COEXISTENCE_OK	COEXISTENCE_OK	"both keys are level keys: the document carries no top-level key, so the unfold has nothing to push and fromArray() never enters the branch the cure removes"
coupling.cbo	class.enabled	class.scope	6-gate	no	COEXISTENCE_OK	compose	COEXISTENCE_OK	compose	COEXISTENCE_OK	COEXISTENCE_OK	"both keys are level keys: the document carries no top-level key, so the unfold has nothing to push and fromArray() never enters the branch the cure removes"
coupling.cbo	class.enabled	class.threshold	6-gate	no	COEXISTENCE_OK	compose	COEXISTENCE_OK	compose	COEXISTENCE_OK	COEXISTENCE_OK	"both keys are level keys: the document carries no top-level key, so the unfold has nothing to push and fromArray() never enters the branch the cure removes"
coupling.cbo	class.enabled	class.warning	6-gate	no	COEXISTENCE_OK	compose	COEXISTENCE_OK	compose	COEXISTENCE_OK	COEXISTENCE_OK	"both keys are level keys: the document carries no top-level key, so the unfold has nothing to push and fromArray() never enters the branch the cure removes"
coupling.cbo	enabled	error	6-gate	yes	MISCOMPOSED	compose	COEXISTENCE_OK	compose	COEXISTENCE_OK	MISCOMPOSED	"two top-level keys of different groups (or two halves of one band): both unfold and both survive"
coupling.cbo	enabled	namespace	6-gate	yes	MISCOMPOSED	compose	MISCOMPOSED	deeper-wins:namespace	COEXISTENCE_OK	MISCOMPOSED	"the top key loses the level the other key names and keeps the sibling level"
coupling.cbo	enabled	scope	6-gate	yes	MISCOMPOSED	compose	COEXISTENCE_OK	compose	COEXISTENCE_OK	MISCOMPOSED	"two top-level keys of different groups (or two halves of one band): both unfold and both survive"
coupling.cbo	enabled	threshold	6-gate	yes	MISCOMPOSED	compose	COEXISTENCE_OK	compose	COEXISTENCE_OK	MISCOMPOSED	"two top-level keys of different groups (or two halves of one band): both unfold and both survive"
coupling.cbo	enabled	warning	6-gate	yes	MISCOMPOSED	compose	COEXISTENCE_OK	compose	COEXISTENCE_OK	MISCOMPOSED	"two top-level keys of different groups (or two halves of one band): both unfold and both survive"
coupling.cbo	namespace.enabled	namespace.error	6-gate	no	COEXISTENCE_OK	compose	COEXISTENCE_OK	compose	COEXISTENCE_OK	COEXISTENCE_OK	"both keys are level keys: the document carries no top-level key, so the unfold has nothing to push and fromArray() never enters the branch the cure removes"
coupling.cbo	namespace.enabled	namespace.min-class-count	6-gate	no	COEXISTENCE_OK	compose	COEXISTENCE_OK	compose	COEXISTENCE_OK	COEXISTENCE_OK	"both keys are level keys: the document carries no top-level key, so the unfold has nothing to push and fromArray() never enters the branch the cure removes"
coupling.cbo	namespace.enabled	namespace.threshold	6-gate	no	COEXISTENCE_OK	compose	COEXISTENCE_OK	compose	COEXISTENCE_OK	COEXISTENCE_OK	"both keys are level keys: the document carries no top-level key, so the unfold has nothing to push and fromArray() never enters the branch the cure removes"
coupling.cbo	namespace.enabled	namespace.warning	6-gate	no	COEXISTENCE_OK	compose	COEXISTENCE_OK	compose	COEXISTENCE_OK	COEXISTENCE_OK	"both keys are level keys: the document carries no top-level key, so the unfold has nothing to push and fromArray() never enters the branch the cure removes"
coupling.class-rank	enabled	error	6-gate	no	COEXISTENCE_OK	compose	COEXISTENCE_OK	compose	COEXISTENCE_OK	COEXISTENCE_OK	"the rule is not one of the five the cure touches (no level entry in RuleThresholdKeyGroupRegistry, not a HierarchicalRuleOptions)"
coupling.class-rank	enabled	threshold	6-gate	no	COEXISTENCE_OK	compose	COEXISTENCE_OK	compose	COEXISTENCE_OK	COEXISTENCE_OK	"the rule is not one of the five the cure touches (no level entry in RuleThresholdKeyGroupRegistry, not a HierarchicalRuleOptions)"
coupling.class-rank	enabled	warning	6-gate	no	COEXISTENCE_OK	compose	COEXISTENCE_OK	compose	COEXISTENCE_OK	COEXISTENCE_OK	"the rule is not one of the five the cure touches (no level entry in RuleThresholdKeyGroupRegistry, not a HierarchicalRuleOptions)"
coupling.distance	enabled	include-namespaces	6-gate	no	COEXISTENCE_OK	compose	COEXISTENCE_OK	compose	COEXISTENCE_OK	COEXISTENCE_OK	"the rule is not one of the five the cure touches (no level entry in RuleThresholdKeyGroupRegistry, not a HierarchicalRuleOptions)"
coupling.distance	enabled	max-distance-error	6-gate	no	COEXISTENCE_OK	compose	COEXISTENCE_OK	compose	COEXISTENCE_OK	COEXISTENCE_OK	"the rule is not one of the five the cure touches (no level entry in RuleThresholdKeyGroupRegistry, not a HierarchicalRuleOptions)"
coupling.distance	enabled	max-distance-warning	6-gate	no	COEXISTENCE_OK	compose	COEXISTENCE_OK	compose	COEXISTENCE_OK	COEXISTENCE_OK	"the rule is not one of the five the cure touches (no level entry in RuleThresholdKeyGroupRegistry, not a HierarchicalRuleOptions)"
coupling.distance	enabled	min-class-count	6-gate	no	COEXISTENCE_OK	compose	COEXISTENCE_OK	compose	COEXISTENCE_OK	COEXISTENCE_OK	"the rule is not one of the five the cure touches (no level entry in RuleThresholdKeyGroupRegistry, not a HierarchicalRuleOptions)"
coupling.distance	enabled	threshold	6-gate	no	COEXISTENCE_OK	compose	COEXISTENCE_OK	compose	COEXISTENCE_OK	COEXISTENCE_OK	"the rule is not one of the five the cure touches (no level entry in RuleThresholdKeyGroupRegistry, not a HierarchicalRuleOptions)"
coupling.instability	class	enabled	6-gate	yes	MISCOMPOSED	compose	MISCOMPOSED	deeper-wins:class	COEXISTENCE_OK	MISCOMPOSED	"the top key loses the level the other key names and keeps the sibling level"
coupling.instability	class.enabled	class.max-error	6-gate	no	COEXISTENCE_OK	compose	COEXISTENCE_OK	compose	COEXISTENCE_OK	COEXISTENCE_OK	"both keys are level keys: the document carries no top-level key, so the unfold has nothing to push and fromArray() never enters the branch the cure removes"
coupling.instability	class.enabled	class.max-warning	6-gate	no	COEXISTENCE_OK	compose	COEXISTENCE_OK	compose	COEXISTENCE_OK	COEXISTENCE_OK	"both keys are level keys: the document carries no top-level key, so the unfold has nothing to push and fromArray() never enters the branch the cure removes"
coupling.instability	class.enabled	class.min-afferent	6-gate	no	COEXISTENCE_OK	compose	COEXISTENCE_OK	compose	COEXISTENCE_OK	COEXISTENCE_OK	"both keys are level keys: the document carries no top-level key, so the unfold has nothing to push and fromArray() never enters the branch the cure removes"
coupling.instability	class.enabled	class.threshold	6-gate	no	COEXISTENCE_OK	compose	COEXISTENCE_OK	compose	COEXISTENCE_OK	COEXISTENCE_OK	"both keys are level keys: the document carries no top-level key, so the unfold has nothing to push and fromArray() never enters the branch the cure removes"
coupling.instability	enabled	max-error	6-gate	yes	MISCOMPOSED	compose	COEXISTENCE_OK	compose	COEXISTENCE_OK	MISCOMPOSED	"two top-level keys of different groups (or two halves of one band): both unfold and both survive"
coupling.instability	enabled	max-warning	6-gate	yes	MISCOMPOSED	compose	COEXISTENCE_OK	compose	COEXISTENCE_OK	MISCOMPOSED	"two top-level keys of different groups (or two halves of one band): both unfold and both survive"
coupling.instability	enabled	namespace	6-gate	yes	MISCOMPOSED	compose	MISCOMPOSED	deeper-wins:namespace	COEXISTENCE_OK	MISCOMPOSED	"the top key loses the level the other key names and keeps the sibling level"
coupling.instability	enabled	threshold	6-gate	yes	MISCOMPOSED	compose	COEXISTENCE_OK	compose	COEXISTENCE_OK	MISCOMPOSED	"two top-level keys of different groups (or two halves of one band): both unfold and both survive"
coupling.instability	namespace.enabled	namespace.max-error	6-gate	no	COEXISTENCE_OK	compose	COEXISTENCE_OK	compose	COEXISTENCE_OK	COEXISTENCE_OK	"both keys are level keys: the document carries no top-level key, so the unfold has nothing to push and fromArray() never enters the branch the cure removes"
coupling.instability	namespace.enabled	namespace.max-warning	6-gate	no	COEXISTENCE_OK	compose	COEXISTENCE_OK	compose	COEXISTENCE_OK	COEXISTENCE_OK	"both keys are level keys: the document carries no top-level key, so the unfold has nothing to push and fromArray() never enters the branch the cure removes"
coupling.instability	namespace.enabled	namespace.min-afferent	6-gate	no	COEXISTENCE_OK	compose	COEXISTENCE_OK	compose	COEXISTENCE_OK	COEXISTENCE_OK	"both keys are level keys: the document carries no top-level key, so the unfold has nothing to push and fromArray() never enters the branch the cure removes"
coupling.instability	namespace.enabled	namespace.min-class-count	6-gate	no	COEXISTENCE_OK	compose	COEXISTENCE_OK	compose	COEXISTENCE_OK	COEXISTENCE_OK	"both keys are level keys: the document carries no top-level key, so the unfold has nothing to push and fromArray() never enters the branch the cure removes"
coupling.instability	namespace.enabled	namespace.threshold	6-gate	no	COEXISTENCE_OK	compose	COEXISTENCE_OK	compose	COEXISTENCE_OK	COEXISTENCE_OK	"both keys are level keys: the document carries no top-level key, so the unfold has nothing to push and fromArray() never enters the branch the cure removes"
design.data-class	enabled	exclude-exceptions	6-gate	no	COEXISTENCE_OK	compose	COEXISTENCE_OK	compose	COEXISTENCE_OK	COEXISTENCE_OK	"the rule is not one of the five the cure touches (no level entry in RuleThresholdKeyGroupRegistry, not a HierarchicalRuleOptions)"
design.data-class	enabled	exclude-promoted-only	6-gate	no	COEXISTENCE_OK	compose	COEXISTENCE_OK	compose	COEXISTENCE_OK	COEXISTENCE_OK	"the rule is not one of the five the cure touches (no level entry in RuleThresholdKeyGroupRegistry, not a HierarchicalRuleOptions)"
design.data-class	enabled	exclude-readonly	6-gate	no	COEXISTENCE_OK	compose	COEXISTENCE_OK	compose	COEXISTENCE_OK	COEXISTENCE_OK	"the rule is not one of the five the cure touches (no level entry in RuleThresholdKeyGroupRegistry, not a HierarchicalRuleOptions)"
design.data-class	enabled	min-members	6-gate	no	COEXISTENCE_OK	compose	COEXISTENCE_OK	compose	COEXISTENCE_OK	COEXISTENCE_OK	"the rule is not one of the five the cure touches (no level entry in RuleThresholdKeyGroupRegistry, not a HierarchicalRuleOptions)"
design.data-class	enabled	wmc-threshold	6-gate	no	COEXISTENCE_OK	compose	COEXISTENCE_OK	compose	COEXISTENCE_OK	COEXISTENCE_OK	"the rule is not one of the five the cure touches (no level entry in RuleThresholdKeyGroupRegistry, not a HierarchicalRuleOptions)"
design.data-class	enabled	woc-threshold	6-gate	no	COEXISTENCE_OK	compose	COEXISTENCE_OK	compose	COEXISTENCE_OK	COEXISTENCE_OK	"the rule is not one of the five the cure touches (no level entry in RuleThresholdKeyGroupRegistry, not a HierarchicalRuleOptions)"
design.dit	enabled	error	6-gate	no	COEXISTENCE_OK	compose	COEXISTENCE_OK	compose	COEXISTENCE_OK	COEXISTENCE_OK	"the rule is not one of the five the cure touches (no level entry in RuleThresholdKeyGroupRegistry, not a HierarchicalRuleOptions)"
design.dit	enabled	threshold	6-gate	no	COEXISTENCE_OK	compose	COEXISTENCE_OK	compose	COEXISTENCE_OK	COEXISTENCE_OK	"the rule is not one of the five the cure touches (no level entry in RuleThresholdKeyGroupRegistry, not a HierarchicalRuleOptions)"
design.dit	enabled	warning	6-gate	no	COEXISTENCE_OK	compose	COEXISTENCE_OK	compose	COEXISTENCE_OK	COEXISTENCE_OK	"the rule is not one of the five the cure touches (no level entry in RuleThresholdKeyGroupRegistry, not a HierarchicalRuleOptions)"
design.god-class	class-loc-threshold	enabled	6-gate	no	COEXISTENCE_OK	compose	COEXISTENCE_OK	compose	COEXISTENCE_OK	COEXISTENCE_OK	"the rule is not one of the five the cure touches (no level entry in RuleThresholdKeyGroupRegistry, not a HierarchicalRuleOptions)"
design.god-class	enabled	exclude-readonly	6-gate	no	COEXISTENCE_OK	compose	COEXISTENCE_OK	compose	COEXISTENCE_OK	COEXISTENCE_OK	"the rule is not one of the five the cure touches (no level entry in RuleThresholdKeyGroupRegistry, not a HierarchicalRuleOptions)"
design.god-class	enabled	lcom-threshold	6-gate	no	COEXISTENCE_OK	compose	COEXISTENCE_OK	compose	COEXISTENCE_OK	COEXISTENCE_OK	"the rule is not one of the five the cure touches (no level entry in RuleThresholdKeyGroupRegistry, not a HierarchicalRuleOptions)"
design.god-class	enabled	min-criteria	6-gate	no	COEXISTENCE_OK	compose	COEXISTENCE_OK	compose	COEXISTENCE_OK	COEXISTENCE_OK	"the rule is not one of the five the cure touches (no level entry in RuleThresholdKeyGroupRegistry, not a HierarchicalRuleOptions)"
design.god-class	enabled	min-methods	6-gate	no	COEXISTENCE_OK	compose	COEXISTENCE_OK	compose	COEXISTENCE_OK	COEXISTENCE_OK	"the rule is not one of the five the cure touches (no level entry in RuleThresholdKeyGroupRegistry, not a HierarchicalRuleOptions)"
design.god-class	enabled	tcc-threshold	6-gate	no	COEXISTENCE_OK	compose	COEXISTENCE_OK	compose	COEXISTENCE_OK	COEXISTENCE_OK	"the rule is not one of the five the cure touches (no level entry in RuleThresholdKeyGroupRegistry, not a HierarchicalRuleOptions)"
design.god-class	enabled	wmc-threshold	6-gate	no	COEXISTENCE_OK	compose	COEXISTENCE_OK	compose	COEXISTENCE_OK	COEXISTENCE_OK	"the rule is not one of the five the cure touches (no level entry in RuleThresholdKeyGroupRegistry, not a HierarchicalRuleOptions)"
design.noc	enabled	error	6-gate	no	COEXISTENCE_OK	compose	COEXISTENCE_OK	compose	COEXISTENCE_OK	COEXISTENCE_OK	"the rule is not one of the five the cure touches (no level entry in RuleThresholdKeyGroupRegistry, not a HierarchicalRuleOptions)"
design.noc	enabled	threshold	6-gate	no	COEXISTENCE_OK	compose	COEXISTENCE_OK	compose	COEXISTENCE_OK	COEXISTENCE_OK	"the rule is not one of the five the cure touches (no level entry in RuleThresholdKeyGroupRegistry, not a HierarchicalRuleOptions)"
design.noc	enabled	warning	6-gate	no	COEXISTENCE_OK	compose	COEXISTENCE_OK	compose	COEXISTENCE_OK	COEXISTENCE_OK	"the rule is not one of the five the cure touches (no level entry in RuleThresholdKeyGroupRegistry, not a HierarchicalRuleOptions)"
design.type-coverage.param	enabled	error	6-gate	no	COEXISTENCE_OK	compose	COEXISTENCE_OK	compose	COEXISTENCE_OK	COEXISTENCE_OK	"the rule is not one of the five the cure touches (no level entry in RuleThresholdKeyGroupRegistry, not a HierarchicalRuleOptions)"
design.type-coverage.param	enabled	threshold	6-gate	no	COEXISTENCE_OK	compose	COEXISTENCE_OK	compose	COEXISTENCE_OK	COEXISTENCE_OK	"the rule is not one of the five the cure touches (no level entry in RuleThresholdKeyGroupRegistry, not a HierarchicalRuleOptions)"
design.type-coverage.param	enabled	warning	6-gate	no	COEXISTENCE_OK	compose	COEXISTENCE_OK	compose	COEXISTENCE_OK	COEXISTENCE_OK	"the rule is not one of the five the cure touches (no level entry in RuleThresholdKeyGroupRegistry, not a HierarchicalRuleOptions)"
design.type-coverage.property	enabled	error	6-gate	no	COEXISTENCE_OK	compose	COEXISTENCE_OK	compose	COEXISTENCE_OK	COEXISTENCE_OK	"the rule is not one of the five the cure touches (no level entry in RuleThresholdKeyGroupRegistry, not a HierarchicalRuleOptions)"
design.type-coverage.property	enabled	threshold	6-gate	no	COEXISTENCE_OK	compose	COEXISTENCE_OK	compose	COEXISTENCE_OK	COEXISTENCE_OK	"the rule is not one of the five the cure touches (no level entry in RuleThresholdKeyGroupRegistry, not a HierarchicalRuleOptions)"
design.type-coverage.property	enabled	warning	6-gate	no	COEXISTENCE_OK	compose	COEXISTENCE_OK	compose	COEXISTENCE_OK	COEXISTENCE_OK	"the rule is not one of the five the cure touches (no level entry in RuleThresholdKeyGroupRegistry, not a HierarchicalRuleOptions)"
design.type-coverage.return	enabled	error	6-gate	no	COEXISTENCE_OK	compose	COEXISTENCE_OK	compose	COEXISTENCE_OK	COEXISTENCE_OK	"the rule is not one of the five the cure touches (no level entry in RuleThresholdKeyGroupRegistry, not a HierarchicalRuleOptions)"
design.type-coverage.return	enabled	threshold	6-gate	no	COEXISTENCE_OK	compose	COEXISTENCE_OK	compose	COEXISTENCE_OK	COEXISTENCE_OK	"the rule is not one of the five the cure touches (no level entry in RuleThresholdKeyGroupRegistry, not a HierarchicalRuleOptions)"
design.type-coverage.return	enabled	warning	6-gate	no	COEXISTENCE_OK	compose	COEXISTENCE_OK	compose	COEXISTENCE_OK	COEXISTENCE_OK	"the rule is not one of the five the cure touches (no level entry in RuleThresholdKeyGroupRegistry, not a HierarchicalRuleOptions)"
duplication.clone	enabled	error	6-gate	no	COEXISTENCE_OK	compose	COEXISTENCE_OK	compose	COEXISTENCE_OK	COEXISTENCE_OK	"the rule is not one of the five the cure touches (no level entry in RuleThresholdKeyGroupRegistry, not a HierarchicalRuleOptions)"
duplication.clone	enabled	min-lines	6-gate	no	COEXISTENCE_OK	compose	COEXISTENCE_OK	compose	COEXISTENCE_OK	COEXISTENCE_OK	"the rule is not one of the five the cure touches (no level entry in RuleThresholdKeyGroupRegistry, not a HierarchicalRuleOptions)"
duplication.clone	enabled	min-tokens	6-gate	no	COEXISTENCE_OK	compose	COEXISTENCE_OK	compose	COEXISTENCE_OK	COEXISTENCE_OK	"the rule is not one of the five the cure touches (no level entry in RuleThresholdKeyGroupRegistry, not a HierarchicalRuleOptions)"
duplication.clone	enabled	threshold	6-gate	no	COEXISTENCE_OK	compose	COEXISTENCE_OK	compose	COEXISTENCE_OK	COEXISTENCE_OK	"the rule is not one of the five the cure touches (no level entry in RuleThresholdKeyGroupRegistry, not a HierarchicalRuleOptions)"
duplication.clone	enabled	warning	6-gate	no	COEXISTENCE_OK	compose	COEXISTENCE_OK	compose	COEXISTENCE_OK	COEXISTENCE_OK	"the rule is not one of the five the cure touches (no level entry in RuleThresholdKeyGroupRegistry, not a HierarchicalRuleOptions)"
maintainability.mi	enabled	error	6-gate	no	COEXISTENCE_OK	compose	COEXISTENCE_OK	compose	COEXISTENCE_OK	COEXISTENCE_OK	"the rule is not one of the five the cure touches (no level entry in RuleThresholdKeyGroupRegistry, not a HierarchicalRuleOptions)"
maintainability.mi	enabled	exclude-tests	6-gate	no	COEXISTENCE_OK	compose	COEXISTENCE_OK	compose	COEXISTENCE_OK	COEXISTENCE_OK	"the rule is not one of the five the cure touches (no level entry in RuleThresholdKeyGroupRegistry, not a HierarchicalRuleOptions)"
maintainability.mi	enabled	min-statements	6-gate	no	COEXISTENCE_OK	compose	COEXISTENCE_OK	compose	COEXISTENCE_OK	COEXISTENCE_OK	"the rule is not one of the five the cure touches (no level entry in RuleThresholdKeyGroupRegistry, not a HierarchicalRuleOptions)"
maintainability.mi	enabled	threshold	6-gate	no	COEXISTENCE_OK	compose	COEXISTENCE_OK	compose	COEXISTENCE_OK	COEXISTENCE_OK	"the rule is not one of the five the cure touches (no level entry in RuleThresholdKeyGroupRegistry, not a HierarchicalRuleOptions)"
maintainability.mi	enabled	warning	6-gate	no	COEXISTENCE_OK	compose	COEXISTENCE_OK	compose	COEXISTENCE_OK	COEXISTENCE_OK	"the rule is not one of the five the cure touches (no level entry in RuleThresholdKeyGroupRegistry, not a HierarchicalRuleOptions)"
size.class-count	enabled	error	6-gate	no	COEXISTENCE_OK	compose	COEXISTENCE_OK	compose	COEXISTENCE_OK	COEXISTENCE_OK	"the rule is not one of the five the cure touches (no level entry in RuleThresholdKeyGroupRegistry, not a HierarchicalRuleOptions)"
size.class-count	enabled	threshold	6-gate	no	COEXISTENCE_OK	compose	COEXISTENCE_OK	compose	COEXISTENCE_OK	COEXISTENCE_OK	"the rule is not one of the five the cure touches (no level entry in RuleThresholdKeyGroupRegistry, not a HierarchicalRuleOptions)"
size.class-count	enabled	warning	6-gate	no	COEXISTENCE_OK	compose	COEXISTENCE_OK	compose	COEXISTENCE_OK	COEXISTENCE_OK	"the rule is not one of the five the cure touches (no level entry in RuleThresholdKeyGroupRegistry, not a HierarchicalRuleOptions)"
size.method-count	enabled	error	6-gate	no	COEXISTENCE_OK	compose	COEXISTENCE_OK	compose	COEXISTENCE_OK	COEXISTENCE_OK	"the rule is not one of the five the cure touches (no level entry in RuleThresholdKeyGroupRegistry, not a HierarchicalRuleOptions)"
size.method-count	enabled	threshold	6-gate	no	COEXISTENCE_OK	compose	COEXISTENCE_OK	compose	COEXISTENCE_OK	COEXISTENCE_OK	"the rule is not one of the five the cure touches (no level entry in RuleThresholdKeyGroupRegistry, not a HierarchicalRuleOptions)"
size.method-count	enabled	warning	6-gate	no	COEXISTENCE_OK	compose	COEXISTENCE_OK	compose	COEXISTENCE_OK	COEXISTENCE_OK	"the rule is not one of the five the cure touches (no level entry in RuleThresholdKeyGroupRegistry, not a HierarchicalRuleOptions)"
size.property-count	enabled	error	6-gate	no	COEXISTENCE_OK	compose	COEXISTENCE_OK	compose	COEXISTENCE_OK	COEXISTENCE_OK	"the rule is not one of the five the cure touches (no level entry in RuleThresholdKeyGroupRegistry, not a HierarchicalRuleOptions)"
size.property-count	enabled	exclude-promoted-only	6-gate	no	COEXISTENCE_OK	compose	COEXISTENCE_OK	compose	COEXISTENCE_OK	COEXISTENCE_OK	"the rule is not one of the five the cure touches (no level entry in RuleThresholdKeyGroupRegistry, not a HierarchicalRuleOptions)"
size.property-count	enabled	exclude-readonly	6-gate	no	COEXISTENCE_OK	compose	COEXISTENCE_OK	compose	COEXISTENCE_OK	COEXISTENCE_OK	"the rule is not one of the five the cure touches (no level entry in RuleThresholdKeyGroupRegistry, not a HierarchicalRuleOptions)"
size.property-count	enabled	threshold	6-gate	no	COEXISTENCE_OK	compose	COEXISTENCE_OK	compose	COEXISTENCE_OK	COEXISTENCE_OK	"the rule is not one of the five the cure touches (no level entry in RuleThresholdKeyGroupRegistry, not a HierarchicalRuleOptions)"
size.property-count	enabled	warning	6-gate	no	COEXISTENCE_OK	compose	COEXISTENCE_OK	compose	COEXISTENCE_OK	COEXISTENCE_OK	"the rule is not one of the five the cure touches (no level entry in RuleThresholdKeyGroupRegistry, not a HierarchicalRuleOptions)"
architecture.circular-dependency	direct-as-error	max-cycle-size	6-gate-vs-severity	no	COEXISTENCE_OK	compose	COEXISTENCE_OK	compose	COEXISTENCE_OK	COEXISTENCE_OK	"the rule is not one of the five the cure touches (no level entry in RuleThresholdKeyGroupRegistry, not a HierarchicalRuleOptions)"
cohesion.lcom	error	exclude-methods	6-measurement-input	no	COEXISTENCE_OK	compose	COEXISTENCE_OK	compose	COEXISTENCE_OK	COEXISTENCE_OK	"the rule is not one of the five the cure touches (no level entry in RuleThresholdKeyGroupRegistry, not a HierarchicalRuleOptions)"
cohesion.lcom	exclude-methods	threshold	6-measurement-input	no	COEXISTENCE_OK	compose	COEXISTENCE_OK	compose	COEXISTENCE_OK	COEXISTENCE_OK	"the rule is not one of the five the cure touches (no level entry in RuleThresholdKeyGroupRegistry, not a HierarchicalRuleOptions)"
cohesion.lcom	exclude-methods	warning	6-measurement-input	no	COEXISTENCE_OK	compose	COEXISTENCE_OK	compose	COEXISTENCE_OK	COEXISTENCE_OK	"the rule is not one of the five the cure touches (no level entry in RuleThresholdKeyGroupRegistry, not a HierarchicalRuleOptions)"
coupling.cbo	class.error	class.scope	6-measurement-input	no	COEXISTENCE_OK	compose	COEXISTENCE_OK	compose	COEXISTENCE_OK	COEXISTENCE_OK	"both keys are level keys: the document carries no top-level key, so the unfold has nothing to push and fromArray() never enters the branch the cure removes"
coupling.cbo	class.scope	class.threshold	6-measurement-input	no	COEXISTENCE_OK	compose	COEXISTENCE_OK	compose	COEXISTENCE_OK	COEXISTENCE_OK	"both keys are level keys: the document carries no top-level key, so the unfold has nothing to push and fromArray() never enters the branch the cure removes"
coupling.cbo	class.scope	class.warning	6-measurement-input	no	COEXISTENCE_OK	compose	COEXISTENCE_OK	compose	COEXISTENCE_OK	COEXISTENCE_OK	"both keys are level keys: the document carries no top-level key, so the unfold has nothing to push and fromArray() never enters the branch the cure removes"
coupling.cbo	class.scope	scope	6-precedence-fill-in	yes	COEXISTENCE_OK	compose	COEXISTENCE_OK	one-wins:class.scope	"NOT OBSERVABLE"	"NOT OBSERVABLE"	"the top key reaches only the level the other key names, and that level chose its own group: the top key lands nowhere"
cohesion.lcom	error	exclude-readonly	6-subject-filter	no	COEXISTENCE_OK	compose	COEXISTENCE_OK	compose	COEXISTENCE_OK	COEXISTENCE_OK	"the rule is not one of the five the cure touches (no level entry in RuleThresholdKeyGroupRegistry, not a HierarchicalRuleOptions)"
cohesion.lcom	error	min-methods	6-subject-filter	no	COEXISTENCE_OK	compose	COEXISTENCE_OK	compose	COEXISTENCE_OK	COEXISTENCE_OK	"the rule is not one of the five the cure touches (no level entry in RuleThresholdKeyGroupRegistry, not a HierarchicalRuleOptions)"
cohesion.lcom	exclude-readonly	threshold	6-subject-filter	no	COEXISTENCE_OK	compose	COEXISTENCE_OK	compose	COEXISTENCE_OK	COEXISTENCE_OK	"the rule is not one of the five the cure touches (no level entry in RuleThresholdKeyGroupRegistry, not a HierarchicalRuleOptions)"
cohesion.lcom	exclude-readonly	warning	6-subject-filter	no	COEXISTENCE_OK	compose	COEXISTENCE_OK	compose	COEXISTENCE_OK	COEXISTENCE_OK	"the rule is not one of the five the cure touches (no level entry in RuleThresholdKeyGroupRegistry, not a HierarchicalRuleOptions)"
cohesion.lcom	min-methods	threshold	6-subject-filter	no	COEXISTENCE_OK	compose	COEXISTENCE_OK	compose	COEXISTENCE_OK	COEXISTENCE_OK	"the rule is not one of the five the cure touches (no level entry in RuleThresholdKeyGroupRegistry, not a HierarchicalRuleOptions)"
cohesion.lcom	min-methods	warning	6-subject-filter	no	COEXISTENCE_OK	compose	COEXISTENCE_OK	compose	COEXISTENCE_OK	COEXISTENCE_OK	"the rule is not one of the five the cure touches (no level entry in RuleThresholdKeyGroupRegistry, not a HierarchicalRuleOptions)"
complexity.wmc	error	exclude-data-classes	6-subject-filter	no	COEXISTENCE_OK	compose	COEXISTENCE_OK	compose	COEXISTENCE_OK	COEXISTENCE_OK	"the rule is not one of the five the cure touches (no level entry in RuleThresholdKeyGroupRegistry, not a HierarchicalRuleOptions)"
complexity.wmc	exclude-data-classes	threshold	6-subject-filter	no	COEXISTENCE_OK	compose	COEXISTENCE_OK	compose	COEXISTENCE_OK	COEXISTENCE_OK	"the rule is not one of the five the cure touches (no level entry in RuleThresholdKeyGroupRegistry, not a HierarchicalRuleOptions)"
complexity.wmc	exclude-data-classes	warning	6-subject-filter	no	COEXISTENCE_OK	compose	COEXISTENCE_OK	compose	COEXISTENCE_OK	COEXISTENCE_OK	"the rule is not one of the five the cure touches (no level entry in RuleThresholdKeyGroupRegistry, not a HierarchicalRuleOptions)"
coupling.cbo	namespace.error	namespace.min-class-count	6-subject-filter	no	COEXISTENCE_OK	compose	COEXISTENCE_OK	compose	COEXISTENCE_OK	COEXISTENCE_OK	"both keys are level keys: the document carries no top-level key, so the unfold has nothing to push and fromArray() never enters the branch the cure removes"
coupling.cbo	namespace.min-class-count	namespace.threshold	6-subject-filter	no	COEXISTENCE_OK	compose	COEXISTENCE_OK	compose	COEXISTENCE_OK	COEXISTENCE_OK	"both keys are level keys: the document carries no top-level key, so the unfold has nothing to push and fromArray() never enters the branch the cure removes"
coupling.cbo	namespace.min-class-count	namespace.warning	6-subject-filter	no	COEXISTENCE_OK	compose	COEXISTENCE_OK	compose	COEXISTENCE_OK	COEXISTENCE_OK	"both keys are level keys: the document carries no top-level key, so the unfold has nothing to push and fromArray() never enters the branch the cure removes"
coupling.distance	include-namespaces	max-distance-error	6-subject-filter	no	COEXISTENCE_OK	compose	COEXISTENCE_OK	compose	COEXISTENCE_OK	COEXISTENCE_OK	"the rule is not one of the five the cure touches (no level entry in RuleThresholdKeyGroupRegistry, not a HierarchicalRuleOptions)"
coupling.distance	include-namespaces	max-distance-warning	6-subject-filter	no	COEXISTENCE_OK	compose	COEXISTENCE_OK	compose	COEXISTENCE_OK	COEXISTENCE_OK	"the rule is not one of the five the cure touches (no level entry in RuleThresholdKeyGroupRegistry, not a HierarchicalRuleOptions)"
coupling.distance	include-namespaces	threshold	6-subject-filter	no	COEXISTENCE_OK	compose	COEXISTENCE_OK	compose	COEXISTENCE_OK	COEXISTENCE_OK	"the rule is not one of the five the cure touches (no level entry in RuleThresholdKeyGroupRegistry, not a HierarchicalRuleOptions)"
coupling.distance	max-distance-error	min-class-count	6-subject-filter	no	COEXISTENCE_OK	compose	COEXISTENCE_OK	compose	COEXISTENCE_OK	COEXISTENCE_OK	"the rule is not one of the five the cure touches (no level entry in RuleThresholdKeyGroupRegistry, not a HierarchicalRuleOptions)"
coupling.distance	max-distance-warning	min-class-count	6-subject-filter	no	COEXISTENCE_OK	compose	COEXISTENCE_OK	compose	COEXISTENCE_OK	COEXISTENCE_OK	"the rule is not one of the five the cure touches (no level entry in RuleThresholdKeyGroupRegistry, not a HierarchicalRuleOptions)"
coupling.distance	min-class-count	threshold	6-subject-filter	no	COEXISTENCE_OK	compose	COEXISTENCE_OK	compose	COEXISTENCE_OK	COEXISTENCE_OK	"the rule is not one of the five the cure touches (no level entry in RuleThresholdKeyGroupRegistry, not a HierarchicalRuleOptions)"
coupling.instability	class.max-error	class.min-afferent	6-subject-filter	no	COEXISTENCE_OK	compose	COEXISTENCE_OK	compose	COEXISTENCE_OK	COEXISTENCE_OK	"both keys are level keys: the document carries no top-level key, so the unfold has nothing to push and fromArray() never enters the branch the cure removes"
coupling.instability	class.max-warning	class.min-afferent	6-subject-filter	no	COEXISTENCE_OK	compose	COEXISTENCE_OK	compose	COEXISTENCE_OK	COEXISTENCE_OK	"both keys are level keys: the document carries no top-level key, so the unfold has nothing to push and fromArray() never enters the branch the cure removes"
coupling.instability	class.min-afferent	class.threshold	6-subject-filter	no	COEXISTENCE_OK	compose	COEXISTENCE_OK	compose	COEXISTENCE_OK	COEXISTENCE_OK	"both keys are level keys: the document carries no top-level key, so the unfold has nothing to push and fromArray() never enters the branch the cure removes"
coupling.instability	namespace.max-error	namespace.min-afferent	6-subject-filter	no	COEXISTENCE_OK	compose	COEXISTENCE_OK	compose	COEXISTENCE_OK	COEXISTENCE_OK	"both keys are level keys: the document carries no top-level key, so the unfold has nothing to push and fromArray() never enters the branch the cure removes"
coupling.instability	namespace.max-error	namespace.min-class-count	6-subject-filter	no	COEXISTENCE_OK	compose	COEXISTENCE_OK	compose	COEXISTENCE_OK	COEXISTENCE_OK	"both keys are level keys: the document carries no top-level key, so the unfold has nothing to push and fromArray() never enters the branch the cure removes"
coupling.instability	namespace.max-warning	namespace.min-afferent	6-subject-filter	no	COEXISTENCE_OK	compose	COEXISTENCE_OK	compose	COEXISTENCE_OK	COEXISTENCE_OK	"both keys are level keys: the document carries no top-level key, so the unfold has nothing to push and fromArray() never enters the branch the cure removes"
coupling.instability	namespace.max-warning	namespace.min-class-count	6-subject-filter	no	COEXISTENCE_OK	compose	COEXISTENCE_OK	compose	COEXISTENCE_OK	COEXISTENCE_OK	"both keys are level keys: the document carries no top-level key, so the unfold has nothing to push and fromArray() never enters the branch the cure removes"
coupling.instability	namespace.min-afferent	namespace.threshold	6-subject-filter	no	COEXISTENCE_OK	compose	COEXISTENCE_OK	compose	COEXISTENCE_OK	COEXISTENCE_OK	"both keys are level keys: the document carries no top-level key, so the unfold has nothing to push and fromArray() never enters the branch the cure removes"
coupling.instability	namespace.min-class-count	namespace.threshold	6-subject-filter	no	COEXISTENCE_OK	compose	COEXISTENCE_OK	compose	COEXISTENCE_OK	COEXISTENCE_OK	"both keys are level keys: the document carries no top-level key, so the unfold has nothing to push and fromArray() never enters the branch the cure removes"
design.data-class	exclude-exceptions	wmc-threshold	6-subject-filter	no	COEXISTENCE_OK	compose	COEXISTENCE_OK	compose	COEXISTENCE_OK	COEXISTENCE_OK	"the rule is not one of the five the cure touches (no level entry in RuleThresholdKeyGroupRegistry, not a HierarchicalRuleOptions)"
design.data-class	exclude-exceptions	woc-threshold	6-subject-filter	no	COEXISTENCE_OK	compose	COEXISTENCE_OK	compose	COEXISTENCE_OK	COEXISTENCE_OK	"the rule is not one of the five the cure touches (no level entry in RuleThresholdKeyGroupRegistry, not a HierarchicalRuleOptions)"
design.data-class	exclude-promoted-only	wmc-threshold	6-subject-filter	no	COEXISTENCE_OK	compose	COEXISTENCE_OK	compose	COEXISTENCE_OK	COEXISTENCE_OK	"the rule is not one of the five the cure touches (no level entry in RuleThresholdKeyGroupRegistry, not a HierarchicalRuleOptions)"
design.data-class	exclude-promoted-only	woc-threshold	6-subject-filter	no	COEXISTENCE_OK	compose	COEXISTENCE_OK	compose	COEXISTENCE_OK	COEXISTENCE_OK	"the rule is not one of the five the cure touches (no level entry in RuleThresholdKeyGroupRegistry, not a HierarchicalRuleOptions)"
design.data-class	exclude-readonly	wmc-threshold	6-subject-filter	no	COEXISTENCE_OK	compose	COEXISTENCE_OK	compose	COEXISTENCE_OK	COEXISTENCE_OK	"the rule is not one of the five the cure touches (no level entry in RuleThresholdKeyGroupRegistry, not a HierarchicalRuleOptions)"
design.data-class	exclude-readonly	woc-threshold	6-subject-filter	no	COEXISTENCE_OK	compose	COEXISTENCE_OK	compose	COEXISTENCE_OK	COEXISTENCE_OK	"the rule is not one of the five the cure touches (no level entry in RuleThresholdKeyGroupRegistry, not a HierarchicalRuleOptions)"
design.data-class	min-members	wmc-threshold	6-subject-filter	no	COEXISTENCE_OK	compose	COEXISTENCE_OK	compose	COEXISTENCE_OK	COEXISTENCE_OK	"the rule is not one of the five the cure touches (no level entry in RuleThresholdKeyGroupRegistry, not a HierarchicalRuleOptions)"
design.data-class	min-members	woc-threshold	6-subject-filter	no	COEXISTENCE_OK	compose	COEXISTENCE_OK	compose	COEXISTENCE_OK	COEXISTENCE_OK	"the rule is not one of the five the cure touches (no level entry in RuleThresholdKeyGroupRegistry, not a HierarchicalRuleOptions)"
design.god-class	class-loc-threshold	exclude-readonly	6-subject-filter	no	COEXISTENCE_OK	compose	COEXISTENCE_OK	compose	COEXISTENCE_OK	COEXISTENCE_OK	"the rule is not one of the five the cure touches (no level entry in RuleThresholdKeyGroupRegistry, not a HierarchicalRuleOptions)"
design.god-class	class-loc-threshold	min-methods	6-subject-filter	no	COEXISTENCE_OK	compose	COEXISTENCE_OK	compose	COEXISTENCE_OK	COEXISTENCE_OK	"the rule is not one of the five the cure touches (no level entry in RuleThresholdKeyGroupRegistry, not a HierarchicalRuleOptions)"
design.god-class	exclude-readonly	lcom-threshold	6-subject-filter	no	COEXISTENCE_OK	compose	COEXISTENCE_OK	compose	COEXISTENCE_OK	COEXISTENCE_OK	"the rule is not one of the five the cure touches (no level entry in RuleThresholdKeyGroupRegistry, not a HierarchicalRuleOptions)"
design.god-class	exclude-readonly	tcc-threshold	6-subject-filter	no	COEXISTENCE_OK	compose	COEXISTENCE_OK	compose	COEXISTENCE_OK	COEXISTENCE_OK	"the rule is not one of the five the cure touches (no level entry in RuleThresholdKeyGroupRegistry, not a HierarchicalRuleOptions)"
design.god-class	exclude-readonly	wmc-threshold	6-subject-filter	no	COEXISTENCE_OK	compose	COEXISTENCE_OK	compose	COEXISTENCE_OK	COEXISTENCE_OK	"the rule is not one of the five the cure touches (no level entry in RuleThresholdKeyGroupRegistry, not a HierarchicalRuleOptions)"
design.god-class	lcom-threshold	min-methods	6-subject-filter	no	COEXISTENCE_OK	compose	COEXISTENCE_OK	compose	COEXISTENCE_OK	COEXISTENCE_OK	"the rule is not one of the five the cure touches (no level entry in RuleThresholdKeyGroupRegistry, not a HierarchicalRuleOptions)"
design.god-class	min-methods	tcc-threshold	6-subject-filter	no	COEXISTENCE_OK	compose	COEXISTENCE_OK	compose	COEXISTENCE_OK	COEXISTENCE_OK	"the rule is not one of the five the cure touches (no level entry in RuleThresholdKeyGroupRegistry, not a HierarchicalRuleOptions)"
design.god-class	min-methods	wmc-threshold	6-subject-filter	no	COEXISTENCE_OK	compose	COEXISTENCE_OK	compose	COEXISTENCE_OK	COEXISTENCE_OK	"the rule is not one of the five the cure touches (no level entry in RuleThresholdKeyGroupRegistry, not a HierarchicalRuleOptions)"
duplication.clone	error	min-lines	6-subject-filter	no	COEXISTENCE_OK	compose	COEXISTENCE_OK	compose	COEXISTENCE_OK	COEXISTENCE_OK	"the rule is not one of the five the cure touches (no level entry in RuleThresholdKeyGroupRegistry, not a HierarchicalRuleOptions)"
duplication.clone	error	min-tokens	6-subject-filter	no	COEXISTENCE_OK	compose	COEXISTENCE_OK	compose	COEXISTENCE_OK	COEXISTENCE_OK	"the rule is not one of the five the cure touches (no level entry in RuleThresholdKeyGroupRegistry, not a HierarchicalRuleOptions)"
duplication.clone	min-lines	threshold	6-subject-filter	no	COEXISTENCE_OK	compose	COEXISTENCE_OK	compose	COEXISTENCE_OK	COEXISTENCE_OK	"the rule is not one of the five the cure touches (no level entry in RuleThresholdKeyGroupRegistry, not a HierarchicalRuleOptions)"
duplication.clone	min-lines	warning	6-subject-filter	no	COEXISTENCE_OK	compose	COEXISTENCE_OK	compose	COEXISTENCE_OK	COEXISTENCE_OK	"the rule is not one of the five the cure touches (no level entry in RuleThresholdKeyGroupRegistry, not a HierarchicalRuleOptions)"
duplication.clone	min-tokens	threshold	6-subject-filter	no	COEXISTENCE_OK	compose	COEXISTENCE_OK	compose	COEXISTENCE_OK	COEXISTENCE_OK	"the rule is not one of the five the cure touches (no level entry in RuleThresholdKeyGroupRegistry, not a HierarchicalRuleOptions)"
duplication.clone	min-tokens	warning	6-subject-filter	no	COEXISTENCE_OK	compose	COEXISTENCE_OK	compose	COEXISTENCE_OK	COEXISTENCE_OK	"the rule is not one of the five the cure touches (no level entry in RuleThresholdKeyGroupRegistry, not a HierarchicalRuleOptions)"
maintainability.mi	error	exclude-tests	6-subject-filter	no	COEXISTENCE_OK	compose	COEXISTENCE_OK	compose	COEXISTENCE_OK	COEXISTENCE_OK	"the rule is not one of the five the cure touches (no level entry in RuleThresholdKeyGroupRegistry, not a HierarchicalRuleOptions)"
maintainability.mi	error	min-statements	6-subject-filter	no	COEXISTENCE_OK	compose	COEXISTENCE_OK	compose	COEXISTENCE_OK	COEXISTENCE_OK	"the rule is not one of the five the cure touches (no level entry in RuleThresholdKeyGroupRegistry, not a HierarchicalRuleOptions)"
maintainability.mi	exclude-tests	threshold	6-subject-filter	no	COEXISTENCE_OK	compose	COEXISTENCE_OK	compose	COEXISTENCE_OK	COEXISTENCE_OK	"the rule is not one of the five the cure touches (no level entry in RuleThresholdKeyGroupRegistry, not a HierarchicalRuleOptions)"
maintainability.mi	exclude-tests	warning	6-subject-filter	no	COEXISTENCE_OK	compose	COEXISTENCE_OK	compose	COEXISTENCE_OK	COEXISTENCE_OK	"the rule is not one of the five the cure touches (no level entry in RuleThresholdKeyGroupRegistry, not a HierarchicalRuleOptions)"
maintainability.mi	min-statements	threshold	6-subject-filter	no	COEXISTENCE_OK	compose	COEXISTENCE_OK	compose	COEXISTENCE_OK	COEXISTENCE_OK	"the rule is not one of the five the cure touches (no level entry in RuleThresholdKeyGroupRegistry, not a HierarchicalRuleOptions)"
maintainability.mi	min-statements	warning	6-subject-filter	no	COEXISTENCE_OK	compose	COEXISTENCE_OK	compose	COEXISTENCE_OK	COEXISTENCE_OK	"the rule is not one of the five the cure touches (no level entry in RuleThresholdKeyGroupRegistry, not a HierarchicalRuleOptions)"
size.property-count	error	exclude-promoted-only	6-subject-filter	no	COEXISTENCE_OK	compose	COEXISTENCE_OK	compose	COEXISTENCE_OK	COEXISTENCE_OK	"the rule is not one of the five the cure touches (no level entry in RuleThresholdKeyGroupRegistry, not a HierarchicalRuleOptions)"
size.property-count	error	exclude-readonly	6-subject-filter	no	COEXISTENCE_OK	compose	COEXISTENCE_OK	compose	COEXISTENCE_OK	COEXISTENCE_OK	"the rule is not one of the five the cure touches (no level entry in RuleThresholdKeyGroupRegistry, not a HierarchicalRuleOptions)"
size.property-count	exclude-promoted-only	threshold	6-subject-filter	no	COEXISTENCE_OK	compose	COEXISTENCE_OK	compose	COEXISTENCE_OK	COEXISTENCE_OK	"the rule is not one of the five the cure touches (no level entry in RuleThresholdKeyGroupRegistry, not a HierarchicalRuleOptions)"
size.property-count	exclude-promoted-only	warning	6-subject-filter	no	COEXISTENCE_OK	compose	COEXISTENCE_OK	compose	COEXISTENCE_OK	COEXISTENCE_OK	"the rule is not one of the five the cure touches (no level entry in RuleThresholdKeyGroupRegistry, not a HierarchicalRuleOptions)"
size.property-count	exclude-readonly	threshold	6-subject-filter	no	COEXISTENCE_OK	compose	COEXISTENCE_OK	compose	COEXISTENCE_OK	COEXISTENCE_OK	"the rule is not one of the five the cure touches (no level entry in RuleThresholdKeyGroupRegistry, not a HierarchicalRuleOptions)"
size.property-count	exclude-readonly	warning	6-subject-filter	no	COEXISTENCE_OK	compose	COEXISTENCE_OK	compose	COEXISTENCE_OK	COEXISTENCE_OK	"the rule is not one of the five the cure touches (no level entry in RuleThresholdKeyGroupRegistry, not a HierarchicalRuleOptions)"
code-smell.boolean-argument	allowed-prefixes	flag-promoted-properties	6-subject-vs-filter	no	COEXISTENCE_OK	compose	COEXISTENCE_OK	compose	COEXISTENCE_OK	COEXISTENCE_OK	"the rule is not one of the five the cure touches (no level entry in RuleThresholdKeyGroupRegistry, not a HierarchicalRuleOptions)"
architecture.layer-violation	empty-template-severity	severity	6-superseded-refused	no	COEXISTENCE_OK	refuse	COEXISTENCE_OK	refuse	COEXISTENCE_OK	COEXISTENCE_OK	"the rule is not one of the five the cure touches (no level entry in RuleThresholdKeyGroupRegistry, not a HierarchicalRuleOptions)"
architecture.layer-violation	potential-shadow-severity	severity	6-superseded-refused	no	COEXISTENCE_OK	refuse	COEXISTENCE_OK	refuse	COEXISTENCE_OK	COEXISTENCE_OK	"the rule is not one of the five the cure touches (no level entry in RuleThresholdKeyGroupRegistry, not a HierarchicalRuleOptions)"
architecture.layer-violation	severity	unreachable-layer-severity	6-superseded-refused	no	COEXISTENCE_OK	refuse	COEXISTENCE_OK	refuse	COEXISTENCE_OK	COEXISTENCE_OK	"the rule is not one of the five the cure touches (no level entry in RuleThresholdKeyGroupRegistry, not a HierarchicalRuleOptions)"
duplication.clone	min-lines	min-tokens	6-two-filters-one-subject	no	COEXISTENCE_OK	compose	COEXISTENCE_OK	compose	COEXISTENCE_OK	COEXISTENCE_OK	"the rule is not one of the five the cure touches (no level entry in RuleThresholdKeyGroupRegistry, not a HierarchicalRuleOptions)"
