idx	rule	top_form	top_yaml	level	block_form	block_yaml	level_keys_declared	level_defaults	live_exit	live_level_findings	live_level_severities	live_sibling_findings	live_refusal	call_level_values	call_level_enabled	call_sibling_enabled	call_refusal	block_written	block_effect	live_vs_block_absent	witness	in_declared_population
0	complexity.ccn	T0_none	(nothing)	callable	B0_absent	(absent)	enabled,error,threshold,warning	{"enabled":true,"warning":10,"error":20}	0	1	{"warning":1}	0		{"enabled":true,"warning":10,"error":20}	True	True		{}	no-write	n/a (block writes nothing)	live door + call	yes
1	complexity.ccn	T0_none	(nothing)	callable	B1_tilde	callable: ~	enabled,error,threshold,warning	{"enabled":true,"warning":10,"error":20}	0	1	{"warning":1}	0		{"enabled":true,"warning":10,"error":20}	True	True		{}	no-write	n/a (block writes nothing)	live door + call	yes
2	complexity.ccn	T0_none	(nothing)	callable	B2_empty_map	callable: {}	enabled,error,threshold,warning	{"enabled":true,"warning":10,"error":20}	0	1	{"warning":1}	0		{"enabled":true,"warning":10,"error":20}	True	True		{}	no-write	n/a (block writes nothing)	live door + call	yes
3	complexity.ccn	T0_none	(nothing)	callable	B3_enabled_tilde	callable:; enabled: ~	enabled,error,threshold,warning	{"enabled":true,"warning":10,"error":20}	0	1	{"warning":1}	0		{"enabled":true,"warning":10,"error":20}	True	True		{"enabled":"~(null)"}	applied	same (1)	live door (blind here) + call	yes
4	complexity.ccn	T0_none	(nothing)	callable	B4_enabled_true	callable:; enabled: true	enabled,error,threshold,warning	{"enabled":true,"warning":10,"error":20}	0	1	{"warning":1}	0		{"enabled":true,"warning":10,"error":20}	True	True		{"enabled":true}	applied	same (1)	live door (blind here) + call	yes
5	complexity.ccn	T0_none	(nothing)	callable	B5_enabled_false	callable:; enabled: false	enabled,error,threshold,warning	{"enabled":true,"warning":10,"error":20}	0	0	{}	0		{"enabled":false,"warning":10,"error":20}	False	True		{"enabled":false}	applied	differs (0 vs 1)	live door + call	yes
6	complexity.ccn	T0_none	(nothing)	callable	B6_half_band	callable:; warning: 1	enabled,error,threshold,warning	{"enabled":true,"warning":10,"error":20}	0	13	{"warning":13}	0		{"enabled":true,"warning":1,"error":20}	True	True		{"warning":1}	applied	differs (13 vs 1)	live door + call	yes
7	complexity.ccn	T0_none	(nothing)	callable	B7_full_band	callable:; warning: 1; error: 2	enabled,error,threshold,warning	{"enabled":true,"warning":10,"error":20}	2	13	{"warning":11,"error":2}	0		{"enabled":true,"warning":1,"error":2}	True	True		{"warning":1,"error":2}	applied	differs (13 vs 1)	live door + call	yes
8	complexity.ccn	T0_none	(nothing)	callable	B8_threshold_in_block	callable:; threshold: 1	enabled,error,threshold,warning	{"enabled":true,"warning":10,"error":20}	2	13	{"error":13}	0		{"enabled":true,"warning":1,"error":1}	True	True		{"warning":1,"error":1}	applied	differs (13 vs 1)	live door + call	yes
9	complexity.ccn	T0_none	(nothing)	callable	B9_unknown_key	callable:; no_such_option: 1	enabled,error,threshold,warning	{"enabled":true,"warning":10,"error":20}	3	0	{}	0	Configuration error: Option "noSuchOption" is not an option of rule "complexity.ccn" at level "callable". Options at that level: enabled, error, thres	{}			Qualimetrix\Analysis\Configuration\Contract\Refusal\ConfigurationRefusal: Option "noSuchOption" is not an option of rule "complexity.ccn" at level "ca	{"no_such_option":1}	refused	refused	live door (refusal) + call	yes
10	complexity.ccn	T0_none	(nothing)	class	B0_absent	(absent)	enabled,max-error,max-warning,threshold	{"enabled":true,"maxWarning":30,"maxError":50}	0	0	{}	1		{"enabled":true,"maxWarning":30,"maxError":50}	True	True		{}	no-write	n/a (block writes nothing)	live door + call	yes
11	complexity.ccn	T0_none	(nothing)	class	B1_tilde	class: ~	enabled,max-error,max-warning,threshold	{"enabled":true,"maxWarning":30,"maxError":50}	0	0	{}	1		{"enabled":true,"maxWarning":30,"maxError":50}	True	True		{}	no-write	n/a (block writes nothing)	live door + call	yes
12	complexity.ccn	T0_none	(nothing)	class	B2_empty_map	class: {}	enabled,max-error,max-warning,threshold	{"enabled":true,"maxWarning":30,"maxError":50}	0	0	{}	1		{"enabled":true,"maxWarning":30,"maxError":50}	True	True		{}	no-write	n/a (block writes nothing)	live door + call	yes
13	complexity.ccn	T0_none	(nothing)	class	B3_enabled_tilde	class:; enabled: ~	enabled,max-error,max-warning,threshold	{"enabled":true,"maxWarning":30,"maxError":50}	0	0	{}	1		{"enabled":true,"maxWarning":30,"maxError":50}	True	True		{"enabled":"~(null)"}	applied	same (0)	live door (blind here) + call	yes
14	complexity.ccn	T0_none	(nothing)	class	B4_enabled_true	class:; enabled: true	enabled,max-error,max-warning,threshold	{"enabled":true,"maxWarning":30,"maxError":50}	0	0	{}	1		{"enabled":true,"maxWarning":30,"maxError":50}	True	True		{"enabled":true}	applied	same (0)	live door (blind here) + call	yes
15	complexity.ccn	T0_none	(nothing)	class	B5_enabled_false	class:; enabled: false	enabled,max-error,max-warning,threshold	{"enabled":true,"maxWarning":30,"maxError":50}	0	0	{}	1		{"enabled":false,"maxWarning":30,"maxError":50}	False	True		{"enabled":false}	applied	same (0)	live door (blind here) + call	yes
16	complexity.ccn	T0_none	(nothing)	class	B6_half_band	class:; max_warning: 1	enabled,max-error,max-warning,threshold	{"enabled":true,"maxWarning":30,"maxError":50}	0	11	{"warning":11}	1		{"enabled":true,"maxWarning":1,"maxError":50}	True	True		{"maxWarning":1}	applied	differs (11 vs 0)	live door + call	yes
17	complexity.ccn	T0_none	(nothing)	class	B7_full_band	class:; max_warning: 1; max_error: 2	enabled,max-error,max-warning,threshold	{"enabled":true,"maxWarning":30,"maxError":50}	2	11	{"warning":10,"error":1}	1		{"enabled":true,"maxWarning":1,"maxError":2}	True	True		{"maxWarning":1,"maxError":2}	applied	differs (11 vs 0)	live door + call	yes
18	complexity.ccn	T0_none	(nothing)	class	B8_threshold_in_block	class:; threshold: 1	enabled,max-error,max-warning,threshold	{"enabled":true,"maxWarning":30,"maxError":50}	2	11	{"error":11}	1		{"enabled":true,"maxWarning":1,"maxError":1}	True	True		{"maxWarning":1,"maxError":1}	applied	differs (11 vs 0)	live door + call	yes
19	complexity.ccn	T0_none	(nothing)	class	B9_unknown_key	class:; no_such_option: 1	enabled,max-error,max-warning,threshold	{"enabled":true,"maxWarning":30,"maxError":50}	3	0	{}	0	Configuration error: Option "noSuchOption" is not an option of rule "complexity.ccn" at level "class". Options at that level: enabled, max-error, max-	{}			Qualimetrix\Analysis\Configuration\Contract\Refusal\ConfigurationRefusal: Option "noSuchOption" is not an option of rule "complexity.ccn" at level "cl	{"no_such_option":1}	refused	refused	live door (refusal) + call	yes
20	complexity.ccn	T1_threshold_value	threshold: 100000	callable	B0_absent	(absent)	enabled,error,threshold,warning	{"enabled":true,"warning":10,"error":20}	0	0	{}	0		{"enabled":true,"warning":100000,"error":100000}	True	False		{}	no-write	n/a (block writes nothing)	live door + call	yes
21	complexity.ccn	T1_threshold_value	threshold: 100000	callable	B1_tilde	callable: ~	enabled,error,threshold,warning	{"enabled":true,"warning":10,"error":20}	0	0	{}	0		{"enabled":true,"warning":100000,"error":100000}	True	False		{}	no-write	n/a (block writes nothing)	live door + call	yes
22	complexity.ccn	T1_threshold_value	threshold: 100000	callable	B2_empty_map	callable: {}	enabled,error,threshold,warning	{"enabled":true,"warning":10,"error":20}	0	0	{}	0		{"enabled":true,"warning":100000,"error":100000}	True	False		{}	no-write	n/a (block writes nothing)	live door + call	yes
23	complexity.ccn	T1_threshold_value	threshold: 100000	callable	B3_enabled_tilde	callable:; enabled: ~	enabled,error,threshold,warning	{"enabled":true,"warning":10,"error":20}	0	0	{}	0		{"enabled":true,"warning":100000,"error":100000}	True	False		{"enabled":"~(null)"}	applied	same (0)	live door (blind here) + call	yes
24	complexity.ccn	T1_threshold_value	threshold: 100000	callable	B4_enabled_true	callable:; enabled: true	enabled,error,threshold,warning	{"enabled":true,"warning":10,"error":20}	0	0	{}	0		{"enabled":true,"warning":100000,"error":100000}	True	False		{"enabled":true}	applied	same (0)	live door (blind here) + call	yes
25	complexity.ccn	T1_threshold_value	threshold: 100000	callable	B5_enabled_false	callable:; enabled: false	enabled,error,threshold,warning	{"enabled":true,"warning":10,"error":20}	0	0	{}	0		{"enabled":true,"warning":100000,"error":100000}	True	False		{"enabled":false}	dropped	same (0)	live door (blind here) + call	yes
26	complexity.ccn	T1_threshold_value	threshold: 100000	callable	B6_half_band	callable:; warning: 1	enabled,error,threshold,warning	{"enabled":true,"warning":10,"error":20}	0	0	{}	0		{"enabled":true,"warning":100000,"error":100000}	True	False		{"warning":1}	dropped	same (0)	live door (blind here) + call	yes
27	complexity.ccn	T1_threshold_value	threshold: 100000	callable	B7_full_band	callable:; warning: 1; error: 2	enabled,error,threshold,warning	{"enabled":true,"warning":10,"error":20}	0	0	{}	0		{"enabled":true,"warning":100000,"error":100000}	True	False		{"warning":1,"error":2}	dropped	same (0)	live door (blind here) + call	yes
28	complexity.ccn	T1_threshold_value	threshold: 100000	callable	B8_threshold_in_block	callable:; threshold: 1	enabled,error,threshold,warning	{"enabled":true,"warning":10,"error":20}	0	0	{}	0		{"enabled":true,"warning":100000,"error":100000}	True	False		{"warning":1,"error":1}	dropped	same (0)	live door (blind here) + call	yes
29	complexity.ccn	T1_threshold_value	threshold: 100000	callable	B9_unknown_key	callable:; no_such_option: 1	enabled,error,threshold,warning	{"enabled":true,"warning":10,"error":20}	3	0	{}	0	Configuration error: Option "noSuchOption" is not an option of rule "complexity.ccn" at level "callable". Options at that level: enabled, error, thres	{}			Qualimetrix\Analysis\Configuration\Contract\Refusal\ConfigurationRefusal: Option "noSuchOption" is not an option of rule "complexity.ccn" at level "ca	{"no_such_option":1}	refused	refused	live door (refusal) + call	yes
30	complexity.ccn	T1_threshold_value	threshold: 100000	class	B0_absent	(absent)	enabled,max-error,max-warning,threshold	{"enabled":true,"maxWarning":30,"maxError":50}	0	0	{}	0		{"enabled":false,"maxWarning":30,"maxError":50}	False	True		{}	no-write	n/a (block writes nothing)	live door + call	yes
31	complexity.ccn	T1_threshold_value	threshold: 100000	class	B1_tilde	class: ~	enabled,max-error,max-warning,threshold	{"enabled":true,"maxWarning":30,"maxError":50}	0	0	{}	0		{"enabled":false,"maxWarning":30,"maxError":50}	False	True		{}	no-write	n/a (block writes nothing)	live door + call	yes
32	complexity.ccn	T1_threshold_value	threshold: 100000	class	B2_empty_map	class: {}	enabled,max-error,max-warning,threshold	{"enabled":true,"maxWarning":30,"maxError":50}	0	0	{}	0		{"enabled":false,"maxWarning":30,"maxError":50}	False	True		{}	no-write	n/a (block writes nothing)	live door + call	yes
33	complexity.ccn	T1_threshold_value	threshold: 100000	class	B3_enabled_tilde	class:; enabled: ~	enabled,max-error,max-warning,threshold	{"enabled":true,"maxWarning":30,"maxError":50}	0	0	{}	0		{"enabled":false,"maxWarning":30,"maxError":50}	False	True		{"enabled":"~(null)"}	dropped	same (0)	live door (blind here) + call	yes
34	complexity.ccn	T1_threshold_value	threshold: 100000	class	B4_enabled_true	class:; enabled: true	enabled,max-error,max-warning,threshold	{"enabled":true,"maxWarning":30,"maxError":50}	0	0	{}	0		{"enabled":false,"maxWarning":30,"maxError":50}	False	True		{"enabled":true}	dropped	same (0)	live door (blind here) + call	yes
35	complexity.ccn	T1_threshold_value	threshold: 100000	class	B5_enabled_false	class:; enabled: false	enabled,max-error,max-warning,threshold	{"enabled":true,"maxWarning":30,"maxError":50}	0	0	{}	0		{"enabled":false,"maxWarning":30,"maxError":50}	False	True		{"enabled":false}	applied	same (0)	live door (blind here) + call	yes
36	complexity.ccn	T1_threshold_value	threshold: 100000	class	B6_half_band	class:; max_warning: 1	enabled,max-error,max-warning,threshold	{"enabled":true,"maxWarning":30,"maxError":50}	0	0	{}	0		{"enabled":false,"maxWarning":30,"maxError":50}	False	True		{"maxWarning":1}	dropped	same (0)	live door (blind here) + call	yes
37	complexity.ccn	T1_threshold_value	threshold: 100000	class	B7_full_band	class:; max_warning: 1; max_error: 2	enabled,max-error,max-warning,threshold	{"enabled":true,"maxWarning":30,"maxError":50}	0	0	{}	0		{"enabled":false,"maxWarning":30,"maxError":50}	False	True		{"maxWarning":1,"maxError":2}	dropped	same (0)	live door (blind here) + call	yes
38	complexity.ccn	T1_threshold_value	threshold: 100000	class	B8_threshold_in_block	class:; threshold: 1	enabled,max-error,max-warning,threshold	{"enabled":true,"maxWarning":30,"maxError":50}	0	0	{}	0		{"enabled":false,"maxWarning":30,"maxError":50}	False	True		{"maxWarning":1,"maxError":1}	dropped	same (0)	live door (blind here) + call	yes
39	complexity.ccn	T1_threshold_value	threshold: 100000	class	B9_unknown_key	class:; no_such_option: 1	enabled,max-error,max-warning,threshold	{"enabled":true,"maxWarning":30,"maxError":50}	3	0	{}	0	Configuration error: Option "noSuchOption" is not an option of rule "complexity.ccn" at level "class". Options at that level: enabled, max-error, max-	{}			Qualimetrix\Analysis\Configuration\Contract\Refusal\ConfigurationRefusal: Option "noSuchOption" is not an option of rule "complexity.ccn" at level "cl	{"no_such_option":1}	refused	refused	live door (refusal) + call	yes
40	complexity.ccn	T2_threshold_tilde	threshold: ~	callable	B0_absent	(absent)	enabled,error,threshold,warning	{"enabled":true,"warning":10,"error":20}	0	1	{"warning":1}	0		{"enabled":true,"warning":10,"error":20}	True	True		{}	no-write	n/a (block writes nothing)	live door + call	yes
41	complexity.ccn	T2_threshold_tilde	threshold: ~	callable	B1_tilde	callable: ~	enabled,error,threshold,warning	{"enabled":true,"warning":10,"error":20}	0	1	{"warning":1}	0		{"enabled":true,"warning":10,"error":20}	True	True		{}	no-write	n/a (block writes nothing)	live door + call	yes
42	complexity.ccn	T2_threshold_tilde	threshold: ~	callable	B2_empty_map	callable: {}	enabled,error,threshold,warning	{"enabled":true,"warning":10,"error":20}	0	1	{"warning":1}	0		{"enabled":true,"warning":10,"error":20}	True	True		{}	no-write	n/a (block writes nothing)	live door + call	yes
43	complexity.ccn	T2_threshold_tilde	threshold: ~	callable	B3_enabled_tilde	callable:; enabled: ~	enabled,error,threshold,warning	{"enabled":true,"warning":10,"error":20}	0	1	{"warning":1}	0		{"enabled":true,"warning":10,"error":20}	True	True		{"enabled":"~(null)"}	applied	same (1)	live door (blind here) + call	yes
44	complexity.ccn	T2_threshold_tilde	threshold: ~	callable	B4_enabled_true	callable:; enabled: true	enabled,error,threshold,warning	{"enabled":true,"warning":10,"error":20}	0	1	{"warning":1}	0		{"enabled":true,"warning":10,"error":20}	True	True		{"enabled":true}	applied	same (1)	live door (blind here) + call	yes
45	complexity.ccn	T2_threshold_tilde	threshold: ~	callable	B5_enabled_false	callable:; enabled: false	enabled,error,threshold,warning	{"enabled":true,"warning":10,"error":20}	0	0	{}	0		{"enabled":false,"warning":10,"error":20}	False	True		{"enabled":false}	applied	differs (0 vs 1)	live door + call	yes
46	complexity.ccn	T2_threshold_tilde	threshold: ~	callable	B6_half_band	callable:; warning: 1	enabled,error,threshold,warning	{"enabled":true,"warning":10,"error":20}	0	13	{"warning":13}	0		{"enabled":true,"warning":1,"error":20}	True	True		{"warning":1}	applied	differs (13 vs 1)	live door + call	yes
47	complexity.ccn	T2_threshold_tilde	threshold: ~	callable	B7_full_band	callable:; warning: 1; error: 2	enabled,error,threshold,warning	{"enabled":true,"warning":10,"error":20}	2	13	{"warning":11,"error":2}	0		{"enabled":true,"warning":1,"error":2}	True	True		{"warning":1,"error":2}	applied	differs (13 vs 1)	live door + call	yes
48	complexity.ccn	T2_threshold_tilde	threshold: ~	callable	B8_threshold_in_block	callable:; threshold: 1	enabled,error,threshold,warning	{"enabled":true,"warning":10,"error":20}	2	13	{"error":13}	0		{"enabled":true,"warning":1,"error":1}	True	True		{"warning":1,"error":1}	applied	differs (13 vs 1)	live door + call	yes
49	complexity.ccn	T2_threshold_tilde	threshold: ~	callable	B9_unknown_key	callable:; no_such_option: 1	enabled,error,threshold,warning	{"enabled":true,"warning":10,"error":20}	3	0	{}	0	Configuration error: Option "noSuchOption" is not an option of rule "complexity.ccn" at level "callable". Options at that level: enabled, error, thres	{}			Qualimetrix\Analysis\Configuration\Contract\Refusal\ConfigurationRefusal: Option "noSuchOption" is not an option of rule "complexity.ccn" at level "ca	{"no_such_option":1}	refused	refused	live door (refusal) + call	yes
50	complexity.ccn	T2_threshold_tilde	threshold: ~	class	B0_absent	(absent)	enabled,max-error,max-warning,threshold	{"enabled":true,"maxWarning":30,"maxError":50}	0	0	{}	1		{"enabled":true,"maxWarning":30,"maxError":50}	True	True		{}	no-write	n/a (block writes nothing)	live door + call	yes
51	complexity.ccn	T2_threshold_tilde	threshold: ~	class	B1_tilde	class: ~	enabled,max-error,max-warning,threshold	{"enabled":true,"maxWarning":30,"maxError":50}	0	0	{}	1		{"enabled":true,"maxWarning":30,"maxError":50}	True	True		{}	no-write	n/a (block writes nothing)	live door + call	yes
52	complexity.ccn	T2_threshold_tilde	threshold: ~	class	B2_empty_map	class: {}	enabled,max-error,max-warning,threshold	{"enabled":true,"maxWarning":30,"maxError":50}	0	0	{}	1		{"enabled":true,"maxWarning":30,"maxError":50}	True	True		{}	no-write	n/a (block writes nothing)	live door + call	yes
53	complexity.ccn	T2_threshold_tilde	threshold: ~	class	B3_enabled_tilde	class:; enabled: ~	enabled,max-error,max-warning,threshold	{"enabled":true,"maxWarning":30,"maxError":50}	0	0	{}	1		{"enabled":true,"maxWarning":30,"maxError":50}	True	True		{"enabled":"~(null)"}	applied	same (0)	live door (blind here) + call	yes
54	complexity.ccn	T2_threshold_tilde	threshold: ~	class	B4_enabled_true	class:; enabled: true	enabled,max-error,max-warning,threshold	{"enabled":true,"maxWarning":30,"maxError":50}	0	0	{}	1		{"enabled":true,"maxWarning":30,"maxError":50}	True	True		{"enabled":true}	applied	same (0)	live door (blind here) + call	yes
55	complexity.ccn	T2_threshold_tilde	threshold: ~	class	B5_enabled_false	class:; enabled: false	enabled,max-error,max-warning,threshold	{"enabled":true,"maxWarning":30,"maxError":50}	0	0	{}	1		{"enabled":false,"maxWarning":30,"maxError":50}	False	True		{"enabled":false}	applied	same (0)	live door (blind here) + call	yes
56	complexity.ccn	T2_threshold_tilde	threshold: ~	class	B6_half_band	class:; max_warning: 1	enabled,max-error,max-warning,threshold	{"enabled":true,"maxWarning":30,"maxError":50}	0	11	{"warning":11}	1		{"enabled":true,"maxWarning":1,"maxError":50}	True	True		{"maxWarning":1}	applied	differs (11 vs 0)	live door + call	yes
57	complexity.ccn	T2_threshold_tilde	threshold: ~	class	B7_full_band	class:; max_warning: 1; max_error: 2	enabled,max-error,max-warning,threshold	{"enabled":true,"maxWarning":30,"maxError":50}	2	11	{"warning":10,"error":1}	1		{"enabled":true,"maxWarning":1,"maxError":2}	True	True		{"maxWarning":1,"maxError":2}	applied	differs (11 vs 0)	live door + call	yes
58	complexity.ccn	T2_threshold_tilde	threshold: ~	class	B8_threshold_in_block	class:; threshold: 1	enabled,max-error,max-warning,threshold	{"enabled":true,"maxWarning":30,"maxError":50}	2	11	{"error":11}	1		{"enabled":true,"maxWarning":1,"maxError":1}	True	True		{"maxWarning":1,"maxError":1}	applied	differs (11 vs 0)	live door + call	yes
59	complexity.ccn	T2_threshold_tilde	threshold: ~	class	B9_unknown_key	class:; no_such_option: 1	enabled,max-error,max-warning,threshold	{"enabled":true,"maxWarning":30,"maxError":50}	3	0	{}	0	Configuration error: Option "noSuchOption" is not an option of rule "complexity.ccn" at level "class". Options at that level: enabled, max-error, max-	{}			Qualimetrix\Analysis\Configuration\Contract\Refusal\ConfigurationRefusal: Option "noSuchOption" is not an option of rule "complexity.ccn" at level "cl	{"no_such_option":1}	refused	refused	live door (refusal) + call	yes
60	complexity.ccn	T3_top_graduated_pair	warning: 100000; error: 200000	callable	B0_absent	(absent)	enabled,error,threshold,warning	{"enabled":true,"warning":10,"error":20}	3	0	{}	0	Configuration error: Option "warning" is not an option of rule "complexity.ccn". Options here: callable, class, enabled, suppress-namespace-channels, 	{}			Qualimetrix\Analysis\Configuration\Contract\Refusal\ConfigurationRefusal: Option "warning" is not an option of rule "complexity.ccn". Options here: ca	{}	refused	refused	live door (refusal) + call	no (undeclared-key refusal probe)
61	complexity.ccn	T3_top_graduated_pair	warning: 100000; error: 200000	callable	B1_tilde	callable: ~	enabled,error,threshold,warning	{"enabled":true,"warning":10,"error":20}	3	0	{}	0	Configuration error: Option "warning" is not an option of rule "complexity.ccn". Options here: callable, class, enabled, suppress-namespace-channels, 	{}			Qualimetrix\Analysis\Configuration\Contract\Refusal\ConfigurationRefusal: Option "warning" is not an option of rule "complexity.ccn". Options here: ca	{}	refused	refused	live door (refusal) + call	no (undeclared-key refusal probe)
62	complexity.ccn	T3_top_graduated_pair	warning: 100000; error: 200000	callable	B2_empty_map	callable: {}	enabled,error,threshold,warning	{"enabled":true,"warning":10,"error":20}	3	0	{}	0	Configuration error: Option "warning" is not an option of rule "complexity.ccn". Options here: callable, class, enabled, suppress-namespace-channels, 	{}			Qualimetrix\Analysis\Configuration\Contract\Refusal\ConfigurationRefusal: Option "warning" is not an option of rule "complexity.ccn". Options here: ca	{}	refused	refused	live door (refusal) + call	no (undeclared-key refusal probe)
63	complexity.ccn	T3_top_graduated_pair	warning: 100000; error: 200000	callable	B3_enabled_tilde	callable:; enabled: ~	enabled,error,threshold,warning	{"enabled":true,"warning":10,"error":20}	3	0	{}	0	Configuration error: Option "warning" is not an option of rule "complexity.ccn". Options here: callable, class, enabled, suppress-namespace-channels, 	{}			Qualimetrix\Analysis\Configuration\Contract\Refusal\ConfigurationRefusal: Option "warning" is not an option of rule "complexity.ccn". Options here: ca	{"enabled":"~(null)"}	refused	refused	live door (refusal) + call	no (undeclared-key refusal probe)
64	complexity.ccn	T3_top_graduated_pair	warning: 100000; error: 200000	callable	B4_enabled_true	callable:; enabled: true	enabled,error,threshold,warning	{"enabled":true,"warning":10,"error":20}	3	0	{}	0	Configuration error: Option "warning" is not an option of rule "complexity.ccn". Options here: callable, class, enabled, suppress-namespace-channels, 	{}			Qualimetrix\Analysis\Configuration\Contract\Refusal\ConfigurationRefusal: Option "warning" is not an option of rule "complexity.ccn". Options here: ca	{"enabled":true}	refused	refused	live door (refusal) + call	no (undeclared-key refusal probe)
65	complexity.ccn	T3_top_graduated_pair	warning: 100000; error: 200000	callable	B5_enabled_false	callable:; enabled: false	enabled,error,threshold,warning	{"enabled":true,"warning":10,"error":20}	3	0	{}	0	Configuration error: Option "warning" is not an option of rule "complexity.ccn". Options here: callable, class, enabled, suppress-namespace-channels, 	{}			Qualimetrix\Analysis\Configuration\Contract\Refusal\ConfigurationRefusal: Option "warning" is not an option of rule "complexity.ccn". Options here: ca	{"enabled":false}	refused	refused	live door (refusal) + call	no (undeclared-key refusal probe)
66	complexity.ccn	T3_top_graduated_pair	warning: 100000; error: 200000	callable	B6_half_band	callable:; warning: 1	enabled,error,threshold,warning	{"enabled":true,"warning":10,"error":20}	3	0	{}	0	Configuration error: Option "warning" is not an option of rule "complexity.ccn". Options here: callable, class, enabled, suppress-namespace-channels, 	{}			Qualimetrix\Analysis\Configuration\Contract\Refusal\ConfigurationRefusal: Option "warning" is not an option of rule "complexity.ccn". Options here: ca	{"warning":1}	refused	refused	live door (refusal) + call	no (undeclared-key refusal probe)
67	complexity.ccn	T3_top_graduated_pair	warning: 100000; error: 200000	callable	B7_full_band	callable:; warning: 1; error: 2	enabled,error,threshold,warning	{"enabled":true,"warning":10,"error":20}	3	0	{}	0	Configuration error: Option "warning" is not an option of rule "complexity.ccn". Options here: callable, class, enabled, suppress-namespace-channels, 	{}			Qualimetrix\Analysis\Configuration\Contract\Refusal\ConfigurationRefusal: Option "warning" is not an option of rule "complexity.ccn". Options here: ca	{"warning":1,"error":2}	refused	refused	live door (refusal) + call	no (undeclared-key refusal probe)
68	complexity.ccn	T3_top_graduated_pair	warning: 100000; error: 200000	callable	B8_threshold_in_block	callable:; threshold: 1	enabled,error,threshold,warning	{"enabled":true,"warning":10,"error":20}	3	0	{}	0	Configuration error: Option "warning" is not an option of rule "complexity.ccn". Options here: callable, class, enabled, suppress-namespace-channels, 	{}			Qualimetrix\Analysis\Configuration\Contract\Refusal\ConfigurationRefusal: Option "warning" is not an option of rule "complexity.ccn". Options here: ca	{"warning":1,"error":1}	refused	refused	live door (refusal) + call	no (undeclared-key refusal probe)
69	complexity.ccn	T3_top_graduated_pair	warning: 100000; error: 200000	callable	B9_unknown_key	callable:; no_such_option: 1	enabled,error,threshold,warning	{"enabled":true,"warning":10,"error":20}	3	0	{}	0	Configuration error: Option "warning" is not an option of rule "complexity.ccn". Options here: callable, class, enabled, suppress-namespace-channels, 	{}			Qualimetrix\Analysis\Configuration\Contract\Refusal\ConfigurationRefusal: Option "warning" is not an option of rule "complexity.ccn". Options here: ca	{"no_such_option":1}	refused	refused	live door (refusal) + call	no (undeclared-key refusal probe)
70	complexity.ccn	T3_top_graduated_pair	warning: 100000; error: 200000	class	B0_absent	(absent)	enabled,max-error,max-warning,threshold	{"enabled":true,"maxWarning":30,"maxError":50}	3	0	{}	0	Configuration error: Option "warning" is not an option of rule "complexity.ccn". Options here: callable, class, enabled, suppress-namespace-channels, 	{}			Qualimetrix\Analysis\Configuration\Contract\Refusal\ConfigurationRefusal: Option "warning" is not an option of rule "complexity.ccn". Options here: ca	{}	refused	refused	live door (refusal) + call	no (undeclared-key refusal probe)
71	complexity.ccn	T3_top_graduated_pair	warning: 100000; error: 200000	class	B1_tilde	class: ~	enabled,max-error,max-warning,threshold	{"enabled":true,"maxWarning":30,"maxError":50}	3	0	{}	0	Configuration error: Option "warning" is not an option of rule "complexity.ccn". Options here: callable, class, enabled, suppress-namespace-channels, 	{}			Qualimetrix\Analysis\Configuration\Contract\Refusal\ConfigurationRefusal: Option "warning" is not an option of rule "complexity.ccn". Options here: ca	{}	refused	refused	live door (refusal) + call	no (undeclared-key refusal probe)
72	complexity.ccn	T3_top_graduated_pair	warning: 100000; error: 200000	class	B2_empty_map	class: {}	enabled,max-error,max-warning,threshold	{"enabled":true,"maxWarning":30,"maxError":50}	3	0	{}	0	Configuration error: Option "warning" is not an option of rule "complexity.ccn". Options here: callable, class, enabled, suppress-namespace-channels, 	{}			Qualimetrix\Analysis\Configuration\Contract\Refusal\ConfigurationRefusal: Option "warning" is not an option of rule "complexity.ccn". Options here: ca	{}	refused	refused	live door (refusal) + call	no (undeclared-key refusal probe)
73	complexity.ccn	T3_top_graduated_pair	warning: 100000; error: 200000	class	B3_enabled_tilde	class:; enabled: ~	enabled,max-error,max-warning,threshold	{"enabled":true,"maxWarning":30,"maxError":50}	3	0	{}	0	Configuration error: Option "warning" is not an option of rule "complexity.ccn". Options here: callable, class, enabled, suppress-namespace-channels, 	{}			Qualimetrix\Analysis\Configuration\Contract\Refusal\ConfigurationRefusal: Option "warning" is not an option of rule "complexity.ccn". Options here: ca	{"enabled":"~(null)"}	refused	refused	live door (refusal) + call	no (undeclared-key refusal probe)
74	complexity.ccn	T3_top_graduated_pair	warning: 100000; error: 200000	class	B4_enabled_true	class:; enabled: true	enabled,max-error,max-warning,threshold	{"enabled":true,"maxWarning":30,"maxError":50}	3	0	{}	0	Configuration error: Option "warning" is not an option of rule "complexity.ccn". Options here: callable, class, enabled, suppress-namespace-channels, 	{}			Qualimetrix\Analysis\Configuration\Contract\Refusal\ConfigurationRefusal: Option "warning" is not an option of rule "complexity.ccn". Options here: ca	{"enabled":true}	refused	refused	live door (refusal) + call	no (undeclared-key refusal probe)
75	complexity.ccn	T3_top_graduated_pair	warning: 100000; error: 200000	class	B5_enabled_false	class:; enabled: false	enabled,max-error,max-warning,threshold	{"enabled":true,"maxWarning":30,"maxError":50}	3	0	{}	0	Configuration error: Option "warning" is not an option of rule "complexity.ccn". Options here: callable, class, enabled, suppress-namespace-channels, 	{}			Qualimetrix\Analysis\Configuration\Contract\Refusal\ConfigurationRefusal: Option "warning" is not an option of rule "complexity.ccn". Options here: ca	{"enabled":false}	refused	refused	live door (refusal) + call	no (undeclared-key refusal probe)
76	complexity.ccn	T3_top_graduated_pair	warning: 100000; error: 200000	class	B6_half_band	class:; max_warning: 1	enabled,max-error,max-warning,threshold	{"enabled":true,"maxWarning":30,"maxError":50}	3	0	{}	0	Configuration error: Option "warning" is not an option of rule "complexity.ccn". Options here: callable, class, enabled, suppress-namespace-channels, 	{}			Qualimetrix\Analysis\Configuration\Contract\Refusal\ConfigurationRefusal: Option "warning" is not an option of rule "complexity.ccn". Options here: ca	{"maxWarning":1}	refused	refused	live door (refusal) + call	no (undeclared-key refusal probe)
77	complexity.ccn	T3_top_graduated_pair	warning: 100000; error: 200000	class	B7_full_band	class:; max_warning: 1; max_error: 2	enabled,max-error,max-warning,threshold	{"enabled":true,"maxWarning":30,"maxError":50}	3	0	{}	0	Configuration error: Option "warning" is not an option of rule "complexity.ccn". Options here: callable, class, enabled, suppress-namespace-channels, 	{}			Qualimetrix\Analysis\Configuration\Contract\Refusal\ConfigurationRefusal: Option "warning" is not an option of rule "complexity.ccn". Options here: ca	{"maxWarning":1,"maxError":2}	refused	refused	live door (refusal) + call	no (undeclared-key refusal probe)
78	complexity.ccn	T3_top_graduated_pair	warning: 100000; error: 200000	class	B8_threshold_in_block	class:; threshold: 1	enabled,max-error,max-warning,threshold	{"enabled":true,"maxWarning":30,"maxError":50}	3	0	{}	0	Configuration error: Option "warning" is not an option of rule "complexity.ccn". Options here: callable, class, enabled, suppress-namespace-channels, 	{}			Qualimetrix\Analysis\Configuration\Contract\Refusal\ConfigurationRefusal: Option "warning" is not an option of rule "complexity.ccn". Options here: ca	{"maxWarning":1,"maxError":1}	refused	refused	live door (refusal) + call	no (undeclared-key refusal probe)
79	complexity.ccn	T3_top_graduated_pair	warning: 100000; error: 200000	class	B9_unknown_key	class:; no_such_option: 1	enabled,max-error,max-warning,threshold	{"enabled":true,"maxWarning":30,"maxError":50}	3	0	{}	0	Configuration error: Option "warning" is not an option of rule "complexity.ccn". Options here: callable, class, enabled, suppress-namespace-channels, 	{}			Qualimetrix\Analysis\Configuration\Contract\Refusal\ConfigurationRefusal: Option "warning" is not an option of rule "complexity.ccn". Options here: ca	{"no_such_option":1}	refused	refused	live door (refusal) + call	no (undeclared-key refusal probe)
80	complexity.ccn	T4_enabled_false	enabled: false	callable	B0_absent	(absent)	enabled,error,threshold,warning	{"enabled":true,"warning":10,"error":20}	0	0	{}	0		{"enabled":false,"warning":10,"error":20}	False	False		{}	no-write	n/a (block writes nothing)	live door + call	yes
81	complexity.ccn	T4_enabled_false	enabled: false	callable	B1_tilde	callable: ~	enabled,error,threshold,warning	{"enabled":true,"warning":10,"error":20}	0	0	{}	0		{"enabled":false,"warning":10,"error":20}	False	False		{}	no-write	n/a (block writes nothing)	live door + call	yes
82	complexity.ccn	T4_enabled_false	enabled: false	callable	B2_empty_map	callable: {}	enabled,error,threshold,warning	{"enabled":true,"warning":10,"error":20}	0	0	{}	0		{"enabled":false,"warning":10,"error":20}	False	False		{}	no-write	n/a (block writes nothing)	live door + call	yes
83	complexity.ccn	T4_enabled_false	enabled: false	callable	B3_enabled_tilde	callable:; enabled: ~	enabled,error,threshold,warning	{"enabled":true,"warning":10,"error":20}	0	0	{}	0		{"enabled":false,"warning":10,"error":20}	False	False		{"enabled":"~(null)"}	dropped	same (0)	live door (blind here) + call	yes
84	complexity.ccn	T4_enabled_false	enabled: false	callable	B4_enabled_true	callable:; enabled: true	enabled,error,threshold,warning	{"enabled":true,"warning":10,"error":20}	0	0	{}	0		{"enabled":false,"warning":10,"error":20}	False	False		{"enabled":true}	dropped	same (0)	live door (blind here) + call	yes
85	complexity.ccn	T4_enabled_false	enabled: false	callable	B5_enabled_false	callable:; enabled: false	enabled,error,threshold,warning	{"enabled":true,"warning":10,"error":20}	0	0	{}	0		{"enabled":false,"warning":10,"error":20}	False	False		{"enabled":false}	applied	same (0)	live door (blind here) + call	yes
86	complexity.ccn	T4_enabled_false	enabled: false	callable	B6_half_band	callable:; warning: 1	enabled,error,threshold,warning	{"enabled":true,"warning":10,"error":20}	0	0	{}	0		{"enabled":false,"warning":10,"error":20}	False	False		{"warning":1}	dropped	same (0)	live door (blind here) + call	yes
87	complexity.ccn	T4_enabled_false	enabled: false	callable	B7_full_band	callable:; warning: 1; error: 2	enabled,error,threshold,warning	{"enabled":true,"warning":10,"error":20}	0	0	{}	0		{"enabled":false,"warning":10,"error":20}	False	False		{"warning":1,"error":2}	dropped	same (0)	live door (blind here) + call	yes
88	complexity.ccn	T4_enabled_false	enabled: false	callable	B8_threshold_in_block	callable:; threshold: 1	enabled,error,threshold,warning	{"enabled":true,"warning":10,"error":20}	0	0	{}	0		{"enabled":false,"warning":10,"error":20}	False	False		{"warning":1,"error":1}	dropped	same (0)	live door (blind here) + call	yes
89	complexity.ccn	T4_enabled_false	enabled: false	callable	B9_unknown_key	callable:; no_such_option: 1	enabled,error,threshold,warning	{"enabled":true,"warning":10,"error":20}	3	0	{}	0	Configuration error: Option "noSuchOption" is not an option of rule "complexity.ccn" at level "callable". Options at that level: enabled, error, thres	{}			Qualimetrix\Analysis\Configuration\Contract\Refusal\ConfigurationRefusal: Option "noSuchOption" is not an option of rule "complexity.ccn" at level "ca	{"no_such_option":1}	refused	refused	live door (refusal) + call	yes
90	complexity.ccn	T4_enabled_false	enabled: false	class	B0_absent	(absent)	enabled,max-error,max-warning,threshold	{"enabled":true,"maxWarning":30,"maxError":50}	0	0	{}	0		{"enabled":false,"maxWarning":30,"maxError":50}	False	False		{}	no-write	n/a (block writes nothing)	live door + call	yes
91	complexity.ccn	T4_enabled_false	enabled: false	class	B1_tilde	class: ~	enabled,max-error,max-warning,threshold	{"enabled":true,"maxWarning":30,"maxError":50}	0	0	{}	0		{"enabled":false,"maxWarning":30,"maxError":50}	False	False		{}	no-write	n/a (block writes nothing)	live door + call	yes
92	complexity.ccn	T4_enabled_false	enabled: false	class	B2_empty_map	class: {}	enabled,max-error,max-warning,threshold	{"enabled":true,"maxWarning":30,"maxError":50}	0	0	{}	0		{"enabled":false,"maxWarning":30,"maxError":50}	False	False		{}	no-write	n/a (block writes nothing)	live door + call	yes
93	complexity.ccn	T4_enabled_false	enabled: false	class	B3_enabled_tilde	class:; enabled: ~	enabled,max-error,max-warning,threshold	{"enabled":true,"maxWarning":30,"maxError":50}	0	0	{}	0		{"enabled":false,"maxWarning":30,"maxError":50}	False	False		{"enabled":"~(null)"}	dropped	same (0)	live door (blind here) + call	yes
94	complexity.ccn	T4_enabled_false	enabled: false	class	B4_enabled_true	class:; enabled: true	enabled,max-error,max-warning,threshold	{"enabled":true,"maxWarning":30,"maxError":50}	0	0	{}	0		{"enabled":false,"maxWarning":30,"maxError":50}	False	False		{"enabled":true}	dropped	same (0)	live door (blind here) + call	yes
95	complexity.ccn	T4_enabled_false	enabled: false	class	B5_enabled_false	class:; enabled: false	enabled,max-error,max-warning,threshold	{"enabled":true,"maxWarning":30,"maxError":50}	0	0	{}	0		{"enabled":false,"maxWarning":30,"maxError":50}	False	False		{"enabled":false}	applied	same (0)	live door (blind here) + call	yes
96	complexity.ccn	T4_enabled_false	enabled: false	class	B6_half_band	class:; max_warning: 1	enabled,max-error,max-warning,threshold	{"enabled":true,"maxWarning":30,"maxError":50}	0	0	{}	0		{"enabled":false,"maxWarning":30,"maxError":50}	False	False		{"maxWarning":1}	dropped	same (0)	live door (blind here) + call	yes
97	complexity.ccn	T4_enabled_false	enabled: false	class	B7_full_band	class:; max_warning: 1; max_error: 2	enabled,max-error,max-warning,threshold	{"enabled":true,"maxWarning":30,"maxError":50}	0	0	{}	0		{"enabled":false,"maxWarning":30,"maxError":50}	False	False		{"maxWarning":1,"maxError":2}	dropped	same (0)	live door (blind here) + call	yes
98	complexity.ccn	T4_enabled_false	enabled: false	class	B8_threshold_in_block	class:; threshold: 1	enabled,max-error,max-warning,threshold	{"enabled":true,"maxWarning":30,"maxError":50}	0	0	{}	0		{"enabled":false,"maxWarning":30,"maxError":50}	False	False		{"maxWarning":1,"maxError":1}	dropped	same (0)	live door (blind here) + call	yes
99	complexity.ccn	T4_enabled_false	enabled: false	class	B9_unknown_key	class:; no_such_option: 1	enabled,max-error,max-warning,threshold	{"enabled":true,"maxWarning":30,"maxError":50}	3	0	{}	0	Configuration error: Option "noSuchOption" is not an option of rule "complexity.ccn" at level "class". Options at that level: enabled, max-error, max-	{}			Qualimetrix\Analysis\Configuration\Contract\Refusal\ConfigurationRefusal: Option "noSuchOption" is not an option of rule "complexity.ccn" at level "cl	{"no_such_option":1}	refused	refused	live door (refusal) + call	yes
100	complexity.ccn	T5_enabled_true	enabled: true	callable	B0_absent	(absent)	enabled,error,threshold,warning	{"enabled":true,"warning":10,"error":20}	0	1	{"warning":1}	0		{"enabled":true,"warning":10,"error":20}	True	True		{}	no-write	n/a (block writes nothing)	live door + call	yes
101	complexity.ccn	T5_enabled_true	enabled: true	callable	B1_tilde	callable: ~	enabled,error,threshold,warning	{"enabled":true,"warning":10,"error":20}	0	1	{"warning":1}	0		{"enabled":true,"warning":10,"error":20}	True	True		{}	no-write	n/a (block writes nothing)	live door + call	yes
102	complexity.ccn	T5_enabled_true	enabled: true	callable	B2_empty_map	callable: {}	enabled,error,threshold,warning	{"enabled":true,"warning":10,"error":20}	0	1	{"warning":1}	0		{"enabled":true,"warning":10,"error":20}	True	True		{}	no-write	n/a (block writes nothing)	live door + call	yes
103	complexity.ccn	T5_enabled_true	enabled: true	callable	B3_enabled_tilde	callable:; enabled: ~	enabled,error,threshold,warning	{"enabled":true,"warning":10,"error":20}	0	1	{"warning":1}	0		{"enabled":true,"warning":10,"error":20}	True	True		{"enabled":"~(null)"}	applied	same (1)	live door (blind here) + call	yes
104	complexity.ccn	T5_enabled_true	enabled: true	callable	B4_enabled_true	callable:; enabled: true	enabled,error,threshold,warning	{"enabled":true,"warning":10,"error":20}	0	1	{"warning":1}	0		{"enabled":true,"warning":10,"error":20}	True	True		{"enabled":true}	applied	same (1)	live door (blind here) + call	yes
105	complexity.ccn	T5_enabled_true	enabled: true	callable	B5_enabled_false	callable:; enabled: false	enabled,error,threshold,warning	{"enabled":true,"warning":10,"error":20}	0	0	{}	0		{"enabled":false,"warning":10,"error":20}	False	True		{"enabled":false}	applied	differs (0 vs 1)	live door + call	yes
106	complexity.ccn	T5_enabled_true	enabled: true	callable	B6_half_band	callable:; warning: 1	enabled,error,threshold,warning	{"enabled":true,"warning":10,"error":20}	0	13	{"warning":13}	0		{"enabled":true,"warning":1,"error":20}	True	True		{"warning":1}	applied	differs (13 vs 1)	live door + call	yes
107	complexity.ccn	T5_enabled_true	enabled: true	callable	B7_full_band	callable:; warning: 1; error: 2	enabled,error,threshold,warning	{"enabled":true,"warning":10,"error":20}	2	13	{"warning":11,"error":2}	0		{"enabled":true,"warning":1,"error":2}	True	True		{"warning":1,"error":2}	applied	differs (13 vs 1)	live door + call	yes
108	complexity.ccn	T5_enabled_true	enabled: true	callable	B8_threshold_in_block	callable:; threshold: 1	enabled,error,threshold,warning	{"enabled":true,"warning":10,"error":20}	2	13	{"error":13}	0		{"enabled":true,"warning":1,"error":1}	True	True		{"warning":1,"error":1}	applied	differs (13 vs 1)	live door + call	yes
109	complexity.ccn	T5_enabled_true	enabled: true	callable	B9_unknown_key	callable:; no_such_option: 1	enabled,error,threshold,warning	{"enabled":true,"warning":10,"error":20}	3	0	{}	0	Configuration error: Option "noSuchOption" is not an option of rule "complexity.ccn" at level "callable". Options at that level: enabled, error, thres	{}			Qualimetrix\Analysis\Configuration\Contract\Refusal\ConfigurationRefusal: Option "noSuchOption" is not an option of rule "complexity.ccn" at level "ca	{"no_such_option":1}	refused	refused	live door (refusal) + call	yes
110	complexity.ccn	T5_enabled_true	enabled: true	class	B0_absent	(absent)	enabled,max-error,max-warning,threshold	{"enabled":true,"maxWarning":30,"maxError":50}	0	0	{}	1		{"enabled":true,"maxWarning":30,"maxError":50}	True	True		{}	no-write	n/a (block writes nothing)	live door + call	yes
111	complexity.ccn	T5_enabled_true	enabled: true	class	B1_tilde	class: ~	enabled,max-error,max-warning,threshold	{"enabled":true,"maxWarning":30,"maxError":50}	0	0	{}	1		{"enabled":true,"maxWarning":30,"maxError":50}	True	True		{}	no-write	n/a (block writes nothing)	live door + call	yes
112	complexity.ccn	T5_enabled_true	enabled: true	class	B2_empty_map	class: {}	enabled,max-error,max-warning,threshold	{"enabled":true,"maxWarning":30,"maxError":50}	0	0	{}	1		{"enabled":true,"maxWarning":30,"maxError":50}	True	True		{}	no-write	n/a (block writes nothing)	live door + call	yes
113	complexity.ccn	T5_enabled_true	enabled: true	class	B3_enabled_tilde	class:; enabled: ~	enabled,max-error,max-warning,threshold	{"enabled":true,"maxWarning":30,"maxError":50}	0	0	{}	1		{"enabled":true,"maxWarning":30,"maxError":50}	True	True		{"enabled":"~(null)"}	applied	same (0)	live door (blind here) + call	yes
114	complexity.ccn	T5_enabled_true	enabled: true	class	B4_enabled_true	class:; enabled: true	enabled,max-error,max-warning,threshold	{"enabled":true,"maxWarning":30,"maxError":50}	0	0	{}	1		{"enabled":true,"maxWarning":30,"maxError":50}	True	True		{"enabled":true}	applied	same (0)	live door (blind here) + call	yes
115	complexity.ccn	T5_enabled_true	enabled: true	class	B5_enabled_false	class:; enabled: false	enabled,max-error,max-warning,threshold	{"enabled":true,"maxWarning":30,"maxError":50}	0	0	{}	1		{"enabled":false,"maxWarning":30,"maxError":50}	False	True		{"enabled":false}	applied	same (0)	live door (blind here) + call	yes
116	complexity.ccn	T5_enabled_true	enabled: true	class	B6_half_band	class:; max_warning: 1	enabled,max-error,max-warning,threshold	{"enabled":true,"maxWarning":30,"maxError":50}	0	11	{"warning":11}	1		{"enabled":true,"maxWarning":1,"maxError":50}	True	True		{"maxWarning":1}	applied	differs (11 vs 0)	live door + call	yes
117	complexity.ccn	T5_enabled_true	enabled: true	class	B7_full_band	class:; max_warning: 1; max_error: 2	enabled,max-error,max-warning,threshold	{"enabled":true,"maxWarning":30,"maxError":50}	2	11	{"warning":10,"error":1}	1		{"enabled":true,"maxWarning":1,"maxError":2}	True	True		{"maxWarning":1,"maxError":2}	applied	differs (11 vs 0)	live door + call	yes
118	complexity.ccn	T5_enabled_true	enabled: true	class	B8_threshold_in_block	class:; threshold: 1	enabled,max-error,max-warning,threshold	{"enabled":true,"maxWarning":30,"maxError":50}	2	11	{"error":11}	1		{"enabled":true,"maxWarning":1,"maxError":1}	True	True		{"maxWarning":1,"maxError":1}	applied	differs (11 vs 0)	live door + call	yes
119	complexity.ccn	T5_enabled_true	enabled: true	class	B9_unknown_key	class:; no_such_option: 1	enabled,max-error,max-warning,threshold	{"enabled":true,"maxWarning":30,"maxError":50}	3	0	{}	0	Configuration error: Option "noSuchOption" is not an option of rule "complexity.ccn" at level "class". Options at that level: enabled, max-error, max-	{}			Qualimetrix\Analysis\Configuration\Contract\Refusal\ConfigurationRefusal: Option "noSuchOption" is not an option of rule "complexity.ccn" at level "cl	{"no_such_option":1}	refused	refused	live door (refusal) + call	yes
120	complexity.cognitive	T0_none	(nothing)	callable	B0_absent	(absent)	enabled,error,threshold,warning	{"enabled":true,"warning":15,"error":30}	0	1	{"warning":1}	0		{"enabled":true,"warning":15,"error":30}	True	True		{}	no-write	n/a (block writes nothing)	live door + call	yes
121	complexity.cognitive	T0_none	(nothing)	callable	B1_tilde	callable: ~	enabled,error,threshold,warning	{"enabled":true,"warning":15,"error":30}	0	1	{"warning":1}	0		{"enabled":true,"warning":15,"error":30}	True	True		{}	no-write	n/a (block writes nothing)	live door + call	yes
122	complexity.cognitive	T0_none	(nothing)	callable	B2_empty_map	callable: {}	enabled,error,threshold,warning	{"enabled":true,"warning":15,"error":30}	0	1	{"warning":1}	0		{"enabled":true,"warning":15,"error":30}	True	True		{}	no-write	n/a (block writes nothing)	live door + call	yes
123	complexity.cognitive	T0_none	(nothing)	callable	B3_enabled_tilde	callable:; enabled: ~	enabled,error,threshold,warning	{"enabled":true,"warning":15,"error":30}	0	1	{"warning":1}	0		{"enabled":true,"warning":15,"error":30}	True	True		{"enabled":"~(null)"}	applied	same (1)	live door (blind here) + call	yes
124	complexity.cognitive	T0_none	(nothing)	callable	B4_enabled_true	callable:; enabled: true	enabled,error,threshold,warning	{"enabled":true,"warning":15,"error":30}	0	1	{"warning":1}	0		{"enabled":true,"warning":15,"error":30}	True	True		{"enabled":true}	applied	same (1)	live door (blind here) + call	yes
125	complexity.cognitive	T0_none	(nothing)	callable	B5_enabled_false	callable:; enabled: false	enabled,error,threshold,warning	{"enabled":true,"warning":15,"error":30}	0	0	{}	0		{"enabled":false,"warning":15,"error":30}	False	True		{"enabled":false}	applied	differs (0 vs 1)	live door + call	yes
126	complexity.cognitive	T0_none	(nothing)	callable	B6_half_band	callable:; warning: 1	enabled,error,threshold,warning	{"enabled":true,"warning":15,"error":30}	0	2	{"warning":2}	0		{"enabled":true,"warning":1,"error":30}	True	True		{"warning":1}	applied	differs (2 vs 1)	live door + call	yes
127	complexity.cognitive	T0_none	(nothing)	callable	B7_full_band	callable:; warning: 1; error: 2	enabled,error,threshold,warning	{"enabled":true,"warning":15,"error":30}	2	2	{"error":2}	0		{"enabled":true,"warning":1,"error":2}	True	True		{"warning":1,"error":2}	applied	differs (2 vs 1)	live door + call	yes
128	complexity.cognitive	T0_none	(nothing)	callable	B8_threshold_in_block	callable:; threshold: 1	enabled,error,threshold,warning	{"enabled":true,"warning":15,"error":30}	2	2	{"error":2}	0		{"enabled":true,"warning":1,"error":1}	True	True		{"warning":1,"error":1}	applied	differs (2 vs 1)	live door + call	yes
129	complexity.cognitive	T0_none	(nothing)	callable	B9_unknown_key	callable:; no_such_option: 1	enabled,error,threshold,warning	{"enabled":true,"warning":15,"error":30}	3	0	{}	0	Configuration error: Option "noSuchOption" is not an option of rule "complexity.cognitive" at level "callable". Options at that level: enabled, error,	{}			Qualimetrix\Analysis\Configuration\Contract\Refusal\ConfigurationRefusal: Option "noSuchOption" is not an option of rule "complexity.cognitive" at lev	{"no_such_option":1}	refused	refused	live door (refusal) + call	yes
130	complexity.cognitive	T0_none	(nothing)	class	B0_absent	(absent)	enabled,max-error,max-warning,threshold	{"enabled":true,"maxWarning":30,"maxError":50}	0	0	{}	1		{"enabled":true,"maxWarning":30,"maxError":50}	True	True		{}	no-write	n/a (block writes nothing)	live door + call	yes
131	complexity.cognitive	T0_none	(nothing)	class	B1_tilde	class: ~	enabled,max-error,max-warning,threshold	{"enabled":true,"maxWarning":30,"maxError":50}	0	0	{}	1		{"enabled":true,"maxWarning":30,"maxError":50}	True	True		{}	no-write	n/a (block writes nothing)	live door + call	yes
132	complexity.cognitive	T0_none	(nothing)	class	B2_empty_map	class: {}	enabled,max-error,max-warning,threshold	{"enabled":true,"maxWarning":30,"maxError":50}	0	0	{}	1		{"enabled":true,"maxWarning":30,"maxError":50}	True	True		{}	no-write	n/a (block writes nothing)	live door + call	yes
133	complexity.cognitive	T0_none	(nothing)	class	B3_enabled_tilde	class:; enabled: ~	enabled,max-error,max-warning,threshold	{"enabled":true,"maxWarning":30,"maxError":50}	0	0	{}	1		{"enabled":true,"maxWarning":30,"maxError":50}	True	True		{"enabled":"~(null)"}	applied	same (0)	live door (blind here) + call	yes
134	complexity.cognitive	T0_none	(nothing)	class	B4_enabled_true	class:; enabled: true	enabled,max-error,max-warning,threshold	{"enabled":true,"maxWarning":30,"maxError":50}	0	0	{}	1		{"enabled":true,"maxWarning":30,"maxError":50}	True	True		{"enabled":true}	applied	same (0)	live door (blind here) + call	yes
135	complexity.cognitive	T0_none	(nothing)	class	B5_enabled_false	class:; enabled: false	enabled,max-error,max-warning,threshold	{"enabled":true,"maxWarning":30,"maxError":50}	0	0	{}	1		{"enabled":false,"maxWarning":30,"maxError":50}	False	True		{"enabled":false}	applied	same (0)	live door (blind here) + call	yes
136	complexity.cognitive	T0_none	(nothing)	class	B6_half_band	class:; max_warning: 1	enabled,max-error,max-warning,threshold	{"enabled":true,"maxWarning":30,"maxError":50}	0	1	{"warning":1}	1		{"enabled":true,"maxWarning":1,"maxError":50}	True	True		{"maxWarning":1}	applied	differs (1 vs 0)	live door + call	yes
137	complexity.cognitive	T0_none	(nothing)	class	B7_full_band	class:; max_warning: 1; max_error: 2	enabled,max-error,max-warning,threshold	{"enabled":true,"maxWarning":30,"maxError":50}	2	1	{"error":1}	1		{"enabled":true,"maxWarning":1,"maxError":2}	True	True		{"maxWarning":1,"maxError":2}	applied	differs (1 vs 0)	live door + call	yes
138	complexity.cognitive	T0_none	(nothing)	class	B8_threshold_in_block	class:; threshold: 1	enabled,max-error,max-warning,threshold	{"enabled":true,"maxWarning":30,"maxError":50}	2	1	{"error":1}	1		{"enabled":true,"maxWarning":1,"maxError":1}	True	True		{"maxWarning":1,"maxError":1}	applied	differs (1 vs 0)	live door + call	yes
139	complexity.cognitive	T0_none	(nothing)	class	B9_unknown_key	class:; no_such_option: 1	enabled,max-error,max-warning,threshold	{"enabled":true,"maxWarning":30,"maxError":50}	3	0	{}	0	Configuration error: Option "noSuchOption" is not an option of rule "complexity.cognitive" at level "class". Options at that level: enabled, max-error	{}			Qualimetrix\Analysis\Configuration\Contract\Refusal\ConfigurationRefusal: Option "noSuchOption" is not an option of rule "complexity.cognitive" at lev	{"no_such_option":1}	refused	refused	live door (refusal) + call	yes
140	complexity.cognitive	T1_threshold_value	threshold: 100000	callable	B0_absent	(absent)	enabled,error,threshold,warning	{"enabled":true,"warning":15,"error":30}	0	0	{}	0		{"enabled":true,"warning":100000,"error":100000}	True	False		{}	no-write	n/a (block writes nothing)	live door + call	yes
141	complexity.cognitive	T1_threshold_value	threshold: 100000	callable	B1_tilde	callable: ~	enabled,error,threshold,warning	{"enabled":true,"warning":15,"error":30}	0	0	{}	0		{"enabled":true,"warning":100000,"error":100000}	True	False		{}	no-write	n/a (block writes nothing)	live door + call	yes
142	complexity.cognitive	T1_threshold_value	threshold: 100000	callable	B2_empty_map	callable: {}	enabled,error,threshold,warning	{"enabled":true,"warning":15,"error":30}	0	0	{}	0		{"enabled":true,"warning":100000,"error":100000}	True	False		{}	no-write	n/a (block writes nothing)	live door + call	yes
143	complexity.cognitive	T1_threshold_value	threshold: 100000	callable	B3_enabled_tilde	callable:; enabled: ~	enabled,error,threshold,warning	{"enabled":true,"warning":15,"error":30}	0	0	{}	0		{"enabled":true,"warning":100000,"error":100000}	True	False		{"enabled":"~(null)"}	applied	same (0)	live door (blind here) + call	yes
144	complexity.cognitive	T1_threshold_value	threshold: 100000	callable	B4_enabled_true	callable:; enabled: true	enabled,error,threshold,warning	{"enabled":true,"warning":15,"error":30}	0	0	{}	0		{"enabled":true,"warning":100000,"error":100000}	True	False		{"enabled":true}	applied	same (0)	live door (blind here) + call	yes
145	complexity.cognitive	T1_threshold_value	threshold: 100000	callable	B5_enabled_false	callable:; enabled: false	enabled,error,threshold,warning	{"enabled":true,"warning":15,"error":30}	0	0	{}	0		{"enabled":true,"warning":100000,"error":100000}	True	False		{"enabled":false}	dropped	same (0)	live door (blind here) + call	yes
146	complexity.cognitive	T1_threshold_value	threshold: 100000	callable	B6_half_band	callable:; warning: 1	enabled,error,threshold,warning	{"enabled":true,"warning":15,"error":30}	0	0	{}	0		{"enabled":true,"warning":100000,"error":100000}	True	False		{"warning":1}	dropped	same (0)	live door (blind here) + call	yes
147	complexity.cognitive	T1_threshold_value	threshold: 100000	callable	B7_full_band	callable:; warning: 1; error: 2	enabled,error,threshold,warning	{"enabled":true,"warning":15,"error":30}	0	0	{}	0		{"enabled":true,"warning":100000,"error":100000}	True	False		{"warning":1,"error":2}	dropped	same (0)	live door (blind here) + call	yes
148	complexity.cognitive	T1_threshold_value	threshold: 100000	callable	B8_threshold_in_block	callable:; threshold: 1	enabled,error,threshold,warning	{"enabled":true,"warning":15,"error":30}	0	0	{}	0		{"enabled":true,"warning":100000,"error":100000}	True	False		{"warning":1,"error":1}	dropped	same (0)	live door (blind here) + call	yes
149	complexity.cognitive	T1_threshold_value	threshold: 100000	callable	B9_unknown_key	callable:; no_such_option: 1	enabled,error,threshold,warning	{"enabled":true,"warning":15,"error":30}	3	0	{}	0	Configuration error: Option "noSuchOption" is not an option of rule "complexity.cognitive" at level "callable". Options at that level: enabled, error,	{}			Qualimetrix\Analysis\Configuration\Contract\Refusal\ConfigurationRefusal: Option "noSuchOption" is not an option of rule "complexity.cognitive" at lev	{"no_such_option":1}	refused	refused	live door (refusal) + call	yes
150	complexity.cognitive	T1_threshold_value	threshold: 100000	class	B0_absent	(absent)	enabled,max-error,max-warning,threshold	{"enabled":true,"maxWarning":30,"maxError":50}	0	0	{}	0		{"enabled":false,"maxWarning":30,"maxError":50}	False	True		{}	no-write	n/a (block writes nothing)	live door + call	yes
151	complexity.cognitive	T1_threshold_value	threshold: 100000	class	B1_tilde	class: ~	enabled,max-error,max-warning,threshold	{"enabled":true,"maxWarning":30,"maxError":50}	0	0	{}	0		{"enabled":false,"maxWarning":30,"maxError":50}	False	True		{}	no-write	n/a (block writes nothing)	live door + call	yes
152	complexity.cognitive	T1_threshold_value	threshold: 100000	class	B2_empty_map	class: {}	enabled,max-error,max-warning,threshold	{"enabled":true,"maxWarning":30,"maxError":50}	0	0	{}	0		{"enabled":false,"maxWarning":30,"maxError":50}	False	True		{}	no-write	n/a (block writes nothing)	live door + call	yes
153	complexity.cognitive	T1_threshold_value	threshold: 100000	class	B3_enabled_tilde	class:; enabled: ~	enabled,max-error,max-warning,threshold	{"enabled":true,"maxWarning":30,"maxError":50}	0	0	{}	0		{"enabled":false,"maxWarning":30,"maxError":50}	False	True		{"enabled":"~(null)"}	dropped	same (0)	live door (blind here) + call	yes
154	complexity.cognitive	T1_threshold_value	threshold: 100000	class	B4_enabled_true	class:; enabled: true	enabled,max-error,max-warning,threshold	{"enabled":true,"maxWarning":30,"maxError":50}	0	0	{}	0		{"enabled":false,"maxWarning":30,"maxError":50}	False	True		{"enabled":true}	dropped	same (0)	live door (blind here) + call	yes
155	complexity.cognitive	T1_threshold_value	threshold: 100000	class	B5_enabled_false	class:; enabled: false	enabled,max-error,max-warning,threshold	{"enabled":true,"maxWarning":30,"maxError":50}	0	0	{}	0		{"enabled":false,"maxWarning":30,"maxError":50}	False	True		{"enabled":false}	applied	same (0)	live door (blind here) + call	yes
156	complexity.cognitive	T1_threshold_value	threshold: 100000	class	B6_half_band	class:; max_warning: 1	enabled,max-error,max-warning,threshold	{"enabled":true,"maxWarning":30,"maxError":50}	0	0	{}	0		{"enabled":false,"maxWarning":30,"maxError":50}	False	True		{"maxWarning":1}	dropped	same (0)	live door (blind here) + call	yes
157	complexity.cognitive	T1_threshold_value	threshold: 100000	class	B7_full_band	class:; max_warning: 1; max_error: 2	enabled,max-error,max-warning,threshold	{"enabled":true,"maxWarning":30,"maxError":50}	0	0	{}	0		{"enabled":false,"maxWarning":30,"maxError":50}	False	True		{"maxWarning":1,"maxError":2}	dropped	same (0)	live door (blind here) + call	yes
158	complexity.cognitive	T1_threshold_value	threshold: 100000	class	B8_threshold_in_block	class:; threshold: 1	enabled,max-error,max-warning,threshold	{"enabled":true,"maxWarning":30,"maxError":50}	0	0	{}	0		{"enabled":false,"maxWarning":30,"maxError":50}	False	True		{"maxWarning":1,"maxError":1}	dropped	same (0)	live door (blind here) + call	yes
159	complexity.cognitive	T1_threshold_value	threshold: 100000	class	B9_unknown_key	class:; no_such_option: 1	enabled,max-error,max-warning,threshold	{"enabled":true,"maxWarning":30,"maxError":50}	3	0	{}	0	Configuration error: Option "noSuchOption" is not an option of rule "complexity.cognitive" at level "class". Options at that level: enabled, max-error	{}			Qualimetrix\Analysis\Configuration\Contract\Refusal\ConfigurationRefusal: Option "noSuchOption" is not an option of rule "complexity.cognitive" at lev	{"no_such_option":1}	refused	refused	live door (refusal) + call	yes
160	complexity.cognitive	T2_threshold_tilde	threshold: ~	callable	B0_absent	(absent)	enabled,error,threshold,warning	{"enabled":true,"warning":15,"error":30}	0	1	{"warning":1}	0		{"enabled":true,"warning":15,"error":30}	True	True		{}	no-write	n/a (block writes nothing)	live door + call	yes
161	complexity.cognitive	T2_threshold_tilde	threshold: ~	callable	B1_tilde	callable: ~	enabled,error,threshold,warning	{"enabled":true,"warning":15,"error":30}	0	1	{"warning":1}	0		{"enabled":true,"warning":15,"error":30}	True	True		{}	no-write	n/a (block writes nothing)	live door + call	yes
162	complexity.cognitive	T2_threshold_tilde	threshold: ~	callable	B2_empty_map	callable: {}	enabled,error,threshold,warning	{"enabled":true,"warning":15,"error":30}	0	1	{"warning":1}	0		{"enabled":true,"warning":15,"error":30}	True	True		{}	no-write	n/a (block writes nothing)	live door + call	yes
163	complexity.cognitive	T2_threshold_tilde	threshold: ~	callable	B3_enabled_tilde	callable:; enabled: ~	enabled,error,threshold,warning	{"enabled":true,"warning":15,"error":30}	0	1	{"warning":1}	0		{"enabled":true,"warning":15,"error":30}	True	True		{"enabled":"~(null)"}	applied	same (1)	live door (blind here) + call	yes
164	complexity.cognitive	T2_threshold_tilde	threshold: ~	callable	B4_enabled_true	callable:; enabled: true	enabled,error,threshold,warning	{"enabled":true,"warning":15,"error":30}	0	1	{"warning":1}	0		{"enabled":true,"warning":15,"error":30}	True	True		{"enabled":true}	applied	same (1)	live door (blind here) + call	yes
165	complexity.cognitive	T2_threshold_tilde	threshold: ~	callable	B5_enabled_false	callable:; enabled: false	enabled,error,threshold,warning	{"enabled":true,"warning":15,"error":30}	0	0	{}	0		{"enabled":false,"warning":15,"error":30}	False	True		{"enabled":false}	applied	differs (0 vs 1)	live door + call	yes
166	complexity.cognitive	T2_threshold_tilde	threshold: ~	callable	B6_half_band	callable:; warning: 1	enabled,error,threshold,warning	{"enabled":true,"warning":15,"error":30}	0	2	{"warning":2}	0		{"enabled":true,"warning":1,"error":30}	True	True		{"warning":1}	applied	differs (2 vs 1)	live door + call	yes
167	complexity.cognitive	T2_threshold_tilde	threshold: ~	callable	B7_full_band	callable:; warning: 1; error: 2	enabled,error,threshold,warning	{"enabled":true,"warning":15,"error":30}	2	2	{"error":2}	0		{"enabled":true,"warning":1,"error":2}	True	True		{"warning":1,"error":2}	applied	differs (2 vs 1)	live door + call	yes
168	complexity.cognitive	T2_threshold_tilde	threshold: ~	callable	B8_threshold_in_block	callable:; threshold: 1	enabled,error,threshold,warning	{"enabled":true,"warning":15,"error":30}	2	2	{"error":2}	0		{"enabled":true,"warning":1,"error":1}	True	True		{"warning":1,"error":1}	applied	differs (2 vs 1)	live door + call	yes
169	complexity.cognitive	T2_threshold_tilde	threshold: ~	callable	B9_unknown_key	callable:; no_such_option: 1	enabled,error,threshold,warning	{"enabled":true,"warning":15,"error":30}	3	0	{}	0	Configuration error: Option "noSuchOption" is not an option of rule "complexity.cognitive" at level "callable". Options at that level: enabled, error,	{}			Qualimetrix\Analysis\Configuration\Contract\Refusal\ConfigurationRefusal: Option "noSuchOption" is not an option of rule "complexity.cognitive" at lev	{"no_such_option":1}	refused	refused	live door (refusal) + call	yes
170	complexity.cognitive	T2_threshold_tilde	threshold: ~	class	B0_absent	(absent)	enabled,max-error,max-warning,threshold	{"enabled":true,"maxWarning":30,"maxError":50}	0	0	{}	1		{"enabled":true,"maxWarning":30,"maxError":50}	True	True		{}	no-write	n/a (block writes nothing)	live door + call	yes
171	complexity.cognitive	T2_threshold_tilde	threshold: ~	class	B1_tilde	class: ~	enabled,max-error,max-warning,threshold	{"enabled":true,"maxWarning":30,"maxError":50}	0	0	{}	1		{"enabled":true,"maxWarning":30,"maxError":50}	True	True		{}	no-write	n/a (block writes nothing)	live door + call	yes
172	complexity.cognitive	T2_threshold_tilde	threshold: ~	class	B2_empty_map	class: {}	enabled,max-error,max-warning,threshold	{"enabled":true,"maxWarning":30,"maxError":50}	0	0	{}	1		{"enabled":true,"maxWarning":30,"maxError":50}	True	True		{}	no-write	n/a (block writes nothing)	live door + call	yes
173	complexity.cognitive	T2_threshold_tilde	threshold: ~	class	B3_enabled_tilde	class:; enabled: ~	enabled,max-error,max-warning,threshold	{"enabled":true,"maxWarning":30,"maxError":50}	0	0	{}	1		{"enabled":true,"maxWarning":30,"maxError":50}	True	True		{"enabled":"~(null)"}	applied	same (0)	live door (blind here) + call	yes
174	complexity.cognitive	T2_threshold_tilde	threshold: ~	class	B4_enabled_true	class:; enabled: true	enabled,max-error,max-warning,threshold	{"enabled":true,"maxWarning":30,"maxError":50}	0	0	{}	1		{"enabled":true,"maxWarning":30,"maxError":50}	True	True		{"enabled":true}	applied	same (0)	live door (blind here) + call	yes
175	complexity.cognitive	T2_threshold_tilde	threshold: ~	class	B5_enabled_false	class:; enabled: false	enabled,max-error,max-warning,threshold	{"enabled":true,"maxWarning":30,"maxError":50}	0	0	{}	1		{"enabled":false,"maxWarning":30,"maxError":50}	False	True		{"enabled":false}	applied	same (0)	live door (blind here) + call	yes
176	complexity.cognitive	T2_threshold_tilde	threshold: ~	class	B6_half_band	class:; max_warning: 1	enabled,max-error,max-warning,threshold	{"enabled":true,"maxWarning":30,"maxError":50}	0	1	{"warning":1}	1		{"enabled":true,"maxWarning":1,"maxError":50}	True	True		{"maxWarning":1}	applied	differs (1 vs 0)	live door + call	yes
177	complexity.cognitive	T2_threshold_tilde	threshold: ~	class	B7_full_band	class:; max_warning: 1; max_error: 2	enabled,max-error,max-warning,threshold	{"enabled":true,"maxWarning":30,"maxError":50}	2	1	{"error":1}	1		{"enabled":true,"maxWarning":1,"maxError":2}	True	True		{"maxWarning":1,"maxError":2}	applied	differs (1 vs 0)	live door + call	yes
178	complexity.cognitive	T2_threshold_tilde	threshold: ~	class	B8_threshold_in_block	class:; threshold: 1	enabled,max-error,max-warning,threshold	{"enabled":true,"maxWarning":30,"maxError":50}	2	1	{"error":1}	1		{"enabled":true,"maxWarning":1,"maxError":1}	True	True		{"maxWarning":1,"maxError":1}	applied	differs (1 vs 0)	live door + call	yes
179	complexity.cognitive	T2_threshold_tilde	threshold: ~	class	B9_unknown_key	class:; no_such_option: 1	enabled,max-error,max-warning,threshold	{"enabled":true,"maxWarning":30,"maxError":50}	3	0	{}	0	Configuration error: Option "noSuchOption" is not an option of rule "complexity.cognitive" at level "class". Options at that level: enabled, max-error	{}			Qualimetrix\Analysis\Configuration\Contract\Refusal\ConfigurationRefusal: Option "noSuchOption" is not an option of rule "complexity.cognitive" at lev	{"no_such_option":1}	refused	refused	live door (refusal) + call	yes
180	complexity.cognitive	T3_top_graduated_pair	warning: 100000; error: 200000	callable	B0_absent	(absent)	enabled,error,threshold,warning	{"enabled":true,"warning":15,"error":30}	3	0	{}	0	Configuration error: Option "warning" is not an option of rule "complexity.cognitive". Options here: callable, class, enabled, suppress-namespace-chan	{}			Qualimetrix\Analysis\Configuration\Contract\Refusal\ConfigurationRefusal: Option "warning" is not an option of rule "complexity.cognitive". Options he	{}	refused	refused	live door (refusal) + call	no (undeclared-key refusal probe)
181	complexity.cognitive	T3_top_graduated_pair	warning: 100000; error: 200000	callable	B1_tilde	callable: ~	enabled,error,threshold,warning	{"enabled":true,"warning":15,"error":30}	3	0	{}	0	Configuration error: Option "warning" is not an option of rule "complexity.cognitive". Options here: callable, class, enabled, suppress-namespace-chan	{}			Qualimetrix\Analysis\Configuration\Contract\Refusal\ConfigurationRefusal: Option "warning" is not an option of rule "complexity.cognitive". Options he	{}	refused	refused	live door (refusal) + call	no (undeclared-key refusal probe)
182	complexity.cognitive	T3_top_graduated_pair	warning: 100000; error: 200000	callable	B2_empty_map	callable: {}	enabled,error,threshold,warning	{"enabled":true,"warning":15,"error":30}	3	0	{}	0	Configuration error: Option "warning" is not an option of rule "complexity.cognitive". Options here: callable, class, enabled, suppress-namespace-chan	{}			Qualimetrix\Analysis\Configuration\Contract\Refusal\ConfigurationRefusal: Option "warning" is not an option of rule "complexity.cognitive". Options he	{}	refused	refused	live door (refusal) + call	no (undeclared-key refusal probe)
183	complexity.cognitive	T3_top_graduated_pair	warning: 100000; error: 200000	callable	B3_enabled_tilde	callable:; enabled: ~	enabled,error,threshold,warning	{"enabled":true,"warning":15,"error":30}	3	0	{}	0	Configuration error: Option "warning" is not an option of rule "complexity.cognitive". Options here: callable, class, enabled, suppress-namespace-chan	{}			Qualimetrix\Analysis\Configuration\Contract\Refusal\ConfigurationRefusal: Option "warning" is not an option of rule "complexity.cognitive". Options he	{"enabled":"~(null)"}	refused	refused	live door (refusal) + call	no (undeclared-key refusal probe)
184	complexity.cognitive	T3_top_graduated_pair	warning: 100000; error: 200000	callable	B4_enabled_true	callable:; enabled: true	enabled,error,threshold,warning	{"enabled":true,"warning":15,"error":30}	3	0	{}	0	Configuration error: Option "warning" is not an option of rule "complexity.cognitive". Options here: callable, class, enabled, suppress-namespace-chan	{}			Qualimetrix\Analysis\Configuration\Contract\Refusal\ConfigurationRefusal: Option "warning" is not an option of rule "complexity.cognitive". Options he	{"enabled":true}	refused	refused	live door (refusal) + call	no (undeclared-key refusal probe)
185	complexity.cognitive	T3_top_graduated_pair	warning: 100000; error: 200000	callable	B5_enabled_false	callable:; enabled: false	enabled,error,threshold,warning	{"enabled":true,"warning":15,"error":30}	3	0	{}	0	Configuration error: Option "warning" is not an option of rule "complexity.cognitive". Options here: callable, class, enabled, suppress-namespace-chan	{}			Qualimetrix\Analysis\Configuration\Contract\Refusal\ConfigurationRefusal: Option "warning" is not an option of rule "complexity.cognitive". Options he	{"enabled":false}	refused	refused	live door (refusal) + call	no (undeclared-key refusal probe)
186	complexity.cognitive	T3_top_graduated_pair	warning: 100000; error: 200000	callable	B6_half_band	callable:; warning: 1	enabled,error,threshold,warning	{"enabled":true,"warning":15,"error":30}	3	0	{}	0	Configuration error: Option "warning" is not an option of rule "complexity.cognitive". Options here: callable, class, enabled, suppress-namespace-chan	{}			Qualimetrix\Analysis\Configuration\Contract\Refusal\ConfigurationRefusal: Option "warning" is not an option of rule "complexity.cognitive". Options he	{"warning":1}	refused	refused	live door (refusal) + call	no (undeclared-key refusal probe)
187	complexity.cognitive	T3_top_graduated_pair	warning: 100000; error: 200000	callable	B7_full_band	callable:; warning: 1; error: 2	enabled,error,threshold,warning	{"enabled":true,"warning":15,"error":30}	3	0	{}	0	Configuration error: Option "warning" is not an option of rule "complexity.cognitive". Options here: callable, class, enabled, suppress-namespace-chan	{}			Qualimetrix\Analysis\Configuration\Contract\Refusal\ConfigurationRefusal: Option "warning" is not an option of rule "complexity.cognitive". Options he	{"warning":1,"error":2}	refused	refused	live door (refusal) + call	no (undeclared-key refusal probe)
188	complexity.cognitive	T3_top_graduated_pair	warning: 100000; error: 200000	callable	B8_threshold_in_block	callable:; threshold: 1	enabled,error,threshold,warning	{"enabled":true,"warning":15,"error":30}	3	0	{}	0	Configuration error: Option "warning" is not an option of rule "complexity.cognitive". Options here: callable, class, enabled, suppress-namespace-chan	{}			Qualimetrix\Analysis\Configuration\Contract\Refusal\ConfigurationRefusal: Option "warning" is not an option of rule "complexity.cognitive". Options he	{"warning":1,"error":1}	refused	refused	live door (refusal) + call	no (undeclared-key refusal probe)
189	complexity.cognitive	T3_top_graduated_pair	warning: 100000; error: 200000	callable	B9_unknown_key	callable:; no_such_option: 1	enabled,error,threshold,warning	{"enabled":true,"warning":15,"error":30}	3	0	{}	0	Configuration error: Option "warning" is not an option of rule "complexity.cognitive". Options here: callable, class, enabled, suppress-namespace-chan	{}			Qualimetrix\Analysis\Configuration\Contract\Refusal\ConfigurationRefusal: Option "warning" is not an option of rule "complexity.cognitive". Options he	{"no_such_option":1}	refused	refused	live door (refusal) + call	no (undeclared-key refusal probe)
190	complexity.cognitive	T3_top_graduated_pair	warning: 100000; error: 200000	class	B0_absent	(absent)	enabled,max-error,max-warning,threshold	{"enabled":true,"maxWarning":30,"maxError":50}	3	0	{}	0	Configuration error: Option "warning" is not an option of rule "complexity.cognitive". Options here: callable, class, enabled, suppress-namespace-chan	{}			Qualimetrix\Analysis\Configuration\Contract\Refusal\ConfigurationRefusal: Option "warning" is not an option of rule "complexity.cognitive". Options he	{}	refused	refused	live door (refusal) + call	no (undeclared-key refusal probe)
191	complexity.cognitive	T3_top_graduated_pair	warning: 100000; error: 200000	class	B1_tilde	class: ~	enabled,max-error,max-warning,threshold	{"enabled":true,"maxWarning":30,"maxError":50}	3	0	{}	0	Configuration error: Option "warning" is not an option of rule "complexity.cognitive". Options here: callable, class, enabled, suppress-namespace-chan	{}			Qualimetrix\Analysis\Configuration\Contract\Refusal\ConfigurationRefusal: Option "warning" is not an option of rule "complexity.cognitive". Options he	{}	refused	refused	live door (refusal) + call	no (undeclared-key refusal probe)
192	complexity.cognitive	T3_top_graduated_pair	warning: 100000; error: 200000	class	B2_empty_map	class: {}	enabled,max-error,max-warning,threshold	{"enabled":true,"maxWarning":30,"maxError":50}	3	0	{}	0	Configuration error: Option "warning" is not an option of rule "complexity.cognitive". Options here: callable, class, enabled, suppress-namespace-chan	{}			Qualimetrix\Analysis\Configuration\Contract\Refusal\ConfigurationRefusal: Option "warning" is not an option of rule "complexity.cognitive". Options he	{}	refused	refused	live door (refusal) + call	no (undeclared-key refusal probe)
193	complexity.cognitive	T3_top_graduated_pair	warning: 100000; error: 200000	class	B3_enabled_tilde	class:; enabled: ~	enabled,max-error,max-warning,threshold	{"enabled":true,"maxWarning":30,"maxError":50}	3	0	{}	0	Configuration error: Option "warning" is not an option of rule "complexity.cognitive". Options here: callable, class, enabled, suppress-namespace-chan	{}			Qualimetrix\Analysis\Configuration\Contract\Refusal\ConfigurationRefusal: Option "warning" is not an option of rule "complexity.cognitive". Options he	{"enabled":"~(null)"}	refused	refused	live door (refusal) + call	no (undeclared-key refusal probe)
194	complexity.cognitive	T3_top_graduated_pair	warning: 100000; error: 200000	class	B4_enabled_true	class:; enabled: true	enabled,max-error,max-warning,threshold	{"enabled":true,"maxWarning":30,"maxError":50}	3	0	{}	0	Configuration error: Option "warning" is not an option of rule "complexity.cognitive". Options here: callable, class, enabled, suppress-namespace-chan	{}			Qualimetrix\Analysis\Configuration\Contract\Refusal\ConfigurationRefusal: Option "warning" is not an option of rule "complexity.cognitive". Options he	{"enabled":true}	refused	refused	live door (refusal) + call	no (undeclared-key refusal probe)
195	complexity.cognitive	T3_top_graduated_pair	warning: 100000; error: 200000	class	B5_enabled_false	class:; enabled: false	enabled,max-error,max-warning,threshold	{"enabled":true,"maxWarning":30,"maxError":50}	3	0	{}	0	Configuration error: Option "warning" is not an option of rule "complexity.cognitive". Options here: callable, class, enabled, suppress-namespace-chan	{}			Qualimetrix\Analysis\Configuration\Contract\Refusal\ConfigurationRefusal: Option "warning" is not an option of rule "complexity.cognitive". Options he	{"enabled":false}	refused	refused	live door (refusal) + call	no (undeclared-key refusal probe)
196	complexity.cognitive	T3_top_graduated_pair	warning: 100000; error: 200000	class	B6_half_band	class:; max_warning: 1	enabled,max-error,max-warning,threshold	{"enabled":true,"maxWarning":30,"maxError":50}	3	0	{}	0	Configuration error: Option "warning" is not an option of rule "complexity.cognitive". Options here: callable, class, enabled, suppress-namespace-chan	{}			Qualimetrix\Analysis\Configuration\Contract\Refusal\ConfigurationRefusal: Option "warning" is not an option of rule "complexity.cognitive". Options he	{"maxWarning":1}	refused	refused	live door (refusal) + call	no (undeclared-key refusal probe)
197	complexity.cognitive	T3_top_graduated_pair	warning: 100000; error: 200000	class	B7_full_band	class:; max_warning: 1; max_error: 2	enabled,max-error,max-warning,threshold	{"enabled":true,"maxWarning":30,"maxError":50}	3	0	{}	0	Configuration error: Option "warning" is not an option of rule "complexity.cognitive". Options here: callable, class, enabled, suppress-namespace-chan	{}			Qualimetrix\Analysis\Configuration\Contract\Refusal\ConfigurationRefusal: Option "warning" is not an option of rule "complexity.cognitive". Options he	{"maxWarning":1,"maxError":2}	refused	refused	live door (refusal) + call	no (undeclared-key refusal probe)
198	complexity.cognitive	T3_top_graduated_pair	warning: 100000; error: 200000	class	B8_threshold_in_block	class:; threshold: 1	enabled,max-error,max-warning,threshold	{"enabled":true,"maxWarning":30,"maxError":50}	3	0	{}	0	Configuration error: Option "warning" is not an option of rule "complexity.cognitive". Options here: callable, class, enabled, suppress-namespace-chan	{}			Qualimetrix\Analysis\Configuration\Contract\Refusal\ConfigurationRefusal: Option "warning" is not an option of rule "complexity.cognitive". Options he	{"maxWarning":1,"maxError":1}	refused	refused	live door (refusal) + call	no (undeclared-key refusal probe)
199	complexity.cognitive	T3_top_graduated_pair	warning: 100000; error: 200000	class	B9_unknown_key	class:; no_such_option: 1	enabled,max-error,max-warning,threshold	{"enabled":true,"maxWarning":30,"maxError":50}	3	0	{}	0	Configuration error: Option "warning" is not an option of rule "complexity.cognitive". Options here: callable, class, enabled, suppress-namespace-chan	{}			Qualimetrix\Analysis\Configuration\Contract\Refusal\ConfigurationRefusal: Option "warning" is not an option of rule "complexity.cognitive". Options he	{"no_such_option":1}	refused	refused	live door (refusal) + call	no (undeclared-key refusal probe)
200	complexity.cognitive	T4_enabled_false	enabled: false	callable	B0_absent	(absent)	enabled,error,threshold,warning	{"enabled":true,"warning":15,"error":30}	0	0	{}	0		{"enabled":false,"warning":15,"error":30}	False	False		{}	no-write	n/a (block writes nothing)	live door + call	yes
201	complexity.cognitive	T4_enabled_false	enabled: false	callable	B1_tilde	callable: ~	enabled,error,threshold,warning	{"enabled":true,"warning":15,"error":30}	0	0	{}	0		{"enabled":false,"warning":15,"error":30}	False	False		{}	no-write	n/a (block writes nothing)	live door + call	yes
202	complexity.cognitive	T4_enabled_false	enabled: false	callable	B2_empty_map	callable: {}	enabled,error,threshold,warning	{"enabled":true,"warning":15,"error":30}	0	0	{}	0		{"enabled":false,"warning":15,"error":30}	False	False		{}	no-write	n/a (block writes nothing)	live door + call	yes
203	complexity.cognitive	T4_enabled_false	enabled: false	callable	B3_enabled_tilde	callable:; enabled: ~	enabled,error,threshold,warning	{"enabled":true,"warning":15,"error":30}	0	0	{}	0		{"enabled":false,"warning":15,"error":30}	False	False		{"enabled":"~(null)"}	dropped	same (0)	live door (blind here) + call	yes
204	complexity.cognitive	T4_enabled_false	enabled: false	callable	B4_enabled_true	callable:; enabled: true	enabled,error,threshold,warning	{"enabled":true,"warning":15,"error":30}	0	0	{}	0		{"enabled":false,"warning":15,"error":30}	False	False		{"enabled":true}	dropped	same (0)	live door (blind here) + call	yes
205	complexity.cognitive	T4_enabled_false	enabled: false	callable	B5_enabled_false	callable:; enabled: false	enabled,error,threshold,warning	{"enabled":true,"warning":15,"error":30}	0	0	{}	0		{"enabled":false,"warning":15,"error":30}	False	False		{"enabled":false}	applied	same (0)	live door (blind here) + call	yes
206	complexity.cognitive	T4_enabled_false	enabled: false	callable	B6_half_band	callable:; warning: 1	enabled,error,threshold,warning	{"enabled":true,"warning":15,"error":30}	0	0	{}	0		{"enabled":false,"warning":15,"error":30}	False	False		{"warning":1}	dropped	same (0)	live door (blind here) + call	yes
207	complexity.cognitive	T4_enabled_false	enabled: false	callable	B7_full_band	callable:; warning: 1; error: 2	enabled,error,threshold,warning	{"enabled":true,"warning":15,"error":30}	0	0	{}	0		{"enabled":false,"warning":15,"error":30}	False	False		{"warning":1,"error":2}	dropped	same (0)	live door (blind here) + call	yes
208	complexity.cognitive	T4_enabled_false	enabled: false	callable	B8_threshold_in_block	callable:; threshold: 1	enabled,error,threshold,warning	{"enabled":true,"warning":15,"error":30}	0	0	{}	0		{"enabled":false,"warning":15,"error":30}	False	False		{"warning":1,"error":1}	dropped	same (0)	live door (blind here) + call	yes
209	complexity.cognitive	T4_enabled_false	enabled: false	callable	B9_unknown_key	callable:; no_such_option: 1	enabled,error,threshold,warning	{"enabled":true,"warning":15,"error":30}	3	0	{}	0	Configuration error: Option "noSuchOption" is not an option of rule "complexity.cognitive" at level "callable". Options at that level: enabled, error,	{}			Qualimetrix\Analysis\Configuration\Contract\Refusal\ConfigurationRefusal: Option "noSuchOption" is not an option of rule "complexity.cognitive" at lev	{"no_such_option":1}	refused	refused	live door (refusal) + call	yes
210	complexity.cognitive	T4_enabled_false	enabled: false	class	B0_absent	(absent)	enabled,max-error,max-warning,threshold	{"enabled":true,"maxWarning":30,"maxError":50}	0	0	{}	0		{"enabled":false,"maxWarning":30,"maxError":50}	False	False		{}	no-write	n/a (block writes nothing)	live door + call	yes
211	complexity.cognitive	T4_enabled_false	enabled: false	class	B1_tilde	class: ~	enabled,max-error,max-warning,threshold	{"enabled":true,"maxWarning":30,"maxError":50}	0	0	{}	0		{"enabled":false,"maxWarning":30,"maxError":50}	False	False		{}	no-write	n/a (block writes nothing)	live door + call	yes
212	complexity.cognitive	T4_enabled_false	enabled: false	class	B2_empty_map	class: {}	enabled,max-error,max-warning,threshold	{"enabled":true,"maxWarning":30,"maxError":50}	0	0	{}	0		{"enabled":false,"maxWarning":30,"maxError":50}	False	False		{}	no-write	n/a (block writes nothing)	live door + call	yes
213	complexity.cognitive	T4_enabled_false	enabled: false	class	B3_enabled_tilde	class:; enabled: ~	enabled,max-error,max-warning,threshold	{"enabled":true,"maxWarning":30,"maxError":50}	0	0	{}	0		{"enabled":false,"maxWarning":30,"maxError":50}	False	False		{"enabled":"~(null)"}	dropped	same (0)	live door (blind here) + call	yes
214	complexity.cognitive	T4_enabled_false	enabled: false	class	B4_enabled_true	class:; enabled: true	enabled,max-error,max-warning,threshold	{"enabled":true,"maxWarning":30,"maxError":50}	0	0	{}	0		{"enabled":false,"maxWarning":30,"maxError":50}	False	False		{"enabled":true}	dropped	same (0)	live door (blind here) + call	yes
215	complexity.cognitive	T4_enabled_false	enabled: false	class	B5_enabled_false	class:; enabled: false	enabled,max-error,max-warning,threshold	{"enabled":true,"maxWarning":30,"maxError":50}	0	0	{}	0		{"enabled":false,"maxWarning":30,"maxError":50}	False	False		{"enabled":false}	applied	same (0)	live door (blind here) + call	yes
216	complexity.cognitive	T4_enabled_false	enabled: false	class	B6_half_band	class:; max_warning: 1	enabled,max-error,max-warning,threshold	{"enabled":true,"maxWarning":30,"maxError":50}	0	0	{}	0		{"enabled":false,"maxWarning":30,"maxError":50}	False	False		{"maxWarning":1}	dropped	same (0)	live door (blind here) + call	yes
217	complexity.cognitive	T4_enabled_false	enabled: false	class	B7_full_band	class:; max_warning: 1; max_error: 2	enabled,max-error,max-warning,threshold	{"enabled":true,"maxWarning":30,"maxError":50}	0	0	{}	0		{"enabled":false,"maxWarning":30,"maxError":50}	False	False		{"maxWarning":1,"maxError":2}	dropped	same (0)	live door (blind here) + call	yes
218	complexity.cognitive	T4_enabled_false	enabled: false	class	B8_threshold_in_block	class:; threshold: 1	enabled,max-error,max-warning,threshold	{"enabled":true,"maxWarning":30,"maxError":50}	0	0	{}	0		{"enabled":false,"maxWarning":30,"maxError":50}	False	False		{"maxWarning":1,"maxError":1}	dropped	same (0)	live door (blind here) + call	yes
219	complexity.cognitive	T4_enabled_false	enabled: false	class	B9_unknown_key	class:; no_such_option: 1	enabled,max-error,max-warning,threshold	{"enabled":true,"maxWarning":30,"maxError":50}	3	0	{}	0	Configuration error: Option "noSuchOption" is not an option of rule "complexity.cognitive" at level "class". Options at that level: enabled, max-error	{}			Qualimetrix\Analysis\Configuration\Contract\Refusal\ConfigurationRefusal: Option "noSuchOption" is not an option of rule "complexity.cognitive" at lev	{"no_such_option":1}	refused	refused	live door (refusal) + call	yes
220	complexity.cognitive	T5_enabled_true	enabled: true	callable	B0_absent	(absent)	enabled,error,threshold,warning	{"enabled":true,"warning":15,"error":30}	0	1	{"warning":1}	0		{"enabled":true,"warning":15,"error":30}	True	True		{}	no-write	n/a (block writes nothing)	live door + call	yes
221	complexity.cognitive	T5_enabled_true	enabled: true	callable	B1_tilde	callable: ~	enabled,error,threshold,warning	{"enabled":true,"warning":15,"error":30}	0	1	{"warning":1}	0		{"enabled":true,"warning":15,"error":30}	True	True		{}	no-write	n/a (block writes nothing)	live door + call	yes
222	complexity.cognitive	T5_enabled_true	enabled: true	callable	B2_empty_map	callable: {}	enabled,error,threshold,warning	{"enabled":true,"warning":15,"error":30}	0	1	{"warning":1}	0		{"enabled":true,"warning":15,"error":30}	True	True		{}	no-write	n/a (block writes nothing)	live door + call	yes
223	complexity.cognitive	T5_enabled_true	enabled: true	callable	B3_enabled_tilde	callable:; enabled: ~	enabled,error,threshold,warning	{"enabled":true,"warning":15,"error":30}	0	1	{"warning":1}	0		{"enabled":true,"warning":15,"error":30}	True	True		{"enabled":"~(null)"}	applied	same (1)	live door (blind here) + call	yes
224	complexity.cognitive	T5_enabled_true	enabled: true	callable	B4_enabled_true	callable:; enabled: true	enabled,error,threshold,warning	{"enabled":true,"warning":15,"error":30}	0	1	{"warning":1}	0		{"enabled":true,"warning":15,"error":30}	True	True		{"enabled":true}	applied	same (1)	live door (blind here) + call	yes
225	complexity.cognitive	T5_enabled_true	enabled: true	callable	B5_enabled_false	callable:; enabled: false	enabled,error,threshold,warning	{"enabled":true,"warning":15,"error":30}	0	0	{}	0		{"enabled":false,"warning":15,"error":30}	False	True		{"enabled":false}	applied	differs (0 vs 1)	live door + call	yes
226	complexity.cognitive	T5_enabled_true	enabled: true	callable	B6_half_band	callable:; warning: 1	enabled,error,threshold,warning	{"enabled":true,"warning":15,"error":30}	0	2	{"warning":2}	0		{"enabled":true,"warning":1,"error":30}	True	True		{"warning":1}	applied	differs (2 vs 1)	live door + call	yes
227	complexity.cognitive	T5_enabled_true	enabled: true	callable	B7_full_band	callable:; warning: 1; error: 2	enabled,error,threshold,warning	{"enabled":true,"warning":15,"error":30}	2	2	{"error":2}	0		{"enabled":true,"warning":1,"error":2}	True	True		{"warning":1,"error":2}	applied	differs (2 vs 1)	live door + call	yes
228	complexity.cognitive	T5_enabled_true	enabled: true	callable	B8_threshold_in_block	callable:; threshold: 1	enabled,error,threshold,warning	{"enabled":true,"warning":15,"error":30}	2	2	{"error":2}	0		{"enabled":true,"warning":1,"error":1}	True	True		{"warning":1,"error":1}	applied	differs (2 vs 1)	live door + call	yes
229	complexity.cognitive	T5_enabled_true	enabled: true	callable	B9_unknown_key	callable:; no_such_option: 1	enabled,error,threshold,warning	{"enabled":true,"warning":15,"error":30}	3	0	{}	0	Configuration error: Option "noSuchOption" is not an option of rule "complexity.cognitive" at level "callable". Options at that level: enabled, error,	{}			Qualimetrix\Analysis\Configuration\Contract\Refusal\ConfigurationRefusal: Option "noSuchOption" is not an option of rule "complexity.cognitive" at lev	{"no_such_option":1}	refused	refused	live door (refusal) + call	yes
230	complexity.cognitive	T5_enabled_true	enabled: true	class	B0_absent	(absent)	enabled,max-error,max-warning,threshold	{"enabled":true,"maxWarning":30,"maxError":50}	0	0	{}	1		{"enabled":true,"maxWarning":30,"maxError":50}	True	True		{}	no-write	n/a (block writes nothing)	live door + call	yes
231	complexity.cognitive	T5_enabled_true	enabled: true	class	B1_tilde	class: ~	enabled,max-error,max-warning,threshold	{"enabled":true,"maxWarning":30,"maxError":50}	0	0	{}	1		{"enabled":true,"maxWarning":30,"maxError":50}	True	True		{}	no-write	n/a (block writes nothing)	live door + call	yes
232	complexity.cognitive	T5_enabled_true	enabled: true	class	B2_empty_map	class: {}	enabled,max-error,max-warning,threshold	{"enabled":true,"maxWarning":30,"maxError":50}	0	0	{}	1		{"enabled":true,"maxWarning":30,"maxError":50}	True	True		{}	no-write	n/a (block writes nothing)	live door + call	yes
233	complexity.cognitive	T5_enabled_true	enabled: true	class	B3_enabled_tilde	class:; enabled: ~	enabled,max-error,max-warning,threshold	{"enabled":true,"maxWarning":30,"maxError":50}	0	0	{}	1		{"enabled":true,"maxWarning":30,"maxError":50}	True	True		{"enabled":"~(null)"}	applied	same (0)	live door (blind here) + call	yes
234	complexity.cognitive	T5_enabled_true	enabled: true	class	B4_enabled_true	class:; enabled: true	enabled,max-error,max-warning,threshold	{"enabled":true,"maxWarning":30,"maxError":50}	0	0	{}	1		{"enabled":true,"maxWarning":30,"maxError":50}	True	True		{"enabled":true}	applied	same (0)	live door (blind here) + call	yes
235	complexity.cognitive	T5_enabled_true	enabled: true	class	B5_enabled_false	class:; enabled: false	enabled,max-error,max-warning,threshold	{"enabled":true,"maxWarning":30,"maxError":50}	0	0	{}	1		{"enabled":false,"maxWarning":30,"maxError":50}	False	True		{"enabled":false}	applied	same (0)	live door (blind here) + call	yes
236	complexity.cognitive	T5_enabled_true	enabled: true	class	B6_half_band	class:; max_warning: 1	enabled,max-error,max-warning,threshold	{"enabled":true,"maxWarning":30,"maxError":50}	0	1	{"warning":1}	1		{"enabled":true,"maxWarning":1,"maxError":50}	True	True		{"maxWarning":1}	applied	differs (1 vs 0)	live door + call	yes
237	complexity.cognitive	T5_enabled_true	enabled: true	class	B7_full_band	class:; max_warning: 1; max_error: 2	enabled,max-error,max-warning,threshold	{"enabled":true,"maxWarning":30,"maxError":50}	2	1	{"error":1}	1		{"enabled":true,"maxWarning":1,"maxError":2}	True	True		{"maxWarning":1,"maxError":2}	applied	differs (1 vs 0)	live door + call	yes
238	complexity.cognitive	T5_enabled_true	enabled: true	class	B8_threshold_in_block	class:; threshold: 1	enabled,max-error,max-warning,threshold	{"enabled":true,"maxWarning":30,"maxError":50}	2	1	{"error":1}	1		{"enabled":true,"maxWarning":1,"maxError":1}	True	True		{"maxWarning":1,"maxError":1}	applied	differs (1 vs 0)	live door + call	yes
239	complexity.cognitive	T5_enabled_true	enabled: true	class	B9_unknown_key	class:; no_such_option: 1	enabled,max-error,max-warning,threshold	{"enabled":true,"maxWarning":30,"maxError":50}	3	0	{}	0	Configuration error: Option "noSuchOption" is not an option of rule "complexity.cognitive" at level "class". Options at that level: enabled, max-error	{}			Qualimetrix\Analysis\Configuration\Contract\Refusal\ConfigurationRefusal: Option "noSuchOption" is not an option of rule "complexity.cognitive" at lev	{"no_such_option":1}	refused	refused	live door (refusal) + call	yes
240	complexity.npath	T0_none	(nothing)	callable	B0_absent	(absent)	enabled,error,threshold,warning	{"enabled":true,"warning":200,"error":1000}	2	1	{"error":1}	0		{"enabled":true,"warning":200,"error":1000}	True	False		{}	no-write	n/a (block writes nothing)	live door + call	yes
241	complexity.npath	T0_none	(nothing)	callable	B1_tilde	callable: ~	enabled,error,threshold,warning	{"enabled":true,"warning":200,"error":1000}	2	1	{"error":1}	0		{"enabled":true,"warning":200,"error":1000}	True	False		{}	no-write	n/a (block writes nothing)	live door + call	yes
242	complexity.npath	T0_none	(nothing)	callable	B2_empty_map	callable: {}	enabled,error,threshold,warning	{"enabled":true,"warning":200,"error":1000}	2	1	{"error":1}	0		{"enabled":true,"warning":200,"error":1000}	True	False		{}	no-write	n/a (block writes nothing)	live door + call	yes
243	complexity.npath	T0_none	(nothing)	callable	B3_enabled_tilde	callable:; enabled: ~	enabled,error,threshold,warning	{"enabled":true,"warning":200,"error":1000}	2	1	{"error":1}	0		{"enabled":true,"warning":200,"error":1000}	True	False		{"enabled":"~(null)"}	applied	same (1)	live door (blind here) + call	yes
244	complexity.npath	T0_none	(nothing)	callable	B4_enabled_true	callable:; enabled: true	enabled,error,threshold,warning	{"enabled":true,"warning":200,"error":1000}	2	1	{"error":1}	0		{"enabled":true,"warning":200,"error":1000}	True	False		{"enabled":true}	applied	same (1)	live door (blind here) + call	yes
245	complexity.npath	T0_none	(nothing)	callable	B5_enabled_false	callable:; enabled: false	enabled,error,threshold,warning	{"enabled":true,"warning":200,"error":1000}	0	0	{}	0		{"enabled":false,"warning":200,"error":1000}	False	False		{"enabled":false}	applied	differs (0 vs 1)	live door + call	yes
246	complexity.npath	T0_none	(nothing)	callable	B6_half_band	callable:; warning: 1	enabled,error,threshold,warning	{"enabled":true,"warning":200,"error":1000}	2	13	{"warning":12,"error":1}	0		{"enabled":true,"warning":1,"error":1000}	True	False		{"warning":1}	applied	differs (13 vs 1)	live door + call	yes
247	complexity.npath	T0_none	(nothing)	callable	B7_full_band	callable:; warning: 1; error: 2	enabled,error,threshold,warning	{"enabled":true,"warning":200,"error":1000}	2	13	{"warning":11,"error":2}	0		{"enabled":true,"warning":1,"error":2}	True	False		{"warning":1,"error":2}	applied	differs (13 vs 1)	live door + call	yes
248	complexity.npath	T0_none	(nothing)	callable	B8_threshold_in_block	callable:; threshold: 1	enabled,error,threshold,warning	{"enabled":true,"warning":200,"error":1000}	2	13	{"error":13}	0		{"enabled":true,"warning":1,"error":1}	True	False		{"warning":1,"error":1}	applied	differs (13 vs 1)	live door + call	yes
249	complexity.npath	T0_none	(nothing)	callable	B9_unknown_key	callable:; no_such_option: 1	enabled,error,threshold,warning	{"enabled":true,"warning":200,"error":1000}	3	0	{}	0	Configuration error: Option "noSuchOption" is not an option of rule "complexity.npath" at level "callable". Options at that level: enabled, error, thr	{}			Qualimetrix\Analysis\Configuration\Contract\Refusal\ConfigurationRefusal: Option "noSuchOption" is not an option of rule "complexity.npath" at level "	{"no_such_option":1}	refused	refused	live door (refusal) + call	yes
250	complexity.npath	T0_none	(nothing)	class	B0_absent	(absent)	enabled,max-error,max-warning,threshold	{"enabled":false,"maxWarning":500,"maxError":1000}	2	0	{}	1		{"enabled":false,"maxWarning":500,"maxError":1000}	False	True		{}	no-write	n/a (block writes nothing)	live door + call	yes
251	complexity.npath	T0_none	(nothing)	class	B1_tilde	class: ~	enabled,max-error,max-warning,threshold	{"enabled":false,"maxWarning":500,"maxError":1000}	2	0	{}	1		{"enabled":false,"maxWarning":500,"maxError":1000}	False	True		{}	no-write	n/a (block writes nothing)	live door + call	yes
252	complexity.npath	T0_none	(nothing)	class	B2_empty_map	class: {}	enabled,max-error,max-warning,threshold	{"enabled":false,"maxWarning":500,"maxError":1000}	2	0	{}	1		{"enabled":false,"maxWarning":500,"maxError":1000}	False	True		{}	no-write	n/a (block writes nothing)	live door + call	yes
253	complexity.npath	T0_none	(nothing)	class	B3_enabled_tilde	class:; enabled: ~	enabled,max-error,max-warning,threshold	{"enabled":false,"maxWarning":500,"maxError":1000}	2	0	{}	1		{"enabled":false,"maxWarning":500,"maxError":1000}	False	True		{"enabled":"~(null)"}	applied	same (0)	live door (blind here) + call	yes
254	complexity.npath	T0_none	(nothing)	class	B4_enabled_true	class:; enabled: true	enabled,max-error,max-warning,threshold	{"enabled":false,"maxWarning":500,"maxError":1000}	2	1	{"error":1}	1		{"enabled":true,"maxWarning":500,"maxError":1000}	True	True		{"enabled":true}	applied	differs (1 vs 0)	live door + call	yes
255	complexity.npath	T0_none	(nothing)	class	B5_enabled_false	class:; enabled: false	enabled,max-error,max-warning,threshold	{"enabled":false,"maxWarning":500,"maxError":1000}	2	0	{}	1		{"enabled":false,"maxWarning":500,"maxError":1000}	False	True		{"enabled":false}	applied	same (0)	live door (blind here) + call	yes
256	complexity.npath	T0_none	(nothing)	class	B6_half_band	class:; max_warning: 1	enabled,max-error,max-warning,threshold	{"enabled":false,"maxWarning":500,"maxError":1000}	2	0	{}	1		{"enabled":false,"maxWarning":1,"maxError":1000}	False	True		{"maxWarning":1}	applied	same (0)	live door (blind here) + call	yes
257	complexity.npath	T0_none	(nothing)	class	B7_full_band	class:; max_warning: 1; max_error: 2	enabled,max-error,max-warning,threshold	{"enabled":false,"maxWarning":500,"maxError":1000}	2	0	{}	1		{"enabled":false,"maxWarning":1,"maxError":2}	False	True		{"maxWarning":1,"maxError":2}	applied	same (0)	live door (blind here) + call	yes
258	complexity.npath	T0_none	(nothing)	class	B8_threshold_in_block	class:; threshold: 1	enabled,max-error,max-warning,threshold	{"enabled":false,"maxWarning":500,"maxError":1000}	2	0	{}	1		{"enabled":false,"maxWarning":1,"maxError":1}	False	True		{"maxWarning":1,"maxError":1}	applied	same (0)	live door (blind here) + call	yes
259	complexity.npath	T0_none	(nothing)	class	B9_unknown_key	class:; no_such_option: 1	enabled,max-error,max-warning,threshold	{"enabled":false,"maxWarning":500,"maxError":1000}	3	0	{}	0	Configuration error: Option "noSuchOption" is not an option of rule "complexity.npath" at level "class". Options at that level: enabled, max-error, ma	{}			Qualimetrix\Analysis\Configuration\Contract\Refusal\ConfigurationRefusal: Option "noSuchOption" is not an option of rule "complexity.npath" at level "	{"no_such_option":1}	refused	refused	live door (refusal) + call	yes
260	complexity.npath	T1_threshold_value	threshold: 100000000	callable	B0_absent	(absent)	enabled,error,threshold,warning	{"enabled":true,"warning":200,"error":1000}	0	0	{}	0		{"enabled":true,"warning":100000000,"error":100000000}	True	False		{}	no-write	n/a (block writes nothing)	live door + call	yes
261	complexity.npath	T1_threshold_value	threshold: 100000000	callable	B1_tilde	callable: ~	enabled,error,threshold,warning	{"enabled":true,"warning":200,"error":1000}	0	0	{}	0		{"enabled":true,"warning":100000000,"error":100000000}	True	False		{}	no-write	n/a (block writes nothing)	live door + call	yes
262	complexity.npath	T1_threshold_value	threshold: 100000000	callable	B2_empty_map	callable: {}	enabled,error,threshold,warning	{"enabled":true,"warning":200,"error":1000}	0	0	{}	0		{"enabled":true,"warning":100000000,"error":100000000}	True	False		{}	no-write	n/a (block writes nothing)	live door + call	yes
263	complexity.npath	T1_threshold_value	threshold: 100000000	callable	B3_enabled_tilde	callable:; enabled: ~	enabled,error,threshold,warning	{"enabled":true,"warning":200,"error":1000}	0	0	{}	0		{"enabled":true,"warning":100000000,"error":100000000}	True	False		{"enabled":"~(null)"}	applied	same (0)	live door (blind here) + call	yes
264	complexity.npath	T1_threshold_value	threshold: 100000000	callable	B4_enabled_true	callable:; enabled: true	enabled,error,threshold,warning	{"enabled":true,"warning":200,"error":1000}	0	0	{}	0		{"enabled":true,"warning":100000000,"error":100000000}	True	False		{"enabled":true}	applied	same (0)	live door (blind here) + call	yes
265	complexity.npath	T1_threshold_value	threshold: 100000000	callable	B5_enabled_false	callable:; enabled: false	enabled,error,threshold,warning	{"enabled":true,"warning":200,"error":1000}	0	0	{}	0		{"enabled":true,"warning":100000000,"error":100000000}	True	False		{"enabled":false}	dropped	same (0)	live door (blind here) + call	yes
266	complexity.npath	T1_threshold_value	threshold: 100000000	callable	B6_half_band	callable:; warning: 1	enabled,error,threshold,warning	{"enabled":true,"warning":200,"error":1000}	0	0	{}	0		{"enabled":true,"warning":100000000,"error":100000000}	True	False		{"warning":1}	dropped	same (0)	live door (blind here) + call	yes
267	complexity.npath	T1_threshold_value	threshold: 100000000	callable	B7_full_band	callable:; warning: 1; error: 2	enabled,error,threshold,warning	{"enabled":true,"warning":200,"error":1000}	0	0	{}	0		{"enabled":true,"warning":100000000,"error":100000000}	True	False		{"warning":1,"error":2}	dropped	same (0)	live door (blind here) + call	yes
268	complexity.npath	T1_threshold_value	threshold: 100000000	callable	B8_threshold_in_block	callable:; threshold: 1	enabled,error,threshold,warning	{"enabled":true,"warning":200,"error":1000}	0	0	{}	0		{"enabled":true,"warning":100000000,"error":100000000}	True	False		{"warning":1,"error":1}	dropped	same (0)	live door (blind here) + call	yes
269	complexity.npath	T1_threshold_value	threshold: 100000000	callable	B9_unknown_key	callable:; no_such_option: 1	enabled,error,threshold,warning	{"enabled":true,"warning":200,"error":1000}	3	0	{}	0	Configuration error: Option "noSuchOption" is not an option of rule "complexity.npath" at level "callable". Options at that level: enabled, error, thr	{}			Qualimetrix\Analysis\Configuration\Contract\Refusal\ConfigurationRefusal: Option "noSuchOption" is not an option of rule "complexity.npath" at level "	{"no_such_option":1}	refused	refused	live door (refusal) + call	yes
270	complexity.npath	T1_threshold_value	threshold: 100000000	class	B0_absent	(absent)	enabled,max-error,max-warning,threshold	{"enabled":false,"maxWarning":500,"maxError":1000}	0	0	{}	0		{"enabled":false,"maxWarning":500,"maxError":1000}	False	True		{}	no-write	n/a (block writes nothing)	live door + call	yes
271	complexity.npath	T1_threshold_value	threshold: 100000000	class	B1_tilde	class: ~	enabled,max-error,max-warning,threshold	{"enabled":false,"maxWarning":500,"maxError":1000}	0	0	{}	0		{"enabled":false,"maxWarning":500,"maxError":1000}	False	True		{}	no-write	n/a (block writes nothing)	live door + call	yes
272	complexity.npath	T1_threshold_value	threshold: 100000000	class	B2_empty_map	class: {}	enabled,max-error,max-warning,threshold	{"enabled":false,"maxWarning":500,"maxError":1000}	0	0	{}	0		{"enabled":false,"maxWarning":500,"maxError":1000}	False	True		{}	no-write	n/a (block writes nothing)	live door + call	yes
273	complexity.npath	T1_threshold_value	threshold: 100000000	class	B3_enabled_tilde	class:; enabled: ~	enabled,max-error,max-warning,threshold	{"enabled":false,"maxWarning":500,"maxError":1000}	0	0	{}	0		{"enabled":false,"maxWarning":500,"maxError":1000}	False	True		{"enabled":"~(null)"}	applied	same (0)	live door (blind here) + call	yes
274	complexity.npath	T1_threshold_value	threshold: 100000000	class	B4_enabled_true	class:; enabled: true	enabled,max-error,max-warning,threshold	{"enabled":false,"maxWarning":500,"maxError":1000}	0	0	{}	0		{"enabled":false,"maxWarning":500,"maxError":1000}	False	True		{"enabled":true}	dropped	same (0)	live door (blind here) + call	yes
275	complexity.npath	T1_threshold_value	threshold: 100000000	class	B5_enabled_false	class:; enabled: false	enabled,max-error,max-warning,threshold	{"enabled":false,"maxWarning":500,"maxError":1000}	0	0	{}	0		{"enabled":false,"maxWarning":500,"maxError":1000}	False	True		{"enabled":false}	applied	same (0)	live door (blind here) + call	yes
276	complexity.npath	T1_threshold_value	threshold: 100000000	class	B6_half_band	class:; max_warning: 1	enabled,max-error,max-warning,threshold	{"enabled":false,"maxWarning":500,"maxError":1000}	0	0	{}	0		{"enabled":false,"maxWarning":500,"maxError":1000}	False	True		{"maxWarning":1}	dropped	same (0)	live door (blind here) + call	yes
277	complexity.npath	T1_threshold_value	threshold: 100000000	class	B7_full_band	class:; max_warning: 1; max_error: 2	enabled,max-error,max-warning,threshold	{"enabled":false,"maxWarning":500,"maxError":1000}	0	0	{}	0		{"enabled":false,"maxWarning":500,"maxError":1000}	False	True		{"maxWarning":1,"maxError":2}	dropped	same (0)	live door (blind here) + call	yes
278	complexity.npath	T1_threshold_value	threshold: 100000000	class	B8_threshold_in_block	class:; threshold: 1	enabled,max-error,max-warning,threshold	{"enabled":false,"maxWarning":500,"maxError":1000}	0	0	{}	0		{"enabled":false,"maxWarning":500,"maxError":1000}	False	True		{"maxWarning":1,"maxError":1}	dropped	same (0)	live door (blind here) + call	yes
279	complexity.npath	T1_threshold_value	threshold: 100000000	class	B9_unknown_key	class:; no_such_option: 1	enabled,max-error,max-warning,threshold	{"enabled":false,"maxWarning":500,"maxError":1000}	3	0	{}	0	Configuration error: Option "noSuchOption" is not an option of rule "complexity.npath" at level "class". Options at that level: enabled, max-error, ma	{}			Qualimetrix\Analysis\Configuration\Contract\Refusal\ConfigurationRefusal: Option "noSuchOption" is not an option of rule "complexity.npath" at level "	{"no_such_option":1}	refused	refused	live door (refusal) + call	yes
280	complexity.npath	T2_threshold_tilde	threshold: ~	callable	B0_absent	(absent)	enabled,error,threshold,warning	{"enabled":true,"warning":200,"error":1000}	2	1	{"error":1}	0		{"enabled":true,"warning":200,"error":1000}	True	False		{}	no-write	n/a (block writes nothing)	live door + call	yes
281	complexity.npath	T2_threshold_tilde	threshold: ~	callable	B1_tilde	callable: ~	enabled,error,threshold,warning	{"enabled":true,"warning":200,"error":1000}	2	1	{"error":1}	0		{"enabled":true,"warning":200,"error":1000}	True	False		{}	no-write	n/a (block writes nothing)	live door + call	yes
282	complexity.npath	T2_threshold_tilde	threshold: ~	callable	B2_empty_map	callable: {}	enabled,error,threshold,warning	{"enabled":true,"warning":200,"error":1000}	2	1	{"error":1}	0		{"enabled":true,"warning":200,"error":1000}	True	False		{}	no-write	n/a (block writes nothing)	live door + call	yes
283	complexity.npath	T2_threshold_tilde	threshold: ~	callable	B3_enabled_tilde	callable:; enabled: ~	enabled,error,threshold,warning	{"enabled":true,"warning":200,"error":1000}	2	1	{"error":1}	0		{"enabled":true,"warning":200,"error":1000}	True	False		{"enabled":"~(null)"}	applied	same (1)	live door (blind here) + call	yes
284	complexity.npath	T2_threshold_tilde	threshold: ~	callable	B4_enabled_true	callable:; enabled: true	enabled,error,threshold,warning	{"enabled":true,"warning":200,"error":1000}	2	1	{"error":1}	0		{"enabled":true,"warning":200,"error":1000}	True	False		{"enabled":true}	applied	same (1)	live door (blind here) + call	yes
285	complexity.npath	T2_threshold_tilde	threshold: ~	callable	B5_enabled_false	callable:; enabled: false	enabled,error,threshold,warning	{"enabled":true,"warning":200,"error":1000}	0	0	{}	0		{"enabled":false,"warning":200,"error":1000}	False	False		{"enabled":false}	applied	differs (0 vs 1)	live door + call	yes
286	complexity.npath	T2_threshold_tilde	threshold: ~	callable	B6_half_band	callable:; warning: 1	enabled,error,threshold,warning	{"enabled":true,"warning":200,"error":1000}	2	13	{"warning":12,"error":1}	0		{"enabled":true,"warning":1,"error":1000}	True	False		{"warning":1}	applied	differs (13 vs 1)	live door + call	yes
287	complexity.npath	T2_threshold_tilde	threshold: ~	callable	B7_full_band	callable:; warning: 1; error: 2	enabled,error,threshold,warning	{"enabled":true,"warning":200,"error":1000}	2	13	{"warning":11,"error":2}	0		{"enabled":true,"warning":1,"error":2}	True	False		{"warning":1,"error":2}	applied	differs (13 vs 1)	live door + call	yes
288	complexity.npath	T2_threshold_tilde	threshold: ~	callable	B8_threshold_in_block	callable:; threshold: 1	enabled,error,threshold,warning	{"enabled":true,"warning":200,"error":1000}	2	13	{"error":13}	0		{"enabled":true,"warning":1,"error":1}	True	False		{"warning":1,"error":1}	applied	differs (13 vs 1)	live door + call	yes
289	complexity.npath	T2_threshold_tilde	threshold: ~	callable	B9_unknown_key	callable:; no_such_option: 1	enabled,error,threshold,warning	{"enabled":true,"warning":200,"error":1000}	3	0	{}	0	Configuration error: Option "noSuchOption" is not an option of rule "complexity.npath" at level "callable". Options at that level: enabled, error, thr	{}			Qualimetrix\Analysis\Configuration\Contract\Refusal\ConfigurationRefusal: Option "noSuchOption" is not an option of rule "complexity.npath" at level "	{"no_such_option":1}	refused	refused	live door (refusal) + call	yes
290	complexity.npath	T2_threshold_tilde	threshold: ~	class	B0_absent	(absent)	enabled,max-error,max-warning,threshold	{"enabled":false,"maxWarning":500,"maxError":1000}	2	0	{}	1		{"enabled":false,"maxWarning":500,"maxError":1000}	False	True		{}	no-write	n/a (block writes nothing)	live door + call	yes
291	complexity.npath	T2_threshold_tilde	threshold: ~	class	B1_tilde	class: ~	enabled,max-error,max-warning,threshold	{"enabled":false,"maxWarning":500,"maxError":1000}	2	0	{}	1		{"enabled":false,"maxWarning":500,"maxError":1000}	False	True		{}	no-write	n/a (block writes nothing)	live door + call	yes
292	complexity.npath	T2_threshold_tilde	threshold: ~	class	B2_empty_map	class: {}	enabled,max-error,max-warning,threshold	{"enabled":false,"maxWarning":500,"maxError":1000}	2	0	{}	1		{"enabled":false,"maxWarning":500,"maxError":1000}	False	True		{}	no-write	n/a (block writes nothing)	live door + call	yes
293	complexity.npath	T2_threshold_tilde	threshold: ~	class	B3_enabled_tilde	class:; enabled: ~	enabled,max-error,max-warning,threshold	{"enabled":false,"maxWarning":500,"maxError":1000}	2	0	{}	1		{"enabled":false,"maxWarning":500,"maxError":1000}	False	True		{"enabled":"~(null)"}	applied	same (0)	live door (blind here) + call	yes
294	complexity.npath	T2_threshold_tilde	threshold: ~	class	B4_enabled_true	class:; enabled: true	enabled,max-error,max-warning,threshold	{"enabled":false,"maxWarning":500,"maxError":1000}	2	1	{"error":1}	1		{"enabled":true,"maxWarning":500,"maxError":1000}	True	True		{"enabled":true}	applied	differs (1 vs 0)	live door + call	yes
295	complexity.npath	T2_threshold_tilde	threshold: ~	class	B5_enabled_false	class:; enabled: false	enabled,max-error,max-warning,threshold	{"enabled":false,"maxWarning":500,"maxError":1000}	2	0	{}	1		{"enabled":false,"maxWarning":500,"maxError":1000}	False	True		{"enabled":false}	applied	same (0)	live door (blind here) + call	yes
296	complexity.npath	T2_threshold_tilde	threshold: ~	class	B6_half_band	class:; max_warning: 1	enabled,max-error,max-warning,threshold	{"enabled":false,"maxWarning":500,"maxError":1000}	2	0	{}	1		{"enabled":false,"maxWarning":1,"maxError":1000}	False	True		{"maxWarning":1}	applied	same (0)	live door (blind here) + call	yes
297	complexity.npath	T2_threshold_tilde	threshold: ~	class	B7_full_band	class:; max_warning: 1; max_error: 2	enabled,max-error,max-warning,threshold	{"enabled":false,"maxWarning":500,"maxError":1000}	2	0	{}	1		{"enabled":false,"maxWarning":1,"maxError":2}	False	True		{"maxWarning":1,"maxError":2}	applied	same (0)	live door (blind here) + call	yes
298	complexity.npath	T2_threshold_tilde	threshold: ~	class	B8_threshold_in_block	class:; threshold: 1	enabled,max-error,max-warning,threshold	{"enabled":false,"maxWarning":500,"maxError":1000}	2	0	{}	1		{"enabled":false,"maxWarning":1,"maxError":1}	False	True		{"maxWarning":1,"maxError":1}	applied	same (0)	live door (blind here) + call	yes
299	complexity.npath	T2_threshold_tilde	threshold: ~	class	B9_unknown_key	class:; no_such_option: 1	enabled,max-error,max-warning,threshold	{"enabled":false,"maxWarning":500,"maxError":1000}	3	0	{}	0	Configuration error: Option "noSuchOption" is not an option of rule "complexity.npath" at level "class". Options at that level: enabled, max-error, ma	{}			Qualimetrix\Analysis\Configuration\Contract\Refusal\ConfigurationRefusal: Option "noSuchOption" is not an option of rule "complexity.npath" at level "	{"no_such_option":1}	refused	refused	live door (refusal) + call	yes
300	complexity.npath	T3_top_graduated_pair	warning: 100000000; error: 200000000	callable	B0_absent	(absent)	enabled,error,threshold,warning	{"enabled":true,"warning":200,"error":1000}	3	0	{}	0	Configuration error: Option "warning" is not an option of rule "complexity.npath". Options here: callable, class, enabled, suppress-namespace-channels	{}			Qualimetrix\Analysis\Configuration\Contract\Refusal\ConfigurationRefusal: Option "warning" is not an option of rule "complexity.npath". Options here: 	{}	refused	refused	live door (refusal) + call	no (undeclared-key refusal probe)
301	complexity.npath	T3_top_graduated_pair	warning: 100000000; error: 200000000	callable	B1_tilde	callable: ~	enabled,error,threshold,warning	{"enabled":true,"warning":200,"error":1000}	3	0	{}	0	Configuration error: Option "warning" is not an option of rule "complexity.npath". Options here: callable, class, enabled, suppress-namespace-channels	{}			Qualimetrix\Analysis\Configuration\Contract\Refusal\ConfigurationRefusal: Option "warning" is not an option of rule "complexity.npath". Options here: 	{}	refused	refused	live door (refusal) + call	no (undeclared-key refusal probe)
302	complexity.npath	T3_top_graduated_pair	warning: 100000000; error: 200000000	callable	B2_empty_map	callable: {}	enabled,error,threshold,warning	{"enabled":true,"warning":200,"error":1000}	3	0	{}	0	Configuration error: Option "warning" is not an option of rule "complexity.npath". Options here: callable, class, enabled, suppress-namespace-channels	{}			Qualimetrix\Analysis\Configuration\Contract\Refusal\ConfigurationRefusal: Option "warning" is not an option of rule "complexity.npath". Options here: 	{}	refused	refused	live door (refusal) + call	no (undeclared-key refusal probe)
303	complexity.npath	T3_top_graduated_pair	warning: 100000000; error: 200000000	callable	B3_enabled_tilde	callable:; enabled: ~	enabled,error,threshold,warning	{"enabled":true,"warning":200,"error":1000}	3	0	{}	0	Configuration error: Option "warning" is not an option of rule "complexity.npath". Options here: callable, class, enabled, suppress-namespace-channels	{}			Qualimetrix\Analysis\Configuration\Contract\Refusal\ConfigurationRefusal: Option "warning" is not an option of rule "complexity.npath". Options here: 	{"enabled":"~(null)"}	refused	refused	live door (refusal) + call	no (undeclared-key refusal probe)
304	complexity.npath	T3_top_graduated_pair	warning: 100000000; error: 200000000	callable	B4_enabled_true	callable:; enabled: true	enabled,error,threshold,warning	{"enabled":true,"warning":200,"error":1000}	3	0	{}	0	Configuration error: Option "warning" is not an option of rule "complexity.npath". Options here: callable, class, enabled, suppress-namespace-channels	{}			Qualimetrix\Analysis\Configuration\Contract\Refusal\ConfigurationRefusal: Option "warning" is not an option of rule "complexity.npath". Options here: 	{"enabled":true}	refused	refused	live door (refusal) + call	no (undeclared-key refusal probe)
305	complexity.npath	T3_top_graduated_pair	warning: 100000000; error: 200000000	callable	B5_enabled_false	callable:; enabled: false	enabled,error,threshold,warning	{"enabled":true,"warning":200,"error":1000}	3	0	{}	0	Configuration error: Option "warning" is not an option of rule "complexity.npath". Options here: callable, class, enabled, suppress-namespace-channels	{}			Qualimetrix\Analysis\Configuration\Contract\Refusal\ConfigurationRefusal: Option "warning" is not an option of rule "complexity.npath". Options here: 	{"enabled":false}	refused	refused	live door (refusal) + call	no (undeclared-key refusal probe)
306	complexity.npath	T3_top_graduated_pair	warning: 100000000; error: 200000000	callable	B6_half_band	callable:; warning: 1	enabled,error,threshold,warning	{"enabled":true,"warning":200,"error":1000}	3	0	{}	0	Configuration error: Option "warning" is not an option of rule "complexity.npath". Options here: callable, class, enabled, suppress-namespace-channels	{}			Qualimetrix\Analysis\Configuration\Contract\Refusal\ConfigurationRefusal: Option "warning" is not an option of rule "complexity.npath". Options here: 	{"warning":1}	refused	refused	live door (refusal) + call	no (undeclared-key refusal probe)
307	complexity.npath	T3_top_graduated_pair	warning: 100000000; error: 200000000	callable	B7_full_band	callable:; warning: 1; error: 2	enabled,error,threshold,warning	{"enabled":true,"warning":200,"error":1000}	3	0	{}	0	Configuration error: Option "warning" is not an option of rule "complexity.npath". Options here: callable, class, enabled, suppress-namespace-channels	{}			Qualimetrix\Analysis\Configuration\Contract\Refusal\ConfigurationRefusal: Option "warning" is not an option of rule "complexity.npath". Options here: 	{"warning":1,"error":2}	refused	refused	live door (refusal) + call	no (undeclared-key refusal probe)
308	complexity.npath	T3_top_graduated_pair	warning: 100000000; error: 200000000	callable	B8_threshold_in_block	callable:; threshold: 1	enabled,error,threshold,warning	{"enabled":true,"warning":200,"error":1000}	3	0	{}	0	Configuration error: Option "warning" is not an option of rule "complexity.npath". Options here: callable, class, enabled, suppress-namespace-channels	{}			Qualimetrix\Analysis\Configuration\Contract\Refusal\ConfigurationRefusal: Option "warning" is not an option of rule "complexity.npath". Options here: 	{"warning":1,"error":1}	refused	refused	live door (refusal) + call	no (undeclared-key refusal probe)
309	complexity.npath	T3_top_graduated_pair	warning: 100000000; error: 200000000	callable	B9_unknown_key	callable:; no_such_option: 1	enabled,error,threshold,warning	{"enabled":true,"warning":200,"error":1000}	3	0	{}	0	Configuration error: Option "warning" is not an option of rule "complexity.npath". Options here: callable, class, enabled, suppress-namespace-channels	{}			Qualimetrix\Analysis\Configuration\Contract\Refusal\ConfigurationRefusal: Option "warning" is not an option of rule "complexity.npath". Options here: 	{"no_such_option":1}	refused	refused	live door (refusal) + call	no (undeclared-key refusal probe)
310	complexity.npath	T3_top_graduated_pair	warning: 100000000; error: 200000000	class	B0_absent	(absent)	enabled,max-error,max-warning,threshold	{"enabled":false,"maxWarning":500,"maxError":1000}	3	0	{}	0	Configuration error: Option "warning" is not an option of rule "complexity.npath". Options here: callable, class, enabled, suppress-namespace-channels	{}			Qualimetrix\Analysis\Configuration\Contract\Refusal\ConfigurationRefusal: Option "warning" is not an option of rule "complexity.npath". Options here: 	{}	refused	refused	live door (refusal) + call	no (undeclared-key refusal probe)
311	complexity.npath	T3_top_graduated_pair	warning: 100000000; error: 200000000	class	B1_tilde	class: ~	enabled,max-error,max-warning,threshold	{"enabled":false,"maxWarning":500,"maxError":1000}	3	0	{}	0	Configuration error: Option "warning" is not an option of rule "complexity.npath". Options here: callable, class, enabled, suppress-namespace-channels	{}			Qualimetrix\Analysis\Configuration\Contract\Refusal\ConfigurationRefusal: Option "warning" is not an option of rule "complexity.npath". Options here: 	{}	refused	refused	live door (refusal) + call	no (undeclared-key refusal probe)
312	complexity.npath	T3_top_graduated_pair	warning: 100000000; error: 200000000	class	B2_empty_map	class: {}	enabled,max-error,max-warning,threshold	{"enabled":false,"maxWarning":500,"maxError":1000}	3	0	{}	0	Configuration error: Option "warning" is not an option of rule "complexity.npath". Options here: callable, class, enabled, suppress-namespace-channels	{}			Qualimetrix\Analysis\Configuration\Contract\Refusal\ConfigurationRefusal: Option "warning" is not an option of rule "complexity.npath". Options here: 	{}	refused	refused	live door (refusal) + call	no (undeclared-key refusal probe)
313	complexity.npath	T3_top_graduated_pair	warning: 100000000; error: 200000000	class	B3_enabled_tilde	class:; enabled: ~	enabled,max-error,max-warning,threshold	{"enabled":false,"maxWarning":500,"maxError":1000}	3	0	{}	0	Configuration error: Option "warning" is not an option of rule "complexity.npath". Options here: callable, class, enabled, suppress-namespace-channels	{}			Qualimetrix\Analysis\Configuration\Contract\Refusal\ConfigurationRefusal: Option "warning" is not an option of rule "complexity.npath". Options here: 	{"enabled":"~(null)"}	refused	refused	live door (refusal) + call	no (undeclared-key refusal probe)
314	complexity.npath	T3_top_graduated_pair	warning: 100000000; error: 200000000	class	B4_enabled_true	class:; enabled: true	enabled,max-error,max-warning,threshold	{"enabled":false,"maxWarning":500,"maxError":1000}	3	0	{}	0	Configuration error: Option "warning" is not an option of rule "complexity.npath". Options here: callable, class, enabled, suppress-namespace-channels	{}			Qualimetrix\Analysis\Configuration\Contract\Refusal\ConfigurationRefusal: Option "warning" is not an option of rule "complexity.npath". Options here: 	{"enabled":true}	refused	refused	live door (refusal) + call	no (undeclared-key refusal probe)
315	complexity.npath	T3_top_graduated_pair	warning: 100000000; error: 200000000	class	B5_enabled_false	class:; enabled: false	enabled,max-error,max-warning,threshold	{"enabled":false,"maxWarning":500,"maxError":1000}	3	0	{}	0	Configuration error: Option "warning" is not an option of rule "complexity.npath". Options here: callable, class, enabled, suppress-namespace-channels	{}			Qualimetrix\Analysis\Configuration\Contract\Refusal\ConfigurationRefusal: Option "warning" is not an option of rule "complexity.npath". Options here: 	{"enabled":false}	refused	refused	live door (refusal) + call	no (undeclared-key refusal probe)
316	complexity.npath	T3_top_graduated_pair	warning: 100000000; error: 200000000	class	B6_half_band	class:; max_warning: 1	enabled,max-error,max-warning,threshold	{"enabled":false,"maxWarning":500,"maxError":1000}	3	0	{}	0	Configuration error: Option "warning" is not an option of rule "complexity.npath". Options here: callable, class, enabled, suppress-namespace-channels	{}			Qualimetrix\Analysis\Configuration\Contract\Refusal\ConfigurationRefusal: Option "warning" is not an option of rule "complexity.npath". Options here: 	{"maxWarning":1}	refused	refused	live door (refusal) + call	no (undeclared-key refusal probe)
317	complexity.npath	T3_top_graduated_pair	warning: 100000000; error: 200000000	class	B7_full_band	class:; max_warning: 1; max_error: 2	enabled,max-error,max-warning,threshold	{"enabled":false,"maxWarning":500,"maxError":1000}	3	0	{}	0	Configuration error: Option "warning" is not an option of rule "complexity.npath". Options here: callable, class, enabled, suppress-namespace-channels	{}			Qualimetrix\Analysis\Configuration\Contract\Refusal\ConfigurationRefusal: Option "warning" is not an option of rule "complexity.npath". Options here: 	{"maxWarning":1,"maxError":2}	refused	refused	live door (refusal) + call	no (undeclared-key refusal probe)
318	complexity.npath	T3_top_graduated_pair	warning: 100000000; error: 200000000	class	B8_threshold_in_block	class:; threshold: 1	enabled,max-error,max-warning,threshold	{"enabled":false,"maxWarning":500,"maxError":1000}	3	0	{}	0	Configuration error: Option "warning" is not an option of rule "complexity.npath". Options here: callable, class, enabled, suppress-namespace-channels	{}			Qualimetrix\Analysis\Configuration\Contract\Refusal\ConfigurationRefusal: Option "warning" is not an option of rule "complexity.npath". Options here: 	{"maxWarning":1,"maxError":1}	refused	refused	live door (refusal) + call	no (undeclared-key refusal probe)
319	complexity.npath	T3_top_graduated_pair	warning: 100000000; error: 200000000	class	B9_unknown_key	class:; no_such_option: 1	enabled,max-error,max-warning,threshold	{"enabled":false,"maxWarning":500,"maxError":1000}	3	0	{}	0	Configuration error: Option "warning" is not an option of rule "complexity.npath". Options here: callable, class, enabled, suppress-namespace-channels	{}			Qualimetrix\Analysis\Configuration\Contract\Refusal\ConfigurationRefusal: Option "warning" is not an option of rule "complexity.npath". Options here: 	{"no_such_option":1}	refused	refused	live door (refusal) + call	no (undeclared-key refusal probe)
320	complexity.npath	T4_enabled_false	enabled: false	callable	B0_absent	(absent)	enabled,error,threshold,warning	{"enabled":true,"warning":200,"error":1000}	0	0	{}	0		{"enabled":false,"warning":200,"error":1000}	False	False		{}	no-write	n/a (block writes nothing)	live door + call	yes
321	complexity.npath	T4_enabled_false	enabled: false	callable	B1_tilde	callable: ~	enabled,error,threshold,warning	{"enabled":true,"warning":200,"error":1000}	0	0	{}	0		{"enabled":false,"warning":200,"error":1000}	False	False		{}	no-write	n/a (block writes nothing)	live door + call	yes
322	complexity.npath	T4_enabled_false	enabled: false	callable	B2_empty_map	callable: {}	enabled,error,threshold,warning	{"enabled":true,"warning":200,"error":1000}	0	0	{}	0		{"enabled":false,"warning":200,"error":1000}	False	False		{}	no-write	n/a (block writes nothing)	live door + call	yes
323	complexity.npath	T4_enabled_false	enabled: false	callable	B3_enabled_tilde	callable:; enabled: ~	enabled,error,threshold,warning	{"enabled":true,"warning":200,"error":1000}	0	0	{}	0		{"enabled":false,"warning":200,"error":1000}	False	False		{"enabled":"~(null)"}	dropped	same (0)	live door (blind here) + call	yes
324	complexity.npath	T4_enabled_false	enabled: false	callable	B4_enabled_true	callable:; enabled: true	enabled,error,threshold,warning	{"enabled":true,"warning":200,"error":1000}	0	0	{}	0		{"enabled":false,"warning":200,"error":1000}	False	False		{"enabled":true}	dropped	same (0)	live door (blind here) + call	yes
325	complexity.npath	T4_enabled_false	enabled: false	callable	B5_enabled_false	callable:; enabled: false	enabled,error,threshold,warning	{"enabled":true,"warning":200,"error":1000}	0	0	{}	0		{"enabled":false,"warning":200,"error":1000}	False	False		{"enabled":false}	applied	same (0)	live door (blind here) + call	yes
326	complexity.npath	T4_enabled_false	enabled: false	callable	B6_half_band	callable:; warning: 1	enabled,error,threshold,warning	{"enabled":true,"warning":200,"error":1000}	0	0	{}	0		{"enabled":false,"warning":200,"error":1000}	False	False		{"warning":1}	dropped	same (0)	live door (blind here) + call	yes
327	complexity.npath	T4_enabled_false	enabled: false	callable	B7_full_band	callable:; warning: 1; error: 2	enabled,error,threshold,warning	{"enabled":true,"warning":200,"error":1000}	0	0	{}	0		{"enabled":false,"warning":200,"error":1000}	False	False		{"warning":1,"error":2}	dropped	same (0)	live door (blind here) + call	yes
328	complexity.npath	T4_enabled_false	enabled: false	callable	B8_threshold_in_block	callable:; threshold: 1	enabled,error,threshold,warning	{"enabled":true,"warning":200,"error":1000}	0	0	{}	0		{"enabled":false,"warning":200,"error":1000}	False	False		{"warning":1,"error":1}	dropped	same (0)	live door (blind here) + call	yes
329	complexity.npath	T4_enabled_false	enabled: false	callable	B9_unknown_key	callable:; no_such_option: 1	enabled,error,threshold,warning	{"enabled":true,"warning":200,"error":1000}	3	0	{}	0	Configuration error: Option "noSuchOption" is not an option of rule "complexity.npath" at level "callable". Options at that level: enabled, error, thr	{}			Qualimetrix\Analysis\Configuration\Contract\Refusal\ConfigurationRefusal: Option "noSuchOption" is not an option of rule "complexity.npath" at level "	{"no_such_option":1}	refused	refused	live door (refusal) + call	yes
330	complexity.npath	T4_enabled_false	enabled: false	class	B0_absent	(absent)	enabled,max-error,max-warning,threshold	{"enabled":false,"maxWarning":500,"maxError":1000}	0	0	{}	0		{"enabled":false,"maxWarning":500,"maxError":1000}	False	False		{}	no-write	n/a (block writes nothing)	live door + call	yes
331	complexity.npath	T4_enabled_false	enabled: false	class	B1_tilde	class: ~	enabled,max-error,max-warning,threshold	{"enabled":false,"maxWarning":500,"maxError":1000}	0	0	{}	0		{"enabled":false,"maxWarning":500,"maxError":1000}	False	False		{}	no-write	n/a (block writes nothing)	live door + call	yes
332	complexity.npath	T4_enabled_false	enabled: false	class	B2_empty_map	class: {}	enabled,max-error,max-warning,threshold	{"enabled":false,"maxWarning":500,"maxError":1000}	0	0	{}	0		{"enabled":false,"maxWarning":500,"maxError":1000}	False	False		{}	no-write	n/a (block writes nothing)	live door + call	yes
333	complexity.npath	T4_enabled_false	enabled: false	class	B3_enabled_tilde	class:; enabled: ~	enabled,max-error,max-warning,threshold	{"enabled":false,"maxWarning":500,"maxError":1000}	0	0	{}	0		{"enabled":false,"maxWarning":500,"maxError":1000}	False	False		{"enabled":"~(null)"}	applied	same (0)	live door (blind here) + call	yes
334	complexity.npath	T4_enabled_false	enabled: false	class	B4_enabled_true	class:; enabled: true	enabled,max-error,max-warning,threshold	{"enabled":false,"maxWarning":500,"maxError":1000}	0	0	{}	0		{"enabled":false,"maxWarning":500,"maxError":1000}	False	False		{"enabled":true}	dropped	same (0)	live door (blind here) + call	yes
335	complexity.npath	T4_enabled_false	enabled: false	class	B5_enabled_false	class:; enabled: false	enabled,max-error,max-warning,threshold	{"enabled":false,"maxWarning":500,"maxError":1000}	0	0	{}	0		{"enabled":false,"maxWarning":500,"maxError":1000}	False	False		{"enabled":false}	applied	same (0)	live door (blind here) + call	yes
336	complexity.npath	T4_enabled_false	enabled: false	class	B6_half_band	class:; max_warning: 1	enabled,max-error,max-warning,threshold	{"enabled":false,"maxWarning":500,"maxError":1000}	0	0	{}	0		{"enabled":false,"maxWarning":500,"maxError":1000}	False	False		{"maxWarning":1}	dropped	same (0)	live door (blind here) + call	yes
337	complexity.npath	T4_enabled_false	enabled: false	class	B7_full_band	class:; max_warning: 1; max_error: 2	enabled,max-error,max-warning,threshold	{"enabled":false,"maxWarning":500,"maxError":1000}	0	0	{}	0		{"enabled":false,"maxWarning":500,"maxError":1000}	False	False		{"maxWarning":1,"maxError":2}	dropped	same (0)	live door (blind here) + call	yes
338	complexity.npath	T4_enabled_false	enabled: false	class	B8_threshold_in_block	class:; threshold: 1	enabled,max-error,max-warning,threshold	{"enabled":false,"maxWarning":500,"maxError":1000}	0	0	{}	0		{"enabled":false,"maxWarning":500,"maxError":1000}	False	False		{"maxWarning":1,"maxError":1}	dropped	same (0)	live door (blind here) + call	yes
339	complexity.npath	T4_enabled_false	enabled: false	class	B9_unknown_key	class:; no_such_option: 1	enabled,max-error,max-warning,threshold	{"enabled":false,"maxWarning":500,"maxError":1000}	3	0	{}	0	Configuration error: Option "noSuchOption" is not an option of rule "complexity.npath" at level "class". Options at that level: enabled, max-error, ma	{}			Qualimetrix\Analysis\Configuration\Contract\Refusal\ConfigurationRefusal: Option "noSuchOption" is not an option of rule "complexity.npath" at level "	{"no_such_option":1}	refused	refused	live door (refusal) + call	yes
340	complexity.npath	T5_enabled_true	enabled: true	callable	B0_absent	(absent)	enabled,error,threshold,warning	{"enabled":true,"warning":200,"error":1000}	2	1	{"error":1}	0		{"enabled":true,"warning":200,"error":1000}	True	False		{}	no-write	n/a (block writes nothing)	live door + call	yes
341	complexity.npath	T5_enabled_true	enabled: true	callable	B1_tilde	callable: ~	enabled,error,threshold,warning	{"enabled":true,"warning":200,"error":1000}	2	1	{"error":1}	0		{"enabled":true,"warning":200,"error":1000}	True	False		{}	no-write	n/a (block writes nothing)	live door + call	yes
342	complexity.npath	T5_enabled_true	enabled: true	callable	B2_empty_map	callable: {}	enabled,error,threshold,warning	{"enabled":true,"warning":200,"error":1000}	2	1	{"error":1}	0		{"enabled":true,"warning":200,"error":1000}	True	False		{}	no-write	n/a (block writes nothing)	live door + call	yes
343	complexity.npath	T5_enabled_true	enabled: true	callable	B3_enabled_tilde	callable:; enabled: ~	enabled,error,threshold,warning	{"enabled":true,"warning":200,"error":1000}	2	1	{"error":1}	0		{"enabled":true,"warning":200,"error":1000}	True	False		{"enabled":"~(null)"}	applied	same (1)	live door (blind here) + call	yes
344	complexity.npath	T5_enabled_true	enabled: true	callable	B4_enabled_true	callable:; enabled: true	enabled,error,threshold,warning	{"enabled":true,"warning":200,"error":1000}	2	1	{"error":1}	0		{"enabled":true,"warning":200,"error":1000}	True	False		{"enabled":true}	applied	same (1)	live door (blind here) + call	yes
345	complexity.npath	T5_enabled_true	enabled: true	callable	B5_enabled_false	callable:; enabled: false	enabled,error,threshold,warning	{"enabled":true,"warning":200,"error":1000}	0	0	{}	0		{"enabled":false,"warning":200,"error":1000}	False	False		{"enabled":false}	applied	differs (0 vs 1)	live door + call	yes
346	complexity.npath	T5_enabled_true	enabled: true	callable	B6_half_band	callable:; warning: 1	enabled,error,threshold,warning	{"enabled":true,"warning":200,"error":1000}	2	13	{"warning":12,"error":1}	0		{"enabled":true,"warning":1,"error":1000}	True	False		{"warning":1}	applied	differs (13 vs 1)	live door + call	yes
347	complexity.npath	T5_enabled_true	enabled: true	callable	B7_full_band	callable:; warning: 1; error: 2	enabled,error,threshold,warning	{"enabled":true,"warning":200,"error":1000}	2	13	{"warning":11,"error":2}	0		{"enabled":true,"warning":1,"error":2}	True	False		{"warning":1,"error":2}	applied	differs (13 vs 1)	live door + call	yes
348	complexity.npath	T5_enabled_true	enabled: true	callable	B8_threshold_in_block	callable:; threshold: 1	enabled,error,threshold,warning	{"enabled":true,"warning":200,"error":1000}	2	13	{"error":13}	0		{"enabled":true,"warning":1,"error":1}	True	False		{"warning":1,"error":1}	applied	differs (13 vs 1)	live door + call	yes
349	complexity.npath	T5_enabled_true	enabled: true	callable	B9_unknown_key	callable:; no_such_option: 1	enabled,error,threshold,warning	{"enabled":true,"warning":200,"error":1000}	3	0	{}	0	Configuration error: Option "noSuchOption" is not an option of rule "complexity.npath" at level "callable". Options at that level: enabled, error, thr	{}			Qualimetrix\Analysis\Configuration\Contract\Refusal\ConfigurationRefusal: Option "noSuchOption" is not an option of rule "complexity.npath" at level "	{"no_such_option":1}	refused	refused	live door (refusal) + call	yes
350	complexity.npath	T5_enabled_true	enabled: true	class	B0_absent	(absent)	enabled,max-error,max-warning,threshold	{"enabled":false,"maxWarning":500,"maxError":1000}	2	0	{}	1		{"enabled":false,"maxWarning":500,"maxError":1000}	False	True		{}	no-write	n/a (block writes nothing)	live door + call	yes
351	complexity.npath	T5_enabled_true	enabled: true	class	B1_tilde	class: ~	enabled,max-error,max-warning,threshold	{"enabled":false,"maxWarning":500,"maxError":1000}	2	0	{}	1		{"enabled":false,"maxWarning":500,"maxError":1000}	False	True		{}	no-write	n/a (block writes nothing)	live door + call	yes
352	complexity.npath	T5_enabled_true	enabled: true	class	B2_empty_map	class: {}	enabled,max-error,max-warning,threshold	{"enabled":false,"maxWarning":500,"maxError":1000}	2	0	{}	1		{"enabled":false,"maxWarning":500,"maxError":1000}	False	True		{}	no-write	n/a (block writes nothing)	live door + call	yes
353	complexity.npath	T5_enabled_true	enabled: true	class	B3_enabled_tilde	class:; enabled: ~	enabled,max-error,max-warning,threshold	{"enabled":false,"maxWarning":500,"maxError":1000}	2	0	{}	1		{"enabled":false,"maxWarning":500,"maxError":1000}	False	True		{"enabled":"~(null)"}	applied	same (0)	live door (blind here) + call	yes
354	complexity.npath	T5_enabled_true	enabled: true	class	B4_enabled_true	class:; enabled: true	enabled,max-error,max-warning,threshold	{"enabled":false,"maxWarning":500,"maxError":1000}	2	1	{"error":1}	1		{"enabled":true,"maxWarning":500,"maxError":1000}	True	True		{"enabled":true}	applied	differs (1 vs 0)	live door + call	yes
355	complexity.npath	T5_enabled_true	enabled: true	class	B5_enabled_false	class:; enabled: false	enabled,max-error,max-warning,threshold	{"enabled":false,"maxWarning":500,"maxError":1000}	2	0	{}	1		{"enabled":false,"maxWarning":500,"maxError":1000}	False	True		{"enabled":false}	applied	same (0)	live door (blind here) + call	yes
356	complexity.npath	T5_enabled_true	enabled: true	class	B6_half_band	class:; max_warning: 1	enabled,max-error,max-warning,threshold	{"enabled":false,"maxWarning":500,"maxError":1000}	2	0	{}	1		{"enabled":false,"maxWarning":1,"maxError":1000}	False	True		{"maxWarning":1}	applied	same (0)	live door (blind here) + call	yes
357	complexity.npath	T5_enabled_true	enabled: true	class	B7_full_band	class:; max_warning: 1; max_error: 2	enabled,max-error,max-warning,threshold	{"enabled":false,"maxWarning":500,"maxError":1000}	2	0	{}	1		{"enabled":false,"maxWarning":1,"maxError":2}	False	True		{"maxWarning":1,"maxError":2}	applied	same (0)	live door (blind here) + call	yes
358	complexity.npath	T5_enabled_true	enabled: true	class	B8_threshold_in_block	class:; threshold: 1	enabled,max-error,max-warning,threshold	{"enabled":false,"maxWarning":500,"maxError":1000}	2	0	{}	1		{"enabled":false,"maxWarning":1,"maxError":1}	False	True		{"maxWarning":1,"maxError":1}	applied	same (0)	live door (blind here) + call	yes
359	complexity.npath	T5_enabled_true	enabled: true	class	B9_unknown_key	class:; no_such_option: 1	enabled,max-error,max-warning,threshold	{"enabled":false,"maxWarning":500,"maxError":1000}	3	0	{}	0	Configuration error: Option "noSuchOption" is not an option of rule "complexity.npath" at level "class". Options at that level: enabled, max-error, ma	{}			Qualimetrix\Analysis\Configuration\Contract\Refusal\ConfigurationRefusal: Option "noSuchOption" is not an option of rule "complexity.npath" at level "	{"no_such_option":1}	refused	refused	live door (refusal) + call	yes
360	coupling.cbo	T0_none	(nothing)	class	B0_absent	(absent)	enabled,error,scope,threshold,warning	{"enabled":true,"warning":14,"error":20,"scope":"all"}	0	0	{}	0		{"enabled":true,"warning":14,"error":20,"scope":"all"}	True	True		{}	no-write	n/a (block writes nothing)	live door + call	yes
361	coupling.cbo	T0_none	(nothing)	class	B1_tilde	class: ~	enabled,error,scope,threshold,warning	{"enabled":true,"warning":14,"error":20,"scope":"all"}	0	0	{}	0		{"enabled":true,"warning":14,"error":20,"scope":"all"}	True	True		{}	no-write	n/a (block writes nothing)	live door + call	yes
362	coupling.cbo	T0_none	(nothing)	class	B2_empty_map	class: {}	enabled,error,scope,threshold,warning	{"enabled":true,"warning":14,"error":20,"scope":"all"}	0	0	{}	0		{"enabled":true,"warning":14,"error":20,"scope":"all"}	True	True		{}	no-write	n/a (block writes nothing)	live door + call	yes
363	coupling.cbo	T0_none	(nothing)	class	B3_enabled_tilde	class:; enabled: ~	enabled,error,scope,threshold,warning	{"enabled":true,"warning":14,"error":20,"scope":"all"}	0	0	{}	0		{"enabled":true,"warning":14,"error":20,"scope":"all"}	True	True		{"enabled":"~(null)"}	applied	same (0)	live door (blind here) + call	yes
364	coupling.cbo	T0_none	(nothing)	class	B4_enabled_true	class:; enabled: true	enabled,error,scope,threshold,warning	{"enabled":true,"warning":14,"error":20,"scope":"all"}	0	0	{}	0		{"enabled":true,"warning":14,"error":20,"scope":"all"}	True	True		{"enabled":true}	applied	same (0)	live door (blind here) + call	yes
365	coupling.cbo	T0_none	(nothing)	class	B5_enabled_false	class:; enabled: false	enabled,error,scope,threshold,warning	{"enabled":true,"warning":14,"error":20,"scope":"all"}	0	0	{}	0		{"enabled":false,"warning":14,"error":20,"scope":"all"}	False	True		{"enabled":false}	applied	same (0)	live door (blind here) + call	yes
366	coupling.cbo	T0_none	(nothing)	class	B6_half_band	class:; warning: 1	enabled,error,scope,threshold,warning	{"enabled":true,"warning":14,"error":20,"scope":"all"}	0	10	{"warning":10}	0		{"enabled":true,"warning":1,"error":20,"scope":"all"}	True	True		{"warning":1}	applied	differs (10 vs 0)	live door + call	yes
367	coupling.cbo	T0_none	(nothing)	class	B7_full_band	class:; warning: 1; error: 2	enabled,error,scope,threshold,warning	{"enabled":true,"warning":14,"error":20,"scope":"all"}	2	10	{"error":6,"warning":4}	0		{"enabled":true,"warning":1,"error":2,"scope":"all"}	True	True		{"warning":1,"error":2}	applied	differs (10 vs 0)	live door + call	yes
368	coupling.cbo	T0_none	(nothing)	class	B8_threshold_in_block	class:; threshold: 1	enabled,error,scope,threshold,warning	{"enabled":true,"warning":14,"error":20,"scope":"all"}	2	10	{"error":10}	0		{"enabled":true,"warning":1,"error":1,"scope":"all"}	True	True		{"warning":1,"error":1}	applied	differs (10 vs 0)	live door + call	yes
369	coupling.cbo	T0_none	(nothing)	class	B9_unknown_key	class:; no_such_option: 1	enabled,error,scope,threshold,warning	{"enabled":true,"warning":14,"error":20,"scope":"all"}	3	0	{}	0	Configuration error: Option "noSuchOption" is not an option of rule "coupling.cbo" at level "class". Options at that level: enabled, error, scope, thr	{}			Qualimetrix\Analysis\Configuration\Contract\Refusal\ConfigurationRefusal: Option "noSuchOption" is not an option of rule "coupling.cbo" at level "clas	{"no_such_option":1}	refused	refused	live door (refusal) + call	yes
370	coupling.cbo	T0_none	(nothing)	namespace	B0_absent	(absent)	enabled,error,min-class-count,threshold,warning	{"enabled":true,"warning":14,"error":20,"minClassCount":3}	0	0	{}	0		{"enabled":true,"warning":14,"error":20,"minClassCount":3}	True	True		{}	no-write	n/a (block writes nothing)	live door + call	yes
371	coupling.cbo	T0_none	(nothing)	namespace	B1_tilde	namespace: ~	enabled,error,min-class-count,threshold,warning	{"enabled":true,"warning":14,"error":20,"minClassCount":3}	0	0	{}	0		{"enabled":true,"warning":14,"error":20,"minClassCount":3}	True	True		{}	no-write	n/a (block writes nothing)	live door + call	yes
372	coupling.cbo	T0_none	(nothing)	namespace	B2_empty_map	namespace: {}	enabled,error,min-class-count,threshold,warning	{"enabled":true,"warning":14,"error":20,"minClassCount":3}	0	0	{}	0		{"enabled":true,"warning":14,"error":20,"minClassCount":3}	True	True		{}	no-write	n/a (block writes nothing)	live door + call	yes
373	coupling.cbo	T0_none	(nothing)	namespace	B3_enabled_tilde	namespace:; enabled: ~	enabled,error,min-class-count,threshold,warning	{"enabled":true,"warning":14,"error":20,"minClassCount":3}	0	0	{}	0		{"enabled":true,"warning":14,"error":20,"minClassCount":3}	True	True		{"enabled":"~(null)"}	applied	same (0)	live door (blind here) + call	yes
374	coupling.cbo	T0_none	(nothing)	namespace	B4_enabled_true	namespace:; enabled: true	enabled,error,min-class-count,threshold,warning	{"enabled":true,"warning":14,"error":20,"minClassCount":3}	0	0	{}	0		{"enabled":true,"warning":14,"error":20,"minClassCount":3}	True	True		{"enabled":true}	applied	same (0)	live door (blind here) + call	yes
375	coupling.cbo	T0_none	(nothing)	namespace	B5_enabled_false	namespace:; enabled: false	enabled,error,min-class-count,threshold,warning	{"enabled":true,"warning":14,"error":20,"minClassCount":3}	0	0	{}	0		{"enabled":false,"warning":14,"error":20,"minClassCount":3}	False	True		{"enabled":false}	applied	same (0)	live door (blind here) + call	yes
376	coupling.cbo	T0_none	(nothing)	namespace	B6_half_band	namespace:; warning: 1	enabled,error,min-class-count,threshold,warning	{"enabled":true,"warning":14,"error":20,"minClassCount":3}	0	3	{"warning":3}	0		{"enabled":true,"warning":1,"error":20,"minClassCount":3}	True	True		{"warning":1}	applied	differs (3 vs 0)	live door + call	yes
377	coupling.cbo	T0_none	(nothing)	namespace	B7_full_band	namespace:; warning: 1; error: 2	enabled,error,min-class-count,threshold,warning	{"enabled":true,"warning":14,"error":20,"minClassCount":3}	2	3	{"warning":2,"error":1}	0		{"enabled":true,"warning":1,"error":2,"minClassCount":3}	True	True		{"warning":1,"error":2}	applied	differs (3 vs 0)	live door + call	yes
378	coupling.cbo	T0_none	(nothing)	namespace	B8_threshold_in_block	namespace:; threshold: 1	enabled,error,min-class-count,threshold,warning	{"enabled":true,"warning":14,"error":20,"minClassCount":3}	2	3	{"error":3}	0		{"enabled":true,"warning":1,"error":1,"minClassCount":3}	True	True		{"warning":1,"error":1}	applied	differs (3 vs 0)	live door + call	yes
379	coupling.cbo	T0_none	(nothing)	namespace	B9_unknown_key	namespace:; no_such_option: 1	enabled,error,min-class-count,threshold,warning	{"enabled":true,"warning":14,"error":20,"minClassCount":3}	3	0	{}	0	Configuration error: Option "noSuchOption" is not an option of rule "coupling.cbo" at level "namespace". Options at that level: enabled, error, min-cl	{}			Qualimetrix\Analysis\Configuration\Contract\Refusal\ConfigurationRefusal: Option "noSuchOption" is not an option of rule "coupling.cbo" at level "name	{"no_such_option":1}	refused	refused	live door (refusal) + call	yes
380	coupling.cbo	T1_threshold_value	threshold: 500	class	B0_absent	(absent)	enabled,error,scope,threshold,warning	{"enabled":true,"warning":14,"error":20,"scope":"all"}	0	0	{}	0		{"enabled":true,"warning":500,"error":500,"scope":"all"}	True	True		{}	no-write	n/a (block writes nothing)	live door + call	yes
381	coupling.cbo	T1_threshold_value	threshold: 500	class	B1_tilde	class: ~	enabled,error,scope,threshold,warning	{"enabled":true,"warning":14,"error":20,"scope":"all"}	0	0	{}	0		{"enabled":true,"warning":500,"error":500,"scope":"all"}	True	True		{}	no-write	n/a (block writes nothing)	live door + call	yes
382	coupling.cbo	T1_threshold_value	threshold: 500	class	B2_empty_map	class: {}	enabled,error,scope,threshold,warning	{"enabled":true,"warning":14,"error":20,"scope":"all"}	0	0	{}	0		{"enabled":true,"warning":500,"error":500,"scope":"all"}	True	True		{}	no-write	n/a (block writes nothing)	live door + call	yes
383	coupling.cbo	T1_threshold_value	threshold: 500	class	B3_enabled_tilde	class:; enabled: ~	enabled,error,scope,threshold,warning	{"enabled":true,"warning":14,"error":20,"scope":"all"}	0	0	{}	0		{"enabled":true,"warning":500,"error":500,"scope":"all"}	True	True		{"enabled":"~(null)"}	applied	same (0)	live door (blind here) + call	yes
384	coupling.cbo	T1_threshold_value	threshold: 500	class	B4_enabled_true	class:; enabled: true	enabled,error,scope,threshold,warning	{"enabled":true,"warning":14,"error":20,"scope":"all"}	0	0	{}	0		{"enabled":true,"warning":500,"error":500,"scope":"all"}	True	True		{"enabled":true}	applied	same (0)	live door (blind here) + call	yes
385	coupling.cbo	T1_threshold_value	threshold: 500	class	B5_enabled_false	class:; enabled: false	enabled,error,scope,threshold,warning	{"enabled":true,"warning":14,"error":20,"scope":"all"}	0	0	{}	0		{"enabled":true,"warning":500,"error":500,"scope":"all"}	True	True		{"enabled":false}	dropped	same (0)	live door (blind here) + call	yes
386	coupling.cbo	T1_threshold_value	threshold: 500	class	B6_half_band	class:; warning: 1	enabled,error,scope,threshold,warning	{"enabled":true,"warning":14,"error":20,"scope":"all"}	0	0	{}	0		{"enabled":true,"warning":500,"error":500,"scope":"all"}	True	True		{"warning":1}	dropped	same (0)	live door (blind here) + call	yes
387	coupling.cbo	T1_threshold_value	threshold: 500	class	B7_full_band	class:; warning: 1; error: 2	enabled,error,scope,threshold,warning	{"enabled":true,"warning":14,"error":20,"scope":"all"}	0	0	{}	0		{"enabled":true,"warning":500,"error":500,"scope":"all"}	True	True		{"warning":1,"error":2}	dropped	same (0)	live door (blind here) + call	yes
388	coupling.cbo	T1_threshold_value	threshold: 500	class	B8_threshold_in_block	class:; threshold: 1	enabled,error,scope,threshold,warning	{"enabled":true,"warning":14,"error":20,"scope":"all"}	0	0	{}	0		{"enabled":true,"warning":500,"error":500,"scope":"all"}	True	True		{"warning":1,"error":1}	dropped	same (0)	live door (blind here) + call	yes
389	coupling.cbo	T1_threshold_value	threshold: 500	class	B9_unknown_key	class:; no_such_option: 1	enabled,error,scope,threshold,warning	{"enabled":true,"warning":14,"error":20,"scope":"all"}	3	0	{}	0	Configuration error: Option "noSuchOption" is not an option of rule "coupling.cbo" at level "class". Options at that level: enabled, error, scope, thr	{}			Qualimetrix\Analysis\Configuration\Contract\Refusal\ConfigurationRefusal: Option "noSuchOption" is not an option of rule "coupling.cbo" at level "clas	{"no_such_option":1}	refused	refused	live door (refusal) + call	yes
390	coupling.cbo	T1_threshold_value	threshold: 500	namespace	B0_absent	(absent)	enabled,error,min-class-count,threshold,warning	{"enabled":true,"warning":14,"error":20,"minClassCount":3}	0	0	{}	0		{"enabled":true,"warning":500,"error":500,"minClassCount":3}	True	True		{}	no-write	n/a (block writes nothing)	live door + call	yes
391	coupling.cbo	T1_threshold_value	threshold: 500	namespace	B1_tilde	namespace: ~	enabled,error,min-class-count,threshold,warning	{"enabled":true,"warning":14,"error":20,"minClassCount":3}	0	0	{}	0		{"enabled":true,"warning":500,"error":500,"minClassCount":3}	True	True		{}	no-write	n/a (block writes nothing)	live door + call	yes
392	coupling.cbo	T1_threshold_value	threshold: 500	namespace	B2_empty_map	namespace: {}	enabled,error,min-class-count,threshold,warning	{"enabled":true,"warning":14,"error":20,"minClassCount":3}	0	0	{}	0		{"enabled":true,"warning":500,"error":500,"minClassCount":3}	True	True		{}	no-write	n/a (block writes nothing)	live door + call	yes
393	coupling.cbo	T1_threshold_value	threshold: 500	namespace	B3_enabled_tilde	namespace:; enabled: ~	enabled,error,min-class-count,threshold,warning	{"enabled":true,"warning":14,"error":20,"minClassCount":3}	0	0	{}	0		{"enabled":true,"warning":500,"error":500,"minClassCount":3}	True	True		{"enabled":"~(null)"}	applied	same (0)	live door (blind here) + call	yes
394	coupling.cbo	T1_threshold_value	threshold: 500	namespace	B4_enabled_true	namespace:; enabled: true	enabled,error,min-class-count,threshold,warning	{"enabled":true,"warning":14,"error":20,"minClassCount":3}	0	0	{}	0		{"enabled":true,"warning":500,"error":500,"minClassCount":3}	True	True		{"enabled":true}	applied	same (0)	live door (blind here) + call	yes
395	coupling.cbo	T1_threshold_value	threshold: 500	namespace	B5_enabled_false	namespace:; enabled: false	enabled,error,min-class-count,threshold,warning	{"enabled":true,"warning":14,"error":20,"minClassCount":3}	0	0	{}	0		{"enabled":true,"warning":500,"error":500,"minClassCount":3}	True	True		{"enabled":false}	dropped	same (0)	live door (blind here) + call	yes
396	coupling.cbo	T1_threshold_value	threshold: 500	namespace	B6_half_band	namespace:; warning: 1	enabled,error,min-class-count,threshold,warning	{"enabled":true,"warning":14,"error":20,"minClassCount":3}	0	0	{}	0		{"enabled":true,"warning":500,"error":500,"minClassCount":3}	True	True		{"warning":1}	dropped	same (0)	live door (blind here) + call	yes
397	coupling.cbo	T1_threshold_value	threshold: 500	namespace	B7_full_band	namespace:; warning: 1; error: 2	enabled,error,min-class-count,threshold,warning	{"enabled":true,"warning":14,"error":20,"minClassCount":3}	0	0	{}	0		{"enabled":true,"warning":500,"error":500,"minClassCount":3}	True	True		{"warning":1,"error":2}	dropped	same (0)	live door (blind here) + call	yes
398	coupling.cbo	T1_threshold_value	threshold: 500	namespace	B8_threshold_in_block	namespace:; threshold: 1	enabled,error,min-class-count,threshold,warning	{"enabled":true,"warning":14,"error":20,"minClassCount":3}	0	0	{}	0		{"enabled":true,"warning":500,"error":500,"minClassCount":3}	True	True		{"warning":1,"error":1}	dropped	same (0)	live door (blind here) + call	yes
399	coupling.cbo	T1_threshold_value	threshold: 500	namespace	B9_unknown_key	namespace:; no_such_option: 1	enabled,error,min-class-count,threshold,warning	{"enabled":true,"warning":14,"error":20,"minClassCount":3}	3	0	{}	0	Configuration error: Option "noSuchOption" is not an option of rule "coupling.cbo" at level "namespace". Options at that level: enabled, error, min-cl	{}			Qualimetrix\Analysis\Configuration\Contract\Refusal\ConfigurationRefusal: Option "noSuchOption" is not an option of rule "coupling.cbo" at level "name	{"no_such_option":1}	refused	refused	live door (refusal) + call	yes
400	coupling.cbo	T2_threshold_tilde	threshold: ~	class	B0_absent	(absent)	enabled,error,scope,threshold,warning	{"enabled":true,"warning":14,"error":20,"scope":"all"}	0	0	{}	0		{"enabled":true,"warning":14,"error":20,"scope":"all"}	True	True		{}	no-write	n/a (block writes nothing)	live door + call	yes
401	coupling.cbo	T2_threshold_tilde	threshold: ~	class	B1_tilde	class: ~	enabled,error,scope,threshold,warning	{"enabled":true,"warning":14,"error":20,"scope":"all"}	0	0	{}	0		{"enabled":true,"warning":14,"error":20,"scope":"all"}	True	True		{}	no-write	n/a (block writes nothing)	live door + call	yes
402	coupling.cbo	T2_threshold_tilde	threshold: ~	class	B2_empty_map	class: {}	enabled,error,scope,threshold,warning	{"enabled":true,"warning":14,"error":20,"scope":"all"}	0	0	{}	0		{"enabled":true,"warning":14,"error":20,"scope":"all"}	True	True		{}	no-write	n/a (block writes nothing)	live door + call	yes
403	coupling.cbo	T2_threshold_tilde	threshold: ~	class	B3_enabled_tilde	class:; enabled: ~	enabled,error,scope,threshold,warning	{"enabled":true,"warning":14,"error":20,"scope":"all"}	0	0	{}	0		{"enabled":true,"warning":14,"error":20,"scope":"all"}	True	True		{"enabled":"~(null)"}	applied	same (0)	live door (blind here) + call	yes
404	coupling.cbo	T2_threshold_tilde	threshold: ~	class	B4_enabled_true	class:; enabled: true	enabled,error,scope,threshold,warning	{"enabled":true,"warning":14,"error":20,"scope":"all"}	0	0	{}	0		{"enabled":true,"warning":14,"error":20,"scope":"all"}	True	True		{"enabled":true}	applied	same (0)	live door (blind here) + call	yes
405	coupling.cbo	T2_threshold_tilde	threshold: ~	class	B5_enabled_false	class:; enabled: false	enabled,error,scope,threshold,warning	{"enabled":true,"warning":14,"error":20,"scope":"all"}	0	0	{}	0		{"enabled":false,"warning":14,"error":20,"scope":"all"}	False	True		{"enabled":false}	applied	same (0)	live door (blind here) + call	yes
406	coupling.cbo	T2_threshold_tilde	threshold: ~	class	B6_half_band	class:; warning: 1	enabled,error,scope,threshold,warning	{"enabled":true,"warning":14,"error":20,"scope":"all"}	0	10	{"warning":10}	0		{"enabled":true,"warning":1,"error":20,"scope":"all"}	True	True		{"warning":1}	applied	differs (10 vs 0)	live door + call	yes
407	coupling.cbo	T2_threshold_tilde	threshold: ~	class	B7_full_band	class:; warning: 1; error: 2	enabled,error,scope,threshold,warning	{"enabled":true,"warning":14,"error":20,"scope":"all"}	2	10	{"error":6,"warning":4}	0		{"enabled":true,"warning":1,"error":2,"scope":"all"}	True	True		{"warning":1,"error":2}	applied	differs (10 vs 0)	live door + call	yes
408	coupling.cbo	T2_threshold_tilde	threshold: ~	class	B8_threshold_in_block	class:; threshold: 1	enabled,error,scope,threshold,warning	{"enabled":true,"warning":14,"error":20,"scope":"all"}	2	10	{"error":10}	0		{"enabled":true,"warning":1,"error":1,"scope":"all"}	True	True		{"warning":1,"error":1}	applied	differs (10 vs 0)	live door + call	yes
409	coupling.cbo	T2_threshold_tilde	threshold: ~	class	B9_unknown_key	class:; no_such_option: 1	enabled,error,scope,threshold,warning	{"enabled":true,"warning":14,"error":20,"scope":"all"}	3	0	{}	0	Configuration error: Option "noSuchOption" is not an option of rule "coupling.cbo" at level "class". Options at that level: enabled, error, scope, thr	{}			Qualimetrix\Analysis\Configuration\Contract\Refusal\ConfigurationRefusal: Option "noSuchOption" is not an option of rule "coupling.cbo" at level "clas	{"no_such_option":1}	refused	refused	live door (refusal) + call	yes
410	coupling.cbo	T2_threshold_tilde	threshold: ~	namespace	B0_absent	(absent)	enabled,error,min-class-count,threshold,warning	{"enabled":true,"warning":14,"error":20,"minClassCount":3}	0	0	{}	0		{"enabled":true,"warning":14,"error":20,"minClassCount":3}	True	True		{}	no-write	n/a (block writes nothing)	live door + call	yes
411	coupling.cbo	T2_threshold_tilde	threshold: ~	namespace	B1_tilde	namespace: ~	enabled,error,min-class-count,threshold,warning	{"enabled":true,"warning":14,"error":20,"minClassCount":3}	0	0	{}	0		{"enabled":true,"warning":14,"error":20,"minClassCount":3}	True	True		{}	no-write	n/a (block writes nothing)	live door + call	yes
412	coupling.cbo	T2_threshold_tilde	threshold: ~	namespace	B2_empty_map	namespace: {}	enabled,error,min-class-count,threshold,warning	{"enabled":true,"warning":14,"error":20,"minClassCount":3}	0	0	{}	0		{"enabled":true,"warning":14,"error":20,"minClassCount":3}	True	True		{}	no-write	n/a (block writes nothing)	live door + call	yes
413	coupling.cbo	T2_threshold_tilde	threshold: ~	namespace	B3_enabled_tilde	namespace:; enabled: ~	enabled,error,min-class-count,threshold,warning	{"enabled":true,"warning":14,"error":20,"minClassCount":3}	0	0	{}	0		{"enabled":true,"warning":14,"error":20,"minClassCount":3}	True	True		{"enabled":"~(null)"}	applied	same (0)	live door (blind here) + call	yes
414	coupling.cbo	T2_threshold_tilde	threshold: ~	namespace	B4_enabled_true	namespace:; enabled: true	enabled,error,min-class-count,threshold,warning	{"enabled":true,"warning":14,"error":20,"minClassCount":3}	0	0	{}	0		{"enabled":true,"warning":14,"error":20,"minClassCount":3}	True	True		{"enabled":true}	applied	same (0)	live door (blind here) + call	yes
415	coupling.cbo	T2_threshold_tilde	threshold: ~	namespace	B5_enabled_false	namespace:; enabled: false	enabled,error,min-class-count,threshold,warning	{"enabled":true,"warning":14,"error":20,"minClassCount":3}	0	0	{}	0		{"enabled":false,"warning":14,"error":20,"minClassCount":3}	False	True		{"enabled":false}	applied	same (0)	live door (blind here) + call	yes
416	coupling.cbo	T2_threshold_tilde	threshold: ~	namespace	B6_half_band	namespace:; warning: 1	enabled,error,min-class-count,threshold,warning	{"enabled":true,"warning":14,"error":20,"minClassCount":3}	0	3	{"warning":3}	0		{"enabled":true,"warning":1,"error":20,"minClassCount":3}	True	True		{"warning":1}	applied	differs (3 vs 0)	live door + call	yes
417	coupling.cbo	T2_threshold_tilde	threshold: ~	namespace	B7_full_band	namespace:; warning: 1; error: 2	enabled,error,min-class-count,threshold,warning	{"enabled":true,"warning":14,"error":20,"minClassCount":3}	2	3	{"warning":2,"error":1}	0		{"enabled":true,"warning":1,"error":2,"minClassCount":3}	True	True		{"warning":1,"error":2}	applied	differs (3 vs 0)	live door + call	yes
418	coupling.cbo	T2_threshold_tilde	threshold: ~	namespace	B8_threshold_in_block	namespace:; threshold: 1	enabled,error,min-class-count,threshold,warning	{"enabled":true,"warning":14,"error":20,"minClassCount":3}	2	3	{"error":3}	0		{"enabled":true,"warning":1,"error":1,"minClassCount":3}	True	True		{"warning":1,"error":1}	applied	differs (3 vs 0)	live door + call	yes
419	coupling.cbo	T2_threshold_tilde	threshold: ~	namespace	B9_unknown_key	namespace:; no_such_option: 1	enabled,error,min-class-count,threshold,warning	{"enabled":true,"warning":14,"error":20,"minClassCount":3}	3	0	{}	0	Configuration error: Option "noSuchOption" is not an option of rule "coupling.cbo" at level "namespace". Options at that level: enabled, error, min-cl	{}			Qualimetrix\Analysis\Configuration\Contract\Refusal\ConfigurationRefusal: Option "noSuchOption" is not an option of rule "coupling.cbo" at level "name	{"no_such_option":1}	refused	refused	live door (refusal) + call	yes
420	coupling.cbo	T3_top_graduated_pair	warning: 500; error: 600	class	B0_absent	(absent)	enabled,error,scope,threshold,warning	{"enabled":true,"warning":14,"error":20,"scope":"all"}	0	0	{}	0		{"enabled":true,"warning":500,"error":600,"scope":"all"}	True	True		{}	no-write	n/a (block writes nothing)	live door + call	yes
421	coupling.cbo	T3_top_graduated_pair	warning: 500; error: 600	class	B1_tilde	class: ~	enabled,error,scope,threshold,warning	{"enabled":true,"warning":14,"error":20,"scope":"all"}	0	0	{}	0		{"enabled":true,"warning":500,"error":600,"scope":"all"}	True	True		{}	no-write	n/a (block writes nothing)	live door + call	yes
422	coupling.cbo	T3_top_graduated_pair	warning: 500; error: 600	class	B2_empty_map	class: {}	enabled,error,scope,threshold,warning	{"enabled":true,"warning":14,"error":20,"scope":"all"}	0	0	{}	0		{"enabled":true,"warning":500,"error":600,"scope":"all"}	True	True		{}	no-write	n/a (block writes nothing)	live door + call	yes
423	coupling.cbo	T3_top_graduated_pair	warning: 500; error: 600	class	B3_enabled_tilde	class:; enabled: ~	enabled,error,scope,threshold,warning	{"enabled":true,"warning":14,"error":20,"scope":"all"}	0	0	{}	0		{"enabled":true,"warning":500,"error":600,"scope":"all"}	True	True		{"enabled":"~(null)"}	applied	same (0)	live door (blind here) + call	yes
424	coupling.cbo	T3_top_graduated_pair	warning: 500; error: 600	class	B4_enabled_true	class:; enabled: true	enabled,error,scope,threshold,warning	{"enabled":true,"warning":14,"error":20,"scope":"all"}	0	0	{}	0		{"enabled":true,"warning":500,"error":600,"scope":"all"}	True	True		{"enabled":true}	applied	same (0)	live door (blind here) + call	yes
425	coupling.cbo	T3_top_graduated_pair	warning: 500; error: 600	class	B5_enabled_false	class:; enabled: false	enabled,error,scope,threshold,warning	{"enabled":true,"warning":14,"error":20,"scope":"all"}	0	0	{}	0		{"enabled":true,"warning":500,"error":600,"scope":"all"}	True	True		{"enabled":false}	dropped	same (0)	live door (blind here) + call	yes
426	coupling.cbo	T3_top_graduated_pair	warning: 500; error: 600	class	B6_half_band	class:; warning: 1	enabled,error,scope,threshold,warning	{"enabled":true,"warning":14,"error":20,"scope":"all"}	0	0	{}	0		{"enabled":true,"warning":500,"error":600,"scope":"all"}	True	True		{"warning":1}	dropped	same (0)	live door (blind here) + call	yes
427	coupling.cbo	T3_top_graduated_pair	warning: 500; error: 600	class	B7_full_band	class:; warning: 1; error: 2	enabled,error,scope,threshold,warning	{"enabled":true,"warning":14,"error":20,"scope":"all"}	0	0	{}	0		{"enabled":true,"warning":500,"error":600,"scope":"all"}	True	True		{"warning":1,"error":2}	dropped	same (0)	live door (blind here) + call	yes
428	coupling.cbo	T3_top_graduated_pair	warning: 500; error: 600	class	B8_threshold_in_block	class:; threshold: 1	enabled,error,scope,threshold,warning	{"enabled":true,"warning":14,"error":20,"scope":"all"}	0	0	{}	0		{"enabled":true,"warning":500,"error":600,"scope":"all"}	True	True		{"warning":1,"error":1}	dropped	same (0)	live door (blind here) + call	yes
429	coupling.cbo	T3_top_graduated_pair	warning: 500; error: 600	class	B9_unknown_key	class:; no_such_option: 1	enabled,error,scope,threshold,warning	{"enabled":true,"warning":14,"error":20,"scope":"all"}	3	0	{}	0	Configuration error: Option "noSuchOption" is not an option of rule "coupling.cbo" at level "class". Options at that level: enabled, error, scope, thr	{}			Qualimetrix\Analysis\Configuration\Contract\Refusal\ConfigurationRefusal: Option "noSuchOption" is not an option of rule "coupling.cbo" at level "clas	{"no_such_option":1}	refused	refused	live door (refusal) + call	yes
430	coupling.cbo	T3_top_graduated_pair	warning: 500; error: 600	namespace	B0_absent	(absent)	enabled,error,min-class-count,threshold,warning	{"enabled":true,"warning":14,"error":20,"minClassCount":3}	0	0	{}	0		{"enabled":true,"warning":500,"error":600,"minClassCount":3}	True	True		{}	no-write	n/a (block writes nothing)	live door + call	yes
431	coupling.cbo	T3_top_graduated_pair	warning: 500; error: 600	namespace	B1_tilde	namespace: ~	enabled,error,min-class-count,threshold,warning	{"enabled":true,"warning":14,"error":20,"minClassCount":3}	0	0	{}	0		{"enabled":true,"warning":500,"error":600,"minClassCount":3}	True	True		{}	no-write	n/a (block writes nothing)	live door + call	yes
432	coupling.cbo	T3_top_graduated_pair	warning: 500; error: 600	namespace	B2_empty_map	namespace: {}	enabled,error,min-class-count,threshold,warning	{"enabled":true,"warning":14,"error":20,"minClassCount":3}	0	0	{}	0		{"enabled":true,"warning":500,"error":600,"minClassCount":3}	True	True		{}	no-write	n/a (block writes nothing)	live door + call	yes
433	coupling.cbo	T3_top_graduated_pair	warning: 500; error: 600	namespace	B3_enabled_tilde	namespace:; enabled: ~	enabled,error,min-class-count,threshold,warning	{"enabled":true,"warning":14,"error":20,"minClassCount":3}	0	0	{}	0		{"enabled":true,"warning":500,"error":600,"minClassCount":3}	True	True		{"enabled":"~(null)"}	applied	same (0)	live door (blind here) + call	yes
434	coupling.cbo	T3_top_graduated_pair	warning: 500; error: 600	namespace	B4_enabled_true	namespace:; enabled: true	enabled,error,min-class-count,threshold,warning	{"enabled":true,"warning":14,"error":20,"minClassCount":3}	0	0	{}	0		{"enabled":true,"warning":500,"error":600,"minClassCount":3}	True	True		{"enabled":true}	applied	same (0)	live door (blind here) + call	yes
435	coupling.cbo	T3_top_graduated_pair	warning: 500; error: 600	namespace	B5_enabled_false	namespace:; enabled: false	enabled,error,min-class-count,threshold,warning	{"enabled":true,"warning":14,"error":20,"minClassCount":3}	0	0	{}	0		{"enabled":true,"warning":500,"error":600,"minClassCount":3}	True	True		{"enabled":false}	dropped	same (0)	live door (blind here) + call	yes
436	coupling.cbo	T3_top_graduated_pair	warning: 500; error: 600	namespace	B6_half_band	namespace:; warning: 1	enabled,error,min-class-count,threshold,warning	{"enabled":true,"warning":14,"error":20,"minClassCount":3}	0	0	{}	0		{"enabled":true,"warning":500,"error":600,"minClassCount":3}	True	True		{"warning":1}	dropped	same (0)	live door (blind here) + call	yes
437	coupling.cbo	T3_top_graduated_pair	warning: 500; error: 600	namespace	B7_full_band	namespace:; warning: 1; error: 2	enabled,error,min-class-count,threshold,warning	{"enabled":true,"warning":14,"error":20,"minClassCount":3}	0	0	{}	0		{"enabled":true,"warning":500,"error":600,"minClassCount":3}	True	True		{"warning":1,"error":2}	dropped	same (0)	live door (blind here) + call	yes
438	coupling.cbo	T3_top_graduated_pair	warning: 500; error: 600	namespace	B8_threshold_in_block	namespace:; threshold: 1	enabled,error,min-class-count,threshold,warning	{"enabled":true,"warning":14,"error":20,"minClassCount":3}	0	0	{}	0		{"enabled":true,"warning":500,"error":600,"minClassCount":3}	True	True		{"warning":1,"error":1}	dropped	same (0)	live door (blind here) + call	yes
439	coupling.cbo	T3_top_graduated_pair	warning: 500; error: 600	namespace	B9_unknown_key	namespace:; no_such_option: 1	enabled,error,min-class-count,threshold,warning	{"enabled":true,"warning":14,"error":20,"minClassCount":3}	3	0	{}	0	Configuration error: Option "noSuchOption" is not an option of rule "coupling.cbo" at level "namespace". Options at that level: enabled, error, min-cl	{}			Qualimetrix\Analysis\Configuration\Contract\Refusal\ConfigurationRefusal: Option "noSuchOption" is not an option of rule "coupling.cbo" at level "name	{"no_such_option":1}	refused	refused	live door (refusal) + call	yes
440	coupling.cbo	T4_enabled_false	enabled: false	class	B0_absent	(absent)	enabled,error,scope,threshold,warning	{"enabled":true,"warning":14,"error":20,"scope":"all"}	0	0	{}	0		{"enabled":false,"warning":14,"error":20,"scope":"all"}	False	False		{}	no-write	n/a (block writes nothing)	live door + call	yes
441	coupling.cbo	T4_enabled_false	enabled: false	class	B1_tilde	class: ~	enabled,error,scope,threshold,warning	{"enabled":true,"warning":14,"error":20,"scope":"all"}	0	0	{}	0		{"enabled":false,"warning":14,"error":20,"scope":"all"}	False	False		{}	no-write	n/a (block writes nothing)	live door + call	yes
442	coupling.cbo	T4_enabled_false	enabled: false	class	B2_empty_map	class: {}	enabled,error,scope,threshold,warning	{"enabled":true,"warning":14,"error":20,"scope":"all"}	0	0	{}	0		{"enabled":false,"warning":14,"error":20,"scope":"all"}	False	False		{}	no-write	n/a (block writes nothing)	live door + call	yes
443	coupling.cbo	T4_enabled_false	enabled: false	class	B3_enabled_tilde	class:; enabled: ~	enabled,error,scope,threshold,warning	{"enabled":true,"warning":14,"error":20,"scope":"all"}	0	0	{}	0		{"enabled":false,"warning":14,"error":20,"scope":"all"}	False	False		{"enabled":"~(null)"}	dropped	same (0)	live door (blind here) + call	yes
444	coupling.cbo	T4_enabled_false	enabled: false	class	B4_enabled_true	class:; enabled: true	enabled,error,scope,threshold,warning	{"enabled":true,"warning":14,"error":20,"scope":"all"}	0	0	{}	0		{"enabled":false,"warning":14,"error":20,"scope":"all"}	False	False		{"enabled":true}	dropped	same (0)	live door (blind here) + call	yes
445	coupling.cbo	T4_enabled_false	enabled: false	class	B5_enabled_false	class:; enabled: false	enabled,error,scope,threshold,warning	{"enabled":true,"warning":14,"error":20,"scope":"all"}	0	0	{}	0		{"enabled":false,"warning":14,"error":20,"scope":"all"}	False	False		{"enabled":false}	applied	same (0)	live door (blind here) + call	yes
446	coupling.cbo	T4_enabled_false	enabled: false	class	B6_half_band	class:; warning: 1	enabled,error,scope,threshold,warning	{"enabled":true,"warning":14,"error":20,"scope":"all"}	0	0	{}	0		{"enabled":false,"warning":14,"error":20,"scope":"all"}	False	False		{"warning":1}	dropped	same (0)	live door (blind here) + call	yes
447	coupling.cbo	T4_enabled_false	enabled: false	class	B7_full_band	class:; warning: 1; error: 2	enabled,error,scope,threshold,warning	{"enabled":true,"warning":14,"error":20,"scope":"all"}	0	0	{}	0		{"enabled":false,"warning":14,"error":20,"scope":"all"}	False	False		{"warning":1,"error":2}	dropped	same (0)	live door (blind here) + call	yes
448	coupling.cbo	T4_enabled_false	enabled: false	class	B8_threshold_in_block	class:; threshold: 1	enabled,error,scope,threshold,warning	{"enabled":true,"warning":14,"error":20,"scope":"all"}	0	0	{}	0		{"enabled":false,"warning":14,"error":20,"scope":"all"}	False	False		{"warning":1,"error":1}	dropped	same (0)	live door (blind here) + call	yes
449	coupling.cbo	T4_enabled_false	enabled: false	class	B9_unknown_key	class:; no_such_option: 1	enabled,error,scope,threshold,warning	{"enabled":true,"warning":14,"error":20,"scope":"all"}	3	0	{}	0	Configuration error: Option "noSuchOption" is not an option of rule "coupling.cbo" at level "class". Options at that level: enabled, error, scope, thr	{}			Qualimetrix\Analysis\Configuration\Contract\Refusal\ConfigurationRefusal: Option "noSuchOption" is not an option of rule "coupling.cbo" at level "clas	{"no_such_option":1}	refused	refused	live door (refusal) + call	yes
450	coupling.cbo	T4_enabled_false	enabled: false	namespace	B0_absent	(absent)	enabled,error,min-class-count,threshold,warning	{"enabled":true,"warning":14,"error":20,"minClassCount":3}	0	0	{}	0		{"enabled":false,"warning":14,"error":20,"minClassCount":3}	False	False		{}	no-write	n/a (block writes nothing)	live door + call	yes
451	coupling.cbo	T4_enabled_false	enabled: false	namespace	B1_tilde	namespace: ~	enabled,error,min-class-count,threshold,warning	{"enabled":true,"warning":14,"error":20,"minClassCount":3}	0	0	{}	0		{"enabled":false,"warning":14,"error":20,"minClassCount":3}	False	False		{}	no-write	n/a (block writes nothing)	live door + call	yes
452	coupling.cbo	T4_enabled_false	enabled: false	namespace	B2_empty_map	namespace: {}	enabled,error,min-class-count,threshold,warning	{"enabled":true,"warning":14,"error":20,"minClassCount":3}	0	0	{}	0		{"enabled":false,"warning":14,"error":20,"minClassCount":3}	False	False		{}	no-write	n/a (block writes nothing)	live door + call	yes
453	coupling.cbo	T4_enabled_false	enabled: false	namespace	B3_enabled_tilde	namespace:; enabled: ~	enabled,error,min-class-count,threshold,warning	{"enabled":true,"warning":14,"error":20,"minClassCount":3}	0	0	{}	0		{"enabled":false,"warning":14,"error":20,"minClassCount":3}	False	False		{"enabled":"~(null)"}	dropped	same (0)	live door (blind here) + call	yes
454	coupling.cbo	T4_enabled_false	enabled: false	namespace	B4_enabled_true	namespace:; enabled: true	enabled,error,min-class-count,threshold,warning	{"enabled":true,"warning":14,"error":20,"minClassCount":3}	0	0	{}	0		{"enabled":false,"warning":14,"error":20,"minClassCount":3}	False	False		{"enabled":true}	dropped	same (0)	live door (blind here) + call	yes
455	coupling.cbo	T4_enabled_false	enabled: false	namespace	B5_enabled_false	namespace:; enabled: false	enabled,error,min-class-count,threshold,warning	{"enabled":true,"warning":14,"error":20,"minClassCount":3}	0	0	{}	0		{"enabled":false,"warning":14,"error":20,"minClassCount":3}	False	False		{"enabled":false}	applied	same (0)	live door (blind here) + call	yes
456	coupling.cbo	T4_enabled_false	enabled: false	namespace	B6_half_band	namespace:; warning: 1	enabled,error,min-class-count,threshold,warning	{"enabled":true,"warning":14,"error":20,"minClassCount":3}	0	0	{}	0		{"enabled":false,"warning":14,"error":20,"minClassCount":3}	False	False		{"warning":1}	dropped	same (0)	live door (blind here) + call	yes
457	coupling.cbo	T4_enabled_false	enabled: false	namespace	B7_full_band	namespace:; warning: 1; error: 2	enabled,error,min-class-count,threshold,warning	{"enabled":true,"warning":14,"error":20,"minClassCount":3}	0	0	{}	0		{"enabled":false,"warning":14,"error":20,"minClassCount":3}	False	False		{"warning":1,"error":2}	dropped	same (0)	live door (blind here) + call	yes
458	coupling.cbo	T4_enabled_false	enabled: false	namespace	B8_threshold_in_block	namespace:; threshold: 1	enabled,error,min-class-count,threshold,warning	{"enabled":true,"warning":14,"error":20,"minClassCount":3}	0	0	{}	0		{"enabled":false,"warning":14,"error":20,"minClassCount":3}	False	False		{"warning":1,"error":1}	dropped	same (0)	live door (blind here) + call	yes
459	coupling.cbo	T4_enabled_false	enabled: false	namespace	B9_unknown_key	namespace:; no_such_option: 1	enabled,error,min-class-count,threshold,warning	{"enabled":true,"warning":14,"error":20,"minClassCount":3}	3	0	{}	0	Configuration error: Option "noSuchOption" is not an option of rule "coupling.cbo" at level "namespace". Options at that level: enabled, error, min-cl	{}			Qualimetrix\Analysis\Configuration\Contract\Refusal\ConfigurationRefusal: Option "noSuchOption" is not an option of rule "coupling.cbo" at level "name	{"no_such_option":1}	refused	refused	live door (refusal) + call	yes
460	coupling.cbo	T5_enabled_true	enabled: true	class	B0_absent	(absent)	enabled,error,scope,threshold,warning	{"enabled":true,"warning":14,"error":20,"scope":"all"}	0	0	{}	0		{"enabled":true,"warning":14,"error":20,"scope":"all"}	True	True		{}	no-write	n/a (block writes nothing)	live door + call	yes
461	coupling.cbo	T5_enabled_true	enabled: true	class	B1_tilde	class: ~	enabled,error,scope,threshold,warning	{"enabled":true,"warning":14,"error":20,"scope":"all"}	0	0	{}	0		{"enabled":true,"warning":14,"error":20,"scope":"all"}	True	True		{}	no-write	n/a (block writes nothing)	live door + call	yes
462	coupling.cbo	T5_enabled_true	enabled: true	class	B2_empty_map	class: {}	enabled,error,scope,threshold,warning	{"enabled":true,"warning":14,"error":20,"scope":"all"}	0	0	{}	0		{"enabled":true,"warning":14,"error":20,"scope":"all"}	True	True		{}	no-write	n/a (block writes nothing)	live door + call	yes
463	coupling.cbo	T5_enabled_true	enabled: true	class	B3_enabled_tilde	class:; enabled: ~	enabled,error,scope,threshold,warning	{"enabled":true,"warning":14,"error":20,"scope":"all"}	0	0	{}	0		{"enabled":true,"warning":14,"error":20,"scope":"all"}	True	True		{"enabled":"~(null)"}	applied	same (0)	live door (blind here) + call	yes
464	coupling.cbo	T5_enabled_true	enabled: true	class	B4_enabled_true	class:; enabled: true	enabled,error,scope,threshold,warning	{"enabled":true,"warning":14,"error":20,"scope":"all"}	0	0	{}	0		{"enabled":true,"warning":14,"error":20,"scope":"all"}	True	True		{"enabled":true}	applied	same (0)	live door (blind here) + call	yes
465	coupling.cbo	T5_enabled_true	enabled: true	class	B5_enabled_false	class:; enabled: false	enabled,error,scope,threshold,warning	{"enabled":true,"warning":14,"error":20,"scope":"all"}	0	0	{}	0		{"enabled":false,"warning":14,"error":20,"scope":"all"}	False	True		{"enabled":false}	applied	same (0)	live door (blind here) + call	yes
466	coupling.cbo	T5_enabled_true	enabled: true	class	B6_half_band	class:; warning: 1	enabled,error,scope,threshold,warning	{"enabled":true,"warning":14,"error":20,"scope":"all"}	0	10	{"warning":10}	0		{"enabled":true,"warning":1,"error":20,"scope":"all"}	True	True		{"warning":1}	applied	differs (10 vs 0)	live door + call	yes
467	coupling.cbo	T5_enabled_true	enabled: true	class	B7_full_band	class:; warning: 1; error: 2	enabled,error,scope,threshold,warning	{"enabled":true,"warning":14,"error":20,"scope":"all"}	2	10	{"error":6,"warning":4}	0		{"enabled":true,"warning":1,"error":2,"scope":"all"}	True	True		{"warning":1,"error":2}	applied	differs (10 vs 0)	live door + call	yes
468	coupling.cbo	T5_enabled_true	enabled: true	class	B8_threshold_in_block	class:; threshold: 1	enabled,error,scope,threshold,warning	{"enabled":true,"warning":14,"error":20,"scope":"all"}	2	10	{"error":10}	0		{"enabled":true,"warning":1,"error":1,"scope":"all"}	True	True		{"warning":1,"error":1}	applied	differs (10 vs 0)	live door + call	yes
469	coupling.cbo	T5_enabled_true	enabled: true	class	B9_unknown_key	class:; no_such_option: 1	enabled,error,scope,threshold,warning	{"enabled":true,"warning":14,"error":20,"scope":"all"}	3	0	{}	0	Configuration error: Option "noSuchOption" is not an option of rule "coupling.cbo" at level "class". Options at that level: enabled, error, scope, thr	{}			Qualimetrix\Analysis\Configuration\Contract\Refusal\ConfigurationRefusal: Option "noSuchOption" is not an option of rule "coupling.cbo" at level "clas	{"no_such_option":1}	refused	refused	live door (refusal) + call	yes
470	coupling.cbo	T5_enabled_true	enabled: true	namespace	B0_absent	(absent)	enabled,error,min-class-count,threshold,warning	{"enabled":true,"warning":14,"error":20,"minClassCount":3}	0	0	{}	0		{"enabled":true,"warning":14,"error":20,"minClassCount":3}	True	True		{}	no-write	n/a (block writes nothing)	live door + call	yes
471	coupling.cbo	T5_enabled_true	enabled: true	namespace	B1_tilde	namespace: ~	enabled,error,min-class-count,threshold,warning	{"enabled":true,"warning":14,"error":20,"minClassCount":3}	0	0	{}	0		{"enabled":true,"warning":14,"error":20,"minClassCount":3}	True	True		{}	no-write	n/a (block writes nothing)	live door + call	yes
472	coupling.cbo	T5_enabled_true	enabled: true	namespace	B2_empty_map	namespace: {}	enabled,error,min-class-count,threshold,warning	{"enabled":true,"warning":14,"error":20,"minClassCount":3}	0	0	{}	0		{"enabled":true,"warning":14,"error":20,"minClassCount":3}	True	True		{}	no-write	n/a (block writes nothing)	live door + call	yes
473	coupling.cbo	T5_enabled_true	enabled: true	namespace	B3_enabled_tilde	namespace:; enabled: ~	enabled,error,min-class-count,threshold,warning	{"enabled":true,"warning":14,"error":20,"minClassCount":3}	0	0	{}	0		{"enabled":true,"warning":14,"error":20,"minClassCount":3}	True	True		{"enabled":"~(null)"}	applied	same (0)	live door (blind here) + call	yes
474	coupling.cbo	T5_enabled_true	enabled: true	namespace	B4_enabled_true	namespace:; enabled: true	enabled,error,min-class-count,threshold,warning	{"enabled":true,"warning":14,"error":20,"minClassCount":3}	0	0	{}	0		{"enabled":true,"warning":14,"error":20,"minClassCount":3}	True	True		{"enabled":true}	applied	same (0)	live door (blind here) + call	yes
475	coupling.cbo	T5_enabled_true	enabled: true	namespace	B5_enabled_false	namespace:; enabled: false	enabled,error,min-class-count,threshold,warning	{"enabled":true,"warning":14,"error":20,"minClassCount":3}	0	0	{}	0		{"enabled":false,"warning":14,"error":20,"minClassCount":3}	False	True		{"enabled":false}	applied	same (0)	live door (blind here) + call	yes
476	coupling.cbo	T5_enabled_true	enabled: true	namespace	B6_half_band	namespace:; warning: 1	enabled,error,min-class-count,threshold,warning	{"enabled":true,"warning":14,"error":20,"minClassCount":3}	0	3	{"warning":3}	0		{"enabled":true,"warning":1,"error":20,"minClassCount":3}	True	True		{"warning":1}	applied	differs (3 vs 0)	live door + call	yes
477	coupling.cbo	T5_enabled_true	enabled: true	namespace	B7_full_band	namespace:; warning: 1; error: 2	enabled,error,min-class-count,threshold,warning	{"enabled":true,"warning":14,"error":20,"minClassCount":3}	2	3	{"warning":2,"error":1}	0		{"enabled":true,"warning":1,"error":2,"minClassCount":3}	True	True		{"warning":1,"error":2}	applied	differs (3 vs 0)	live door + call	yes
478	coupling.cbo	T5_enabled_true	enabled: true	namespace	B8_threshold_in_block	namespace:; threshold: 1	enabled,error,min-class-count,threshold,warning	{"enabled":true,"warning":14,"error":20,"minClassCount":3}	2	3	{"error":3}	0		{"enabled":true,"warning":1,"error":1,"minClassCount":3}	True	True		{"warning":1,"error":1}	applied	differs (3 vs 0)	live door + call	yes
479	coupling.cbo	T5_enabled_true	enabled: true	namespace	B9_unknown_key	namespace:; no_such_option: 1	enabled,error,min-class-count,threshold,warning	{"enabled":true,"warning":14,"error":20,"minClassCount":3}	3	0	{}	0	Configuration error: Option "noSuchOption" is not an option of rule "coupling.cbo" at level "namespace". Options at that level: enabled, error, min-cl	{}			Qualimetrix\Analysis\Configuration\Contract\Refusal\ConfigurationRefusal: Option "noSuchOption" is not an option of rule "coupling.cbo" at level "name	{"no_such_option":1}	refused	refused	live door (refusal) + call	yes
480	coupling.cbo	T6_scope	scope: application	class	B0_absent	(absent)	enabled,error,scope,threshold,warning	{"enabled":true,"warning":14,"error":20,"scope":"all"}	0	0	{}	0		{"enabled":true,"warning":14,"error":20,"scope":"application"}	True	True		{}	no-write	n/a (block writes nothing)	live door + call	yes
481	coupling.cbo	T6_scope	scope: application	class	B1_tilde	class: ~	enabled,error,scope,threshold,warning	{"enabled":true,"warning":14,"error":20,"scope":"all"}	0	0	{}	0		{"enabled":true,"warning":14,"error":20,"scope":"application"}	True	True		{}	no-write	n/a (block writes nothing)	live door + call	yes
482	coupling.cbo	T6_scope	scope: application	class	B2_empty_map	class: {}	enabled,error,scope,threshold,warning	{"enabled":true,"warning":14,"error":20,"scope":"all"}	0	0	{}	0		{"enabled":true,"warning":14,"error":20,"scope":"application"}	True	True		{}	no-write	n/a (block writes nothing)	live door + call	yes
483	coupling.cbo	T6_scope	scope: application	class	B3_enabled_tilde	class:; enabled: ~	enabled,error,scope,threshold,warning	{"enabled":true,"warning":14,"error":20,"scope":"all"}	0	0	{}	0		{"enabled":true,"warning":14,"error":20,"scope":"application"}	True	True		{"enabled":"~(null)"}	applied	same (0)	live door (blind here) + call	yes
484	coupling.cbo	T6_scope	scope: application	class	B4_enabled_true	class:; enabled: true	enabled,error,scope,threshold,warning	{"enabled":true,"warning":14,"error":20,"scope":"all"}	0	0	{}	0		{"enabled":true,"warning":14,"error":20,"scope":"application"}	True	True		{"enabled":true}	applied	same (0)	live door (blind here) + call	yes
485	coupling.cbo	T6_scope	scope: application	class	B5_enabled_false	class:; enabled: false	enabled,error,scope,threshold,warning	{"enabled":true,"warning":14,"error":20,"scope":"all"}	0	0	{}	0		{"enabled":false,"warning":14,"error":20,"scope":"application"}	False	True		{"enabled":false}	applied	same (0)	live door (blind here) + call	yes
486	coupling.cbo	T6_scope	scope: application	class	B6_half_band	class:; warning: 1	enabled,error,scope,threshold,warning	{"enabled":true,"warning":14,"error":20,"scope":"all"}	0	10	{"warning":10}	0		{"enabled":true,"warning":1,"error":20,"scope":"application"}	True	True		{"warning":1}	applied	differs (10 vs 0)	live door + call	yes
487	coupling.cbo	T6_scope	scope: application	class	B7_full_band	class:; warning: 1; error: 2	enabled,error,scope,threshold,warning	{"enabled":true,"warning":14,"error":20,"scope":"all"}	2	10	{"error":6,"warning":4}	0		{"enabled":true,"warning":1,"error":2,"scope":"application"}	True	True		{"warning":1,"error":2}	applied	differs (10 vs 0)	live door + call	yes
488	coupling.cbo	T6_scope	scope: application	class	B8_threshold_in_block	class:; threshold: 1	enabled,error,scope,threshold,warning	{"enabled":true,"warning":14,"error":20,"scope":"all"}	2	10	{"error":10}	0		{"enabled":true,"warning":1,"error":1,"scope":"application"}	True	True		{"warning":1,"error":1}	applied	differs (10 vs 0)	live door + call	yes
489	coupling.cbo	T6_scope	scope: application	class	B9_unknown_key	class:; no_such_option: 1	enabled,error,scope,threshold,warning	{"enabled":true,"warning":14,"error":20,"scope":"all"}	3	0	{}	0	Configuration error: Option "noSuchOption" is not an option of rule "coupling.cbo" at level "class". Options at that level: enabled, error, scope, thr	{}			Qualimetrix\Analysis\Configuration\Contract\Refusal\ConfigurationRefusal: Option "noSuchOption" is not an option of rule "coupling.cbo" at level "clas	{"no_such_option":1}	refused	refused	live door (refusal) + call	yes
490	coupling.cbo	T6_scope	scope: application	namespace	B0_absent	(absent)	enabled,error,min-class-count,threshold,warning	{"enabled":true,"warning":14,"error":20,"minClassCount":3}	0	0	{}	0		{"enabled":true,"warning":14,"error":20,"minClassCount":3}	True	True		{}	no-write	n/a (block writes nothing)	live door + call	yes
491	coupling.cbo	T6_scope	scope: application	namespace	B1_tilde	namespace: ~	enabled,error,min-class-count,threshold,warning	{"enabled":true,"warning":14,"error":20,"minClassCount":3}	0	0	{}	0		{"enabled":true,"warning":14,"error":20,"minClassCount":3}	True	True		{}	no-write	n/a (block writes nothing)	live door + call	yes
492	coupling.cbo	T6_scope	scope: application	namespace	B2_empty_map	namespace: {}	enabled,error,min-class-count,threshold,warning	{"enabled":true,"warning":14,"error":20,"minClassCount":3}	0	0	{}	0		{"enabled":true,"warning":14,"error":20,"minClassCount":3}	True	True		{}	no-write	n/a (block writes nothing)	live door + call	yes
493	coupling.cbo	T6_scope	scope: application	namespace	B3_enabled_tilde	namespace:; enabled: ~	enabled,error,min-class-count,threshold,warning	{"enabled":true,"warning":14,"error":20,"minClassCount":3}	0	0	{}	0		{"enabled":true,"warning":14,"error":20,"minClassCount":3}	True	True		{"enabled":"~(null)"}	applied	same (0)	live door (blind here) + call	yes
494	coupling.cbo	T6_scope	scope: application	namespace	B4_enabled_true	namespace:; enabled: true	enabled,error,min-class-count,threshold,warning	{"enabled":true,"warning":14,"error":20,"minClassCount":3}	0	0	{}	0		{"enabled":true,"warning":14,"error":20,"minClassCount":3}	True	True		{"enabled":true}	applied	same (0)	live door (blind here) + call	yes
495	coupling.cbo	T6_scope	scope: application	namespace	B5_enabled_false	namespace:; enabled: false	enabled,error,min-class-count,threshold,warning	{"enabled":true,"warning":14,"error":20,"minClassCount":3}	0	0	{}	0		{"enabled":false,"warning":14,"error":20,"minClassCount":3}	False	True		{"enabled":false}	applied	same (0)	live door (blind here) + call	yes
496	coupling.cbo	T6_scope	scope: application	namespace	B6_half_band	namespace:; warning: 1	enabled,error,min-class-count,threshold,warning	{"enabled":true,"warning":14,"error":20,"minClassCount":3}	0	3	{"warning":3}	0		{"enabled":true,"warning":1,"error":20,"minClassCount":3}	True	True		{"warning":1}	applied	differs (3 vs 0)	live door + call	yes
497	coupling.cbo	T6_scope	scope: application	namespace	B7_full_band	namespace:; warning: 1; error: 2	enabled,error,min-class-count,threshold,warning	{"enabled":true,"warning":14,"error":20,"minClassCount":3}	2	3	{"warning":2,"error":1}	0		{"enabled":true,"warning":1,"error":2,"minClassCount":3}	True	True		{"warning":1,"error":2}	applied	differs (3 vs 0)	live door + call	yes
498	coupling.cbo	T6_scope	scope: application	namespace	B8_threshold_in_block	namespace:; threshold: 1	enabled,error,min-class-count,threshold,warning	{"enabled":true,"warning":14,"error":20,"minClassCount":3}	2	3	{"error":3}	0		{"enabled":true,"warning":1,"error":1,"minClassCount":3}	True	True		{"warning":1,"error":1}	applied	differs (3 vs 0)	live door + call	yes
499	coupling.cbo	T6_scope	scope: application	namespace	B9_unknown_key	namespace:; no_such_option: 1	enabled,error,min-class-count,threshold,warning	{"enabled":true,"warning":14,"error":20,"minClassCount":3}	3	0	{}	0	Configuration error: Option "noSuchOption" is not an option of rule "coupling.cbo" at level "namespace". Options at that level: enabled, error, min-cl	{}			Qualimetrix\Analysis\Configuration\Contract\Refusal\ConfigurationRefusal: Option "noSuchOption" is not an option of rule "coupling.cbo" at level "name	{"no_such_option":1}	refused	refused	live door (refusal) + call	yes
500	coupling.instability	T0_none	(nothing)	class	B0_absent	(absent)	enabled,max-error,max-warning,min-afferent,threshold	{"enabled":true,"maxWarning":0.8,"maxError":0.95,"minAfferent":1}	0	0	{}	0		{"enabled":true,"maxWarning":0.8,"maxError":0.95,"minAfferent":1}	True	True		{}	no-write	n/a (block writes nothing)	live door + call	yes
501	coupling.instability	T0_none	(nothing)	class	B1_tilde	class: ~	enabled,max-error,max-warning,min-afferent,threshold	{"enabled":true,"maxWarning":0.8,"maxError":0.95,"minAfferent":1}	0	0	{}	0		{"enabled":true,"maxWarning":0.8,"maxError":0.95,"minAfferent":1}	True	True		{}	no-write	n/a (block writes nothing)	live door + call	yes
502	coupling.instability	T0_none	(nothing)	class	B2_empty_map	class: {}	enabled,max-error,max-warning,min-afferent,threshold	{"enabled":true,"maxWarning":0.8,"maxError":0.95,"minAfferent":1}	0	0	{}	0		{"enabled":true,"maxWarning":0.8,"maxError":0.95,"minAfferent":1}	True	True		{}	no-write	n/a (block writes nothing)	live door + call	yes
503	coupling.instability	T0_none	(nothing)	class	B3_enabled_tilde	class:; enabled: ~	enabled,max-error,max-warning,min-afferent,threshold	{"enabled":true,"maxWarning":0.8,"maxError":0.95,"minAfferent":1}	0	0	{}	0		{"enabled":true,"maxWarning":0.8,"maxError":0.95,"minAfferent":1}	True	True		{"enabled":"~(null)"}	applied	same (0)	live door (blind here) + call	yes
504	coupling.instability	T0_none	(nothing)	class	B4_enabled_true	class:; enabled: true	enabled,max-error,max-warning,min-afferent,threshold	{"enabled":true,"maxWarning":0.8,"maxError":0.95,"minAfferent":1}	0	0	{}	0		{"enabled":true,"maxWarning":0.8,"maxError":0.95,"minAfferent":1}	True	True		{"enabled":true}	applied	same (0)	live door (blind here) + call	yes
505	coupling.instability	T0_none	(nothing)	class	B5_enabled_false	class:; enabled: false	enabled,max-error,max-warning,min-afferent,threshold	{"enabled":true,"maxWarning":0.8,"maxError":0.95,"minAfferent":1}	0	0	{}	0		{"enabled":false,"maxWarning":0.8,"maxError":0.95,"minAfferent":1}	False	True		{"enabled":false}	applied	same (0)	live door (blind here) + call	yes
506	coupling.instability	T0_none	(nothing)	class	B6_half_band	class:; max_warning: 0.01	enabled,max-error,max-warning,min-afferent,threshold	{"enabled":true,"maxWarning":0.8,"maxError":0.95,"minAfferent":1}	0	5	{"warning":5}	0		{"enabled":true,"maxWarning":0.01,"maxError":0.95,"minAfferent":1}	True	True		{"maxWarning":0.01}	applied	differs (5 vs 0)	live door + call	yes
507	coupling.instability	T0_none	(nothing)	class	B7_full_band	class:; max_warning: 0.01; max_error: 0.02	enabled,max-error,max-warning,min-afferent,threshold	{"enabled":true,"maxWarning":0.8,"maxError":0.95,"minAfferent":1}	2	5	{"error":5}	0		{"enabled":true,"maxWarning":0.01,"maxError":0.02,"minAfferent":1}	True	True		{"maxWarning":0.01,"maxError":0.02}	applied	differs (5 vs 0)	live door + call	yes
508	coupling.instability	T0_none	(nothing)	class	B8_threshold_in_block	class:; threshold: 0.01	enabled,max-error,max-warning,min-afferent,threshold	{"enabled":true,"maxWarning":0.8,"maxError":0.95,"minAfferent":1}	2	5	{"error":5}	0		{"enabled":true,"maxWarning":0.01,"maxError":0.01,"minAfferent":1}	True	True		{"maxWarning":0.01,"maxError":0.01}	applied	differs (5 vs 0)	live door + call	yes
509	coupling.instability	T0_none	(nothing)	class	B9_unknown_key	class:; no_such_option: 1	enabled,max-error,max-warning,min-afferent,threshold	{"enabled":true,"maxWarning":0.8,"maxError":0.95,"minAfferent":1}	3	0	{}	0	Configuration error: Option "noSuchOption" is not an option of rule "coupling.instability" at level "class". Options at that level: enabled, max-error	{}			Qualimetrix\Analysis\Configuration\Contract\Refusal\ConfigurationRefusal: Option "noSuchOption" is not an option of rule "coupling.instability" at lev	{"no_such_option":1}	refused	refused	live door (refusal) + call	yes
510	coupling.instability	T0_none	(nothing)	namespace	B0_absent	(absent)	enabled,max-error,max-warning,min-afferent,min-class-count,threshold	{"enabled":true,"maxWarning":0.8,"maxError":0.95,"minClassCount":3,"minAfferent":1}	0	0	{}	0		{"enabled":true,"maxWarning":0.8,"maxError":0.95,"minClassCount":3,"minAfferent":1}	True	True		{}	no-write	n/a (block writes nothing)	live door + call	yes
511	coupling.instability	T0_none	(nothing)	namespace	B1_tilde	namespace: ~	enabled,max-error,max-warning,min-afferent,min-class-count,threshold	{"enabled":true,"maxWarning":0.8,"maxError":0.95,"minClassCount":3,"minAfferent":1}	0	0	{}	0		{"enabled":true,"maxWarning":0.8,"maxError":0.95,"minClassCount":3,"minAfferent":1}	True	True		{}	no-write	n/a (block writes nothing)	live door + call	yes
512	coupling.instability	T0_none	(nothing)	namespace	B2_empty_map	namespace: {}	enabled,max-error,max-warning,min-afferent,min-class-count,threshold	{"enabled":true,"maxWarning":0.8,"maxError":0.95,"minClassCount":3,"minAfferent":1}	0	0	{}	0		{"enabled":true,"maxWarning":0.8,"maxError":0.95,"minClassCount":3,"minAfferent":1}	True	True		{}	no-write	n/a (block writes nothing)	live door + call	yes
513	coupling.instability	T0_none	(nothing)	namespace	B3_enabled_tilde	namespace:; enabled: ~	enabled,max-error,max-warning,min-afferent,min-class-count,threshold	{"enabled":true,"maxWarning":0.8,"maxError":0.95,"minClassCount":3,"minAfferent":1}	0	0	{}	0		{"enabled":true,"maxWarning":0.8,"maxError":0.95,"minClassCount":3,"minAfferent":1}	True	True		{"enabled":"~(null)"}	applied	same (0)	live door (blind here) + call	yes
514	coupling.instability	T0_none	(nothing)	namespace	B4_enabled_true	namespace:; enabled: true	enabled,max-error,max-warning,min-afferent,min-class-count,threshold	{"enabled":true,"maxWarning":0.8,"maxError":0.95,"minClassCount":3,"minAfferent":1}	0	0	{}	0		{"enabled":true,"maxWarning":0.8,"maxError":0.95,"minClassCount":3,"minAfferent":1}	True	True		{"enabled":true}	applied	same (0)	live door (blind here) + call	yes
515	coupling.instability	T0_none	(nothing)	namespace	B5_enabled_false	namespace:; enabled: false	enabled,max-error,max-warning,min-afferent,min-class-count,threshold	{"enabled":true,"maxWarning":0.8,"maxError":0.95,"minClassCount":3,"minAfferent":1}	0	0	{}	0		{"enabled":false,"maxWarning":0.8,"maxError":0.95,"minClassCount":3,"minAfferent":1}	False	True		{"enabled":false}	applied	same (0)	live door (blind here) + call	yes
516	coupling.instability	T0_none	(nothing)	namespace	B6_half_band	namespace:; max_warning: 0.01	enabled,max-error,max-warning,min-afferent,min-class-count,threshold	{"enabled":true,"maxWarning":0.8,"maxError":0.95,"minClassCount":3,"minAfferent":1}	0	1	{"warning":1}	0		{"enabled":true,"maxWarning":0.01,"maxError":0.95,"minClassCount":3,"minAfferent":1}	True	True		{"maxWarning":0.01}	applied	differs (1 vs 0)	live door + call	yes
517	coupling.instability	T0_none	(nothing)	namespace	B7_full_band	namespace:; max_warning: 0.01; max_error: 0.02	enabled,max-error,max-warning,min-afferent,min-class-count,threshold	{"enabled":true,"maxWarning":0.8,"maxError":0.95,"minClassCount":3,"minAfferent":1}	2	1	{"error":1}	0		{"enabled":true,"maxWarning":0.01,"maxError":0.02,"minClassCount":3,"minAfferent":1}	True	True		{"maxWarning":0.01,"maxError":0.02}	applied	differs (1 vs 0)	live door + call	yes
518	coupling.instability	T0_none	(nothing)	namespace	B8_threshold_in_block	namespace:; threshold: 0.01	enabled,max-error,max-warning,min-afferent,min-class-count,threshold	{"enabled":true,"maxWarning":0.8,"maxError":0.95,"minClassCount":3,"minAfferent":1}	2	1	{"error":1}	0		{"enabled":true,"maxWarning":0.01,"maxError":0.01,"minClassCount":3,"minAfferent":1}	True	True		{"maxWarning":0.01,"maxError":0.01}	applied	differs (1 vs 0)	live door + call	yes
519	coupling.instability	T0_none	(nothing)	namespace	B9_unknown_key	namespace:; no_such_option: 1	enabled,max-error,max-warning,min-afferent,min-class-count,threshold	{"enabled":true,"maxWarning":0.8,"maxError":0.95,"minClassCount":3,"minAfferent":1}	3	0	{}	0	Configuration error: Option "noSuchOption" is not an option of rule "coupling.instability" at level "namespace". Options at that level: enabled, max-e	{}			Qualimetrix\Analysis\Configuration\Contract\Refusal\ConfigurationRefusal: Option "noSuchOption" is not an option of rule "coupling.instability" at lev	{"no_such_option":1}	refused	refused	live door (refusal) + call	yes
520	coupling.instability	T1_threshold_value	threshold: 1.01	class	B0_absent	(absent)	enabled,max-error,max-warning,min-afferent,threshold	{"enabled":true,"maxWarning":0.8,"maxError":0.95,"minAfferent":1}	0	0	{}	0		{"enabled":true,"maxWarning":1.01,"maxError":1.01,"minAfferent":1}	True	True		{}	no-write	n/a (block writes nothing)	live door + call	yes
521	coupling.instability	T1_threshold_value	threshold: 1.01	class	B1_tilde	class: ~	enabled,max-error,max-warning,min-afferent,threshold	{"enabled":true,"maxWarning":0.8,"maxError":0.95,"minAfferent":1}	0	0	{}	0		{"enabled":true,"maxWarning":1.01,"maxError":1.01,"minAfferent":1}	True	True		{}	no-write	n/a (block writes nothing)	live door + call	yes
522	coupling.instability	T1_threshold_value	threshold: 1.01	class	B2_empty_map	class: {}	enabled,max-error,max-warning,min-afferent,threshold	{"enabled":true,"maxWarning":0.8,"maxError":0.95,"minAfferent":1}	0	0	{}	0		{"enabled":true,"maxWarning":1.01,"maxError":1.01,"minAfferent":1}	True	True		{}	no-write	n/a (block writes nothing)	live door + call	yes
523	coupling.instability	T1_threshold_value	threshold: 1.01	class	B3_enabled_tilde	class:; enabled: ~	enabled,max-error,max-warning,min-afferent,threshold	{"enabled":true,"maxWarning":0.8,"maxError":0.95,"minAfferent":1}	0	0	{}	0		{"enabled":true,"maxWarning":1.01,"maxError":1.01,"minAfferent":1}	True	True		{"enabled":"~(null)"}	applied	same (0)	live door (blind here) + call	yes
524	coupling.instability	T1_threshold_value	threshold: 1.01	class	B4_enabled_true	class:; enabled: true	enabled,max-error,max-warning,min-afferent,threshold	{"enabled":true,"maxWarning":0.8,"maxError":0.95,"minAfferent":1}	0	0	{}	0		{"enabled":true,"maxWarning":1.01,"maxError":1.01,"minAfferent":1}	True	True		{"enabled":true}	applied	same (0)	live door (blind here) + call	yes
525	coupling.instability	T1_threshold_value	threshold: 1.01	class	B5_enabled_false	class:; enabled: false	enabled,max-error,max-warning,min-afferent,threshold	{"enabled":true,"maxWarning":0.8,"maxError":0.95,"minAfferent":1}	0	0	{}	0		{"enabled":true,"maxWarning":1.01,"maxError":1.01,"minAfferent":1}	True	True		{"enabled":false}	dropped	same (0)	live door (blind here) + call	yes
526	coupling.instability	T1_threshold_value	threshold: 1.01	class	B6_half_band	class:; max_warning: 0.01	enabled,max-error,max-warning,min-afferent,threshold	{"enabled":true,"maxWarning":0.8,"maxError":0.95,"minAfferent":1}	0	0	{}	0		{"enabled":true,"maxWarning":1.01,"maxError":1.01,"minAfferent":1}	True	True		{"maxWarning":0.01}	dropped	same (0)	live door (blind here) + call	yes
527	coupling.instability	T1_threshold_value	threshold: 1.01	class	B7_full_band	class:; max_warning: 0.01; max_error: 0.02	enabled,max-error,max-warning,min-afferent,threshold	{"enabled":true,"maxWarning":0.8,"maxError":0.95,"minAfferent":1}	0	0	{}	0		{"enabled":true,"maxWarning":1.01,"maxError":1.01,"minAfferent":1}	True	True		{"maxWarning":0.01,"maxError":0.02}	dropped	same (0)	live door (blind here) + call	yes
528	coupling.instability	T1_threshold_value	threshold: 1.01	class	B8_threshold_in_block	class:; threshold: 0.01	enabled,max-error,max-warning,min-afferent,threshold	{"enabled":true,"maxWarning":0.8,"maxError":0.95,"minAfferent":1}	0	0	{}	0		{"enabled":true,"maxWarning":1.01,"maxError":1.01,"minAfferent":1}	True	True		{"maxWarning":0.01,"maxError":0.01}	dropped	same (0)	live door (blind here) + call	yes
529	coupling.instability	T1_threshold_value	threshold: 1.01	class	B9_unknown_key	class:; no_such_option: 1	enabled,max-error,max-warning,min-afferent,threshold	{"enabled":true,"maxWarning":0.8,"maxError":0.95,"minAfferent":1}	3	0	{}	0	Configuration error: Option "noSuchOption" is not an option of rule "coupling.instability" at level "class". Options at that level: enabled, max-error	{}			Qualimetrix\Analysis\Configuration\Contract\Refusal\ConfigurationRefusal: Option "noSuchOption" is not an option of rule "coupling.instability" at lev	{"no_such_option":1}	refused	refused	live door (refusal) + call	yes
530	coupling.instability	T1_threshold_value	threshold: 1.01	namespace	B0_absent	(absent)	enabled,max-error,max-warning,min-afferent,min-class-count,threshold	{"enabled":true,"maxWarning":0.8,"maxError":0.95,"minClassCount":3,"minAfferent":1}	0	0	{}	0		{"enabled":true,"maxWarning":1.01,"maxError":1.01,"minClassCount":3,"minAfferent":1}	True	True		{}	no-write	n/a (block writes nothing)	live door + call	yes
531	coupling.instability	T1_threshold_value	threshold: 1.01	namespace	B1_tilde	namespace: ~	enabled,max-error,max-warning,min-afferent,min-class-count,threshold	{"enabled":true,"maxWarning":0.8,"maxError":0.95,"minClassCount":3,"minAfferent":1}	0	0	{}	0		{"enabled":true,"maxWarning":1.01,"maxError":1.01,"minClassCount":3,"minAfferent":1}	True	True		{}	no-write	n/a (block writes nothing)	live door + call	yes
532	coupling.instability	T1_threshold_value	threshold: 1.01	namespace	B2_empty_map	namespace: {}	enabled,max-error,max-warning,min-afferent,min-class-count,threshold	{"enabled":true,"maxWarning":0.8,"maxError":0.95,"minClassCount":3,"minAfferent":1}	0	0	{}	0		{"enabled":true,"maxWarning":1.01,"maxError":1.01,"minClassCount":3,"minAfferent":1}	True	True		{}	no-write	n/a (block writes nothing)	live door + call	yes
533	coupling.instability	T1_threshold_value	threshold: 1.01	namespace	B3_enabled_tilde	namespace:; enabled: ~	enabled,max-error,max-warning,min-afferent,min-class-count,threshold	{"enabled":true,"maxWarning":0.8,"maxError":0.95,"minClassCount":3,"minAfferent":1}	0	0	{}	0		{"enabled":true,"maxWarning":1.01,"maxError":1.01,"minClassCount":3,"minAfferent":1}	True	True		{"enabled":"~(null)"}	applied	same (0)	live door (blind here) + call	yes
534	coupling.instability	T1_threshold_value	threshold: 1.01	namespace	B4_enabled_true	namespace:; enabled: true	enabled,max-error,max-warning,min-afferent,min-class-count,threshold	{"enabled":true,"maxWarning":0.8,"maxError":0.95,"minClassCount":3,"minAfferent":1}	0	0	{}	0		{"enabled":true,"maxWarning":1.01,"maxError":1.01,"minClassCount":3,"minAfferent":1}	True	True		{"enabled":true}	applied	same (0)	live door (blind here) + call	yes
535	coupling.instability	T1_threshold_value	threshold: 1.01	namespace	B5_enabled_false	namespace:; enabled: false	enabled,max-error,max-warning,min-afferent,min-class-count,threshold	{"enabled":true,"maxWarning":0.8,"maxError":0.95,"minClassCount":3,"minAfferent":1}	0	0	{}	0		{"enabled":true,"maxWarning":1.01,"maxError":1.01,"minClassCount":3,"minAfferent":1}	True	True		{"enabled":false}	dropped	same (0)	live door (blind here) + call	yes
536	coupling.instability	T1_threshold_value	threshold: 1.01	namespace	B6_half_band	namespace:; max_warning: 0.01	enabled,max-error,max-warning,min-afferent,min-class-count,threshold	{"enabled":true,"maxWarning":0.8,"maxError":0.95,"minClassCount":3,"minAfferent":1}	0	0	{}	0		{"enabled":true,"maxWarning":1.01,"maxError":1.01,"minClassCount":3,"minAfferent":1}	True	True		{"maxWarning":0.01}	dropped	same (0)	live door (blind here) + call	yes
537	coupling.instability	T1_threshold_value	threshold: 1.01	namespace	B7_full_band	namespace:; max_warning: 0.01; max_error: 0.02	enabled,max-error,max-warning,min-afferent,min-class-count,threshold	{"enabled":true,"maxWarning":0.8,"maxError":0.95,"minClassCount":3,"minAfferent":1}	0	0	{}	0		{"enabled":true,"maxWarning":1.01,"maxError":1.01,"minClassCount":3,"minAfferent":1}	True	True		{"maxWarning":0.01,"maxError":0.02}	dropped	same (0)	live door (blind here) + call	yes
538	coupling.instability	T1_threshold_value	threshold: 1.01	namespace	B8_threshold_in_block	namespace:; threshold: 0.01	enabled,max-error,max-warning,min-afferent,min-class-count,threshold	{"enabled":true,"maxWarning":0.8,"maxError":0.95,"minClassCount":3,"minAfferent":1}	0	0	{}	0		{"enabled":true,"maxWarning":1.01,"maxError":1.01,"minClassCount":3,"minAfferent":1}	True	True		{"maxWarning":0.01,"maxError":0.01}	dropped	same (0)	live door (blind here) + call	yes
539	coupling.instability	T1_threshold_value	threshold: 1.01	namespace	B9_unknown_key	namespace:; no_such_option: 1	enabled,max-error,max-warning,min-afferent,min-class-count,threshold	{"enabled":true,"maxWarning":0.8,"maxError":0.95,"minClassCount":3,"minAfferent":1}	3	0	{}	0	Configuration error: Option "noSuchOption" is not an option of rule "coupling.instability" at level "namespace". Options at that level: enabled, max-e	{}			Qualimetrix\Analysis\Configuration\Contract\Refusal\ConfigurationRefusal: Option "noSuchOption" is not an option of rule "coupling.instability" at lev	{"no_such_option":1}	refused	refused	live door (refusal) + call	yes
540	coupling.instability	T2_threshold_tilde	threshold: ~	class	B0_absent	(absent)	enabled,max-error,max-warning,min-afferent,threshold	{"enabled":true,"maxWarning":0.8,"maxError":0.95,"minAfferent":1}	0	0	{}	0		{"enabled":true,"maxWarning":0.8,"maxError":0.95,"minAfferent":1}	True	True		{}	no-write	n/a (block writes nothing)	live door + call	yes
541	coupling.instability	T2_threshold_tilde	threshold: ~	class	B1_tilde	class: ~	enabled,max-error,max-warning,min-afferent,threshold	{"enabled":true,"maxWarning":0.8,"maxError":0.95,"minAfferent":1}	0	0	{}	0		{"enabled":true,"maxWarning":0.8,"maxError":0.95,"minAfferent":1}	True	True		{}	no-write	n/a (block writes nothing)	live door + call	yes
542	coupling.instability	T2_threshold_tilde	threshold: ~	class	B2_empty_map	class: {}	enabled,max-error,max-warning,min-afferent,threshold	{"enabled":true,"maxWarning":0.8,"maxError":0.95,"minAfferent":1}	0	0	{}	0		{"enabled":true,"maxWarning":0.8,"maxError":0.95,"minAfferent":1}	True	True		{}	no-write	n/a (block writes nothing)	live door + call	yes
543	coupling.instability	T2_threshold_tilde	threshold: ~	class	B3_enabled_tilde	class:; enabled: ~	enabled,max-error,max-warning,min-afferent,threshold	{"enabled":true,"maxWarning":0.8,"maxError":0.95,"minAfferent":1}	0	0	{}	0		{"enabled":true,"maxWarning":0.8,"maxError":0.95,"minAfferent":1}	True	True		{"enabled":"~(null)"}	applied	same (0)	live door (blind here) + call	yes
544	coupling.instability	T2_threshold_tilde	threshold: ~	class	B4_enabled_true	class:; enabled: true	enabled,max-error,max-warning,min-afferent,threshold	{"enabled":true,"maxWarning":0.8,"maxError":0.95,"minAfferent":1}	0	0	{}	0		{"enabled":true,"maxWarning":0.8,"maxError":0.95,"minAfferent":1}	True	True		{"enabled":true}	applied	same (0)	live door (blind here) + call	yes
545	coupling.instability	T2_threshold_tilde	threshold: ~	class	B5_enabled_false	class:; enabled: false	enabled,max-error,max-warning,min-afferent,threshold	{"enabled":true,"maxWarning":0.8,"maxError":0.95,"minAfferent":1}	0	0	{}	0		{"enabled":false,"maxWarning":0.8,"maxError":0.95,"minAfferent":1}	False	True		{"enabled":false}	applied	same (0)	live door (blind here) + call	yes
546	coupling.instability	T2_threshold_tilde	threshold: ~	class	B6_half_band	class:; max_warning: 0.01	enabled,max-error,max-warning,min-afferent,threshold	{"enabled":true,"maxWarning":0.8,"maxError":0.95,"minAfferent":1}	0	5	{"warning":5}	0		{"enabled":true,"maxWarning":0.01,"maxError":0.95,"minAfferent":1}	True	True		{"maxWarning":0.01}	applied	differs (5 vs 0)	live door + call	yes
547	coupling.instability	T2_threshold_tilde	threshold: ~	class	B7_full_band	class:; max_warning: 0.01; max_error: 0.02	enabled,max-error,max-warning,min-afferent,threshold	{"enabled":true,"maxWarning":0.8,"maxError":0.95,"minAfferent":1}	2	5	{"error":5}	0		{"enabled":true,"maxWarning":0.01,"maxError":0.02,"minAfferent":1}	True	True		{"maxWarning":0.01,"maxError":0.02}	applied	differs (5 vs 0)	live door + call	yes
548	coupling.instability	T2_threshold_tilde	threshold: ~	class	B8_threshold_in_block	class:; threshold: 0.01	enabled,max-error,max-warning,min-afferent,threshold	{"enabled":true,"maxWarning":0.8,"maxError":0.95,"minAfferent":1}	2	5	{"error":5}	0		{"enabled":true,"maxWarning":0.01,"maxError":0.01,"minAfferent":1}	True	True		{"maxWarning":0.01,"maxError":0.01}	applied	differs (5 vs 0)	live door + call	yes
549	coupling.instability	T2_threshold_tilde	threshold: ~	class	B9_unknown_key	class:; no_such_option: 1	enabled,max-error,max-warning,min-afferent,threshold	{"enabled":true,"maxWarning":0.8,"maxError":0.95,"minAfferent":1}	3	0	{}	0	Configuration error: Option "noSuchOption" is not an option of rule "coupling.instability" at level "class". Options at that level: enabled, max-error	{}			Qualimetrix\Analysis\Configuration\Contract\Refusal\ConfigurationRefusal: Option "noSuchOption" is not an option of rule "coupling.instability" at lev	{"no_such_option":1}	refused	refused	live door (refusal) + call	yes
550	coupling.instability	T2_threshold_tilde	threshold: ~	namespace	B0_absent	(absent)	enabled,max-error,max-warning,min-afferent,min-class-count,threshold	{"enabled":true,"maxWarning":0.8,"maxError":0.95,"minClassCount":3,"minAfferent":1}	0	0	{}	0		{"enabled":true,"maxWarning":0.8,"maxError":0.95,"minClassCount":3,"minAfferent":1}	True	True		{}	no-write	n/a (block writes nothing)	live door + call	yes
551	coupling.instability	T2_threshold_tilde	threshold: ~	namespace	B1_tilde	namespace: ~	enabled,max-error,max-warning,min-afferent,min-class-count,threshold	{"enabled":true,"maxWarning":0.8,"maxError":0.95,"minClassCount":3,"minAfferent":1}	0	0	{}	0		{"enabled":true,"maxWarning":0.8,"maxError":0.95,"minClassCount":3,"minAfferent":1}	True	True		{}	no-write	n/a (block writes nothing)	live door + call	yes
552	coupling.instability	T2_threshold_tilde	threshold: ~	namespace	B2_empty_map	namespace: {}	enabled,max-error,max-warning,min-afferent,min-class-count,threshold	{"enabled":true,"maxWarning":0.8,"maxError":0.95,"minClassCount":3,"minAfferent":1}	0	0	{}	0		{"enabled":true,"maxWarning":0.8,"maxError":0.95,"minClassCount":3,"minAfferent":1}	True	True		{}	no-write	n/a (block writes nothing)	live door + call	yes
553	coupling.instability	T2_threshold_tilde	threshold: ~	namespace	B3_enabled_tilde	namespace:; enabled: ~	enabled,max-error,max-warning,min-afferent,min-class-count,threshold	{"enabled":true,"maxWarning":0.8,"maxError":0.95,"minClassCount":3,"minAfferent":1}	0	0	{}	0		{"enabled":true,"maxWarning":0.8,"maxError":0.95,"minClassCount":3,"minAfferent":1}	True	True		{"enabled":"~(null)"}	applied	same (0)	live door (blind here) + call	yes
554	coupling.instability	T2_threshold_tilde	threshold: ~	namespace	B4_enabled_true	namespace:; enabled: true	enabled,max-error,max-warning,min-afferent,min-class-count,threshold	{"enabled":true,"maxWarning":0.8,"maxError":0.95,"minClassCount":3,"minAfferent":1}	0	0	{}	0		{"enabled":true,"maxWarning":0.8,"maxError":0.95,"minClassCount":3,"minAfferent":1}	True	True		{"enabled":true}	applied	same (0)	live door (blind here) + call	yes
555	coupling.instability	T2_threshold_tilde	threshold: ~	namespace	B5_enabled_false	namespace:; enabled: false	enabled,max-error,max-warning,min-afferent,min-class-count,threshold	{"enabled":true,"maxWarning":0.8,"maxError":0.95,"minClassCount":3,"minAfferent":1}	0	0	{}	0		{"enabled":false,"maxWarning":0.8,"maxError":0.95,"minClassCount":3,"minAfferent":1}	False	True		{"enabled":false}	applied	same (0)	live door (blind here) + call	yes
556	coupling.instability	T2_threshold_tilde	threshold: ~	namespace	B6_half_band	namespace:; max_warning: 0.01	enabled,max-error,max-warning,min-afferent,min-class-count,threshold	{"enabled":true,"maxWarning":0.8,"maxError":0.95,"minClassCount":3,"minAfferent":1}	0	1	{"warning":1}	0		{"enabled":true,"maxWarning":0.01,"maxError":0.95,"minClassCount":3,"minAfferent":1}	True	True		{"maxWarning":0.01}	applied	differs (1 vs 0)	live door + call	yes
557	coupling.instability	T2_threshold_tilde	threshold: ~	namespace	B7_full_band	namespace:; max_warning: 0.01; max_error: 0.02	enabled,max-error,max-warning,min-afferent,min-class-count,threshold	{"enabled":true,"maxWarning":0.8,"maxError":0.95,"minClassCount":3,"minAfferent":1}	2	1	{"error":1}	0		{"enabled":true,"maxWarning":0.01,"maxError":0.02,"minClassCount":3,"minAfferent":1}	True	True		{"maxWarning":0.01,"maxError":0.02}	applied	differs (1 vs 0)	live door + call	yes
558	coupling.instability	T2_threshold_tilde	threshold: ~	namespace	B8_threshold_in_block	namespace:; threshold: 0.01	enabled,max-error,max-warning,min-afferent,min-class-count,threshold	{"enabled":true,"maxWarning":0.8,"maxError":0.95,"minClassCount":3,"minAfferent":1}	2	1	{"error":1}	0		{"enabled":true,"maxWarning":0.01,"maxError":0.01,"minClassCount":3,"minAfferent":1}	True	True		{"maxWarning":0.01,"maxError":0.01}	applied	differs (1 vs 0)	live door + call	yes
559	coupling.instability	T2_threshold_tilde	threshold: ~	namespace	B9_unknown_key	namespace:; no_such_option: 1	enabled,max-error,max-warning,min-afferent,min-class-count,threshold	{"enabled":true,"maxWarning":0.8,"maxError":0.95,"minClassCount":3,"minAfferent":1}	3	0	{}	0	Configuration error: Option "noSuchOption" is not an option of rule "coupling.instability" at level "namespace". Options at that level: enabled, max-e	{}			Qualimetrix\Analysis\Configuration\Contract\Refusal\ConfigurationRefusal: Option "noSuchOption" is not an option of rule "coupling.instability" at lev	{"no_such_option":1}	refused	refused	live door (refusal) + call	yes
560	coupling.instability	T3_top_graduated_pair	max_warning: 1.01; max_error: 1.02	class	B0_absent	(absent)	enabled,max-error,max-warning,min-afferent,threshold	{"enabled":true,"maxWarning":0.8,"maxError":0.95,"minAfferent":1}	0	0	{}	0		{"enabled":true,"maxWarning":1.01,"maxError":1.02,"minAfferent":1}	True	True		{}	no-write	n/a (block writes nothing)	live door + call	yes
561	coupling.instability	T3_top_graduated_pair	max_warning: 1.01; max_error: 1.02	class	B1_tilde	class: ~	enabled,max-error,max-warning,min-afferent,threshold	{"enabled":true,"maxWarning":0.8,"maxError":0.95,"minAfferent":1}	0	0	{}	0		{"enabled":true,"maxWarning":1.01,"maxError":1.02,"minAfferent":1}	True	True		{}	no-write	n/a (block writes nothing)	live door + call	yes
562	coupling.instability	T3_top_graduated_pair	max_warning: 1.01; max_error: 1.02	class	B2_empty_map	class: {}	enabled,max-error,max-warning,min-afferent,threshold	{"enabled":true,"maxWarning":0.8,"maxError":0.95,"minAfferent":1}	0	0	{}	0		{"enabled":true,"maxWarning":1.01,"maxError":1.02,"minAfferent":1}	True	True		{}	no-write	n/a (block writes nothing)	live door + call	yes
563	coupling.instability	T3_top_graduated_pair	max_warning: 1.01; max_error: 1.02	class	B3_enabled_tilde	class:; enabled: ~	enabled,max-error,max-warning,min-afferent,threshold	{"enabled":true,"maxWarning":0.8,"maxError":0.95,"minAfferent":1}	0	0	{}	0		{"enabled":true,"maxWarning":1.01,"maxError":1.02,"minAfferent":1}	True	True		{"enabled":"~(null)"}	applied	same (0)	live door (blind here) + call	yes
564	coupling.instability	T3_top_graduated_pair	max_warning: 1.01; max_error: 1.02	class	B4_enabled_true	class:; enabled: true	enabled,max-error,max-warning,min-afferent,threshold	{"enabled":true,"maxWarning":0.8,"maxError":0.95,"minAfferent":1}	0	0	{}	0		{"enabled":true,"maxWarning":1.01,"maxError":1.02,"minAfferent":1}	True	True		{"enabled":true}	applied	same (0)	live door (blind here) + call	yes
565	coupling.instability	T3_top_graduated_pair	max_warning: 1.01; max_error: 1.02	class	B5_enabled_false	class:; enabled: false	enabled,max-error,max-warning,min-afferent,threshold	{"enabled":true,"maxWarning":0.8,"maxError":0.95,"minAfferent":1}	0	0	{}	0		{"enabled":true,"maxWarning":1.01,"maxError":1.02,"minAfferent":1}	True	True		{"enabled":false}	dropped	same (0)	live door (blind here) + call	yes
566	coupling.instability	T3_top_graduated_pair	max_warning: 1.01; max_error: 1.02	class	B6_half_band	class:; max_warning: 0.01	enabled,max-error,max-warning,min-afferent,threshold	{"enabled":true,"maxWarning":0.8,"maxError":0.95,"minAfferent":1}	0	0	{}	0		{"enabled":true,"maxWarning":1.01,"maxError":1.02,"minAfferent":1}	True	True		{"maxWarning":0.01}	dropped	same (0)	live door (blind here) + call	yes
567	coupling.instability	T3_top_graduated_pair	max_warning: 1.01; max_error: 1.02	class	B7_full_band	class:; max_warning: 0.01; max_error: 0.02	enabled,max-error,max-warning,min-afferent,threshold	{"enabled":true,"maxWarning":0.8,"maxError":0.95,"minAfferent":1}	0	0	{}	0		{"enabled":true,"maxWarning":1.01,"maxError":1.02,"minAfferent":1}	True	True		{"maxWarning":0.01,"maxError":0.02}	dropped	same (0)	live door (blind here) + call	yes
568	coupling.instability	T3_top_graduated_pair	max_warning: 1.01; max_error: 1.02	class	B8_threshold_in_block	class:; threshold: 0.01	enabled,max-error,max-warning,min-afferent,threshold	{"enabled":true,"maxWarning":0.8,"maxError":0.95,"minAfferent":1}	0	0	{}	0		{"enabled":true,"maxWarning":1.01,"maxError":1.02,"minAfferent":1}	True	True		{"maxWarning":0.01,"maxError":0.01}	dropped	same (0)	live door (blind here) + call	yes
569	coupling.instability	T3_top_graduated_pair	max_warning: 1.01; max_error: 1.02	class	B9_unknown_key	class:; no_such_option: 1	enabled,max-error,max-warning,min-afferent,threshold	{"enabled":true,"maxWarning":0.8,"maxError":0.95,"minAfferent":1}	3	0	{}	0	Configuration error: Option "noSuchOption" is not an option of rule "coupling.instability" at level "class". Options at that level: enabled, max-error	{}			Qualimetrix\Analysis\Configuration\Contract\Refusal\ConfigurationRefusal: Option "noSuchOption" is not an option of rule "coupling.instability" at lev	{"no_such_option":1}	refused	refused	live door (refusal) + call	yes
570	coupling.instability	T3_top_graduated_pair	max_warning: 1.01; max_error: 1.02	namespace	B0_absent	(absent)	enabled,max-error,max-warning,min-afferent,min-class-count,threshold	{"enabled":true,"maxWarning":0.8,"maxError":0.95,"minClassCount":3,"minAfferent":1}	0	0	{}	0		{"enabled":true,"maxWarning":1.01,"maxError":1.02,"minClassCount":3,"minAfferent":1}	True	True		{}	no-write	n/a (block writes nothing)	live door + call	yes
571	coupling.instability	T3_top_graduated_pair	max_warning: 1.01; max_error: 1.02	namespace	B1_tilde	namespace: ~	enabled,max-error,max-warning,min-afferent,min-class-count,threshold	{"enabled":true,"maxWarning":0.8,"maxError":0.95,"minClassCount":3,"minAfferent":1}	0	0	{}	0		{"enabled":true,"maxWarning":1.01,"maxError":1.02,"minClassCount":3,"minAfferent":1}	True	True		{}	no-write	n/a (block writes nothing)	live door + call	yes
572	coupling.instability	T3_top_graduated_pair	max_warning: 1.01; max_error: 1.02	namespace	B2_empty_map	namespace: {}	enabled,max-error,max-warning,min-afferent,min-class-count,threshold	{"enabled":true,"maxWarning":0.8,"maxError":0.95,"minClassCount":3,"minAfferent":1}	0	0	{}	0		{"enabled":true,"maxWarning":1.01,"maxError":1.02,"minClassCount":3,"minAfferent":1}	True	True		{}	no-write	n/a (block writes nothing)	live door + call	yes
573	coupling.instability	T3_top_graduated_pair	max_warning: 1.01; max_error: 1.02	namespace	B3_enabled_tilde	namespace:; enabled: ~	enabled,max-error,max-warning,min-afferent,min-class-count,threshold	{"enabled":true,"maxWarning":0.8,"maxError":0.95,"minClassCount":3,"minAfferent":1}	0	0	{}	0		{"enabled":true,"maxWarning":1.01,"maxError":1.02,"minClassCount":3,"minAfferent":1}	True	True		{"enabled":"~(null)"}	applied	same (0)	live door (blind here) + call	yes
574	coupling.instability	T3_top_graduated_pair	max_warning: 1.01; max_error: 1.02	namespace	B4_enabled_true	namespace:; enabled: true	enabled,max-error,max-warning,min-afferent,min-class-count,threshold	{"enabled":true,"maxWarning":0.8,"maxError":0.95,"minClassCount":3,"minAfferent":1}	0	0	{}	0		{"enabled":true,"maxWarning":1.01,"maxError":1.02,"minClassCount":3,"minAfferent":1}	True	True		{"enabled":true}	applied	same (0)	live door (blind here) + call	yes
575	coupling.instability	T3_top_graduated_pair	max_warning: 1.01; max_error: 1.02	namespace	B5_enabled_false	namespace:; enabled: false	enabled,max-error,max-warning,min-afferent,min-class-count,threshold	{"enabled":true,"maxWarning":0.8,"maxError":0.95,"minClassCount":3,"minAfferent":1}	0	0	{}	0		{"enabled":true,"maxWarning":1.01,"maxError":1.02,"minClassCount":3,"minAfferent":1}	True	True		{"enabled":false}	dropped	same (0)	live door (blind here) + call	yes
576	coupling.instability	T3_top_graduated_pair	max_warning: 1.01; max_error: 1.02	namespace	B6_half_band	namespace:; max_warning: 0.01	enabled,max-error,max-warning,min-afferent,min-class-count,threshold	{"enabled":true,"maxWarning":0.8,"maxError":0.95,"minClassCount":3,"minAfferent":1}	0	0	{}	0		{"enabled":true,"maxWarning":1.01,"maxError":1.02,"minClassCount":3,"minAfferent":1}	True	True		{"maxWarning":0.01}	dropped	same (0)	live door (blind here) + call	yes
577	coupling.instability	T3_top_graduated_pair	max_warning: 1.01; max_error: 1.02	namespace	B7_full_band	namespace:; max_warning: 0.01; max_error: 0.02	enabled,max-error,max-warning,min-afferent,min-class-count,threshold	{"enabled":true,"maxWarning":0.8,"maxError":0.95,"minClassCount":3,"minAfferent":1}	0	0	{}	0		{"enabled":true,"maxWarning":1.01,"maxError":1.02,"minClassCount":3,"minAfferent":1}	True	True		{"maxWarning":0.01,"maxError":0.02}	dropped	same (0)	live door (blind here) + call	yes
578	coupling.instability	T3_top_graduated_pair	max_warning: 1.01; max_error: 1.02	namespace	B8_threshold_in_block	namespace:; threshold: 0.01	enabled,max-error,max-warning,min-afferent,min-class-count,threshold	{"enabled":true,"maxWarning":0.8,"maxError":0.95,"minClassCount":3,"minAfferent":1}	0	0	{}	0		{"enabled":true,"maxWarning":1.01,"maxError":1.02,"minClassCount":3,"minAfferent":1}	True	True		{"maxWarning":0.01,"maxError":0.01}	dropped	same (0)	live door (blind here) + call	yes
579	coupling.instability	T3_top_graduated_pair	max_warning: 1.01; max_error: 1.02	namespace	B9_unknown_key	namespace:; no_such_option: 1	enabled,max-error,max-warning,min-afferent,min-class-count,threshold	{"enabled":true,"maxWarning":0.8,"maxError":0.95,"minClassCount":3,"minAfferent":1}	3	0	{}	0	Configuration error: Option "noSuchOption" is not an option of rule "coupling.instability" at level "namespace". Options at that level: enabled, max-e	{}			Qualimetrix\Analysis\Configuration\Contract\Refusal\ConfigurationRefusal: Option "noSuchOption" is not an option of rule "coupling.instability" at lev	{"no_such_option":1}	refused	refused	live door (refusal) + call	yes
580	coupling.instability	T4_enabled_false	enabled: false	class	B0_absent	(absent)	enabled,max-error,max-warning,min-afferent,threshold	{"enabled":true,"maxWarning":0.8,"maxError":0.95,"minAfferent":1}	0	0	{}	0		{"enabled":false,"maxWarning":0.8,"maxError":0.95,"minAfferent":1}	False	False		{}	no-write	n/a (block writes nothing)	live door + call	yes
581	coupling.instability	T4_enabled_false	enabled: false	class	B1_tilde	class: ~	enabled,max-error,max-warning,min-afferent,threshold	{"enabled":true,"maxWarning":0.8,"maxError":0.95,"minAfferent":1}	0	0	{}	0		{"enabled":false,"maxWarning":0.8,"maxError":0.95,"minAfferent":1}	False	False		{}	no-write	n/a (block writes nothing)	live door + call	yes
582	coupling.instability	T4_enabled_false	enabled: false	class	B2_empty_map	class: {}	enabled,max-error,max-warning,min-afferent,threshold	{"enabled":true,"maxWarning":0.8,"maxError":0.95,"minAfferent":1}	0	0	{}	0		{"enabled":false,"maxWarning":0.8,"maxError":0.95,"minAfferent":1}	False	False		{}	no-write	n/a (block writes nothing)	live door + call	yes
583	coupling.instability	T4_enabled_false	enabled: false	class	B3_enabled_tilde	class:; enabled: ~	enabled,max-error,max-warning,min-afferent,threshold	{"enabled":true,"maxWarning":0.8,"maxError":0.95,"minAfferent":1}	0	0	{}	0		{"enabled":false,"maxWarning":0.8,"maxError":0.95,"minAfferent":1}	False	False		{"enabled":"~(null)"}	dropped	same (0)	live door (blind here) + call	yes
584	coupling.instability	T4_enabled_false	enabled: false	class	B4_enabled_true	class:; enabled: true	enabled,max-error,max-warning,min-afferent,threshold	{"enabled":true,"maxWarning":0.8,"maxError":0.95,"minAfferent":1}	0	0	{}	0		{"enabled":false,"maxWarning":0.8,"maxError":0.95,"minAfferent":1}	False	False		{"enabled":true}	dropped	same (0)	live door (blind here) + call	yes
585	coupling.instability	T4_enabled_false	enabled: false	class	B5_enabled_false	class:; enabled: false	enabled,max-error,max-warning,min-afferent,threshold	{"enabled":true,"maxWarning":0.8,"maxError":0.95,"minAfferent":1}	0	0	{}	0		{"enabled":false,"maxWarning":0.8,"maxError":0.95,"minAfferent":1}	False	False		{"enabled":false}	applied	same (0)	live door (blind here) + call	yes
586	coupling.instability	T4_enabled_false	enabled: false	class	B6_half_band	class:; max_warning: 0.01	enabled,max-error,max-warning,min-afferent,threshold	{"enabled":true,"maxWarning":0.8,"maxError":0.95,"minAfferent":1}	0	0	{}	0		{"enabled":false,"maxWarning":0.8,"maxError":0.95,"minAfferent":1}	False	False		{"maxWarning":0.01}	dropped	same (0)	live door (blind here) + call	yes
587	coupling.instability	T4_enabled_false	enabled: false	class	B7_full_band	class:; max_warning: 0.01; max_error: 0.02	enabled,max-error,max-warning,min-afferent,threshold	{"enabled":true,"maxWarning":0.8,"maxError":0.95,"minAfferent":1}	0	0	{}	0		{"enabled":false,"maxWarning":0.8,"maxError":0.95,"minAfferent":1}	False	False		{"maxWarning":0.01,"maxError":0.02}	dropped	same (0)	live door (blind here) + call	yes
588	coupling.instability	T4_enabled_false	enabled: false	class	B8_threshold_in_block	class:; threshold: 0.01	enabled,max-error,max-warning,min-afferent,threshold	{"enabled":true,"maxWarning":0.8,"maxError":0.95,"minAfferent":1}	0	0	{}	0		{"enabled":false,"maxWarning":0.8,"maxError":0.95,"minAfferent":1}	False	False		{"maxWarning":0.01,"maxError":0.01}	dropped	same (0)	live door (blind here) + call	yes
589	coupling.instability	T4_enabled_false	enabled: false	class	B9_unknown_key	class:; no_such_option: 1	enabled,max-error,max-warning,min-afferent,threshold	{"enabled":true,"maxWarning":0.8,"maxError":0.95,"minAfferent":1}	3	0	{}	0	Configuration error: Option "noSuchOption" is not an option of rule "coupling.instability" at level "class". Options at that level: enabled, max-error	{}			Qualimetrix\Analysis\Configuration\Contract\Refusal\ConfigurationRefusal: Option "noSuchOption" is not an option of rule "coupling.instability" at lev	{"no_such_option":1}	refused	refused	live door (refusal) + call	yes
590	coupling.instability	T4_enabled_false	enabled: false	namespace	B0_absent	(absent)	enabled,max-error,max-warning,min-afferent,min-class-count,threshold	{"enabled":true,"maxWarning":0.8,"maxError":0.95,"minClassCount":3,"minAfferent":1}	0	0	{}	0		{"enabled":false,"maxWarning":0.8,"maxError":0.95,"minClassCount":3,"minAfferent":1}	False	False		{}	no-write	n/a (block writes nothing)	live door + call	yes
591	coupling.instability	T4_enabled_false	enabled: false	namespace	B1_tilde	namespace: ~	enabled,max-error,max-warning,min-afferent,min-class-count,threshold	{"enabled":true,"maxWarning":0.8,"maxError":0.95,"minClassCount":3,"minAfferent":1}	0	0	{}	0		{"enabled":false,"maxWarning":0.8,"maxError":0.95,"minClassCount":3,"minAfferent":1}	False	False		{}	no-write	n/a (block writes nothing)	live door + call	yes
592	coupling.instability	T4_enabled_false	enabled: false	namespace	B2_empty_map	namespace: {}	enabled,max-error,max-warning,min-afferent,min-class-count,threshold	{"enabled":true,"maxWarning":0.8,"maxError":0.95,"minClassCount":3,"minAfferent":1}	0	0	{}	0		{"enabled":false,"maxWarning":0.8,"maxError":0.95,"minClassCount":3,"minAfferent":1}	False	False		{}	no-write	n/a (block writes nothing)	live door + call	yes
593	coupling.instability	T4_enabled_false	enabled: false	namespace	B3_enabled_tilde	namespace:; enabled: ~	enabled,max-error,max-warning,min-afferent,min-class-count,threshold	{"enabled":true,"maxWarning":0.8,"maxError":0.95,"minClassCount":3,"minAfferent":1}	0	0	{}	0		{"enabled":false,"maxWarning":0.8,"maxError":0.95,"minClassCount":3,"minAfferent":1}	False	False		{"enabled":"~(null)"}	dropped	same (0)	live door (blind here) + call	yes
594	coupling.instability	T4_enabled_false	enabled: false	namespace	B4_enabled_true	namespace:; enabled: true	enabled,max-error,max-warning,min-afferent,min-class-count,threshold	{"enabled":true,"maxWarning":0.8,"maxError":0.95,"minClassCount":3,"minAfferent":1}	0	0	{}	0		{"enabled":false,"maxWarning":0.8,"maxError":0.95,"minClassCount":3,"minAfferent":1}	False	False		{"enabled":true}	dropped	same (0)	live door (blind here) + call	yes
595	coupling.instability	T4_enabled_false	enabled: false	namespace	B5_enabled_false	namespace:; enabled: false	enabled,max-error,max-warning,min-afferent,min-class-count,threshold	{"enabled":true,"maxWarning":0.8,"maxError":0.95,"minClassCount":3,"minAfferent":1}	0	0	{}	0		{"enabled":false,"maxWarning":0.8,"maxError":0.95,"minClassCount":3,"minAfferent":1}	False	False		{"enabled":false}	applied	same (0)	live door (blind here) + call	yes
596	coupling.instability	T4_enabled_false	enabled: false	namespace	B6_half_band	namespace:; max_warning: 0.01	enabled,max-error,max-warning,min-afferent,min-class-count,threshold	{"enabled":true,"maxWarning":0.8,"maxError":0.95,"minClassCount":3,"minAfferent":1}	0	0	{}	0		{"enabled":false,"maxWarning":0.8,"maxError":0.95,"minClassCount":3,"minAfferent":1}	False	False		{"maxWarning":0.01}	dropped	same (0)	live door (blind here) + call	yes
597	coupling.instability	T4_enabled_false	enabled: false	namespace	B7_full_band	namespace:; max_warning: 0.01; max_error: 0.02	enabled,max-error,max-warning,min-afferent,min-class-count,threshold	{"enabled":true,"maxWarning":0.8,"maxError":0.95,"minClassCount":3,"minAfferent":1}	0	0	{}	0		{"enabled":false,"maxWarning":0.8,"maxError":0.95,"minClassCount":3,"minAfferent":1}	False	False		{"maxWarning":0.01,"maxError":0.02}	dropped	same (0)	live door (blind here) + call	yes
598	coupling.instability	T4_enabled_false	enabled: false	namespace	B8_threshold_in_block	namespace:; threshold: 0.01	enabled,max-error,max-warning,min-afferent,min-class-count,threshold	{"enabled":true,"maxWarning":0.8,"maxError":0.95,"minClassCount":3,"minAfferent":1}	0	0	{}	0		{"enabled":false,"maxWarning":0.8,"maxError":0.95,"minClassCount":3,"minAfferent":1}	False	False		{"maxWarning":0.01,"maxError":0.01}	dropped	same (0)	live door (blind here) + call	yes
599	coupling.instability	T4_enabled_false	enabled: false	namespace	B9_unknown_key	namespace:; no_such_option: 1	enabled,max-error,max-warning,min-afferent,min-class-count,threshold	{"enabled":true,"maxWarning":0.8,"maxError":0.95,"minClassCount":3,"minAfferent":1}	3	0	{}	0	Configuration error: Option "noSuchOption" is not an option of rule "coupling.instability" at level "namespace". Options at that level: enabled, max-e	{}			Qualimetrix\Analysis\Configuration\Contract\Refusal\ConfigurationRefusal: Option "noSuchOption" is not an option of rule "coupling.instability" at lev	{"no_such_option":1}	refused	refused	live door (refusal) + call	yes
600	coupling.instability	T5_enabled_true	enabled: true	class	B0_absent	(absent)	enabled,max-error,max-warning,min-afferent,threshold	{"enabled":true,"maxWarning":0.8,"maxError":0.95,"minAfferent":1}	0	0	{}	0		{"enabled":true,"maxWarning":0.8,"maxError":0.95,"minAfferent":1}	True	True		{}	no-write	n/a (block writes nothing)	live door + call	yes
601	coupling.instability	T5_enabled_true	enabled: true	class	B1_tilde	class: ~	enabled,max-error,max-warning,min-afferent,threshold	{"enabled":true,"maxWarning":0.8,"maxError":0.95,"minAfferent":1}	0	0	{}	0		{"enabled":true,"maxWarning":0.8,"maxError":0.95,"minAfferent":1}	True	True		{}	no-write	n/a (block writes nothing)	live door + call	yes
602	coupling.instability	T5_enabled_true	enabled: true	class	B2_empty_map	class: {}	enabled,max-error,max-warning,min-afferent,threshold	{"enabled":true,"maxWarning":0.8,"maxError":0.95,"minAfferent":1}	0	0	{}	0		{"enabled":true,"maxWarning":0.8,"maxError":0.95,"minAfferent":1}	True	True		{}	no-write	n/a (block writes nothing)	live door + call	yes
603	coupling.instability	T5_enabled_true	enabled: true	class	B3_enabled_tilde	class:; enabled: ~	enabled,max-error,max-warning,min-afferent,threshold	{"enabled":true,"maxWarning":0.8,"maxError":0.95,"minAfferent":1}	0	0	{}	0		{"enabled":true,"maxWarning":0.8,"maxError":0.95,"minAfferent":1}	True	True		{"enabled":"~(null)"}	applied	same (0)	live door (blind here) + call	yes
604	coupling.instability	T5_enabled_true	enabled: true	class	B4_enabled_true	class:; enabled: true	enabled,max-error,max-warning,min-afferent,threshold	{"enabled":true,"maxWarning":0.8,"maxError":0.95,"minAfferent":1}	0	0	{}	0		{"enabled":true,"maxWarning":0.8,"maxError":0.95,"minAfferent":1}	True	True		{"enabled":true}	applied	same (0)	live door (blind here) + call	yes
605	coupling.instability	T5_enabled_true	enabled: true	class	B5_enabled_false	class:; enabled: false	enabled,max-error,max-warning,min-afferent,threshold	{"enabled":true,"maxWarning":0.8,"maxError":0.95,"minAfferent":1}	0	0	{}	0		{"enabled":false,"maxWarning":0.8,"maxError":0.95,"minAfferent":1}	False	True		{"enabled":false}	applied	same (0)	live door (blind here) + call	yes
606	coupling.instability	T5_enabled_true	enabled: true	class	B6_half_band	class:; max_warning: 0.01	enabled,max-error,max-warning,min-afferent,threshold	{"enabled":true,"maxWarning":0.8,"maxError":0.95,"minAfferent":1}	0	5	{"warning":5}	0		{"enabled":true,"maxWarning":0.01,"maxError":0.95,"minAfferent":1}	True	True		{"maxWarning":0.01}	applied	differs (5 vs 0)	live door + call	yes
607	coupling.instability	T5_enabled_true	enabled: true	class	B7_full_band	class:; max_warning: 0.01; max_error: 0.02	enabled,max-error,max-warning,min-afferent,threshold	{"enabled":true,"maxWarning":0.8,"maxError":0.95,"minAfferent":1}	2	5	{"error":5}	0		{"enabled":true,"maxWarning":0.01,"maxError":0.02,"minAfferent":1}	True	True		{"maxWarning":0.01,"maxError":0.02}	applied	differs (5 vs 0)	live door + call	yes
608	coupling.instability	T5_enabled_true	enabled: true	class	B8_threshold_in_block	class:; threshold: 0.01	enabled,max-error,max-warning,min-afferent,threshold	{"enabled":true,"maxWarning":0.8,"maxError":0.95,"minAfferent":1}	2	5	{"error":5}	0		{"enabled":true,"maxWarning":0.01,"maxError":0.01,"minAfferent":1}	True	True		{"maxWarning":0.01,"maxError":0.01}	applied	differs (5 vs 0)	live door + call	yes
609	coupling.instability	T5_enabled_true	enabled: true	class	B9_unknown_key	class:; no_such_option: 1	enabled,max-error,max-warning,min-afferent,threshold	{"enabled":true,"maxWarning":0.8,"maxError":0.95,"minAfferent":1}	3	0	{}	0	Configuration error: Option "noSuchOption" is not an option of rule "coupling.instability" at level "class". Options at that level: enabled, max-error	{}			Qualimetrix\Analysis\Configuration\Contract\Refusal\ConfigurationRefusal: Option "noSuchOption" is not an option of rule "coupling.instability" at lev	{"no_such_option":1}	refused	refused	live door (refusal) + call	yes
610	coupling.instability	T5_enabled_true	enabled: true	namespace	B0_absent	(absent)	enabled,max-error,max-warning,min-afferent,min-class-count,threshold	{"enabled":true,"maxWarning":0.8,"maxError":0.95,"minClassCount":3,"minAfferent":1}	0	0	{}	0		{"enabled":true,"maxWarning":0.8,"maxError":0.95,"minClassCount":3,"minAfferent":1}	True	True		{}	no-write	n/a (block writes nothing)	live door + call	yes
611	coupling.instability	T5_enabled_true	enabled: true	namespace	B1_tilde	namespace: ~	enabled,max-error,max-warning,min-afferent,min-class-count,threshold	{"enabled":true,"maxWarning":0.8,"maxError":0.95,"minClassCount":3,"minAfferent":1}	0	0	{}	0		{"enabled":true,"maxWarning":0.8,"maxError":0.95,"minClassCount":3,"minAfferent":1}	True	True		{}	no-write	n/a (block writes nothing)	live door + call	yes
612	coupling.instability	T5_enabled_true	enabled: true	namespace	B2_empty_map	namespace: {}	enabled,max-error,max-warning,min-afferent,min-class-count,threshold	{"enabled":true,"maxWarning":0.8,"maxError":0.95,"minClassCount":3,"minAfferent":1}	0	0	{}	0		{"enabled":true,"maxWarning":0.8,"maxError":0.95,"minClassCount":3,"minAfferent":1}	True	True		{}	no-write	n/a (block writes nothing)	live door + call	yes
613	coupling.instability	T5_enabled_true	enabled: true	namespace	B3_enabled_tilde	namespace:; enabled: ~	enabled,max-error,max-warning,min-afferent,min-class-count,threshold	{"enabled":true,"maxWarning":0.8,"maxError":0.95,"minClassCount":3,"minAfferent":1}	0	0	{}	0		{"enabled":true,"maxWarning":0.8,"maxError":0.95,"minClassCount":3,"minAfferent":1}	True	True		{"enabled":"~(null)"}	applied	same (0)	live door (blind here) + call	yes
614	coupling.instability	T5_enabled_true	enabled: true	namespace	B4_enabled_true	namespace:; enabled: true	enabled,max-error,max-warning,min-afferent,min-class-count,threshold	{"enabled":true,"maxWarning":0.8,"maxError":0.95,"minClassCount":3,"minAfferent":1}	0	0	{}	0		{"enabled":true,"maxWarning":0.8,"maxError":0.95,"minClassCount":3,"minAfferent":1}	True	True		{"enabled":true}	applied	same (0)	live door (blind here) + call	yes
615	coupling.instability	T5_enabled_true	enabled: true	namespace	B5_enabled_false	namespace:; enabled: false	enabled,max-error,max-warning,min-afferent,min-class-count,threshold	{"enabled":true,"maxWarning":0.8,"maxError":0.95,"minClassCount":3,"minAfferent":1}	0	0	{}	0		{"enabled":false,"maxWarning":0.8,"maxError":0.95,"minClassCount":3,"minAfferent":1}	False	True		{"enabled":false}	applied	same (0)	live door (blind here) + call	yes
616	coupling.instability	T5_enabled_true	enabled: true	namespace	B6_half_band	namespace:; max_warning: 0.01	enabled,max-error,max-warning,min-afferent,min-class-count,threshold	{"enabled":true,"maxWarning":0.8,"maxError":0.95,"minClassCount":3,"minAfferent":1}	0	1	{"warning":1}	0		{"enabled":true,"maxWarning":0.01,"maxError":0.95,"minClassCount":3,"minAfferent":1}	True	True		{"maxWarning":0.01}	applied	differs (1 vs 0)	live door + call	yes
617	coupling.instability	T5_enabled_true	enabled: true	namespace	B7_full_band	namespace:; max_warning: 0.01; max_error: 0.02	enabled,max-error,max-warning,min-afferent,min-class-count,threshold	{"enabled":true,"maxWarning":0.8,"maxError":0.95,"minClassCount":3,"minAfferent":1}	2	1	{"error":1}	0		{"enabled":true,"maxWarning":0.01,"maxError":0.02,"minClassCount":3,"minAfferent":1}	True	True		{"maxWarning":0.01,"maxError":0.02}	applied	differs (1 vs 0)	live door + call	yes
618	coupling.instability	T5_enabled_true	enabled: true	namespace	B8_threshold_in_block	namespace:; threshold: 0.01	enabled,max-error,max-warning,min-afferent,min-class-count,threshold	{"enabled":true,"maxWarning":0.8,"maxError":0.95,"minClassCount":3,"minAfferent":1}	2	1	{"error":1}	0		{"enabled":true,"maxWarning":0.01,"maxError":0.01,"minClassCount":3,"minAfferent":1}	True	True		{"maxWarning":0.01,"maxError":0.01}	applied	differs (1 vs 0)	live door + call	yes
619	coupling.instability	T5_enabled_true	enabled: true	namespace	B9_unknown_key	namespace:; no_such_option: 1	enabled,max-error,max-warning,min-afferent,min-class-count,threshold	{"enabled":true,"maxWarning":0.8,"maxError":0.95,"minClassCount":3,"minAfferent":1}	3	0	{}	0	Configuration error: Option "noSuchOption" is not an option of rule "coupling.instability" at level "namespace". Options at that level: enabled, max-e	{}			Qualimetrix\Analysis\Configuration\Contract\Refusal\ConfigurationRefusal: Option "noSuchOption" is not an option of rule "coupling.instability" at lev	{"no_such_option":1}	refused	refused	live door (refusal) + call	yes
