path	fqcn	kind	proposed_owner	proposed_status	consumers
src/Analysis/Configuration/ConfigKeySpelling.php	Qualimetrix\Analysis\Configuration\ConfigKeySpelling	class	Analysis.Configuration	contract	"[{""owner"":""Analysis.Evidence.ComputedMetrics"",""source_fqcn"":""Qualimetrix\\Analysis\\Evidence\\ComputedMetrics\\Configuration\\ComputedMetricEntryKeyRecognition""},{""owner"":""Analysis.Finding"",""source_fqcn"":""Qualimetrix\\Analysis\\Finding\\Contract\\Rule\\RuleOptionKeySet""},{""owner"":""Analysis.Finding"",""source_fqcn"":""Qualimetrix\\Analysis\\Finding\\Contract\\Rule\\RuleOptionSurface""},{""owner"":""Analysis.Finding"",""source_fqcn"":""Qualimetrix\\Analysis\\Finding\\Exclusion\\ConfiguredSuppression""},{""owner"":""Analysis.Finding"",""source_fqcn"":""Qualimetrix\\Analysis\\Finding\\RuleConfiguration\\RuleOptionKeyRecognition""},{""owner"":""Analysis.Finding"",""source_fqcn"":""Qualimetrix\\Analysis\\Finding\\RuleConfiguration\\RuleOptionsFactory""},{""owner"":""Analysis.Finding"",""source_fqcn"":""Qualimetrix\\Analysis\\Finding\\RuleConfiguration\\RuleOptionsParser""},{""owner"":""Analysis.Finding"",""source_fqcn"":""Qualimetrix\\Analysis\\Finding\\RuleConfiguration\\RuleOptionThresholdShorthand""},{""owner"":""Infrastructure.Console"",""source_fqcn"":""Qualimetrix\\Infrastructure\\Console\\CliOptionsParser""}]"
src/Analysis/Configuration/ConfigSchema.php	Qualimetrix\Analysis\Configuration\ConfigSchema	class	Analysis.Configuration	contract	"[{""owner"":""Analysis.Evidence.Coupling"",""source_fqcn"":""Qualimetrix\\Analysis\\Evidence\\Coupling\\CouplingAnalysis""},{""owner"":""Analysis.Finding"",""source_fqcn"":""Qualimetrix\\Analysis\\Finding\\Configuration\\FindingConfigurationResolver""},{""owner"":""Analysis.Run"",""source_fqcn"":""Qualimetrix\\Analysis\\Run\\Configuration\\RunConfigurationResolver""},{""owner"":""Infrastructure.Cache"",""source_fqcn"":""Qualimetrix\\Infrastructure\\Cache\\CacheConfigurationResolver""},{""owner"":""Infrastructure.Console"",""source_fqcn"":""Qualimetrix\\Infrastructure\\Console\\ConfigurationInputAdapter""},{""owner"":""Infrastructure.Console"",""source_fqcn"":""Qualimetrix\\Infrastructure\\Console\\ExitPolicy""},{""owner"":""Infrastructure.Console"",""source_fqcn"":""Qualimetrix\\Infrastructure\\Console\\RuntimeConfigurator""},{""owner"":""Infrastructure.Console"",""source_fqcn"":""Qualimetrix\\Infrastructure\\Console\\RuntimeLimits""},{""owner"":""Infrastructure.Console"",""source_fqcn"":""Qualimetrix\\Infrastructure\\Console\\RuntimeLimitsController""},{""owner"":""Infrastructure.Parallel"",""source_fqcn"":""Qualimetrix\\Infrastructure\\Parallel\\Configuration\\ParallelConfigurationResolver""},{""owner"":""Reporting"",""source_fqcn"":""Qualimetrix\\Reporting\\Configuration\\OutputFormatResolver""},{""owner"":""Reporting"",""source_fqcn"":""Qualimetrix\\Reporting\\FindingProjection\\Configuration\\ConfiguredFindingExclusionsResolver""}]"
src/Analysis/Configuration/Contract/ConfigurationDocument.php	Qualimetrix\Analysis\Configuration\Contract\ConfigurationDocument	class	Analysis.Configuration	contract	"[{""owner"":""Analysis.Evidence.ComputedMetrics"",""source_fqcn"":""Qualimetrix\\Analysis\\Evidence\\ComputedMetrics\\ComputedMetricAnalysis""},{""owner"":""Analysis.Evidence.ComputedMetrics"",""source_fqcn"":""Qualimetrix\\Analysis\\Evidence\\ComputedMetrics\\Configuration\\ComputedMetricContributionReader""},{""owner"":""Analysis.Evidence.ComputedMetrics"",""source_fqcn"":""Qualimetrix\\Analysis\\Evidence\\ComputedMetrics\\Contract\\Configuration\\ComputedMetricConfiguratorInterface""},{""owner"":""Analysis.Evidence.Coupling"",""source_fqcn"":""Qualimetrix\\Analysis\\Evidence\\Coupling\\Contract\\Configuration\\CouplingConfiguratorInterface""},{""owner"":""Analysis.Evidence.Coupling"",""source_fqcn"":""Qualimetrix\\Analysis\\Evidence\\Coupling\\CouplingAnalysis""},{""owner"":""Analysis.Finding"",""source_fqcn"":""Qualimetrix\\Analysis\\Finding\\Configuration\\FindingConfigurationResolver""},{""owner"":""Analysis.Finding"",""source_fqcn"":""Qualimetrix\\Analysis\\Finding\\Contract\\Configuration\\FindingConfigurationResolverInterface""},{""owner"":""Analysis.Policy.Architecture"",""source_fqcn"":""Qualimetrix\\Analysis\\Policy\\Architecture\\ArchitecturePolicy""},{""owner"":""Analysis.Policy.Architecture"",""source_fqcn"":""Qualimetrix\\Analysis\\Policy\\Architecture\\Contract\\ArchitecturePolicyConfiguratorInterface""},{""owner"":""Analysis.Run"",""source_fqcn"":""Qualimetrix\\Analysis\\Run\\Configuration\\RunConfigurationResolver""},{""owner"":""Analysis.Run"",""source_fqcn"":""Qualimetrix\\Analysis\\Run\\Contract\\Configuration\\RunConfigurationResolverInterface""},{""owner"":""Infrastructure.Cache"",""source_fqcn"":""Qualimetrix\\Infrastructure\\Cache\\CacheConfigurationResolver""},{""owner"":""Infrastructure.Cache"",""source_fqcn"":""Qualimetrix\\Infrastructure\\Cache\\Contract\\CacheConfigurationResolverInterface""},{""owner"":""Infrastructure.Console"",""source_fqcn"":""Qualimetrix\\Infrastructure\\Console\\AnalysisRuntimeConfigurator""},{""owner"":""Infrastructure.Console"",""source_fqcn"":""Qualimetrix\\Infrastructure\\Console\\ConfigurationInputAdapter""},{""owner"":""Infrastructure.Console"",""source_fqcn"":""Qualimetrix\\Infrastructure\\Console\\RuleInputValidator""},{""owner"":""Infrastructure.Console"",""source_fqcn"":""Qualimetrix\\Infrastructure\\Console\\RuntimeConfigurator""},{""owner"":""Infrastructure.Parallel"",""source_fqcn"":""Qualimetrix\\Infrastructure\\Parallel\\Configuration\\ParallelConfigurationResolver""},{""owner"":""Infrastructure.Parallel"",""source_fqcn"":""Qualimetrix\\Infrastructure\\Parallel\\Contract\\ParallelConfigurationResolverInterface""},{""owner"":""Reporting"",""source_fqcn"":""Qualimetrix\\Reporting\\Configuration\\OutputFormatResolver""},{""owner"":""Reporting"",""source_fqcn"":""Qualimetrix\\Reporting\\Contract\\OutputFormatResolverInterface""},{""owner"":""Reporting"",""source_fqcn"":""Qualimetrix\\Reporting\\FindingProjection\\Configuration\\ConfiguredFindingExclusionsResolver""},{""owner"":""Reporting"",""source_fqcn"":""Qualimetrix\\Reporting\\FindingProjection\\Contract\\ConfiguredFindingExclusionsResolverInterface""},{""owner"":""Infrastructure.Console"",""source_fqcn"":""Qualimetrix\\Infrastructure\\Console\\CheckConfigurationResolvers""}]"
src/Analysis/Configuration/Contract/Discovery/ComposerAutoloadPathReaderInterface.php	Qualimetrix\Analysis\Configuration\Contract\Discovery\ComposerAutoloadPathReaderInterface	interface	Analysis.Configuration	contract	"[{""owner"":""Analysis.Run"",""source_fqcn"":""Qualimetrix\\Analysis\\Run\\Configuration\\ProjectScopeCoverage""},{""owner"":""Infrastructure.Console"",""source_fqcn"":""Qualimetrix\\Infrastructure\\Console\\FindingFilterOrchestrator""},{""owner"":""Infrastructure.DependencyInjection"",""source_fqcn"":""Qualimetrix\\Infrastructure\\DependencyInjection\\Configurator\\AnalysisConfigurator""},{""owner"":""Infrastructure.DependencyInjection"",""source_fqcn"":""Qualimetrix\\Infrastructure\\DependencyInjection\\Configurator\\ConfigurationConfigurator""},{""owner"":""Infrastructure.DependencyInjection"",""source_fqcn"":""Qualimetrix\\Infrastructure\\DependencyInjection\\Configurator\\OutputConfigurator""}]"
src/Analysis/Configuration/Contract/KnownRuleNamesProviderInterface.php	Qualimetrix\Analysis\Configuration\Contract\KnownRuleNamesProviderInterface	interface	Analysis.Configuration	contract	"[{""owner"":""Infrastructure.DependencyInjection"",""source_fqcn"":""Qualimetrix\\Infrastructure\\DependencyInjection\\Configurator\\RuleConfigurator""},{""owner"":""Infrastructure.Rule"",""source_fqcn"":""Qualimetrix\\Infrastructure\\Rule\\KnownRuleNamesAdapter""}]"
src/Analysis/Configuration/Contract/Pipeline/ConfigurationPipelineInterface.php	Qualimetrix\Analysis\Configuration\Contract\Pipeline\ConfigurationPipelineInterface	interface	Analysis.Configuration	contract	"[{""owner"":""Infrastructure.Console"",""source_fqcn"":""Qualimetrix\\Infrastructure\\Console\\ConfigurationInputAdapter""},{""owner"":""Infrastructure.DependencyInjection"",""source_fqcn"":""Qualimetrix\\Infrastructure\\DependencyInjection\\Configurator\\ConfigurationConfigurator""},{""owner"":""Infrastructure.DependencyInjection"",""source_fqcn"":""Qualimetrix\\Infrastructure\\DependencyInjection\\Configurator\\OutputConfigurator""}]"
src/Analysis/Configuration/Contract/Pipeline/ConfigurationResolutionRequest.php	Qualimetrix\Analysis\Configuration\Contract\Pipeline\ConfigurationResolutionRequest	class	Analysis.Configuration	contract	"[{""owner"":""Infrastructure.Console"",""source_fqcn"":""Qualimetrix\\Infrastructure\\Console\\ConfigurationInputAdapter""}]"
src/Analysis/Configuration/Contract/Refusal/ConfigurationOrigin.php	Qualimetrix\Analysis\Configuration\Contract\Refusal\ConfigurationOrigin	class	Analysis.Configuration	contract	"[{""owner"":""Analysis.Finding"",""source_fqcn"":""Qualimetrix\\Analysis\\Finding\\RuleConfiguration\\RuleOptionsFactory""},{""owner"":""Analysis.Run"",""source_fqcn"":""Qualimetrix\\Analysis\\Run\\Configuration\\RunConfigurationResolver""},{""owner"":""Reporting"",""source_fqcn"":""Qualimetrix\\Reporting\\FindingProjection\\Configuration\\ConfiguredFindingExclusionsResolver""}]"
src/Analysis/Configuration/Contract/Refusal/ConfigurationRefusal.php	Qualimetrix\Analysis\Configuration\Contract\Refusal\ConfigurationRefusal	class	Analysis.Configuration	contract	"[{""owner"":""Analysis.Evidence.ComputedMetrics"",""source_fqcn"":""Qualimetrix\\Analysis\\Evidence\\ComputedMetrics\\ComputedMetricFormulaValidator""},{""owner"":""Analysis.Evidence.ComputedMetrics"",""source_fqcn"":""Qualimetrix\\Analysis\\Evidence\\ComputedMetrics\\ComputedMetricOverrideReader""},{""owner"":""Analysis.Evidence.ComputedMetrics"",""source_fqcn"":""Qualimetrix\\Analysis\\Evidence\\ComputedMetrics\\ComputedMetricsConfigResolver""},{""owner"":""Analysis.Evidence.ComputedMetrics"",""source_fqcn"":""Qualimetrix\\Analysis\\Evidence\\ComputedMetrics\\Configuration\\ComputedMetricContributionReader""},{""owner"":""Analysis.Evidence.ComputedMetrics"",""source_fqcn"":""Qualimetrix\\Analysis\\Evidence\\ComputedMetrics\\Configuration\\ComputedMetricEntryKeyRecognition""},{""owner"":""Analysis.Evidence.ComputedMetrics.Health"",""source_fqcn"":""Qualimetrix\\Analysis\\Evidence\\ComputedMetrics\\Health\\Configuration\\HealthFormulaExcluder""},{""owner"":""Analysis.Evidence.Coupling"",""source_fqcn"":""Qualimetrix\\Analysis\\Evidence\\Coupling\\ClassCboOptions""},{""owner"":""Analysis.Evidence.Coupling"",""source_fqcn"":""Qualimetrix\\Analysis\\Evidence\\Coupling\\CouplingAnalysis""},{""owner"":""Analysis.Evidence.Coupling"",""source_fqcn"":""Qualimetrix\\Analysis\\Evidence\\Coupling\\DistanceOptions""},{""owner"":""Analysis.Finding"",""source_fqcn"":""Qualimetrix\\Analysis\\Finding\\Contract\\Rule\\ThresholdParser""},{""owner"":""Analysis.Finding"",""source_fqcn"":""Qualimetrix\\Analysis\\Finding\\RuleConfiguration\\RuleOptionKeyRecognition""},{""owner"":""Analysis.Finding"",""source_fqcn"":""Qualimetrix\\Analysis\\Finding\\RuleConfiguration\\RuleSuppressionSelectorDecoder""},{""owner"":""Analysis.Finding"",""source_fqcn"":""Qualimetrix\\Analysis\\Finding\\RuleConfiguration\\RuleOptionsParser""},{""owner"":""Analysis.Policy.Architecture"",""source_fqcn"":""Qualimetrix\\Analysis\\Policy\\Architecture\\Configuration\\AllowValidator""},{""owner"":""Analysis.Policy.Architecture"",""source_fqcn"":""Qualimetrix\\Analysis\\Policy\\Architecture\\Configuration\\Allow\\AllowAliasExpander""},{""owner"":""Analysis.Policy.Architecture"",""source_fqcn"":""Qualimetrix\\Analysis\\Policy\\Architecture\\Configuration\\ArchitectureConfigurationFactory""},{""owner"":""Analysis.Policy.Architecture"",""source_fqcn"":""Qualimetrix\\Analysis\\Policy\\Architecture\\Configuration\\CoverageValidator""},{""owner"":""Analysis.Policy.Architecture"",""source_fqcn"":""Qualimetrix\\Analysis\\Policy\\Architecture\\Configuration\\DuplicatePatternRejector""},{""owner"":""Analysis.Policy.Architecture"",""source_fqcn"":""Qualimetrix\\Analysis\\Policy\\Architecture\\Configuration\\ExactAllowCycleValidator""},{""owner"":""Analysis.Policy.Architecture"",""source_fqcn"":""Qualimetrix\\Analysis\\Policy\\Architecture\\Configuration\\ExcludeBlockValidator""},{""owner"":""Analysis.Policy.Architecture"",""source_fqcn"":""Qualimetrix\\Analysis\\Policy\\Architecture\\Configuration\\LayerCriterionNormalizer""},{""owner"":""Analysis.Policy.Architecture"",""source_fqcn"":""Qualimetrix\\Analysis\\Policy\\Architecture\\Configuration\\LayersValidator""},{""owner"":""Analysis.Policy.Architecture"",""source_fqcn"":""Qualimetrix\\Analysis\\Policy\\Architecture\\Configuration\\LongFormAllowEntryNormalizer""},{""owner"":""Analysis.Policy.Architecture"",""source_fqcn"":""Qualimetrix\\Analysis\\Policy\\Architecture\\LayerViolation\\LayerViolationOptions""},{""owner"":""Analysis.Policy.Architecture"",""source_fqcn"":""Qualimetrix\\Analysis\\Policy\\Architecture\\LayerViolation\\UnassignedClassOptions""},{""owner"":""Analysis.Policy.Architecture"",""source_fqcn"":""Qualimetrix\\Analysis\\Policy\\Architecture\\Layer\\Expansion\\LayerExpansionStage""},{""owner"":""Analysis.Policy.Architecture"",""source_fqcn"":""Qualimetrix\\Analysis\\Policy\\Architecture\\Layer\\Expansion\\LayerInstantiator""},{""owner"":""Analysis.Policy.Baseline"",""source_fqcn"":""Qualimetrix\\Analysis\\Policy\\Baseline\\BaselineChannelRenamer""},{""owner"":""Analysis.Policy.Baseline"",""source_fqcn"":""Qualimetrix\\Analysis\\Policy\\Baseline\\BaselineLoader""},{""owner"":""Analysis.Policy.Inline"",""source_fqcn"":""Qualimetrix\\Analysis\\Policy\\Inline\\Directive\\InlineDirectiveOptions""},{""owner"":""Analysis.Run"",""source_fqcn"":""Qualimetrix\\Analysis\\Run\\Configuration\\ProjectScopeCoverage""},{""owner"":""Analysis.Run"",""source_fqcn"":""Qualimetrix\\Analysis\\Run\\Configuration\\RunConfigurationResolver""},{""owner"":""Infrastructure.Cache"",""source_fqcn"":""Qualimetrix\\Infrastructure\\Cache\\CacheConfigurationResolver""},{""owner"":""Infrastructure.Console"",""source_fqcn"":""Qualimetrix\\Infrastructure\\Console\\Application""},{""owner"":""Infrastructure.Console"",""source_fqcn"":""Qualimetrix\\Infrastructure\\Console\\ChannelExclusionKeyValidator""},{""owner"":""Infrastructure.Console"",""source_fqcn"":""Qualimetrix\\Infrastructure\\Console\\CliOptionsParser""},{""owner"":""Infrastructure.Console"",""source_fqcn"":""Qualimetrix\\Infrastructure\\Console\\CliSelectorDecoder""},{""owner"":""Infrastructure.Console"",""source_fqcn"":""Qualimetrix\\Infrastructure\\Console\\Command\\BaselineCleanupCommand""},{""owner"":""Infrastructure.Console"",""source_fqcn"":""Qualimetrix\\Infrastructure\\Console\\Command\\BaselineCommand""},{""owner"":""Infrastructure.Console"",""source_fqcn"":""Qualimetrix\\Infrastructure\\Console\\Command\\BaselineExplainCommand""},{""owner"":""Infrastructure.Console"",""source_fqcn"":""Qualimetrix\\Infrastructure\\Console\\Command\\BaselineGenerateCommand""},{""owner"":""Infrastructure.Console"",""source_fqcn"":""Qualimetrix\\Infrastructure\\Console\\Command\\BaselineRenameChannelsCommand""},{""owner"":""Infrastructure.Console"",""source_fqcn"":""Qualimetrix\\Infrastructure\\Console\\Command\\BaselineRun""},{""owner"":""Infrastructure.Console"",""source_fqcn"":""Qualimetrix\\Infrastructure\\Console\\Command\\CheckCommand""},{""owner"":""Infrastructure.Console"",""source_fqcn"":""Qualimetrix\\Infrastructure\\Console\\Command\\Debug\\LayerAssignmentCommand""},{""owner"":""Infrastructure.Console"",""source_fqcn"":""Qualimetrix\\Infrastructure\\Console\\Command\\DirectivesCommand""},{""owner"":""Infrastructure.Console"",""source_fqcn"":""Qualimetrix\\Infrastructure\\Console\\Command\\GraphExportCommand""},{""owner"":""Infrastructure.Console"",""source_fqcn"":""Qualimetrix\\Infrastructure\\Console\\Command\\RulesCommand""},{""owner"":""Infrastructure.Console"",""source_fqcn"":""Qualimetrix\\Infrastructure\\Console\\ExitPolicy""},{""owner"":""Infrastructure.Console"",""source_fqcn"":""Qualimetrix\\Infrastructure\\Console\\FormatterContextFactory""},{""owner"":""Infrastructure.Console"",""source_fqcn"":""Qualimetrix\\Infrastructure\\Console\\LayerAssignmentResolver""},{""owner"":""Infrastructure.Console"",""source_fqcn"":""Qualimetrix\\Infrastructure\\Console\\Refusal\\RefusalPresenter""},{""owner"":""Infrastructure.Console"",""source_fqcn"":""Qualimetrix\\Infrastructure\\Console\\ResultPresenter""},{""owner"":""Infrastructure.Console"",""source_fqcn"":""Qualimetrix\\Infrastructure\\Console\\RuleInputValidator""},{""owner"":""Infrastructure.Console"",""source_fqcn"":""Qualimetrix\\Infrastructure\\Console\\RuntimeLimits""},{""owner"":""Infrastructure.Console"",""source_fqcn"":""Qualimetrix\\Infrastructure\\Console\\RuntimeLimitsController""},{""owner"":""Infrastructure.Console"",""source_fqcn"":""Qualimetrix\\Infrastructure\\Console\\RuntimeLoggerConfigurator""},{""owner"":""Reporting"",""source_fqcn"":""Qualimetrix\\Reporting\\Configuration\\OutputFormatResolver""},{""owner"":""Reporting"",""source_fqcn"":""Qualimetrix\\Reporting\\FindingProjection\\Configuration\\ConfiguredFindingExclusionsResolver""}]"
src/Analysis/Configuration/Contract/Refusal/ConfigurationSource.php	Qualimetrix\Analysis\Configuration\Contract\Refusal\ConfigurationSource	enum	Analysis.Configuration	contract	"[{""owner"":""Analysis.Finding"",""source_fqcn"":""Qualimetrix\\Analysis\\Finding\\RuleConfiguration\\RuleOptionsFactory""},{""owner"":""Analysis.Run"",""source_fqcn"":""Qualimetrix\\Analysis\\Run\\Configuration\\RunConfigurationResolver""},{""owner"":""Reporting"",""source_fqcn"":""Qualimetrix\\Reporting\\FindingProjection\\Configuration\\ConfiguredFindingExclusionsResolver""}]"
src/Analysis/Configuration/Contract/Refusal/RefusedPosition.php	Qualimetrix\Analysis\Configuration\Contract\Refusal\RefusedPosition	class	Analysis.Configuration	contract	"[{""owner"":""Analysis.Evidence.ComputedMetrics"",""source_fqcn"":""Qualimetrix\\Analysis\\Evidence\\ComputedMetrics\\ComputedMetricFormulaValidator""},{""owner"":""Analysis.Evidence.ComputedMetrics"",""source_fqcn"":""Qualimetrix\\Analysis\\Evidence\\ComputedMetrics\\ComputedMetricOverrideReader""},{""owner"":""Analysis.Evidence.ComputedMetrics"",""source_fqcn"":""Qualimetrix\\Analysis\\Evidence\\ComputedMetrics\\ComputedMetricsConfigResolver""},{""owner"":""Analysis.Evidence.ComputedMetrics"",""source_fqcn"":""Qualimetrix\\Analysis\\Evidence\\ComputedMetrics\\Configuration\\ComputedMetricContributionReader""},{""owner"":""Analysis.Evidence.ComputedMetrics"",""source_fqcn"":""Qualimetrix\\Analysis\\Evidence\\ComputedMetrics\\Configuration\\ComputedMetricEntryKeyRecognition""},{""owner"":""Analysis.Evidence.ComputedMetrics.Health"",""source_fqcn"":""Qualimetrix\\Analysis\\Evidence\\ComputedMetrics\\Health\\Configuration\\HealthFormulaExcluder""},{""owner"":""Analysis.Evidence.Coupling"",""source_fqcn"":""Qualimetrix\\Analysis\\Evidence\\Coupling\\ClassCboOptions""},{""owner"":""Analysis.Evidence.Coupling"",""source_fqcn"":""Qualimetrix\\Analysis\\Evidence\\Coupling\\CouplingAnalysis""},{""owner"":""Analysis.Evidence.Coupling"",""source_fqcn"":""Qualimetrix\\Analysis\\Evidence\\Coupling\\DistanceOptions""},{""owner"":""Analysis.Finding"",""source_fqcn"":""Qualimetrix\\Analysis\\Finding\\Contract\\Rule\\ThresholdParser""},{""owner"":""Analysis.Finding"",""source_fqcn"":""Qualimetrix\\Analysis\\Finding\\RuleConfiguration\\RuleOptionKeyRecognition""},{""owner"":""Analysis.Finding"",""source_fqcn"":""Qualimetrix\\Analysis\\Finding\\RuleConfiguration\\RuleSuppressionSelectorDecoder""},{""owner"":""Analysis.Policy.Architecture"",""source_fqcn"":""Qualimetrix\\Analysis\\Policy\\Architecture\\Configuration\\AllowValidator""},{""owner"":""Analysis.Policy.Architecture"",""source_fqcn"":""Qualimetrix\\Analysis\\Policy\\Architecture\\Configuration\\Allow\\AllowAliasExpander""},{""owner"":""Analysis.Policy.Architecture"",""source_fqcn"":""Qualimetrix\\Analysis\\Policy\\Architecture\\Configuration\\ArchitectureConfigurationFactory""},{""owner"":""Analysis.Policy.Architecture"",""source_fqcn"":""Qualimetrix\\Analysis\\Policy\\Architecture\\Configuration\\CoverageValidator""},{""owner"":""Analysis.Policy.Architecture"",""source_fqcn"":""Qualimetrix\\Analysis\\Policy\\Architecture\\Configuration\\DuplicatePatternRejector""},{""owner"":""Analysis.Policy.Architecture"",""source_fqcn"":""Qualimetrix\\Analysis\\Policy\\Architecture\\Configuration\\ExcludeBlockValidator""},{""owner"":""Analysis.Policy.Architecture"",""source_fqcn"":""Qualimetrix\\Analysis\\Policy\\Architecture\\Configuration\\LayerCriterionNormalizer""},{""owner"":""Analysis.Policy.Architecture"",""source_fqcn"":""Qualimetrix\\Analysis\\Policy\\Architecture\\Configuration\\LayersValidator""},{""owner"":""Analysis.Policy.Architecture"",""source_fqcn"":""Qualimetrix\\Analysis\\Policy\\Architecture\\Configuration\\LongFormAllowEntryNormalizer""},{""owner"":""Analysis.Policy.Architecture"",""source_fqcn"":""Qualimetrix\\Analysis\\Policy\\Architecture\\LayerViolation\\LayerViolationOptions""},{""owner"":""Analysis.Policy.Architecture"",""source_fqcn"":""Qualimetrix\\Analysis\\Policy\\Architecture\\LayerViolation\\UnassignedClassOptions""},{""owner"":""Analysis.Policy.Architecture"",""source_fqcn"":""Qualimetrix\\Analysis\\Policy\\Architecture\\Layer\\Expansion\\LayerExpansionStage""},{""owner"":""Analysis.Policy.Architecture"",""source_fqcn"":""Qualimetrix\\Analysis\\Policy\\Architecture\\Layer\\Expansion\\LayerInstantiator""},{""owner"":""Analysis.Policy.Inline"",""source_fqcn"":""Qualimetrix\\Analysis\\Policy\\Inline\\Directive\\InlineDirectiveOptions""}]"
src/Analysis/Configuration/Discovery/ComposerReader.php	Qualimetrix\Analysis\Configuration\Discovery\ComposerReader	class	Analysis.Configuration	internal	[]
src/Analysis/Configuration/Loader/ConfigLoaderInterface.php	Qualimetrix\Analysis\Configuration\Loader\ConfigLoaderInterface	interface	Analysis.Configuration	internal	[]
src/Analysis/Configuration/Loader/RootContainerShapes.php	Qualimetrix\Analysis\Configuration\Loader\RootContainerShapes	class	Analysis.Configuration	internal	[]
src/Analysis/Configuration/Loader/SectionNormalizationPolicy.php	Qualimetrix\Analysis\Configuration\Loader\SectionNormalizationPolicy	enum	Analysis.Configuration	internal	[]
src/Analysis/Configuration/Loader/YamlConfigLoader.php	Qualimetrix\Analysis\Configuration\Loader\YamlConfigLoader	class	Analysis.Configuration	internal	[]
src/Analysis/Configuration/Pipeline/ConfigDataNormalizer.php	Qualimetrix\Analysis\Configuration\Pipeline\ConfigDataNormalizer	class	Analysis.Configuration	internal	[]
src/Analysis/Configuration/Pipeline/ConfigurationLayer.php	Qualimetrix\Analysis\Configuration\Pipeline\ConfigurationLayer	class	Analysis.Configuration	internal	[]
src/Analysis/Configuration/Pipeline/ConfigurationMerger.php	Qualimetrix\Analysis\Configuration\Pipeline\ConfigurationMerger	class	Analysis.Configuration	internal	[]
src/Analysis/Configuration/Pipeline/ConfigurationPipeline.php	Qualimetrix\Analysis\Configuration\Pipeline\ConfigurationPipeline	class	Analysis.Configuration	internal	[]
src/Analysis/Configuration/Pipeline/ConfigurationStageInterface.php	Qualimetrix\Analysis\Configuration\Pipeline\ConfigurationStageInterface	interface	Analysis.Configuration	internal	[]
src/Analysis/Configuration/Pipeline/RuleNameValidator.php	Qualimetrix\Analysis\Configuration\Pipeline\RuleNameValidator	class	Analysis.Configuration	internal	[]
src/Analysis/Configuration/Pipeline/Stage/CliStage.php	Qualimetrix\Analysis\Configuration\Pipeline\Stage\CliStage	class	Analysis.Configuration	internal	[]
src/Analysis/Configuration/Pipeline/Stage/ComposerDiscoveryStage.php	Qualimetrix\Analysis\Configuration\Pipeline\Stage\ComposerDiscoveryStage	class	Analysis.Configuration	internal	[]
src/Analysis/Configuration/Pipeline/Stage/ConfigFileStage.php	Qualimetrix\Analysis\Configuration\Pipeline\Stage\ConfigFileStage	class	Analysis.Configuration	internal	[]
src/Analysis/Configuration/Pipeline/Stage/DefaultsStage.php	Qualimetrix\Analysis\Configuration\Pipeline\Stage\DefaultsStage	class	Analysis.Configuration	internal	[]
src/Analysis/Configuration/Pipeline/Stage/PresetStage.php	Qualimetrix\Analysis\Configuration\Pipeline\Stage\PresetStage	class	Analysis.Configuration	internal	[]
src/Analysis/Configuration/Preset/PresetResolver.php	Qualimetrix\Analysis\Configuration\Preset\PresetResolver	class	Analysis.Configuration	internal	[]
src/Analysis/Configuration/RetiredSuppressionOptions.php	Qualimetrix\Analysis\Configuration\RetiredSuppressionOptions	class	Analysis.Configuration	contract	"[{""owner"":""Analysis.Finding"",""source_fqcn"":""Qualimetrix\\Analysis\\Finding\\RuleConfiguration\\RuleOptionsFactory""},{""owner"":""Analysis.Finding"",""source_fqcn"":""Qualimetrix\\Analysis\\Finding\\RuleConfiguration\\RuleOptionsParser""},{""owner"":""Infrastructure.Console"",""source_fqcn"":""Qualimetrix\\Infrastructure\\Console\\Command\\CheckCommand""}]"
src/Analysis/Configuration/SelectorYamlDecoder.php	Qualimetrix\Analysis\Configuration\SelectorYamlDecoder	class	Analysis.Configuration	contract	"[{""owner"":""Analysis.Run"",""source_fqcn"":""Qualimetrix\\Analysis\\Run\\Configuration\\RunConfigurationResolver""},{""owner"":""Reporting"",""source_fqcn"":""Qualimetrix\\Reporting\\FindingProjection\\Configuration\\ConfiguredFindingExclusionsResolver""}]"
src/Analysis/Evidence/CircularDependency/CircularDependencyAnalysis.php	Qualimetrix\Analysis\Evidence\CircularDependency\CircularDependencyAnalysis	class	Analysis.Evidence.CircularDependency	internal	[]
src/Analysis/Evidence/CircularDependency/CircularDependencyDetector.php	Qualimetrix\Analysis\Evidence\CircularDependency\CircularDependencyDetector	class	Analysis.Evidence.CircularDependency	internal	[]
src/Analysis/Evidence/CircularDependency/CircularDependencyOptions.php	Qualimetrix\Analysis\Evidence\CircularDependency\CircularDependencyOptions	class	Analysis.Evidence.CircularDependency	internal	[]
src/Analysis/Evidence/CircularDependency/CircularDependencyRule.php	Qualimetrix\Analysis\Evidence\CircularDependency\CircularDependencyRule	class	Analysis.Evidence.CircularDependency	internal	[]
src/Analysis/Evidence/CircularDependency/Contract/CircularDependencyPreparationInterface.php	Qualimetrix\Analysis\Evidence\CircularDependency\Contract\CircularDependencyPreparationInterface	interface	Analysis.Evidence.CircularDependency	contract	"[{""owner"":""Analysis.Run"",""source_fqcn"":""Qualimetrix\\Analysis\\Run\\RuleProducerPreparation""},{""owner"":""Infrastructure.DependencyInjection"",""source_fqcn"":""Qualimetrix\\Infrastructure\\DependencyInjection\\Configurator\\AnalysisConfigurator""},{""owner"":""Infrastructure.DependencyInjection"",""source_fqcn"":""Qualimetrix\\Infrastructure\\DependencyInjection\\Configurator\\CircularDependencyConfigurator""},{""owner"":""Reporting"",""source_fqcn"":""Qualimetrix\\Reporting\\FindingProjection\\DeclaredChannelFileScope""}]"
src/Analysis/Evidence/CircularDependency/Cycle.php	Qualimetrix\Analysis\Evidence\CircularDependency\Cycle	class	Analysis.Evidence.CircularDependency	internal	[]
src/Analysis/Evidence/CircularDependency/CycleMemberLabels.php	Qualimetrix\Analysis\Evidence\CircularDependency\CycleMemberLabels	class	Analysis.Evidence.CircularDependency	internal	[]
src/Analysis/Evidence/CodeSmell/AbstractCodeSmellRule.php	Qualimetrix\Analysis\Evidence\CodeSmell\AbstractCodeSmellRule	class	Analysis.Evidence.CodeSmell	internal	[]
src/Analysis/Evidence/CodeSmell/BooleanArgumentOptions.php	Qualimetrix\Analysis\Evidence\CodeSmell\BooleanArgumentOptions	class	Analysis.Evidence.CodeSmell	internal	[]
src/Analysis/Evidence/CodeSmell/BooleanArgumentRule.php	Qualimetrix\Analysis\Evidence\CodeSmell\BooleanArgumentRule	class	Analysis.Evidence.CodeSmell	internal	[]
src/Analysis/Evidence/CodeSmell/BooleanArgument/BooleanArgumentSmells.php	Qualimetrix\Analysis\Evidence\CodeSmell\BooleanArgument\BooleanArgumentSmells	class	Analysis.Evidence.CodeSmell	internal	[]
src/Analysis/Evidence/CodeSmell/CodeSmellCollector.php	Qualimetrix\Analysis\Evidence\CodeSmell\CodeSmellCollector	class	Analysis.Evidence.CodeSmell	internal	[]
src/Analysis/Evidence/CodeSmell/CodeSmellFinding.php	Qualimetrix\Analysis\Evidence\CodeSmell\CodeSmellFinding	class	Analysis.Evidence.CodeSmell	internal	[]
src/Analysis/Evidence/CodeSmell/CodeSmellLocation.php	Qualimetrix\Analysis\Evidence\CodeSmell\CodeSmellLocation	class	Analysis.Evidence.CodeSmell	internal	[]
src/Analysis/Evidence/CodeSmell/CodeSmellOptions.php	Qualimetrix\Analysis\Evidence\CodeSmell\CodeSmellOptions	class	Analysis.Evidence.CodeSmell	internal	[]
src/Analysis/Evidence/CodeSmell/CodeSmellVisitor.php	Qualimetrix\Analysis\Evidence\CodeSmell\CodeSmellVisitor	class	Analysis.Evidence.CodeSmell	internal	[]
src/Analysis/Evidence/CodeSmell/ConstructorOverinjectionOptions.php	Qualimetrix\Analysis\Evidence\CodeSmell\ConstructorOverinjectionOptions	class	Analysis.Evidence.CodeSmell	internal	[]
src/Analysis/Evidence/CodeSmell/ConstructorOverinjectionRule.php	Qualimetrix\Analysis\Evidence\CodeSmell\ConstructorOverinjectionRule	class	Analysis.Evidence.CodeSmell	internal	[]
src/Analysis/Evidence/CodeSmell/ControlFlow/ControlFlowSmells.php	Qualimetrix\Analysis\Evidence\CodeSmell\ControlFlow\ControlFlowSmells	class	Analysis.Evidence.CodeSmell	internal	[]
src/Analysis/Evidence/CodeSmell/CountInLoopRule.php	Qualimetrix\Analysis\Evidence\CodeSmell\CountInLoopRule	class	Analysis.Evidence.CodeSmell	internal	[]
src/Analysis/Evidence/CodeSmell/DebugCodeRule.php	Qualimetrix\Analysis\Evidence\CodeSmell\DebugCodeRule	class	Analysis.Evidence.CodeSmell	internal	[]
src/Analysis/Evidence/CodeSmell/Debug/DebugCodeSmells.php	Qualimetrix\Analysis\Evidence\CodeSmell\Debug\DebugCodeSmells	class	Analysis.Evidence.CodeSmell	internal	[]
src/Analysis/Evidence/CodeSmell/EmptyCatchRule.php	Qualimetrix\Analysis\Evidence\CodeSmell\EmptyCatchRule	class	Analysis.Evidence.CodeSmell	internal	[]
src/Analysis/Evidence/CodeSmell/EntryFilteringOptionsInterface.php	Qualimetrix\Analysis\Evidence\CodeSmell\EntryFilteringOptionsInterface	interface	Analysis.Evidence.CodeSmell	internal	[]
src/Analysis/Evidence/CodeSmell/ErrorSuppressionOptions.php	Qualimetrix\Analysis\Evidence\CodeSmell\ErrorSuppressionOptions	class	Analysis.Evidence.CodeSmell	internal	[]
src/Analysis/Evidence/CodeSmell/ErrorSuppressionRule.php	Qualimetrix\Analysis\Evidence\CodeSmell\ErrorSuppressionRule	class	Analysis.Evidence.CodeSmell	internal	[]
src/Analysis/Evidence/CodeSmell/EvalRule.php	Qualimetrix\Analysis\Evidence\CodeSmell\EvalRule	class	Analysis.Evidence.CodeSmell	internal	[]
src/Analysis/Evidence/CodeSmell/ExitRule.php	Qualimetrix\Analysis\Evidence\CodeSmell\ExitRule	class	Analysis.Evidence.CodeSmell	internal	[]
src/Analysis/Evidence/CodeSmell/GotoRule.php	Qualimetrix\Analysis\Evidence\CodeSmell\GotoRule	class	Analysis.Evidence.CodeSmell	internal	[]
src/Analysis/Evidence/CodeSmell/IdenticalSubExpressionOptions.php	Qualimetrix\Analysis\Evidence\CodeSmell\IdenticalSubExpressionOptions	class	Analysis.Evidence.CodeSmell	internal	[]
src/Analysis/Evidence/CodeSmell/IdenticalSubExpressionRule.php	Qualimetrix\Analysis\Evidence\CodeSmell\IdenticalSubExpressionRule	class	Analysis.Evidence.CodeSmell	internal	[]
src/Analysis/Evidence/CodeSmell/LongParameterListOptions.php	Qualimetrix\Analysis\Evidence\CodeSmell\LongParameterListOptions	class	Analysis.Evidence.CodeSmell	internal	[]
src/Analysis/Evidence/CodeSmell/LongParameterListRule.php	Qualimetrix\Analysis\Evidence\CodeSmell\LongParameterListRule	class	Analysis.Evidence.CodeSmell	internal	[]
src/Analysis/Evidence/CodeSmell/ParameterCountCollector.php	Qualimetrix\Analysis\Evidence\CodeSmell\ParameterCountCollector	class	Analysis.Evidence.CodeSmell	internal	[]
src/Analysis/Evidence/CodeSmell/ParameterCountVisitor.php	Qualimetrix\Analysis\Evidence\CodeSmell\ParameterCountVisitor	class	Analysis.Evidence.CodeSmell	internal	[]
src/Analysis/Evidence/CodeSmell/RepeatedExpression/IdenticalSubExpressionCollector.php	Qualimetrix\Analysis\Evidence\CodeSmell\RepeatedExpression\IdenticalSubExpressionCollector	class	Analysis.Evidence.CodeSmell	internal	[]
src/Analysis/Evidence/CodeSmell/RepeatedExpression/IdenticalSubExpressionFinding.php	Qualimetrix\Analysis\Evidence\CodeSmell\RepeatedExpression\IdenticalSubExpressionFinding	class	Analysis.Evidence.CodeSmell	internal	[]
src/Analysis/Evidence/CodeSmell/RepeatedExpression/IdenticalSubExpressionVisitor.php	Qualimetrix\Analysis\Evidence\CodeSmell\RepeatedExpression\IdenticalSubExpressionVisitor	class	Analysis.Evidence.CodeSmell	internal	[]
src/Analysis/Evidence/CodeSmell/RepeatedExpression/RepeatedConditions.php	Qualimetrix\Analysis\Evidence\CodeSmell\RepeatedExpression\RepeatedConditions	class	Analysis.Evidence.CodeSmell	internal	[]
src/Analysis/Evidence/CodeSmell/RepeatedExpression/RepeatedExpressions.php	Qualimetrix\Analysis\Evidence\CodeSmell\RepeatedExpression\RepeatedExpressions	class	Analysis.Evidence.CodeSmell	internal	[]
src/Analysis/Evidence/CodeSmell/SuperglobalsRule.php	Qualimetrix\Analysis\Evidence\CodeSmell\SuperglobalsRule	class	Analysis.Evidence.CodeSmell	internal	[]
src/Analysis/Evidence/CodeSmell/TraitUsageResolver.php	Qualimetrix\Analysis\Evidence\CodeSmell\TraitUsageResolver	class	Analysis.Evidence.CodeSmell	internal	[]
src/Analysis/Evidence/CodeSmell/UnreachableCodeCollector.php	Qualimetrix\Analysis\Evidence\CodeSmell\UnreachableCodeCollector	class	Analysis.Evidence.CodeSmell	internal	[]
src/Analysis/Evidence/CodeSmell/UnreachableCodeOptions.php	Qualimetrix\Analysis\Evidence\CodeSmell\UnreachableCodeOptions	class	Analysis.Evidence.CodeSmell	internal	[]
src/Analysis/Evidence/CodeSmell/UnreachableCodeRule.php	Qualimetrix\Analysis\Evidence\CodeSmell\UnreachableCodeRule	class	Analysis.Evidence.CodeSmell	internal	[]
src/Analysis/Evidence/CodeSmell/UnreachableCodeVisitor.php	Qualimetrix\Analysis\Evidence\CodeSmell\UnreachableCodeVisitor	class	Analysis.Evidence.CodeSmell	internal	[]
src/Analysis/Evidence/CodeSmell/UnusedPrivateClassData.php	Qualimetrix\Analysis\Evidence\CodeSmell\UnusedPrivateClassData	class	Analysis.Evidence.CodeSmell	internal	[]
src/Analysis/Evidence/CodeSmell/UnusedPrivateCollector.php	Qualimetrix\Analysis\Evidence\CodeSmell\UnusedPrivateCollector	class	Analysis.Evidence.CodeSmell	internal	[]
src/Analysis/Evidence/CodeSmell/UnusedPrivateOptions.php	Qualimetrix\Analysis\Evidence\CodeSmell\UnusedPrivateOptions	class	Analysis.Evidence.CodeSmell	internal	[]
src/Analysis/Evidence/CodeSmell/UnusedPrivateRule.php	Qualimetrix\Analysis\Evidence\CodeSmell\UnusedPrivateRule	class	Analysis.Evidence.CodeSmell	internal	[]
src/Analysis/Evidence/CodeSmell/UnusedPrivateVisitor.php	Qualimetrix\Analysis\Evidence\CodeSmell\UnusedPrivateVisitor	class	Analysis.Evidence.CodeSmell	internal	[]
src/Analysis/Evidence/CodeSmell/UsageTrackingTrait.php	Qualimetrix\Analysis\Evidence\CodeSmell\UsageTrackingTrait	trait	Analysis.Evidence.CodeSmell	internal	[]
src/Analysis/Evidence/Cohesion/ClassVisitorStackTrait.php	Qualimetrix\Analysis\Evidence\Cohesion\ClassVisitorStackTrait	trait	Analysis.Evidence.Cohesion	internal	[]
src/Analysis/Evidence/Cohesion/Configuration/LcomCollectionConfigurationResolver.php	Qualimetrix\Analysis\Evidence\Cohesion\Configuration\LcomCollectionConfigurationResolver	class	Analysis.Evidence.Cohesion	internal	"[{""owner"":""Infrastructure.DependencyInjection"",""relation"":""composition_binding"",""source_fqcn"":""Qualimetrix\\Infrastructure\\DependencyInjection\\Configurator\\MeasurementConfigurator"",""operations"":[""service_alias"",""service_registration""]}]"
src/Analysis/Evidence/Cohesion/Contract/LcomCollectionConfigurableInterface.php	Qualimetrix\Analysis\Evidence\Cohesion\Contract\LcomCollectionConfigurableInterface	interface	Analysis.Evidence.Cohesion	contract	"[{""owner"":""Infrastructure.DependencyInjection"",""source_fqcn"":""Qualimetrix\\Infrastructure\\DependencyInjection\\ContainerFactory""},{""owner"":""Infrastructure.Parallel"",""source_fqcn"":""Qualimetrix\\Infrastructure\\Parallel\\WorkerBootstrap""}]"
src/Analysis/Evidence/Cohesion/Contract/LcomCollectionConfiguration.php	Qualimetrix\Analysis\Evidence\Cohesion\Contract\LcomCollectionConfiguration	class	Analysis.Evidence.Cohesion	contract	"[{""owner"":""Infrastructure.Console"",""source_fqcn"":""Qualimetrix\\Infrastructure\\Console\\AnalysisRuntimeConfigurator""},{""owner"":""Infrastructure.Parallel"",""source_fqcn"":""Qualimetrix\\Infrastructure\\Parallel\\FileProcessingTask""},{""owner"":""Infrastructure.Parallel"",""source_fqcn"":""Qualimetrix\\Infrastructure\\Parallel\\WorkerBootstrap""}]"
src/Analysis/Evidence/Cohesion/Contract/LcomCollectionConfigurationResolverInterface.php	Qualimetrix\Analysis\Evidence\Cohesion\Contract\LcomCollectionConfigurationResolverInterface	interface	Analysis.Evidence.Cohesion	contract	"[{""owner"":""Infrastructure.Console"",""source_fqcn"":""Qualimetrix\\Infrastructure\\Console\\AnalysisRuntimeConfigurator""},{""owner"":""Infrastructure.DependencyInjection"",""source_fqcn"":""Qualimetrix\\Infrastructure\\DependencyInjection\\Configurator\\MeasurementConfigurator""},{""owner"":""Infrastructure.DependencyInjection"",""source_fqcn"":""Qualimetrix\\Infrastructure\\DependencyInjection\\Configurator\\OutputConfigurator""}]"
src/Analysis/Evidence/Cohesion/Contract/LcomCollectionConfigurationStoreInterface.php	Qualimetrix\Analysis\Evidence\Cohesion\Contract\LcomCollectionConfigurationStoreInterface	interface	Analysis.Evidence.Cohesion	contract	"[{""owner"":""Infrastructure.Console"",""source_fqcn"":""Qualimetrix\\Infrastructure\\Console\\AnalysisRuntimeConfigurator""},{""owner"":""Infrastructure.DependencyInjection"",""source_fqcn"":""Qualimetrix\\Infrastructure\\DependencyInjection\\Configurator\\DependencyModelConfigurator""},{""owner"":""Infrastructure.DependencyInjection"",""source_fqcn"":""Qualimetrix\\Infrastructure\\DependencyInjection\\Configurator\\MeasurementConfigurator""},{""owner"":""Infrastructure.DependencyInjection"",""source_fqcn"":""Qualimetrix\\Infrastructure\\DependencyInjection\\Configurator\\OutputConfigurator""},{""owner"":""Infrastructure.Parallel"",""source_fqcn"":""Qualimetrix\\Infrastructure\\Parallel\\FileProcessingTaskFactory""}]"
src/Analysis/Evidence/Cohesion/LcomClassData.php	Qualimetrix\Analysis\Evidence\Cohesion\LcomClassData	class	Analysis.Evidence.Cohesion	internal	[]
src/Analysis/Evidence/Cohesion/LcomCollector.php	Qualimetrix\Analysis\Evidence\Cohesion\LcomCollector	class	Analysis.Evidence.Cohesion	internal	[]
src/Analysis/Evidence/Cohesion/LcomGraphCalculator.php	Qualimetrix\Analysis\Evidence\Cohesion\LcomGraphCalculator	class	Analysis.Evidence.Cohesion	internal	[]
src/Analysis/Evidence/Cohesion/LcomOptions.php	Qualimetrix\Analysis\Evidence\Cohesion\LcomOptions	class	Analysis.Evidence.Cohesion	internal	[]
src/Analysis/Evidence/Cohesion/LcomRule.php	Qualimetrix\Analysis\Evidence\Cohesion\LcomRule	class	Analysis.Evidence.Cohesion	internal	[]
src/Analysis/Evidence/Cohesion/LcomVisitor.php	Qualimetrix\Analysis\Evidence\Cohesion\LcomVisitor	class	Analysis.Evidence.Cohesion	internal	[]
src/Analysis/Evidence/Cohesion/Runtime/LcomCollectionConfigurationStore.php	Qualimetrix\Analysis\Evidence\Cohesion\Runtime\LcomCollectionConfigurationStore	class	Analysis.Evidence.Cohesion	internal	"[{""owner"":""Infrastructure.DependencyInjection"",""relation"":""composition_binding"",""source_fqcn"":""Qualimetrix\\Infrastructure\\DependencyInjection\\Configurator\\MeasurementConfigurator"",""operations"":[""service_alias"",""service_registration""]}]"
src/Analysis/Evidence/Cohesion/TccLccClassData.php	Qualimetrix\Analysis\Evidence\Cohesion\TccLccClassData	class	Analysis.Evidence.Cohesion	internal	[]
src/Analysis/Evidence/Cohesion/TccLccCollector.php	Qualimetrix\Analysis\Evidence\Cohesion\TccLccCollector	class	Analysis.Evidence.Cohesion	internal	[]
src/Analysis/Evidence/Cohesion/TccLccVisitor.php	Qualimetrix\Analysis\Evidence\Cohesion\TccLccVisitor	class	Analysis.Evidence.Cohesion	internal	[]
src/Analysis/Evidence/Complexity/ClassCognitiveComplexityOptions.php	Qualimetrix\Analysis\Evidence\Complexity\ClassCognitiveComplexityOptions	class	Analysis.Evidence.Complexity	internal	[]
src/Analysis/Evidence/Complexity/ClassComplexityOptions.php	Qualimetrix\Analysis\Evidence\Complexity\ClassComplexityOptions	class	Analysis.Evidence.Complexity	internal	[]
src/Analysis/Evidence/Complexity/ClassNpathComplexityOptions.php	Qualimetrix\Analysis\Evidence\Complexity\ClassNpathComplexityOptions	class	Analysis.Evidence.Complexity	internal	[]
src/Analysis/Evidence/Complexity/CognitiveComplexityCollector.php	Qualimetrix\Analysis\Evidence\Complexity\CognitiveComplexityCollector	class	Analysis.Evidence.Complexity	internal	[]
src/Analysis/Evidence/Complexity/CognitiveComplexityOptions.php	Qualimetrix\Analysis\Evidence\Complexity\CognitiveComplexityOptions	class	Analysis.Evidence.Complexity	internal	[]
src/Analysis/Evidence/Complexity/CognitiveComplexityRule.php	Qualimetrix\Analysis\Evidence\Complexity\CognitiveComplexityRule	class	Analysis.Evidence.Complexity	internal	[]
src/Analysis/Evidence/Complexity/CognitiveComplexityVisitor.php	Qualimetrix\Analysis\Evidence\Complexity\CognitiveComplexityVisitor	class	Analysis.Evidence.Complexity	internal	[]
src/Analysis/Evidence/Complexity/ComplexityOptions.php	Qualimetrix\Analysis\Evidence\Complexity\ComplexityOptions	class	Analysis.Evidence.Complexity	internal	[]
src/Analysis/Evidence/Complexity/ComplexityRule.php	Qualimetrix\Analysis\Evidence\Complexity\ComplexityRule	class	Analysis.Evidence.Complexity	internal	[]
src/Analysis/Evidence/Complexity/CyclomaticComplexityCollector.php	Qualimetrix\Analysis\Evidence\Complexity\CyclomaticComplexityCollector	class	Analysis.Evidence.Complexity	internal	[]
src/Analysis/Evidence/Complexity/CyclomaticComplexityVisitor.php	Qualimetrix\Analysis\Evidence\Complexity\CyclomaticComplexityVisitor	class	Analysis.Evidence.Complexity	internal	[]
src/Analysis/Evidence/Complexity/MethodCognitiveComplexityOptions.php	Qualimetrix\Analysis\Evidence\Complexity\MethodCognitiveComplexityOptions	class	Analysis.Evidence.Complexity	internal	[]
src/Analysis/Evidence/Complexity/MethodComplexityOptions.php	Qualimetrix\Analysis\Evidence\Complexity\MethodComplexityOptions	class	Analysis.Evidence.Complexity	internal	[]
src/Analysis/Evidence/Complexity/MethodNpathComplexityOptions.php	Qualimetrix\Analysis\Evidence\Complexity\MethodNpathComplexityOptions	class	Analysis.Evidence.Complexity	internal	[]
src/Analysis/Evidence/Complexity/NpathComplexityCollector.php	Qualimetrix\Analysis\Evidence\Complexity\NpathComplexityCollector	class	Analysis.Evidence.Complexity	internal	[]
src/Analysis/Evidence/Complexity/NpathComplexityOptions.php	Qualimetrix\Analysis\Evidence\Complexity\NpathComplexityOptions	class	Analysis.Evidence.Complexity	internal	[]
src/Analysis/Evidence/Complexity/NpathComplexityRule.php	Qualimetrix\Analysis\Evidence\Complexity\NpathComplexityRule	class	Analysis.Evidence.Complexity	internal	[]
src/Analysis/Evidence/Complexity/NpathComplexityVisitor.php	Qualimetrix\Analysis\Evidence\Complexity\NpathComplexityVisitor	class	Analysis.Evidence.Complexity	internal	[]
src/Analysis/Evidence/Complexity/NpathExpressionCalculator.php	Qualimetrix\Analysis\Evidence\Complexity\NpathExpressionCalculator	class	Analysis.Evidence.Complexity	internal	[]
src/Analysis/Evidence/Complexity/WmcOptions.php	Qualimetrix\Analysis\Evidence\Complexity\WmcOptions	class	Analysis.Evidence.Complexity	internal	[]
src/Analysis/Evidence/Complexity/WmcRule.php	Qualimetrix\Analysis\Evidence\Complexity\WmcRule	class	Analysis.Evidence.Complexity	internal	[]
src/Analysis/Evidence/ComputedMetrics/ComputedMetricAnalysis.php	Qualimetrix\Analysis\Evidence\ComputedMetrics\ComputedMetricAnalysis	class	Analysis.Evidence.ComputedMetrics	internal	[]
src/Analysis/Evidence/ComputedMetrics/ComputedMetricDefaults.php	Qualimetrix\Analysis\Evidence\ComputedMetrics\ComputedMetricDefaults	class	Analysis.Evidence.ComputedMetrics	internal	[]
src/Analysis/Evidence/ComputedMetrics/ComputedMetricDependencyGraphCalculator.php	Qualimetrix\Analysis\Evidence\ComputedMetrics\ComputedMetricDependencyGraphCalculator	class	Analysis.Evidence.ComputedMetrics	internal	[]
src/Analysis/Evidence/ComputedMetrics/ComputedMetricFormulaValidator.php	Qualimetrix\Analysis\Evidence\ComputedMetrics\ComputedMetricFormulaValidator	class	Analysis.Evidence.ComputedMetrics	internal	[]
src/Analysis/Evidence/ComputedMetrics/ComputedMetricOverrideReader.php	Qualimetrix\Analysis\Evidence\ComputedMetrics\ComputedMetricOverrideReader	class	Analysis.Evidence.ComputedMetrics	internal	[]
src/Analysis/Evidence/ComputedMetrics/ComputedMetricProducerOptions.php	Qualimetrix\Analysis\Evidence\ComputedMetrics\ComputedMetricProducerOptions	class	Analysis.Evidence.ComputedMetrics	internal	[]
src/Analysis/Evidence/ComputedMetrics/ComputedMetricRule.php	Qualimetrix\Analysis\Evidence\ComputedMetrics\ComputedMetricRule	class	Analysis.Evidence.ComputedMetrics	internal	[]
src/Analysis/Evidence/ComputedMetrics/ComputedMetricRuleOptions.php	Qualimetrix\Analysis\Evidence\ComputedMetrics\ComputedMetricRuleOptions	class	Analysis.Evidence.ComputedMetrics	internal	[]
src/Analysis/Evidence/ComputedMetrics/ComputedMetricsConfigResolver.php	Qualimetrix\Analysis\Evidence\ComputedMetrics\ComputedMetricsConfigResolver	class	Analysis.Evidence.ComputedMetrics	internal	[]
src/Analysis/Evidence/ComputedMetrics/Configuration/ComputedMetricContributionReader.php	Qualimetrix\Analysis\Evidence\ComputedMetrics\Configuration\ComputedMetricContributionReader	class	Analysis.Evidence.ComputedMetrics	internal	[]
src/Analysis/Evidence/ComputedMetrics/Configuration/ComputedMetricEntryKeyRecognition.php	Qualimetrix\Analysis\Evidence\ComputedMetrics\Configuration\ComputedMetricEntryKeyRecognition	class	Analysis.Evidence.ComputedMetrics	internal	[]
src/Analysis/Evidence/ComputedMetrics/Configuration/ComputedMetricEntryKeys.php	Qualimetrix\Analysis\Evidence\ComputedMetrics\Configuration\ComputedMetricEntryKeys	class	Analysis.Evidence.ComputedMetrics	internal	[]
src/Analysis/Evidence/ComputedMetrics/Configuration/ComputedMetricRefusalWording.php	Qualimetrix\Analysis\Evidence\ComputedMetrics\Configuration\ComputedMetricRefusalWording	class	Analysis.Evidence.ComputedMetrics	internal	[]
src/Analysis/Evidence/ComputedMetrics/Configuration/ComputedMetricShapeRefusalWording.php	Qualimetrix\Analysis\Evidence\ComputedMetrics\Configuration\ComputedMetricShapeRefusalWording	class	Analysis.Evidence.ComputedMetrics	internal	[]
src/Analysis/Evidence/ComputedMetrics/Contract/Configuration/ComputedMetricConfiguratorInterface.php	Qualimetrix\Analysis\Evidence\ComputedMetrics\Contract\Configuration\ComputedMetricConfiguratorInterface	interface	Analysis.Evidence.ComputedMetrics	contract	"[{""owner"":""Infrastructure.Console"",""source_fqcn"":""Qualimetrix\\Infrastructure\\Console\\AnalysisRuntimeConfigurator""},{""owner"":""Infrastructure.DependencyInjection"",""source_fqcn"":""Qualimetrix\\Infrastructure\\DependencyInjection\\Configurator\\OutputConfigurator""}]"
src/Analysis/Evidence/ComputedMetrics/Contract/Configuration/HealthFormulaExclusionInterface.php	Qualimetrix\Analysis\Evidence\ComputedMetrics\Contract\Configuration\HealthFormulaExclusionInterface	interface	Analysis.Evidence.ComputedMetrics	contract	"[{""owner"":""Analysis.Evidence.ComputedMetrics.Health"",""source_fqcn"":""Qualimetrix\\Analysis\\Evidence\\ComputedMetrics\\Health\\Configuration\\HealthFormulaExcluder""}]"
src/Analysis/Evidence/ComputedMetrics/Contract/Definition/ComputedMetricDefinition.php	Qualimetrix\Analysis\Evidence\ComputedMetrics\Contract\Definition\ComputedMetricDefinition	class	Analysis.Evidence.ComputedMetrics	contract	"[{""owner"":""Analysis.Evidence.ComputedMetrics.Health"",""source_fqcn"":""Qualimetrix\\Analysis\\Evidence\\ComputedMetrics\\Health\\Configuration\\HealthFormulaExcluder""}]"
src/Analysis/Evidence/ComputedMetrics/Contract/Definition/ComputedMetricDefinitionCatalogInterface.php	Qualimetrix\Analysis\Evidence\ComputedMetrics\Contract\Definition\ComputedMetricDefinitionCatalogInterface	interface	Analysis.Evidence.ComputedMetrics	contract	"[{""owner"":""Analysis.Evidence.ComputedMetrics.Health"",""source_fqcn"":""Qualimetrix\\Analysis\\Evidence\\ComputedMetrics\\Health\\Contract\\DrillDown\\HealthScoreDrillDown""},{""owner"":""Analysis.Evidence.ComputedMetrics.Health"",""source_fqcn"":""Qualimetrix\\Analysis\\Evidence\\ComputedMetrics\\Health\\Contract\\DrillDown\\WorstClassDrillDown""},{""owner"":""Analysis.Evidence.ComputedMetrics.Health"",""source_fqcn"":""Qualimetrix\\Analysis\\Evidence\\ComputedMetrics\\Health\\Contract\\Summary\\HealthSummaryBuilder""},{""owner"":""Infrastructure.Rule"",""source_fqcn"":""Qualimetrix\\Infrastructure\\Rule\\ChannelUniverse""},{""owner"":""Reporting"",""source_fqcn"":""Qualimetrix\\Reporting\\Formatter\\Html\\HtmlTreeBuilder""},{""owner"":""Infrastructure.Rule"",""source_fqcn"":""Qualimetrix\\Infrastructure\\Rule\\ComputedMetricChannelPresentation""}]"
src/Analysis/Evidence/ComputedMetrics/Contract/Definition/HealthDimension.php	Qualimetrix\Analysis\Evidence\ComputedMetrics\Contract\Definition\HealthDimension	enum	Analysis.Evidence.ComputedMetrics	contract	"[{""owner"":""Analysis.Evidence.ComputedMetrics.Health"",""source_fqcn"":""Qualimetrix\\Analysis\\Evidence\\ComputedMetrics\\Health\\Configuration\\HealthFormulaExcluder""},{""owner"":""Analysis.Evidence.ComputedMetrics.Health"",""source_fqcn"":""Qualimetrix\\Analysis\\Evidence\\ComputedMetrics\\Health\\Contract\\DrillDown\\HealthScoreDrillDown""},{""owner"":""Analysis.Evidence.ComputedMetrics.Health"",""source_fqcn"":""Qualimetrix\\Analysis\\Evidence\\ComputedMetrics\\Health\\Contract\\DrillDown\\WorstClassDrillDown""},{""owner"":""Analysis.Evidence.ComputedMetrics.Health"",""source_fqcn"":""Qualimetrix\\Analysis\\Evidence\\ComputedMetrics\\Health\\Contract\\Summary\\HealthSummaryBuilder""},{""owner"":""Reporting"",""source_fqcn"":""Qualimetrix\\Reporting\\Formatter\\Html\\HtmlMetricAggregator""},{""owner"":""Reporting"",""source_fqcn"":""Qualimetrix\\Reporting\\Formatter\\Json\\JsonHealthSection""},{""owner"":""Reporting"",""source_fqcn"":""Qualimetrix\\Reporting\\Formatter\\Summary\\HealthBarRenderer""}]"
src/Analysis/Evidence/ComputedMetrics/Contract/Definition/ResolvedComputedMetricDefinitions.php	Qualimetrix\Analysis\Evidence\ComputedMetrics\Contract\Definition\ResolvedComputedMetricDefinitions	class	Analysis.Evidence.ComputedMetrics	contract	"[{""owner"":""Infrastructure.Console"",""source_fqcn"":""Qualimetrix\\Infrastructure\\Console\\AnalysisRuntimeConfigurator""},{""owner"":""Infrastructure.Console"",""source_fqcn"":""Qualimetrix\\Infrastructure\\Console\\RuleInputValidator""},{""owner"":""Infrastructure.Rule"",""source_fqcn"":""Qualimetrix\\Infrastructure\\Rule\\Contract\\RuleChannelSnapshotFactoryInterface""}]"
src/Analysis/Evidence/ComputedMetrics/Contract/Evaluation/ComputedMetricEvaluator.php	Qualimetrix\Analysis\Evidence\ComputedMetrics\Contract\Evaluation\ComputedMetricEvaluator	class	Analysis.Evidence.ComputedMetrics	contract	"[{""owner"":""Analysis.Run"",""source_fqcn"":""Qualimetrix\\Analysis\\Run\\Pipeline\\AnalysisPipeline""}]"
src/Analysis/Evidence/ComputedMetrics/Contract/Evaluation/ComputedMetricExpression.php	Qualimetrix\Analysis\Evidence\ComputedMetrics\Contract\Evaluation\ComputedMetricExpression	class	Analysis.Evidence.ComputedMetrics	contract	"[{""owner"":""Analysis.Evidence.ComputedMetrics.Health"",""source_fqcn"":""Qualimetrix\\Analysis\\Evidence\\ComputedMetrics\\Health\\Configuration\\WeightedHealthFormula""},{""owner"":""Analysis.Evidence.ComputedMetrics.Health"",""source_fqcn"":""Qualimetrix\\Analysis\\Evidence\\ComputedMetrics\\Health\\Configuration\\HealthFormulaExcluder""}]"
src/Analysis/Evidence/ComputedMetrics/Contract/Evaluation/MetricLookup.php	Qualimetrix\Analysis\Evidence\ComputedMetrics\Contract\Evaluation\MetricLookup	class	Analysis.Evidence.ComputedMetrics	internal	[]
src/Analysis/Evidence/ComputedMetrics/Contract/Finding/ComputedMetricChannelFamily.php	Qualimetrix\Analysis\Evidence\ComputedMetrics\Contract\Finding\ComputedMetricChannelFamily	class	Analysis.Evidence.ComputedMetrics	contract	"[{""owner"":""Infrastructure.DependencyInjection"",""source_fqcn"":""Qualimetrix\\Infrastructure\\DependencyInjection\\CompilerPass\\ChannelDeclarationCompilerPass""},{""owner"":""Infrastructure.DependencyInjection"",""source_fqcn"":""Qualimetrix\\Infrastructure\\DependencyInjection\\Configurator\\ComputedMetricsConfigurator""}]"
src/Analysis/Evidence/ComputedMetrics/Finding/ComputedMetricFindingBuilder.php	Qualimetrix\Analysis\Evidence\ComputedMetrics\Finding\ComputedMetricFindingBuilder	class	Analysis.Evidence.ComputedMetrics	internal	[]
src/Analysis/Evidence/ComputedMetrics/Health/Configuration/HealthFormulaExcluder.php	Qualimetrix\Analysis\Evidence\ComputedMetrics\Health\Configuration\HealthFormulaExcluder	class	Analysis.Evidence.ComputedMetrics.Health	internal	[]
src/Analysis/Evidence/ComputedMetrics/Health/Configuration/WeightedHealthFormula.php	Qualimetrix\Analysis\Evidence\ComputedMetrics\Health\Configuration\WeightedHealthFormula	class	Analysis.Evidence.ComputedMetrics.Health	internal	[]
src/Analysis/Evidence/ComputedMetrics/Health/Contract/DrillDown/HealthScoreDrillDown.php	Qualimetrix\Analysis\Evidence\ComputedMetrics\Health\Contract\DrillDown\HealthScoreDrillDown	class	Analysis.Evidence.ComputedMetrics.Health	contract	"[{""owner"":""Reporting"",""source_fqcn"":""Qualimetrix\\Reporting\\Health\\HealthScoreResolver""}]"
src/Analysis/Evidence/ComputedMetrics/Health/Contract/DrillDown/WorstClassDrillDown.php	Qualimetrix\Analysis\Evidence\ComputedMetrics\Health\Contract\DrillDown\WorstClassDrillDown	class	Analysis.Evidence.ComputedMetrics.Health	contract	"[{""owner"":""Reporting"",""source_fqcn"":""Qualimetrix\\Reporting\\Formatter\\Json\\JsonOffenderSection""},{""owner"":""Reporting"",""source_fqcn"":""Qualimetrix\\Reporting\\Formatter\\Summary\\OffenderListRenderer""}]"
src/Analysis/Evidence/ComputedMetrics/Health/Contract/Metadata/HealthMetricMetadataCollection.php	Qualimetrix\Analysis\Evidence\ComputedMetrics\Health\Contract\Metadata\HealthMetricMetadataCollection	class	Analysis.Evidence.ComputedMetrics.Health	contract	"[{""owner"":""Reporting"",""source_fqcn"":""Qualimetrix\\Reporting\\Health\\HealthHintProjector""}]"
src/Analysis/Evidence/ComputedMetrics/Health/Contract/Metadata/HealthMetricMetadataProviderInterface.php	Qualimetrix\Analysis\Evidence\ComputedMetrics\Health\Contract\Metadata\HealthMetricMetadataProviderInterface	interface	Analysis.Evidence.ComputedMetrics.Health	contract	"[{""owner"":""Reporting"",""source_fqcn"":""Qualimetrix\\Reporting\\Health\\HealthHintProjector""}]"
src/Analysis/Evidence/ComputedMetrics/Health/Contract/Offender/RankedOffenderLevels.php	Qualimetrix\Analysis\Evidence\ComputedMetrics\Health\Contract\Offender\RankedOffenderLevels	class	Analysis.Evidence.ComputedMetrics.Health	contract	"[{""owner"":""Reporting"",""source_fqcn"":""Qualimetrix\\Reporting\\DrillDown\\DrillDownBinding""}]"
src/Analysis/Evidence/ComputedMetrics/Health/Contract/Offender/WorstOffender.php	Qualimetrix\Analysis\Evidence\ComputedMetrics\Health\Contract\Offender\WorstOffender	class	Analysis.Evidence.ComputedMetrics.Health	contract	"[{""owner"":""Reporting"",""source_fqcn"":""Qualimetrix\\Reporting\\DrillDown\\FindingFilter""},{""owner"":""Reporting"",""source_fqcn"":""Qualimetrix\\Reporting\\Formatter\\Json\\JsonOffenderSection""},{""owner"":""Reporting"",""source_fqcn"":""Qualimetrix\\Reporting\\Formatter\\Summary\\OffenderListRenderer""}]"
src/Analysis/Evidence/ComputedMetrics/Health/Contract/Score/CoverageUnit.php	Qualimetrix\Analysis\Evidence\ComputedMetrics\Health\Contract\Score\CoverageUnit	enum	Analysis.Evidence.ComputedMetrics.Health	contract	"[{""owner"":""Reporting"",""relation"":""contract_surface"",""source_fqcn"":""Qualimetrix\\Reporting\\Formatter\\Health\\HealthCoverageNarrator"",""carrier_fqcn"":""Qualimetrix\\Analysis\\Evidence\\ComputedMetrics\\Health\\Contract\\Score\\HealthCoverage""},{""owner"":""Reporting"",""relation"":""contract_surface"",""source_fqcn"":""Qualimetrix\\Reporting\\Formatter\\Json\\JsonHealthSection"",""carrier_fqcn"":""Qualimetrix\\Analysis\\Evidence\\ComputedMetrics\\Health\\Contract\\Score\\HealthCoverage""}]"
src/Analysis/Evidence/ComputedMetrics/Health/Contract/Score/DecompositionItem.php	Qualimetrix\Analysis\Evidence\ComputedMetrics\Health\Contract\Score\DecompositionItem	class	Analysis.Evidence.ComputedMetrics.Health	contract	"[{""owner"":""Reporting"",""source_fqcn"":""Qualimetrix\\Reporting\\Formatter\\Health\\HealthTextFormatter""},{""owner"":""Reporting"",""source_fqcn"":""Qualimetrix\\Reporting\\Formatter\\Json\\JsonHealthSection""},{""owner"":""Reporting"",""source_fqcn"":""Qualimetrix\\Reporting\\Formatter\\Summary\\HealthBarRenderer""}]"
src/Analysis/Evidence/ComputedMetrics/Health/Contract/Score/HealthContributor.php	Qualimetrix\Analysis\Evidence\ComputedMetrics\Health\Contract\Score\HealthContributor	class	Analysis.Evidence.ComputedMetrics.Health	contract	"[{""owner"":""Reporting"",""source_fqcn"":""Qualimetrix\\Reporting\\Formatter\\Json\\JsonHealthSection""}]"
src/Analysis/Evidence/ComputedMetrics/Health/Contract/Score/HealthCoverage.php	Qualimetrix\Analysis\Evidence\ComputedMetrics\Health\Contract\Score\HealthCoverage	class	Analysis.Evidence.ComputedMetrics.Health	contract	"[{""owner"":""Reporting"",""source_fqcn"":""Qualimetrix\\Reporting\\Formatter\\Json\\JsonHealthSection""},{""owner"":""Reporting"",""source_fqcn"":""Qualimetrix\\Reporting\\Formatter\\Health\\HealthCoverageNarrator""}]"
src/Analysis/Evidence/ComputedMetrics/Health/Contract/Score/HealthScore.php	Qualimetrix\Analysis\Evidence\ComputedMetrics\Health\Contract\Score\HealthScore	class	Analysis.Evidence.ComputedMetrics.Health	contract	"[{""owner"":""Reporting"",""source_fqcn"":""Qualimetrix\\Reporting\\Formatter\\Health\\HealthCoverageNarrator""},{""owner"":""Reporting"",""source_fqcn"":""Qualimetrix\\Reporting\\Formatter\\Health\\HealthTextFormatter""},{""owner"":""Reporting"",""source_fqcn"":""Qualimetrix\\Reporting\\Formatter\\Html\\HtmlTreeBuilder""},{""owner"":""Reporting"",""source_fqcn"":""Qualimetrix\\Reporting\\Formatter\\Summary\\HealthBarRenderer""}]"
src/Analysis/Evidence/ComputedMetrics/Health/Contract/Summary/HealthSummary.php	Qualimetrix\Analysis\Evidence\ComputedMetrics\Health\Contract\Summary\HealthSummary	class	Analysis.Evidence.ComputedMetrics.Health	contract	"[{""owner"":""Reporting"",""source_fqcn"":""Qualimetrix\\Reporting\\Health\\SummaryEnricher""}]"
src/Analysis/Evidence/ComputedMetrics/Health/Contract/Summary/HealthSummaryBuilder.php	Qualimetrix\Analysis\Evidence\ComputedMetrics\Health\Contract\Summary\HealthSummaryBuilder	class	Analysis.Evidence.ComputedMetrics.Health	contract	"[{""owner"":""Reporting"",""source_fqcn"":""Qualimetrix\\Reporting\\Health\\SummaryEnricher""}]"
src/Analysis/Evidence/ComputedMetrics/Health/Metadata/HealthDecompositionCatalog.php	Qualimetrix\Analysis\Evidence\ComputedMetrics\Health\Metadata\HealthDecompositionCatalog	class	Analysis.Evidence.ComputedMetrics.Health	internal	[]
src/Analysis/Evidence/ComputedMetrics/Health/Metadata/HealthDimensionCatalog.php	Qualimetrix\Analysis\Evidence\ComputedMetrics\Health\Metadata\HealthDimensionCatalog	class	Analysis.Evidence.ComputedMetrics.Health	internal	[]
src/Analysis/Evidence/ComputedMetrics/Health/Metadata/HealthMetricCatalog.php	Qualimetrix\Analysis\Evidence\ComputedMetrics\Health\Metadata\HealthMetricCatalog	class	Analysis.Evidence.ComputedMetrics.Health	internal	[]
src/Analysis/Evidence/ComputedMetrics/Health/Metadata/MetricHintCatalog.php	Qualimetrix\Analysis\Evidence\ComputedMetrics\Health\Metadata\MetricHintCatalog	class	Analysis.Evidence.ComputedMetrics.Health	internal	[]
src/Analysis/Evidence/ComputedMetrics/Health/Offender/HealthReasonBuilder.php	Qualimetrix\Analysis\Evidence\ComputedMetrics\Health\Offender\HealthReasonBuilder	class	Analysis.Evidence.ComputedMetrics.Health	internal	[]
src/Analysis/Evidence/ComputedMetrics/Health/Offender/WorstOffenderBuilder.php	Qualimetrix\Analysis\Evidence\ComputedMetrics\Health\Offender\WorstOffenderBuilder	class	Analysis.Evidence.ComputedMetrics.Health	internal	[]
src/Analysis/Evidence/ComputedMetrics/Health/Offender/WorstOffenderEvidence.php	Qualimetrix\Analysis\Evidence\ComputedMetrics\Health\Offender\WorstOffenderEvidence	class	Analysis.Evidence.ComputedMetrics.Health	internal	[]
src/Analysis/Evidence/ComputedMetrics/Health/Score/ContributorRanker.php	Qualimetrix\Analysis\Evidence\ComputedMetrics\Health\Score\ContributorRanker	class	Analysis.Evidence.ComputedMetrics.Health	internal	[]
src/Analysis/Evidence/ComputedMetrics/Health/Score/CoverageReader.php	Qualimetrix\Analysis\Evidence\ComputedMetrics\Health\Score\CoverageReader	class	Analysis.Evidence.ComputedMetrics.Health	internal	[]
src/Analysis/Evidence/Coupling/AbstractnessCollector.php	Qualimetrix\Analysis\Evidence\Coupling\AbstractnessCollector	class	Analysis.Evidence.Coupling	internal	[]
src/Analysis/Evidence/Coupling/CboOptions.php	Qualimetrix\Analysis\Evidence\Coupling\CboOptions	class	Analysis.Evidence.Coupling	internal	[]
src/Analysis/Evidence/Coupling/CboRule.php	Qualimetrix\Analysis\Evidence\Coupling\CboRule	class	Analysis.Evidence.Coupling	internal	[]
src/Analysis/Evidence/Coupling/ClassCboOptions.php	Qualimetrix\Analysis\Evidence\Coupling\ClassCboOptions	class	Analysis.Evidence.Coupling	internal	[]
src/Analysis/Evidence/Coupling/ClassInstabilityOptions.php	Qualimetrix\Analysis\Evidence\Coupling\ClassInstabilityOptions	class	Analysis.Evidence.Coupling	internal	[]
src/Analysis/Evidence/Coupling/ClassRankCollector.php	Qualimetrix\Analysis\Evidence\Coupling\ClassRankCollector	class	Analysis.Evidence.Coupling	internal	[]
src/Analysis/Evidence/Coupling/ClassRankOptions.php	Qualimetrix\Analysis\Evidence\Coupling\ClassRankOptions	class	Analysis.Evidence.Coupling	internal	[]
src/Analysis/Evidence/Coupling/ClassRankRule.php	Qualimetrix\Analysis\Evidence\Coupling\ClassRankRule	class	Analysis.Evidence.Coupling	internal	[]
src/Analysis/Evidence/Coupling/RfcVisitor.php	Qualimetrix\Analysis\Evidence\Coupling\ClassRfcData	class	Analysis.Evidence.Coupling	internal	[]
src/Analysis/Evidence/Coupling/Contract/Configuration/CouplingConfiguratorInterface.php	Qualimetrix\Analysis\Evidence\Coupling\Contract\Configuration\CouplingConfiguratorInterface	interface	Analysis.Evidence.Coupling	contract	"[{""owner"":""Infrastructure.Console"",""source_fqcn"":""Qualimetrix\\Infrastructure\\Console\\AnalysisRuntimeConfigurator""},{""owner"":""Infrastructure.DependencyInjection"",""source_fqcn"":""Qualimetrix\\Infrastructure\\DependencyInjection\\Configurator\\CouplingConfigurator""},{""owner"":""Infrastructure.DependencyInjection"",""source_fqcn"":""Qualimetrix\\Infrastructure\\DependencyInjection\\Configurator\\OutputConfigurator""}]"
src/Analysis/Evidence/Coupling/CouplingAnalysis.php	Qualimetrix\Analysis\Evidence\Coupling\CouplingAnalysis	class	Analysis.Evidence.Coupling	internal	[]
src/Analysis/Evidence/Coupling/CouplingCollector.php	Qualimetrix\Analysis\Evidence\Coupling\CouplingCollector	class	Analysis.Evidence.Coupling	internal	[]
src/Analysis/Evidence/Coupling/DistanceCollector.php	Qualimetrix\Analysis\Evidence\Coupling\DistanceCollector	class	Analysis.Evidence.Coupling	internal	[]
src/Analysis/Evidence/Coupling/DistanceOptions.php	Qualimetrix\Analysis\Evidence\Coupling\DistanceOptions	class	Analysis.Evidence.Coupling	internal	[]
src/Analysis/Evidence/Coupling/DistanceRule.php	Qualimetrix\Analysis\Evidence\Coupling\DistanceRule	class	Analysis.Evidence.Coupling	internal	[]
src/Analysis/Evidence/Coupling/FrameworkClassificationSites.php	Qualimetrix\Analysis\Evidence\Coupling\FrameworkClassificationSites	class	Analysis.Evidence.Coupling	internal	[]
src/Analysis/Evidence/Coupling/InstabilityOptions.php	Qualimetrix\Analysis\Evidence\Coupling\InstabilityOptions	class	Analysis.Evidence.Coupling	internal	[]
src/Analysis/Evidence/Coupling/InstabilityRule.php	Qualimetrix\Analysis\Evidence\Coupling\InstabilityRule	class	Analysis.Evidence.Coupling	internal	[]
src/Analysis/Evidence/Coupling/NamespaceCboOptions.php	Qualimetrix\Analysis\Evidence\Coupling\NamespaceCboOptions	class	Analysis.Evidence.Coupling	internal	[]
src/Analysis/Evidence/Coupling/NamespaceInstabilityOptions.php	Qualimetrix\Analysis\Evidence\Coupling\NamespaceInstabilityOptions	class	Analysis.Evidence.Coupling	internal	[]
src/Analysis/Evidence/Coupling/RfcCollector.php	Qualimetrix\Analysis\Evidence\Coupling\RfcCollector	class	Analysis.Evidence.Coupling	internal	[]
src/Analysis/Evidence/Coupling/RfcVisitor.php	Qualimetrix\Analysis\Evidence\Coupling\RfcVisitor	class	Analysis.Evidence.Coupling	internal	[]
src/Analysis/Evidence/Coupling/UnmatchedFrameworkNamespaceOptions.php	Qualimetrix\Analysis\Evidence\Coupling\UnmatchedFrameworkNamespaceOptions	class	Analysis.Evidence.Coupling	internal	[]
src/Analysis/Evidence/Coupling/UnmatchedFrameworkNamespaceRule.php	Qualimetrix\Analysis\Evidence\Coupling\UnmatchedFrameworkNamespaceRule	class	Analysis.Evidence.Coupling	internal	[]
src/Analysis/Evidence/DependencyModel/Contract/Dependency.php	Qualimetrix\Analysis\Evidence\DependencyModel\Contract\Dependency	class	Analysis.Evidence.DependencyModel	contract	"[{""owner"":""Analysis.Policy.Architecture"",""source_fqcn"":""Qualimetrix\\Analysis\\Policy\\Architecture\\LayerViolation\\LayerViolationFinding""},{""owner"":""Analysis.Policy.Architecture"",""source_fqcn"":""Qualimetrix\\Analysis\\Policy\\Architecture\\LayerViolation\\LayerRoutingGuidance""}]"
src/Analysis/Evidence/DependencyModel/Contract/DependencyGraphBuilderInterface.php	Qualimetrix\Analysis\Evidence\DependencyModel\Contract\DependencyGraphBuilderInterface	interface	Analysis.Evidence.DependencyModel	contract	"[{""owner"":""Analysis.Run"",""source_fqcn"":""Qualimetrix\\Analysis\\Run\\Pipeline\\AnalysisPipeline""},{""owner"":""Analysis.Run"",""source_fqcn"":""Qualimetrix\\Analysis\\Run\\Pipeline\\DependencyGraphAnalyzer""},{""owner"":""Infrastructure.Console"",""source_fqcn"":""Qualimetrix\\Infrastructure\\Console\\LayerAssignmentResolver""},{""owner"":""Infrastructure.DependencyInjection"",""source_fqcn"":""Qualimetrix\\Infrastructure\\DependencyInjection\\Configurator\\AnalysisConfigurator""},{""owner"":""Infrastructure.DependencyInjection"",""source_fqcn"":""Qualimetrix\\Infrastructure\\DependencyInjection\\Configurator\\ArchitectureConfigurator""},{""owner"":""Infrastructure.DependencyInjection"",""source_fqcn"":""Qualimetrix\\Infrastructure\\DependencyInjection\\Configurator\\OutputConfigurator""}]"
src/Analysis/Evidence/DependencyModel/Contract/DependencyGraphInterface.php	Qualimetrix\Analysis\Evidence\DependencyModel\Contract\DependencyGraphInterface	interface	Analysis.Evidence.DependencyModel	contract	"[{""owner"":""Analysis.Evidence.CircularDependency"",""source_fqcn"":""Qualimetrix\\Analysis\\Evidence\\CircularDependency\\CircularDependencyAnalysis""},{""owner"":""Analysis.Evidence.CircularDependency"",""source_fqcn"":""Qualimetrix\\Analysis\\Evidence\\CircularDependency\\CircularDependencyDetector""},{""owner"":""Analysis.Evidence.CircularDependency"",""source_fqcn"":""Qualimetrix\\Analysis\\Evidence\\CircularDependency\\Contract\\CircularDependencyPreparationInterface""},{""owner"":""Analysis.Evidence.Coupling"",""source_fqcn"":""Qualimetrix\\Analysis\\Evidence\\Coupling\\AbstractnessCollector""},{""owner"":""Analysis.Evidence.Coupling"",""source_fqcn"":""Qualimetrix\\Analysis\\Evidence\\Coupling\\ClassRankCollector""},{""owner"":""Analysis.Evidence.Coupling"",""source_fqcn"":""Qualimetrix\\Analysis\\Evidence\\Coupling\\CouplingCollector""},{""owner"":""Analysis.Evidence.Coupling"",""source_fqcn"":""Qualimetrix\\Analysis\\Evidence\\Coupling\\DistanceCollector""},{""owner"":""Analysis.Evidence.Coupling"",""source_fqcn"":""Qualimetrix\\Analysis\\Evidence\\Coupling\\FrameworkClassificationSites""},{""owner"":""Analysis.Evidence.Design"",""source_fqcn"":""Qualimetrix\\Analysis\\Evidence\\Design\\Inheritance\\DitGlobalCollector""},{""owner"":""Analysis.Evidence.Design"",""source_fqcn"":""Qualimetrix\\Analysis\\Evidence\\Design\\Inheritance\\NocCollector""},{""owner"":""Analysis.Evidence.Design"",""source_fqcn"":""Qualimetrix\\Analysis\\Evidence\\Design\\Inheritance\\InheritanceDepthResolver""},{""owner"":""Analysis.Evidence.Measurement"",""source_fqcn"":""Qualimetrix\\Analysis\\Evidence\\Measurement\\Aggregation\\MeasurementAggregationService""},{""owner"":""Analysis.Evidence.Measurement"",""source_fqcn"":""Qualimetrix\\Analysis\\Evidence\\Measurement\\Contract\\GlobalContextCollectorInterface""},{""owner"":""Analysis.Evidence.Measurement"",""source_fqcn"":""Qualimetrix\\Analysis\\Evidence\\Measurement\\Contract\\MeasurementAggregationInterface""},{""owner"":""Analysis.Finding"",""source_fqcn"":""Qualimetrix\\Analysis\\Finding\\Contract\\Rule\\AnalysisContext""},{""owner"":""Analysis.Policy.Architecture"",""source_fqcn"":""Qualimetrix\\Analysis\\Policy\\Architecture\\ArchitecturePolicy""},{""owner"":""Analysis.Policy.Architecture"",""source_fqcn"":""Qualimetrix\\Analysis\\Policy\\Architecture\\Contract\\LayerAssignmentInspectorInterface""},{""owner"":""Analysis.Policy.Architecture"",""source_fqcn"":""Qualimetrix\\Analysis\\Policy\\Architecture\\Contract\\LayerPolicyPreparationInterface""},{""owner"":""Analysis.Policy.Architecture"",""source_fqcn"":""Qualimetrix\\Analysis\\Policy\\Architecture\\Layer\\ClassContextFactory""},{""owner"":""Analysis.Policy.Architecture"",""source_fqcn"":""Qualimetrix\\Analysis\\Policy\\Architecture\\Layer\\LayerRegistry""},{""owner"":""Analysis.Run"",""source_fqcn"":""Qualimetrix\\Analysis\\Run\\Contract\\Pipeline\\DependencyGraphAnalysisResult""},{""owner"":""Analysis.Run"",""source_fqcn"":""Qualimetrix\\Analysis\\Run\\Pipeline\\AnalysisPipeline""},{""owner"":""Analysis.Run"",""source_fqcn"":""Qualimetrix\\Analysis\\Run\\RuleProducerPreparation""},{""owner"":""Reporting.GraphProjection"",""source_fqcn"":""Qualimetrix\\Reporting\\GraphProjection\\Contract\\DependencyGraphProjectionInterface""},{""owner"":""Reporting.GraphProjection"",""source_fqcn"":""Qualimetrix\\Reporting\\GraphProjection\\DependencyGraphProjector""},{""owner"":""Reporting.GraphProjection"",""source_fqcn"":""Qualimetrix\\Reporting\\GraphProjection\\DotExporter""},{""owner"":""Reporting.GraphProjection"",""source_fqcn"":""Qualimetrix\\Reporting\\GraphProjection\\JsonGraphExporter""}]"
src/Analysis/Evidence/DependencyModel/Contract/DependencyLocationInterface.php	Qualimetrix\Analysis\Evidence\DependencyModel\Contract\DependencyLocationInterface	interface	Analysis.Evidence.DependencyModel	contract	"[{""owner"":""Analysis.Finding"",""source_fqcn"":""Qualimetrix\\Analysis\\Finding\\Contract\\Location""}]"
src/Analysis/Evidence/DependencyModel/Contract/DependencyTraversalParticipantInterface.php	Qualimetrix\Analysis\Evidence\DependencyModel\Contract\DependencyTraversalParticipantInterface	interface	Analysis.Evidence.DependencyModel	contract	"[{""owner"":""Analysis.Evidence.Measurement"",""source_fqcn"":""Qualimetrix\\Analysis\\Evidence\\Measurement\\FileMeasurement\\CompositeCollector""},{""owner"":""Analysis.Run"",""source_fqcn"":""Qualimetrix\\Analysis\\Run\\Pipeline\\DependencyGraphAnalyzer""},{""owner"":""Infrastructure.DependencyInjection"",""source_fqcn"":""Qualimetrix\\Infrastructure\\DependencyInjection\\Configurator\\DependencyModelConfigurator""},{""owner"":""Infrastructure.DependencyInjection"",""source_fqcn"":""Qualimetrix\\Infrastructure\\DependencyInjection\\Configurator\\MeasurementConfigurator""},{""owner"":""Infrastructure.DependencyInjection"",""source_fqcn"":""Qualimetrix\\Infrastructure\\DependencyInjection\\Configurator\\OutputConfigurator""},{""owner"":""Infrastructure.Parallel"",""source_fqcn"":""Qualimetrix\\Infrastructure\\Parallel\\FileProcessingTaskFactory""},{""owner"":""Infrastructure.Parallel"",""source_fqcn"":""Qualimetrix\\Infrastructure\\Parallel\\WorkerBootstrap""}]"
src/Analysis/Evidence/DependencyModel/Contract/DependencyType.php	Qualimetrix\Analysis\Evidence\DependencyModel\Contract\DependencyType	enum	Analysis.Evidence.DependencyModel	contract	"[{""owner"":""Analysis.Evidence.Design"",""source_fqcn"":""Qualimetrix\\Analysis\\Evidence\\Design\\Inheritance\\NocCollector""},{""owner"":""Analysis.Evidence.Design"",""source_fqcn"":""Qualimetrix\\Analysis\\Evidence\\Design\\Inheritance\\InheritanceDepthResolver""},{""owner"":""Analysis.Finding"",""source_fqcn"":""Qualimetrix\\Analysis\\Finding\\Contract\\Finding""},{""owner"":""Analysis.Policy.Architecture"",""source_fqcn"":""Qualimetrix\\Analysis\\Policy\\Architecture\\Configuration\\Allow\\AllowAliasExpander""},{""owner"":""Analysis.Policy.Architecture"",""source_fqcn"":""Qualimetrix\\Analysis\\Policy\\Architecture\\Layer\\ClassContextFactory""},{""owner"":""Analysis.Policy.Architecture"",""source_fqcn"":""Qualimetrix\\Analysis\\Policy\\Architecture\\Layer\\LayerPolicy""},{""owner"":""Analysis.Policy.Baseline"",""source_fqcn"":""Qualimetrix\\Analysis\\Policy\\Baseline\\BaselineEdge""}]"
src/Analysis/Evidence/DependencyModel/DependencyGraph.php	Qualimetrix\Analysis\Evidence\DependencyModel\DependencyGraph	class	Analysis.Evidence.DependencyModel	internal	[]
src/Analysis/Evidence/DependencyModel/DependencyGraphBuilder.php	Qualimetrix\Analysis\Evidence\DependencyModel\DependencyGraphBuilder	class	Analysis.Evidence.DependencyModel	internal	[]
src/Analysis/Evidence/DependencyModel/EmptyDependencyGraph.php	Qualimetrix\Analysis\Evidence\DependencyModel\EmptyDependencyGraph	class	Analysis.Evidence.DependencyModel	internal	[]
src/Analysis/Evidence/DependencyModel/Extraction/DependencyLocation.php	Qualimetrix\Analysis\Evidence\DependencyModel\Extraction\DependencyLocation	class	Analysis.Evidence.DependencyModel	internal	[]
src/Analysis/Evidence/DependencyModel/Extraction/DependencyResolver.php	Qualimetrix\Analysis\Evidence\DependencyModel\Extraction\DependencyResolver	class	Analysis.Evidence.DependencyModel	internal	[]
src/Analysis/Evidence/DependencyModel/Extraction/DependencyVisitor.php	Qualimetrix\Analysis\Evidence\DependencyModel\Extraction\DependencyVisitor	class	Analysis.Evidence.DependencyModel	internal	[]
src/Analysis/Evidence/DependencyModel/Extraction/Handler/CatchInstanceofHandler.php	Qualimetrix\Analysis\Evidence\DependencyModel\Extraction\Handler\CatchInstanceofHandler	class	Analysis.Evidence.DependencyModel	internal	[]
src/Analysis/Evidence/DependencyModel/Extraction/Handler/ClassLikeHandler.php	Qualimetrix\Analysis\Evidence\DependencyModel\Extraction\Handler\ClassLikeHandler	class	Analysis.Evidence.DependencyModel	internal	[]
src/Analysis/Evidence/DependencyModel/Extraction/Handler/DependencyContext.php	Qualimetrix\Analysis\Evidence\DependencyModel\Extraction\Handler\DependencyContext	class	Analysis.Evidence.DependencyModel	internal	[]
src/Analysis/Evidence/DependencyModel/Extraction/Handler/DependencyHandlerTable.php	Qualimetrix\Analysis\Evidence\DependencyModel\Extraction\Handler\DependencyHandlerTable	class	Analysis.Evidence.DependencyModel	internal	[]
src/Analysis/Evidence/DependencyModel/Extraction/Handler/FunctionLikeHandler.php	Qualimetrix\Analysis\Evidence\DependencyModel\Extraction\Handler\FunctionLikeHandler	class	Analysis.Evidence.DependencyModel	internal	[]
src/Analysis/Evidence/DependencyModel/Extraction/Handler/InstantiationHandler.php	Qualimetrix\Analysis\Evidence\DependencyModel\Extraction\Handler\InstantiationHandler	class	Analysis.Evidence.DependencyModel	internal	[]
src/Analysis/Evidence/DependencyModel/Extraction/Handler/NodeDependencyHandlerInterface.php	Qualimetrix\Analysis\Evidence\DependencyModel\Extraction\Handler\NodeDependencyHandlerInterface	interface	Analysis.Evidence.DependencyModel	internal	[]
src/Analysis/Evidence/DependencyModel/Extraction/Handler/PropertyHandler.php	Qualimetrix\Analysis\Evidence\DependencyModel\Extraction\Handler\PropertyHandler	class	Analysis.Evidence.DependencyModel	internal	[]
src/Analysis/Evidence/DependencyModel/Extraction/Handler/StaticAccessHandler.php	Qualimetrix\Analysis\Evidence\DependencyModel\Extraction\Handler\StaticAccessHandler	class	Analysis.Evidence.DependencyModel	internal	[]
src/Analysis/Evidence/DependencyModel/Extraction/Handler/TraitUseHandler.php	Qualimetrix\Analysis\Evidence\DependencyModel\Extraction\Handler\TraitUseHandler	class	Analysis.Evidence.DependencyModel	internal	[]
src/Analysis/Evidence/DependencyModel/Extraction/Handler/TypeDependencyHelper.php	Qualimetrix\Analysis\Evidence\DependencyModel\Extraction\Handler\TypeDependencyHelper	class	Analysis.Evidence.DependencyModel	internal	[]
src/Analysis/Evidence/DependencyModel/NamespaceCouplings.php	Qualimetrix\Analysis\Evidence\DependencyModel\NamespaceCouplings	class	Analysis.Evidence.DependencyModel	internal	[]
src/Analysis/Evidence/DependencyModel/StringSet.php	Qualimetrix\Analysis\Evidence\DependencyModel\StringSet	class	Analysis.Evidence.DependencyModel	internal	[]
src/Analysis/Evidence/Design/DataClass/DataClassExclusionCheck.php	Qualimetrix\Analysis\Evidence\Design\DataClass\DataClassExclusionCheck	class	Analysis.Evidence.Design	internal	[]
src/Analysis/Evidence/Design/DataClass/DataClassOptions.php	Qualimetrix\Analysis\Evidence\Design\DataClass\DataClassOptions	class	Analysis.Evidence.Design	internal	[]
src/Analysis/Evidence/Design/DataClass/DataClassRule.php	Qualimetrix\Analysis\Evidence\Design\DataClass\DataClassRule	class	Analysis.Evidence.Design	internal	[]
src/Analysis/Evidence/Design/GodClass/GodClassCriteriaEvaluator.php	Qualimetrix\Analysis\Evidence\Design\GodClass\GodClassCriteriaEvaluator	class	Analysis.Evidence.Design	internal	[]
src/Analysis/Evidence/Design/GodClass/GodClassCriterionResult.php	Qualimetrix\Analysis\Evidence\Design\GodClass\GodClassCriterionResult	class	Analysis.Evidence.Design	internal	[]
src/Analysis/Evidence/Design/GodClass/GodClassOptions.php	Qualimetrix\Analysis\Evidence\Design\GodClass\GodClassOptions	class	Analysis.Evidence.Design	internal	[]
src/Analysis/Evidence/Design/GodClass/GodClassRule.php	Qualimetrix\Analysis\Evidence\Design\GodClass\GodClassRule	class	Analysis.Evidence.Design	internal	[]
src/Analysis/Evidence/Design/Inheritance/Contract/ExternalParentSourceInterface.php	Qualimetrix\Analysis\Evidence\Design\Inheritance\Contract\ExternalParentSourceInterface	interface	Analysis.Evidence.Design	contract	"[{""owner"":""Infrastructure.Composer"",""source_fqcn"":""Qualimetrix\\Infrastructure\\Composer\\DeclaredParentReader""},{""owner"":""Infrastructure.DependencyInjection"",""source_fqcn"":""Qualimetrix\\Infrastructure\\DependencyInjection\\Configurator\\DesignConfigurator""}]"
src/Analysis/Evidence/Design/Inheritance/Contract/ParentLookup.php	Qualimetrix\Analysis\Evidence\Design\Inheritance\Contract\ParentLookup	class	Analysis.Evidence.Design	contract	"[{""owner"":""Infrastructure.Composer"",""source_fqcn"":""Qualimetrix\\Infrastructure\\Composer\\DeclaredParentReader""}]"
src/Analysis/Evidence/Design/Inheritance/DitGlobalCollector.php	Qualimetrix\Analysis\Evidence\Design\Inheritance\DitGlobalCollector	class	Analysis.Evidence.Design	internal	[]
src/Analysis/Evidence/Design/Inheritance/ExternalAncestry.php	Qualimetrix\Analysis\Evidence\Design\Inheritance\ExternalAncestry	class	Analysis.Evidence.Design	internal	[]
src/Analysis/Evidence/Design/Inheritance/ExternalChainOutcome.php	Qualimetrix\Analysis\Evidence\Design\Inheritance\ExternalChainOutcome	enum	Analysis.Evidence.Design	internal	[]
src/Analysis/Evidence/Design/Inheritance/ExternalDepth.php	Qualimetrix\Analysis\Evidence\Design\Inheritance\ExternalDepth	class	Analysis.Evidence.Design	internal	[]
src/Analysis/Evidence/Design/Inheritance/InheritanceClassInfo.php	Qualimetrix\Analysis\Evidence\Design\Inheritance\InheritanceClassInfo	class	Analysis.Evidence.Design	internal	[]
src/Analysis/Evidence/Design/Inheritance/InheritanceDepthCollector.php	Qualimetrix\Analysis\Evidence\Design\Inheritance\InheritanceDepthCollector	class	Analysis.Evidence.Design	internal	[]
src/Analysis/Evidence/Design/Inheritance/InheritanceDepthResolver.php	Qualimetrix\Analysis\Evidence\Design\Inheritance\InheritanceDepthResolver	class	Analysis.Evidence.Design	internal	[]
src/Analysis/Evidence/Design/Inheritance/InheritanceDepthVisitor.php	Qualimetrix\Analysis\Evidence\Design\Inheritance\InheritanceDepthVisitor	class	Analysis.Evidence.Design	internal	[]
src/Analysis/Evidence/Design/Inheritance/InheritanceOptions.php	Qualimetrix\Analysis\Evidence\Design\Inheritance\InheritanceOptions	class	Analysis.Evidence.Design	internal	[]
src/Analysis/Evidence/Design/Inheritance/InheritanceRule.php	Qualimetrix\Analysis\Evidence\Design\Inheritance\InheritanceRule	class	Analysis.Evidence.Design	internal	[]
src/Analysis/Evidence/Design/Inheritance/NocCollector.php	Qualimetrix\Analysis\Evidence\Design\Inheritance\NocCollector	class	Analysis.Evidence.Design	internal	[]
src/Analysis/Evidence/Design/Inheritance/NocOptions.php	Qualimetrix\Analysis\Evidence\Design\Inheritance\NocOptions	class	Analysis.Evidence.Design	internal	[]
src/Analysis/Evidence/Design/Inheritance/NocRule.php	Qualimetrix\Analysis\Evidence\Design\Inheritance\NocRule	class	Analysis.Evidence.Design	internal	[]
src/Analysis/Evidence/Design/Inheritance/UnreadChainTally.php	Qualimetrix\Analysis\Evidence\Design\Inheritance\UnreadChainTally	class	Analysis.Evidence.Design	internal	[]
src/Analysis/Evidence/Design/TypeCoverage/AbstractTypeCoverageRule.php	Qualimetrix\Analysis\Evidence\Design\TypeCoverage\AbstractTypeCoverageRule	class	Analysis.Evidence.Design	internal	[]
src/Analysis/Evidence/Design/TypeCoverage/ParamTypeCoverageRule.php	Qualimetrix\Analysis\Evidence\Design\TypeCoverage\ParamTypeCoverageRule	class	Analysis.Evidence.Design	internal	[]
src/Analysis/Evidence/Design/TypeCoverage/PropertyTypeCoverageRule.php	Qualimetrix\Analysis\Evidence\Design\TypeCoverage\PropertyTypeCoverageRule	class	Analysis.Evidence.Design	internal	[]
src/Analysis/Evidence/Design/TypeCoverage/ReturnTypeCoverageRule.php	Qualimetrix\Analysis\Evidence\Design\TypeCoverage\ReturnTypeCoverageRule	class	Analysis.Evidence.Design	internal	[]
src/Analysis/Evidence/Design/TypeCoverage/TypeCoverageCollector.php	Qualimetrix\Analysis\Evidence\Design\TypeCoverage\TypeCoverageCollector	class	Analysis.Evidence.Design	internal	[]
src/Analysis/Evidence/Design/TypeCoverage/TypeCoverageOptions.php	Qualimetrix\Analysis\Evidence\Design\TypeCoverage\TypeCoverageOptions	class	Analysis.Evidence.Design	internal	[]
src/Analysis/Evidence/Design/TypeCoverage/TypeCoveragePercentCollector.php	Qualimetrix\Analysis\Evidence\Design\TypeCoverage\TypeCoveragePercentCollector	class	Analysis.Evidence.Design	internal	[]
src/Analysis/Evidence/Design/TypeCoverage/TypeCoverageVisitor.php	Qualimetrix\Analysis\Evidence\Design\TypeCoverage\TypeCoverageVisitor	class	Analysis.Evidence.Design	internal	[]
src/Analysis/Evidence/Duplication/CodeDuplicationOptions.php	Qualimetrix\Analysis\Evidence\Duplication\CodeDuplicationOptions	class	Analysis.Evidence.Duplication	internal	[]
src/Analysis/Evidence/Duplication/CodeDuplicationRule.php	Qualimetrix\Analysis\Evidence\Duplication\CodeDuplicationRule	class	Analysis.Evidence.Duplication	internal	[]
src/Analysis/Evidence/Duplication/ContentHintExtractor.php	Qualimetrix\Analysis\Evidence\Duplication\ContentHintExtractor	class	Analysis.Evidence.Duplication	internal	[]
src/Analysis/Evidence/Duplication/DataDeclarationTagger.php	Qualimetrix\Analysis\Evidence\Duplication\DataDeclarationTagger	class	Analysis.Evidence.Duplication	internal	[]
src/Analysis/Evidence/Duplication/DuplicateBlock.php	Qualimetrix\Analysis\Evidence\Duplication\DuplicateBlock	class	Analysis.Evidence.Duplication	internal	[]
src/Analysis/Evidence/Duplication/DuplicateBlockFinder.php	Qualimetrix\Analysis\Evidence\Duplication\DuplicateBlockFinder	class	Analysis.Evidence.Duplication	internal	[]
src/Analysis/Evidence/Duplication/DuplicateLocation.php	Qualimetrix\Analysis\Evidence\Duplication\DuplicateLocation	class	Analysis.Evidence.Duplication	internal	[]
src/Analysis/Evidence/Duplication/DuplicateSearchRequest.php	Qualimetrix\Analysis\Evidence\Duplication\DuplicateSearchRequest	class	Analysis.Evidence.Duplication	internal	[]
src/Analysis/Evidence/Duplication/DuplicationDetector.php	Qualimetrix\Analysis\Evidence\Duplication\DuplicationDetector	class	Analysis.Evidence.Duplication	internal	[]
src/Analysis/Evidence/Duplication/DuplicationResultProvider.php	Qualimetrix\Analysis\Evidence\Duplication\DuplicationResultProvider	class	Analysis.Evidence.Duplication	internal	[]
src/Analysis/Evidence/Duplication/HashIndexBuildResult.php	Qualimetrix\Analysis\Evidence\Duplication\HashIndexBuildResult	class	Analysis.Evidence.Duplication	internal	[]
src/Analysis/Evidence/Duplication/HashIndexBuilder.php	Qualimetrix\Analysis\Evidence\Duplication\HashIndexBuilder	class	Analysis.Evidence.Duplication	internal	[]
src/Analysis/Evidence/Duplication/NormalizedToken.php	Qualimetrix\Analysis\Evidence\Duplication\NormalizedToken	class	Analysis.Evidence.Duplication	internal	[]
src/Analysis/Evidence/Duplication/PackedPosition.php	Qualimetrix\Analysis\Evidence\Duplication\PackedPosition	class	Analysis.Evidence.Duplication	internal	[]
src/Analysis/Evidence/Duplication/RetokenizedFiles.php	Qualimetrix\Analysis\Evidence\Duplication\RetokenizedFiles	class	Analysis.Evidence.Duplication	internal	[]
src/Analysis/Evidence/Duplication/SaturatingCandidateFilter.php	Qualimetrix\Analysis\Evidence\Duplication\SaturatingCandidateFilter	class	Analysis.Evidence.Duplication	internal	[]
src/Analysis/Evidence/Duplication/TokenNormalizer.php	Qualimetrix\Analysis\Evidence\Duplication\TokenNormalizer	class	Analysis.Evidence.Duplication	internal	[]
src/Analysis/Evidence/Maintainability/HalsteadCollector.php	Qualimetrix\Analysis\Evidence\Maintainability\HalsteadCollector	class	Analysis.Evidence.Maintainability	internal	[]
src/Analysis/Evidence/Maintainability/HalsteadMetrics.php	Qualimetrix\Analysis\Evidence\Maintainability\HalsteadMetrics	class	Analysis.Evidence.Maintainability	internal	[]
src/Analysis/Evidence/Maintainability/HalsteadVisitor.php	Qualimetrix\Analysis\Evidence\Maintainability\HalsteadVisitor	class	Analysis.Evidence.Maintainability	internal	[]
src/Analysis/Evidence/Maintainability/MaintainabilityIndexCalculator.php	Qualimetrix\Analysis\Evidence\Maintainability\MaintainabilityIndexCalculator	class	Analysis.Evidence.Maintainability	internal	[]
src/Analysis/Evidence/Maintainability/MaintainabilityIndexCollector.php	Qualimetrix\Analysis\Evidence\Maintainability\MaintainabilityIndexCollector	class	Analysis.Evidence.Maintainability	internal	[]
src/Analysis/Evidence/Maintainability/MaintainabilityOptions.php	Qualimetrix\Analysis\Evidence\Maintainability\MaintainabilityOptions	class	Analysis.Evidence.Maintainability	internal	[]
src/Analysis/Evidence/Maintainability/MaintainabilityRule.php	Qualimetrix\Analysis\Evidence\Maintainability\MaintainabilityRule	class	Analysis.Evidence.Maintainability	internal	[]
src/Analysis/Evidence/Measurement/Aggregation/AggregationHelper.php	Qualimetrix\Analysis\Evidence\Measurement\Aggregation\AggregationHelper	class	Analysis.Evidence.Measurement	internal	[]
src/Analysis/Evidence/Measurement/Aggregation/AggregationPhaseInterface.php	Qualimetrix\Analysis\Evidence\Measurement\Aggregation\AggregationPhaseInterface	interface	Analysis.Evidence.Measurement	internal	[]
src/Analysis/Evidence/Measurement/Aggregation/CallableToClassAggregator.php	Qualimetrix\Analysis\Evidence\Measurement\Aggregation\CallableToClassAggregator	class	Analysis.Evidence.Measurement	internal	[]
src/Analysis/Evidence/Measurement/Aggregation/ClassToNamespaceAggregator.php	Qualimetrix\Analysis\Evidence\Measurement\Aggregation\ClassToNamespaceAggregator	class	Analysis.Evidence.Measurement	internal	[]
src/Analysis/Evidence/Measurement/Aggregation/CyclicDependencyException.php	Qualimetrix\Analysis\Evidence\Measurement\Aggregation\CyclicDependencyException	class	Analysis.Evidence.Measurement	internal	[]
src/Analysis/Evidence/Measurement/Aggregation/GlobalCollectorSorter.php	Qualimetrix\Analysis\Evidence\Measurement\Aggregation\GlobalCollectorSorter	class	Analysis.Evidence.Measurement	internal	[]
src/Analysis/Evidence/Measurement/Aggregation/MeasurementAggregationService.php	Qualimetrix\Analysis\Evidence\Measurement\Aggregation\MeasurementAggregationService	class	Analysis.Evidence.Measurement	internal	[]
src/Analysis/Evidence/Measurement/Aggregation/MetricAggregator.php	Qualimetrix\Analysis\Evidence\Measurement\Aggregation\MetricAggregator	class	Analysis.Evidence.Measurement	internal	[]
src/Analysis/Evidence/Measurement/Aggregation/NamespaceMetricContributions.php	Qualimetrix\Analysis\Evidence\Measurement\Aggregation\NamespaceMetricContributions	class	Analysis.Evidence.Measurement	internal	[]
src/Analysis/Evidence/Measurement/Aggregation/NamespaceToProjectAggregator.php	Qualimetrix\Analysis\Evidence\Measurement\Aggregation\NamespaceToProjectAggregator	class	Analysis.Evidence.Measurement	internal	[]
src/Analysis/Evidence/Measurement/Aggregation/TreeAwareNamespaceAggregator.php	Qualimetrix\Analysis\Evidence\Measurement\Aggregation\TreeAwareNamespaceAggregator	class	Analysis.Evidence.Measurement	internal	[]
src/Analysis/Evidence/Measurement/Contract/AbstractCollector.php	Qualimetrix\Analysis\Evidence\Measurement\Contract\AbstractCollector	class	Analysis.Evidence.Measurement	contract	"[{""owner"":""Analysis.Evidence.CodeSmell"",""source_fqcn"":""Qualimetrix\\Analysis\\Evidence\\CodeSmell\\CodeSmellCollector""},{""owner"":""Analysis.Evidence.CodeSmell"",""source_fqcn"":""Qualimetrix\\Analysis\\Evidence\\CodeSmell\\ParameterCountCollector""},{""owner"":""Analysis.Evidence.CodeSmell"",""source_fqcn"":""Qualimetrix\\Analysis\\Evidence\\CodeSmell\\RepeatedExpression\\IdenticalSubExpressionCollector""},{""owner"":""Analysis.Evidence.CodeSmell"",""source_fqcn"":""Qualimetrix\\Analysis\\Evidence\\CodeSmell\\UnreachableCodeCollector""},{""owner"":""Analysis.Evidence.CodeSmell"",""source_fqcn"":""Qualimetrix\\Analysis\\Evidence\\CodeSmell\\UnusedPrivateCollector""},{""owner"":""Analysis.Evidence.Cohesion"",""source_fqcn"":""Qualimetrix\\Analysis\\Evidence\\Cohesion\\LcomCollector""},{""owner"":""Analysis.Evidence.Cohesion"",""source_fqcn"":""Qualimetrix\\Analysis\\Evidence\\Cohesion\\TccLccCollector""},{""owner"":""Analysis.Evidence.Complexity"",""source_fqcn"":""Qualimetrix\\Analysis\\Evidence\\Complexity\\CognitiveComplexityCollector""},{""owner"":""Analysis.Evidence.Complexity"",""source_fqcn"":""Qualimetrix\\Analysis\\Evidence\\Complexity\\CyclomaticComplexityCollector""},{""owner"":""Analysis.Evidence.Complexity"",""source_fqcn"":""Qualimetrix\\Analysis\\Evidence\\Complexity\\NpathComplexityCollector""},{""owner"":""Analysis.Evidence.Coupling"",""source_fqcn"":""Qualimetrix\\Analysis\\Evidence\\Coupling\\RfcCollector""},{""owner"":""Analysis.Evidence.Design"",""source_fqcn"":""Qualimetrix\\Analysis\\Evidence\\Design\\Inheritance\\InheritanceDepthCollector""},{""owner"":""Analysis.Evidence.Design"",""source_fqcn"":""Qualimetrix\\Analysis\\Evidence\\Design\\TypeCoverage\\TypeCoverageCollector""},{""owner"":""Analysis.Evidence.Maintainability"",""source_fqcn"":""Qualimetrix\\Analysis\\Evidence\\Maintainability\\HalsteadCollector""},{""owner"":""Analysis.Evidence.Security"",""source_fqcn"":""Qualimetrix\\Analysis\\Evidence\\Security\\Credential\\HardcodedCredentialsCollector""},{""owner"":""Analysis.Evidence.Security"",""source_fqcn"":""Qualimetrix\\Analysis\\Evidence\\Security\\SecurityPatternCollector""},{""owner"":""Analysis.Evidence.Security"",""source_fqcn"":""Qualimetrix\\Analysis\\Evidence\\Security\\SensitiveParameterCollector""},{""owner"":""Analysis.Evidence.Size"",""source_fqcn"":""Qualimetrix\\Analysis\\Evidence\\Size\\ClassCountCollector""},{""owner"":""Analysis.Evidence.Size"",""source_fqcn"":""Qualimetrix\\Analysis\\Evidence\\Size\\LocCollector""},{""owner"":""Analysis.Evidence.Size"",""source_fqcn"":""Qualimetrix\\Analysis\\Evidence\\Size\\MethodCountCollector""},{""owner"":""Analysis.Evidence.Size"",""source_fqcn"":""Qualimetrix\\Analysis\\Evidence\\Size\\MethodStatementCountCollector""}]"
src/Analysis/Evidence/Measurement/Contract/AggregationStrategy.php	Qualimetrix\Analysis\Evidence\Measurement\Contract\AggregationStrategy	enum	Analysis.Evidence.Measurement	contract	"[{""owner"":""Analysis.Evidence.CodeSmell"",""source_fqcn"":""Qualimetrix\\Analysis\\Evidence\\CodeSmell\\ParameterCountCollector""},{""owner"":""Analysis.Evidence.CodeSmell"",""source_fqcn"":""Qualimetrix\\Analysis\\Evidence\\CodeSmell\\UnreachableCodeCollector""},{""owner"":""Analysis.Evidence.Cohesion"",""source_fqcn"":""Qualimetrix\\Analysis\\Evidence\\Cohesion\\LcomCollector""},{""owner"":""Analysis.Evidence.Cohesion"",""source_fqcn"":""Qualimetrix\\Analysis\\Evidence\\Cohesion\\TccLccCollector""},{""owner"":""Analysis.Evidence.Complexity"",""source_fqcn"":""Qualimetrix\\Analysis\\Evidence\\Complexity\\CognitiveComplexityCollector""},{""owner"":""Analysis.Evidence.Complexity"",""source_fqcn"":""Qualimetrix\\Analysis\\Evidence\\Complexity\\CognitiveComplexityRule""},{""owner"":""Analysis.Evidence.Complexity"",""source_fqcn"":""Qualimetrix\\Analysis\\Evidence\\Complexity\\ComplexityRule""},{""owner"":""Analysis.Evidence.Complexity"",""source_fqcn"":""Qualimetrix\\Analysis\\Evidence\\Complexity\\CyclomaticComplexityCollector""},{""owner"":""Analysis.Evidence.Complexity"",""source_fqcn"":""Qualimetrix\\Analysis\\Evidence\\Complexity\\NpathComplexityCollector""},{""owner"":""Analysis.Evidence.Complexity"",""source_fqcn"":""Qualimetrix\\Analysis\\Evidence\\Complexity\\NpathComplexityRule""},{""owner"":""Analysis.Evidence.ComputedMetrics.Health"",""source_fqcn"":""Qualimetrix\\Analysis\\Evidence\\ComputedMetrics\\Health\\Contract\\Summary\\HealthSummaryBuilder""},{""owner"":""Analysis.Evidence.Coupling"",""source_fqcn"":""Qualimetrix\\Analysis\\Evidence\\Coupling\\AbstractnessCollector""},{""owner"":""Analysis.Evidence.Coupling"",""source_fqcn"":""Qualimetrix\\Analysis\\Evidence\\Coupling\\CboRule""},{""owner"":""Analysis.Evidence.Coupling"",""source_fqcn"":""Qualimetrix\\Analysis\\Evidence\\Coupling\\ClassRankCollector""},{""owner"":""Analysis.Evidence.Coupling"",""source_fqcn"":""Qualimetrix\\Analysis\\Evidence\\Coupling\\CouplingCollector""},{""owner"":""Analysis.Evidence.Coupling"",""source_fqcn"":""Qualimetrix\\Analysis\\Evidence\\Coupling\\DistanceCollector""},{""owner"":""Analysis.Evidence.Coupling"",""source_fqcn"":""Qualimetrix\\Analysis\\Evidence\\Coupling\\DistanceRule""},{""owner"":""Analysis.Evidence.Coupling"",""source_fqcn"":""Qualimetrix\\Analysis\\Evidence\\Coupling\\InstabilityRule""},{""owner"":""Analysis.Evidence.Coupling"",""source_fqcn"":""Qualimetrix\\Analysis\\Evidence\\Coupling\\RfcCollector""},{""owner"":""Analysis.Evidence.Design"",""source_fqcn"":""Qualimetrix\\Analysis\\Evidence\\Design\\Inheritance\\DitGlobalCollector""},{""owner"":""Analysis.Evidence.Design"",""source_fqcn"":""Qualimetrix\\Analysis\\Evidence\\Design\\Inheritance\\NocCollector""},{""owner"":""Analysis.Evidence.Design"",""source_fqcn"":""Qualimetrix\\Analysis\\Evidence\\Design\\TypeCoverage\\TypeCoverageCollector""},{""owner"":""Analysis.Evidence.Maintainability"",""source_fqcn"":""Qualimetrix\\Analysis\\Evidence\\Maintainability\\HalsteadCollector""},{""owner"":""Analysis.Evidence.Maintainability"",""source_fqcn"":""Qualimetrix\\Analysis\\Evidence\\Maintainability\\MaintainabilityIndexCollector""},{""owner"":""Analysis.Evidence.Size"",""source_fqcn"":""Qualimetrix\\Analysis\\Evidence\\Size\\ClassCountCollector""},{""owner"":""Analysis.Evidence.Size"",""source_fqcn"":""Qualimetrix\\Analysis\\Evidence\\Size\\ClassCountRule""},{""owner"":""Analysis.Evidence.Size"",""source_fqcn"":""Qualimetrix\\Analysis\\Evidence\\Size\\LocCollector""},{""owner"":""Analysis.Evidence.Size"",""source_fqcn"":""Qualimetrix\\Analysis\\Evidence\\Size\\MethodCountCollector""},{""owner"":""Analysis.Evidence.Size"",""source_fqcn"":""Qualimetrix\\Analysis\\Evidence\\Size\\MethodStatementCountCollector""},{""owner"":""Reporting"",""source_fqcn"":""Qualimetrix\\Reporting\\Formatter\\Html\\HtmlMetricAggregator""},{""owner"":""Reporting"",""source_fqcn"":""Qualimetrix\\Reporting\\Formatter\\Html\\HtmlTreeBuilder""},{""owner"":""Reporting"",""source_fqcn"":""Qualimetrix\\Reporting\\Health\\SummaryEnricher""}]"
src/Analysis/Evidence/Measurement/Contract/CallableMetricsProviderInterface.php	Qualimetrix\Analysis\Evidence\Measurement\Contract\CallableMetricsProviderInterface	interface	Analysis.Evidence.Measurement	contract	"[{""owner"":""Analysis.Evidence.CodeSmell"",""source_fqcn"":""Qualimetrix\\Analysis\\Evidence\\CodeSmell\\ParameterCountCollector""},{""owner"":""Analysis.Evidence.CodeSmell"",""source_fqcn"":""Qualimetrix\\Analysis\\Evidence\\CodeSmell\\UnreachableCodeCollector""},{""owner"":""Analysis.Evidence.Complexity"",""source_fqcn"":""Qualimetrix\\Analysis\\Evidence\\Complexity\\CognitiveComplexityCollector""},{""owner"":""Analysis.Evidence.Complexity"",""source_fqcn"":""Qualimetrix\\Analysis\\Evidence\\Complexity\\CyclomaticComplexityCollector""},{""owner"":""Analysis.Evidence.Complexity"",""source_fqcn"":""Qualimetrix\\Analysis\\Evidence\\Complexity\\NpathComplexityCollector""},{""owner"":""Analysis.Evidence.Maintainability"",""source_fqcn"":""Qualimetrix\\Analysis\\Evidence\\Maintainability\\HalsteadCollector""},{""owner"":""Analysis.Evidence.Size"",""source_fqcn"":""Qualimetrix\\Analysis\\Evidence\\Size\\MethodStatementCountCollector""},{""owner"":""Analysis.Run"",""source_fqcn"":""Qualimetrix\\Analysis\\Run\\Collection\\FileProcessor""}]"
src/Analysis/Evidence/Measurement/Contract/CallableWithMetrics.php	Qualimetrix\Analysis\Evidence\Measurement\Contract\CallableWithMetrics	class	Analysis.Evidence.Measurement	contract	"[{""owner"":""Analysis.Policy.Inline"",""source_fqcn"":""Qualimetrix\\Analysis\\Policy\\Inline\\Extraction\\DeclarationControlBindings""},{""owner"":""Analysis.Run"",""source_fqcn"":""Qualimetrix\\Analysis\\Run\\Collection\\FileProcessor""}]"
src/Analysis/Evidence/Measurement/Contract/ClassMetricsProviderInterface.php	Qualimetrix\Analysis\Evidence\Measurement\Contract\ClassMetricsProviderInterface	interface	Analysis.Evidence.Measurement	contract	"[{""owner"":""Analysis.Evidence.CodeSmell"",""source_fqcn"":""Qualimetrix\\Analysis\\Evidence\\CodeSmell\\UnusedPrivateCollector""},{""owner"":""Analysis.Evidence.Cohesion"",""source_fqcn"":""Qualimetrix\\Analysis\\Evidence\\Cohesion\\LcomCollector""},{""owner"":""Analysis.Evidence.Cohesion"",""source_fqcn"":""Qualimetrix\\Analysis\\Evidence\\Cohesion\\TccLccCollector""},{""owner"":""Analysis.Evidence.Coupling"",""source_fqcn"":""Qualimetrix\\Analysis\\Evidence\\Coupling\\RfcCollector""},{""owner"":""Analysis.Evidence.Design"",""source_fqcn"":""Qualimetrix\\Analysis\\Evidence\\Design\\Inheritance\\InheritanceDepthCollector""},{""owner"":""Analysis.Evidence.Design"",""source_fqcn"":""Qualimetrix\\Analysis\\Evidence\\Design\\TypeCoverage\\TypeCoverageCollector""},{""owner"":""Analysis.Evidence.Size"",""source_fqcn"":""Qualimetrix\\Analysis\\Evidence\\Size\\LocCollector""},{""owner"":""Analysis.Evidence.Size"",""source_fqcn"":""Qualimetrix\\Analysis\\Evidence\\Size\\MethodCountCollector""},{""owner"":""Analysis.Run"",""source_fqcn"":""Qualimetrix\\Analysis\\Run\\Collection\\FileProcessor""}]"
src/Analysis/Evidence/Measurement/Contract/ClassWithMetrics.php	Qualimetrix\Analysis\Evidence\Measurement\Contract\ClassWithMetrics	class	Analysis.Evidence.Measurement	contract	"[{""owner"":""Analysis.Run"",""source_fqcn"":""Qualimetrix\\Analysis\\Run\\Collection\\CollectionOrchestrator""}]"
src/Analysis/Evidence/Measurement/Contract/CollectionOutput.php	Qualimetrix\Analysis\Evidence\Measurement\Contract\CollectionOutput	class	Analysis.Evidence.Measurement	contract	"[{""owner"":""Analysis.Run"",""source_fqcn"":""Qualimetrix\\Analysis\\Run\\Collection\\FileProcessor""}]"
src/Analysis/Evidence/Measurement/Contract/DeclarationIndexAwareInterface.php	Qualimetrix\Analysis\Evidence\Measurement\Contract\DeclarationIndexAwareInterface	interface	Analysis.Evidence.Measurement	contract	"[{""owner"":""Analysis.Evidence.CodeSmell"",""source_fqcn"":""Qualimetrix\\Analysis\\Evidence\\CodeSmell\\CodeSmellVisitor""},{""owner"":""Analysis.Evidence.CodeSmell"",""source_fqcn"":""Qualimetrix\\Analysis\\Evidence\\CodeSmell\\ParameterCountVisitor""},{""owner"":""Analysis.Evidence.CodeSmell"",""source_fqcn"":""Qualimetrix\\Analysis\\Evidence\\CodeSmell\\RepeatedExpression\\IdenticalSubExpressionVisitor""},{""owner"":""Analysis.Evidence.CodeSmell"",""source_fqcn"":""Qualimetrix\\Analysis\\Evidence\\CodeSmell\\UnreachableCodeVisitor""},{""owner"":""Analysis.Evidence.CodeSmell"",""source_fqcn"":""Qualimetrix\\Analysis\\Evidence\\CodeSmell\\UnusedPrivateCollector""},{""owner"":""Analysis.Evidence.Cohesion"",""source_fqcn"":""Qualimetrix\\Analysis\\Evidence\\Cohesion\\LcomCollector""},{""owner"":""Analysis.Evidence.Cohesion"",""source_fqcn"":""Qualimetrix\\Analysis\\Evidence\\Cohesion\\TccLccCollector""},{""owner"":""Analysis.Evidence.Complexity"",""source_fqcn"":""Qualimetrix\\Analysis\\Evidence\\Complexity\\CognitiveComplexityVisitor""},{""owner"":""Analysis.Evidence.Complexity"",""source_fqcn"":""Qualimetrix\\Analysis\\Evidence\\Complexity\\CyclomaticComplexityVisitor""},{""owner"":""Analysis.Evidence.Complexity"",""source_fqcn"":""Qualimetrix\\Analysis\\Evidence\\Complexity\\NpathComplexityVisitor""},{""owner"":""Analysis.Evidence.Coupling"",""source_fqcn"":""Qualimetrix\\Analysis\\Evidence\\Coupling\\RfcCollector""},{""owner"":""Analysis.Evidence.Design"",""source_fqcn"":""Qualimetrix\\Analysis\\Evidence\\Design\\Inheritance\\InheritanceDepthCollector""},{""owner"":""Analysis.Evidence.Design"",""source_fqcn"":""Qualimetrix\\Analysis\\Evidence\\Design\\TypeCoverage\\TypeCoverageVisitor""},{""owner"":""Analysis.Evidence.Maintainability"",""source_fqcn"":""Qualimetrix\\Analysis\\Evidence\\Maintainability\\HalsteadVisitor""},{""owner"":""Analysis.Evidence.Security"",""source_fqcn"":""Qualimetrix\\Analysis\\Evidence\\Security\\Credential\\HardcodedCredentialsVisitor""},{""owner"":""Analysis.Evidence.Security"",""source_fqcn"":""Qualimetrix\\Analysis\\Evidence\\Security\\SecurityPatternVisitor""},{""owner"":""Analysis.Evidence.Security"",""source_fqcn"":""Qualimetrix\\Analysis\\Evidence\\Security\\SensitiveParameterVisitor""},{""owner"":""Analysis.Evidence.Size"",""source_fqcn"":""Qualimetrix\\Analysis\\Evidence\\Size\\LocCollector""},{""owner"":""Analysis.Evidence.Size"",""source_fqcn"":""Qualimetrix\\Analysis\\Evidence\\Size\\MethodCountCollector""},{""owner"":""Analysis.Evidence.Size"",""source_fqcn"":""Qualimetrix\\Analysis\\Evidence\\Size\\MethodStatementCountVisitor""}]"
src/Analysis/Evidence/Measurement/Contract/DeclarationIndexAwareTrait.php	Qualimetrix\Analysis\Evidence\Measurement\Contract\DeclarationIndexAwareTrait	trait	Analysis.Evidence.Measurement	contract	"[{""owner"":""Analysis.Evidence.CodeSmell"",""source_fqcn"":""Qualimetrix\\Analysis\\Evidence\\CodeSmell\\UnusedPrivateCollector""},{""owner"":""Analysis.Evidence.Cohesion"",""source_fqcn"":""Qualimetrix\\Analysis\\Evidence\\Cohesion\\LcomCollector""},{""owner"":""Analysis.Evidence.Cohesion"",""source_fqcn"":""Qualimetrix\\Analysis\\Evidence\\Cohesion\\TccLccCollector""},{""owner"":""Analysis.Evidence.Coupling"",""source_fqcn"":""Qualimetrix\\Analysis\\Evidence\\Coupling\\RfcCollector""},{""owner"":""Analysis.Evidence.Design"",""source_fqcn"":""Qualimetrix\\Analysis\\Evidence\\Design\\Inheritance\\InheritanceDepthCollector""},{""owner"":""Analysis.Evidence.Design"",""source_fqcn"":""Qualimetrix\\Analysis\\Evidence\\Design\\TypeCoverage\\TypeCoverageVisitor""},{""owner"":""Analysis.Evidence.Size"",""source_fqcn"":""Qualimetrix\\Analysis\\Evidence\\Size\\LocCollector""},{""owner"":""Analysis.Evidence.Size"",""source_fqcn"":""Qualimetrix\\Analysis\\Evidence\\Size\\MethodCountCollector""}]"
src/Analysis/Evidence/Measurement/Contract/DeclarationRegistrarFactory.php	Qualimetrix\Analysis\Evidence\Measurement\Contract\DeclarationRegistrarFactory	class	Analysis.Evidence.Measurement	contract	"[{""owner"":""Analysis.Run"",""source_fqcn"":""Qualimetrix\\Analysis\\Run\\Pipeline\\DependencyGraphAnalyzer""},{""owner"":""Infrastructure.DependencyInjection"",""source_fqcn"":""Qualimetrix\\Infrastructure\\DependencyInjection\\Configurator\\MeasurementConfigurator""},{""owner"":""Infrastructure.DependencyInjection"",""source_fqcn"":""Qualimetrix\\Infrastructure\\DependencyInjection\\Configurator\\OutputConfigurator""},{""owner"":""Infrastructure.Parallel"",""source_fqcn"":""Qualimetrix\\Infrastructure\\Parallel\\WorkerBootstrap""}]"
src/Analysis/Evidence/Measurement/Contract/DeclarationRegistrarInterface.php	Qualimetrix\Analysis\Evidence\Measurement\Contract\DeclarationRegistrarInterface	interface	Analysis.Evidence.Measurement	contract	"[{""owner"":""Analysis.Run"",""source_fqcn"":""Qualimetrix\\Analysis\\Run\\Pipeline\\DependencyGraphAnalyzer""}]"
src/Analysis/Evidence/Measurement/Contract/DerivedCollectorInterface.php	Qualimetrix\Analysis\Evidence\Measurement\Contract\DerivedCollectorInterface	interface	Analysis.Evidence.Measurement	contract	"[{""owner"":""Analysis.Evidence.Design"",""source_fqcn"":""Qualimetrix\\Analysis\\Evidence\\Design\\TypeCoverage\\TypeCoveragePercentCollector""},{""owner"":""Analysis.Evidence.Maintainability"",""source_fqcn"":""Qualimetrix\\Analysis\\Evidence\\Maintainability\\MaintainabilityIndexCollector""},{""owner"":""Infrastructure.DependencyInjection"",""source_fqcn"":""Qualimetrix\\Infrastructure\\DependencyInjection\\ContainerFactory""}]"
src/Analysis/Evidence/Measurement/Contract/DerivedMetricExtractorInterface.php	Qualimetrix\Analysis\Evidence\Measurement\Contract\DerivedMetricExtractorInterface	interface	Analysis.Evidence.Measurement	contract	"[{""owner"":""Analysis.Run"",""source_fqcn"":""Qualimetrix\\Analysis\\Run\\Collection\\CollectionOrchestrator""},{""owner"":""Infrastructure.DependencyInjection"",""source_fqcn"":""Qualimetrix\\Infrastructure\\DependencyInjection\\Configurator\\AnalysisConfigurator""},{""owner"":""Infrastructure.DependencyInjection"",""source_fqcn"":""Qualimetrix\\Infrastructure\\DependencyInjection\\Configurator\\MeasurementConfigurator""}]"
src/Analysis/Evidence/Measurement/Contract/FileMeasurementCollectorInterface.php	Qualimetrix\Analysis\Evidence\Measurement\Contract\FileMeasurementCollectorInterface	interface	Analysis.Evidence.Measurement	contract	"[{""owner"":""Analysis.Run"",""source_fqcn"":""Qualimetrix\\Analysis\\Run\\Collection\\FileProcessor""},{""owner"":""Infrastructure.DependencyInjection"",""source_fqcn"":""Qualimetrix\\Infrastructure\\DependencyInjection\\Configurator\\AnalysisConfigurator""},{""owner"":""Infrastructure.DependencyInjection"",""source_fqcn"":""Qualimetrix\\Infrastructure\\DependencyInjection\\Configurator\\MeasurementConfigurator""},{""owner"":""Infrastructure.Parallel"",""source_fqcn"":""Qualimetrix\\Infrastructure\\Parallel\\WorkerBootstrap""}]"
src/Analysis/Evidence/Measurement/Contract/GlobalContextCollectorInterface.php	Qualimetrix\Analysis\Evidence\Measurement\Contract\GlobalContextCollectorInterface	interface	Analysis.Evidence.Measurement	contract	"[{""owner"":""Analysis.Evidence.Coupling"",""source_fqcn"":""Qualimetrix\\Analysis\\Evidence\\Coupling\\AbstractnessCollector""},{""owner"":""Analysis.Evidence.Coupling"",""source_fqcn"":""Qualimetrix\\Analysis\\Evidence\\Coupling\\ClassRankCollector""},{""owner"":""Analysis.Evidence.Coupling"",""source_fqcn"":""Qualimetrix\\Analysis\\Evidence\\Coupling\\CouplingCollector""},{""owner"":""Analysis.Evidence.Coupling"",""source_fqcn"":""Qualimetrix\\Analysis\\Evidence\\Coupling\\DistanceCollector""},{""owner"":""Analysis.Evidence.Design"",""source_fqcn"":""Qualimetrix\\Analysis\\Evidence\\Design\\Inheritance\\DitGlobalCollector""},{""owner"":""Analysis.Evidence.Design"",""source_fqcn"":""Qualimetrix\\Analysis\\Evidence\\Design\\Inheritance\\NocCollector""},{""owner"":""Infrastructure.DependencyInjection"",""source_fqcn"":""Qualimetrix\\Infrastructure\\DependencyInjection\\ContainerFactory""}]"
src/Analysis/Evidence/Measurement/Contract/MeasurementAggregationInterface.php	Qualimetrix\Analysis\Evidence\Measurement\Contract\MeasurementAggregationInterface	interface	Analysis.Evidence.Measurement	contract	"[{""owner"":""Analysis.Run"",""source_fqcn"":""Qualimetrix\\Analysis\\Run\\Pipeline\\AnalysisPipeline""},{""owner"":""Infrastructure.DependencyInjection"",""source_fqcn"":""Qualimetrix\\Infrastructure\\DependencyInjection\\Configurator\\AnalysisConfigurator""},{""owner"":""Infrastructure.DependencyInjection"",""source_fqcn"":""Qualimetrix\\Infrastructure\\DependencyInjection\\Configurator\\MeasurementConfigurator""}]"
src/Analysis/Evidence/Measurement/Contract/MetricBag.php	Qualimetrix\Analysis\Evidence\Measurement\Contract\MetricBag	class	Analysis.Evidence.Measurement	contract	"[{""owner"":""Analysis.Evidence.CodeSmell"",""source_fqcn"":""Qualimetrix\\Analysis\\Evidence\\CodeSmell\\CodeSmellCollector""},{""owner"":""Analysis.Evidence.CodeSmell"",""source_fqcn"":""Qualimetrix\\Analysis\\Evidence\\CodeSmell\\ParameterCountCollector""},{""owner"":""Analysis.Evidence.CodeSmell"",""source_fqcn"":""Qualimetrix\\Analysis\\Evidence\\CodeSmell\\ParameterCountVisitor""},{""owner"":""Analysis.Evidence.CodeSmell"",""source_fqcn"":""Qualimetrix\\Analysis\\Evidence\\CodeSmell\\RepeatedExpression\\IdenticalSubExpressionCollector""},{""owner"":""Analysis.Evidence.CodeSmell"",""source_fqcn"":""Qualimetrix\\Analysis\\Evidence\\CodeSmell\\UnreachableCodeCollector""},{""owner"":""Analysis.Evidence.CodeSmell"",""source_fqcn"":""Qualimetrix\\Analysis\\Evidence\\CodeSmell\\UnreachableCodeVisitor""},{""owner"":""Analysis.Evidence.CodeSmell"",""source_fqcn"":""Qualimetrix\\Analysis\\Evidence\\CodeSmell\\UnusedPrivateCollector""},{""owner"":""Analysis.Evidence.Cohesion"",""source_fqcn"":""Qualimetrix\\Analysis\\Evidence\\Cohesion\\LcomCollector""},{""owner"":""Analysis.Evidence.Cohesion"",""source_fqcn"":""Qualimetrix\\Analysis\\Evidence\\Cohesion\\LcomRule""},{""owner"":""Analysis.Evidence.Cohesion"",""source_fqcn"":""Qualimetrix\\Analysis\\Evidence\\Cohesion\\TccLccCollector""},{""owner"":""Analysis.Evidence.Complexity"",""source_fqcn"":""Qualimetrix\\Analysis\\Evidence\\Complexity\\CognitiveComplexityCollector""},{""owner"":""Analysis.Evidence.Complexity"",""source_fqcn"":""Qualimetrix\\Analysis\\Evidence\\Complexity\\CognitiveComplexityVisitor""},{""owner"":""Analysis.Evidence.Complexity"",""source_fqcn"":""Qualimetrix\\Analysis\\Evidence\\Complexity\\CyclomaticComplexityCollector""},{""owner"":""Analysis.Evidence.Complexity"",""source_fqcn"":""Qualimetrix\\Analysis\\Evidence\\Complexity\\CyclomaticComplexityVisitor""},{""owner"":""Analysis.Evidence.Complexity"",""source_fqcn"":""Qualimetrix\\Analysis\\Evidence\\Complexity\\NpathComplexityCollector""},{""owner"":""Analysis.Evidence.Complexity"",""source_fqcn"":""Qualimetrix\\Analysis\\Evidence\\Complexity\\NpathComplexityRule""},{""owner"":""Analysis.Evidence.Complexity"",""source_fqcn"":""Qualimetrix\\Analysis\\Evidence\\Complexity\\NpathComplexityVisitor""},{""owner"":""Analysis.Evidence.ComputedMetrics"",""source_fqcn"":""Qualimetrix\\Analysis\\Evidence\\ComputedMetrics\\Contract\\Evaluation\\ComputedMetricEvaluator""},{""owner"":""Analysis.Evidence.ComputedMetrics.Health"",""source_fqcn"":""Qualimetrix\\Analysis\\Evidence\\ComputedMetrics\\Health\\Contract\\DrillDown\\HealthScoreDrillDown""},{""owner"":""Analysis.Evidence.ComputedMetrics.Health"",""source_fqcn"":""Qualimetrix\\Analysis\\Evidence\\ComputedMetrics\\Health\\Contract\\Summary\\HealthSummaryBuilder""},{""owner"":""Analysis.Evidence.Coupling"",""source_fqcn"":""Qualimetrix\\Analysis\\Evidence\\Coupling\\CouplingCollector""},{""owner"":""Analysis.Evidence.Coupling"",""source_fqcn"":""Qualimetrix\\Analysis\\Evidence\\Coupling\\RfcCollector""},{""owner"":""Analysis.Evidence.Design"",""source_fqcn"":""Qualimetrix\\Analysis\\Evidence\\Design\\DataClass\\DataClassExclusionCheck""},{""owner"":""Analysis.Evidence.Design"",""source_fqcn"":""Qualimetrix\\Analysis\\Evidence\\Design\\GodClass\\GodClassCriteriaEvaluator""},{""owner"":""Analysis.Evidence.Design"",""source_fqcn"":""Qualimetrix\\Analysis\\Evidence\\Design\\GodClass\\GodClassRule""},{""owner"":""Analysis.Evidence.Design"",""source_fqcn"":""Qualimetrix\\Analysis\\Evidence\\Design\\Inheritance\\InheritanceDepthCollector""},{""owner"":""Analysis.Evidence.Design"",""source_fqcn"":""Qualimetrix\\Analysis\\Evidence\\Design\\TypeCoverage\\TypeCoverageCollector""},{""owner"":""Analysis.Evidence.Design"",""source_fqcn"":""Qualimetrix\\Analysis\\Evidence\\Design\\TypeCoverage\\TypeCoveragePercentCollector""},{""owner"":""Analysis.Evidence.Design"",""source_fqcn"":""Qualimetrix\\Analysis\\Evidence\\Design\\TypeCoverage\\TypeCoverageVisitor""},{""owner"":""Analysis.Evidence.Maintainability"",""source_fqcn"":""Qualimetrix\\Analysis\\Evidence\\Maintainability\\HalsteadCollector""},{""owner"":""Analysis.Evidence.Maintainability"",""source_fqcn"":""Qualimetrix\\Analysis\\Evidence\\Maintainability\\HalsteadVisitor""},{""owner"":""Analysis.Evidence.Maintainability"",""source_fqcn"":""Qualimetrix\\Analysis\\Evidence\\Maintainability\\MaintainabilityIndexCollector""},{""owner"":""Analysis.Evidence.Security"",""source_fqcn"":""Qualimetrix\\Analysis\\Evidence\\Security\\Credential\\HardcodedCredentialsCollector""},{""owner"":""Analysis.Evidence.Security"",""source_fqcn"":""Qualimetrix\\Analysis\\Evidence\\Security\\SecurityPatternCollector""},{""owner"":""Analysis.Evidence.Security"",""source_fqcn"":""Qualimetrix\\Analysis\\Evidence\\Security\\SensitiveParameterCollector""},{""owner"":""Analysis.Evidence.Size"",""source_fqcn"":""Qualimetrix\\Analysis\\Evidence\\Size\\ClassCountCollector""},{""owner"":""Analysis.Evidence.Size"",""source_fqcn"":""Qualimetrix\\Analysis\\Evidence\\Size\\LocCollector""},{""owner"":""Analysis.Evidence.Size"",""source_fqcn"":""Qualimetrix\\Analysis\\Evidence\\Size\\MethodCountCollector""},{""owner"":""Analysis.Evidence.Size"",""source_fqcn"":""Qualimetrix\\Analysis\\Evidence\\Size\\MethodStatementCountCollector""},{""owner"":""Analysis.Evidence.Size"",""source_fqcn"":""Qualimetrix\\Analysis\\Evidence\\Size\\MethodStatementCountVisitor""},{""owner"":""Analysis.Evidence.Size"",""source_fqcn"":""Qualimetrix\\Analysis\\Evidence\\Size\\PropertyCountRule""},{""owner"":""Analysis.Run"",""source_fqcn"":""Qualimetrix\\Analysis\\Run\\Collection\\CollectionOrchestrator""},{""owner"":""Analysis.Run"",""source_fqcn"":""Qualimetrix\\Analysis\\Run\\Contract\\Collection\\FileProcessingResult""},{""owner"":""Analysis.Run"",""source_fqcn"":""Qualimetrix\\Analysis\\Run\\Contract\\Collection\\SuccessfulFileProcessing""},{""owner"":""Analysis.Evidence.Design"",""source_fqcn"":""Qualimetrix\\Analysis\\Evidence\\Design\\TypeCoverage\\AbstractTypeCoverageRule""}]"
src/Analysis/Evidence/Measurement/Contract/MetricCollectorInterface.php	Qualimetrix\Analysis\Evidence\Measurement\Contract\MetricCollectorInterface	interface	Analysis.Evidence.Measurement	contract	"[{""owner"":""Infrastructure.DependencyInjection"",""source_fqcn"":""Qualimetrix\\Infrastructure\\DependencyInjection\\ContainerFactory""}]"
src/Analysis/Evidence/Measurement/Contract/MetricDefinition.php	Qualimetrix\Analysis\Evidence\Measurement\Contract\MetricDefinition	class	Analysis.Evidence.Measurement	contract	"[{""owner"":""Analysis.Evidence.CodeSmell"",""source_fqcn"":""Qualimetrix\\Analysis\\Evidence\\CodeSmell\\ParameterCountCollector""},{""owner"":""Analysis.Evidence.CodeSmell"",""source_fqcn"":""Qualimetrix\\Analysis\\Evidence\\CodeSmell\\UnreachableCodeCollector""},{""owner"":""Analysis.Evidence.Cohesion"",""source_fqcn"":""Qualimetrix\\Analysis\\Evidence\\Cohesion\\LcomCollector""},{""owner"":""Analysis.Evidence.Cohesion"",""source_fqcn"":""Qualimetrix\\Analysis\\Evidence\\Cohesion\\TccLccCollector""},{""owner"":""Analysis.Evidence.Complexity"",""source_fqcn"":""Qualimetrix\\Analysis\\Evidence\\Complexity\\CognitiveComplexityCollector""},{""owner"":""Analysis.Evidence.Complexity"",""source_fqcn"":""Qualimetrix\\Analysis\\Evidence\\Complexity\\CyclomaticComplexityCollector""},{""owner"":""Analysis.Evidence.Complexity"",""source_fqcn"":""Qualimetrix\\Analysis\\Evidence\\Complexity\\NpathComplexityCollector""},{""owner"":""Analysis.Evidence.Coupling"",""source_fqcn"":""Qualimetrix\\Analysis\\Evidence\\Coupling\\AbstractnessCollector""},{""owner"":""Analysis.Evidence.Coupling"",""source_fqcn"":""Qualimetrix\\Analysis\\Evidence\\Coupling\\ClassRankCollector""},{""owner"":""Analysis.Evidence.Coupling"",""source_fqcn"":""Qualimetrix\\Analysis\\Evidence\\Coupling\\CouplingCollector""},{""owner"":""Analysis.Evidence.Coupling"",""source_fqcn"":""Qualimetrix\\Analysis\\Evidence\\Coupling\\DistanceCollector""},{""owner"":""Analysis.Evidence.Coupling"",""source_fqcn"":""Qualimetrix\\Analysis\\Evidence\\Coupling\\RfcCollector""},{""owner"":""Analysis.Evidence.Design"",""source_fqcn"":""Qualimetrix\\Analysis\\Evidence\\Design\\Inheritance\\DitGlobalCollector""},{""owner"":""Analysis.Evidence.Design"",""source_fqcn"":""Qualimetrix\\Analysis\\Evidence\\Design\\Inheritance\\NocCollector""},{""owner"":""Analysis.Evidence.Design"",""source_fqcn"":""Qualimetrix\\Analysis\\Evidence\\Design\\TypeCoverage\\TypeCoverageCollector""},{""owner"":""Analysis.Evidence.Design"",""source_fqcn"":""Qualimetrix\\Analysis\\Evidence\\Design\\TypeCoverage\\TypeCoveragePercentCollector""},{""owner"":""Analysis.Evidence.Maintainability"",""source_fqcn"":""Qualimetrix\\Analysis\\Evidence\\Maintainability\\HalsteadCollector""},{""owner"":""Analysis.Evidence.Maintainability"",""source_fqcn"":""Qualimetrix\\Analysis\\Evidence\\Maintainability\\MaintainabilityIndexCollector""},{""owner"":""Analysis.Evidence.Size"",""source_fqcn"":""Qualimetrix\\Analysis\\Evidence\\Size\\ClassCountCollector""},{""owner"":""Analysis.Evidence.Size"",""source_fqcn"":""Qualimetrix\\Analysis\\Evidence\\Size\\LocCollector""},{""owner"":""Analysis.Evidence.Size"",""source_fqcn"":""Qualimetrix\\Analysis\\Evidence\\Size\\MethodCountCollector""},{""owner"":""Analysis.Evidence.Size"",""source_fqcn"":""Qualimetrix\\Analysis\\Evidence\\Size\\MethodStatementCountCollector""}]"
src/Analysis/Evidence/Measurement/Contract/MetricName.php	Qualimetrix\Analysis\Evidence\Measurement\Contract\MetricName	class	Analysis.Evidence.Measurement	contract	"[{""owner"":""Analysis.Evidence.ComputedMetrics"",""source_fqcn"":""Qualimetrix\\Analysis\\Evidence\\ComputedMetrics\\Contract\\Definition\\ComputedMetricDefinition""},{""owner"":""Analysis.Evidence.ComputedMetrics"",""source_fqcn"":""Qualimetrix\\Analysis\\Evidence\\ComputedMetrics\\ComputedMetricFormulaValidator""},{""owner"":""Analysis.Evidence.ComputedMetrics.Health"",""source_fqcn"":""Qualimetrix\\Analysis\\Evidence\\ComputedMetrics\\Health\\Metadata\\HealthDecompositionCatalog""},{""owner"":""Analysis.Evidence.ComputedMetrics.Health"",""source_fqcn"":""Qualimetrix\\Analysis\\Evidence\\ComputedMetrics\\Health\\Metadata\\MetricHintCatalog""},{""owner"":""Reporting"",""source_fqcn"":""Qualimetrix\\Reporting\\Formatter\\Health\\HealthTextFormatter""},{""owner"":""Analysis.Evidence.CodeSmell"",""source_fqcn"":""Qualimetrix\\Analysis\\Evidence\\CodeSmell\\ConstructorOverinjectionRule""},{""owner"":""Analysis.Evidence.CodeSmell"",""source_fqcn"":""Qualimetrix\\Analysis\\Evidence\\CodeSmell\\LongParameterListRule""},{""owner"":""Analysis.Evidence.CodeSmell"",""source_fqcn"":""Qualimetrix\\Analysis\\Evidence\\CodeSmell\\ParameterCountCollector""},{""owner"":""Analysis.Evidence.CodeSmell"",""source_fqcn"":""Qualimetrix\\Analysis\\Evidence\\CodeSmell\\ParameterCountVisitor""},{""owner"":""Analysis.Evidence.CodeSmell"",""source_fqcn"":""Qualimetrix\\Analysis\\Evidence\\CodeSmell\\UnreachableCodeCollector""},{""owner"":""Analysis.Evidence.CodeSmell"",""source_fqcn"":""Qualimetrix\\Analysis\\Evidence\\CodeSmell\\UnreachableCodeRule""},{""owner"":""Analysis.Evidence.CodeSmell"",""source_fqcn"":""Qualimetrix\\Analysis\\Evidence\\CodeSmell\\UnusedPrivateCollector""},{""owner"":""Analysis.Evidence.CodeSmell"",""source_fqcn"":""Qualimetrix\\Analysis\\Evidence\\CodeSmell\\UnusedPrivateRule""},{""owner"":""Analysis.Evidence.Cohesion"",""source_fqcn"":""Qualimetrix\\Analysis\\Evidence\\Cohesion\\LcomCollector""},{""owner"":""Analysis.Evidence.Cohesion"",""source_fqcn"":""Qualimetrix\\Analysis\\Evidence\\Cohesion\\LcomRule""},{""owner"":""Analysis.Evidence.Cohesion"",""source_fqcn"":""Qualimetrix\\Analysis\\Evidence\\Cohesion\\TccLccCollector""},{""owner"":""Analysis.Evidence.Complexity"",""source_fqcn"":""Qualimetrix\\Analysis\\Evidence\\Complexity\\CognitiveComplexityCollector""},{""owner"":""Analysis.Evidence.Complexity"",""source_fqcn"":""Qualimetrix\\Analysis\\Evidence\\Complexity\\CognitiveComplexityRule""},{""owner"":""Analysis.Evidence.Complexity"",""source_fqcn"":""Qualimetrix\\Analysis\\Evidence\\Complexity\\ComplexityRule""},{""owner"":""Analysis.Evidence.Complexity"",""source_fqcn"":""Qualimetrix\\Analysis\\Evidence\\Complexity\\CyclomaticComplexityCollector""},{""owner"":""Analysis.Evidence.Complexity"",""source_fqcn"":""Qualimetrix\\Analysis\\Evidence\\Complexity\\NpathComplexityCollector""},{""owner"":""Analysis.Evidence.Complexity"",""source_fqcn"":""Qualimetrix\\Analysis\\Evidence\\Complexity\\NpathComplexityRule""},{""owner"":""Analysis.Evidence.Complexity"",""source_fqcn"":""Qualimetrix\\Analysis\\Evidence\\Complexity\\WmcRule""},{""owner"":""Analysis.Evidence.ComputedMetrics.Health"",""source_fqcn"":""Qualimetrix\\Analysis\\Evidence\\ComputedMetrics\\Health\\Contract\\Summary\\HealthSummaryBuilder""},{""owner"":""Analysis.Evidence.Coupling"",""source_fqcn"":""Qualimetrix\\Analysis\\Evidence\\Coupling\\AbstractnessCollector""},{""owner"":""Analysis.Evidence.Coupling"",""source_fqcn"":""Qualimetrix\\Analysis\\Evidence\\Coupling\\CboRule""},{""owner"":""Analysis.Evidence.Coupling"",""source_fqcn"":""Qualimetrix\\Analysis\\Evidence\\Coupling\\ClassRankCollector""},{""owner"":""Analysis.Evidence.Coupling"",""source_fqcn"":""Qualimetrix\\Analysis\\Evidence\\Coupling\\ClassRankRule""},{""owner"":""Analysis.Evidence.Coupling"",""source_fqcn"":""Qualimetrix\\Analysis\\Evidence\\Coupling\\CouplingCollector""},{""owner"":""Analysis.Evidence.Coupling"",""source_fqcn"":""Qualimetrix\\Analysis\\Evidence\\Coupling\\DistanceCollector""},{""owner"":""Analysis.Evidence.Coupling"",""source_fqcn"":""Qualimetrix\\Analysis\\Evidence\\Coupling\\DistanceRule""},{""owner"":""Analysis.Evidence.Coupling"",""source_fqcn"":""Qualimetrix\\Analysis\\Evidence\\Coupling\\InstabilityRule""},{""owner"":""Analysis.Evidence.Coupling"",""source_fqcn"":""Qualimetrix\\Analysis\\Evidence\\Coupling\\RfcCollector""},{""owner"":""Analysis.Evidence.Design"",""source_fqcn"":""Qualimetrix\\Analysis\\Evidence\\Design\\DataClass\\DataClassExclusionCheck""},{""owner"":""Analysis.Evidence.Design"",""source_fqcn"":""Qualimetrix\\Analysis\\Evidence\\Design\\DataClass\\DataClassRule""},{""owner"":""Analysis.Evidence.Design"",""source_fqcn"":""Qualimetrix\\Analysis\\Evidence\\Design\\Inheritance\\DitGlobalCollector""},{""owner"":""Analysis.Evidence.Design"",""source_fqcn"":""Qualimetrix\\Analysis\\Evidence\\Design\\GodClass\\GodClassCriteriaEvaluator""},{""owner"":""Analysis.Evidence.Design"",""source_fqcn"":""Qualimetrix\\Analysis\\Evidence\\Design\\GodClass\\GodClassRule""},{""owner"":""Analysis.Evidence.Design"",""source_fqcn"":""Qualimetrix\\Analysis\\Evidence\\Design\\Inheritance\\InheritanceDepthCollector""},{""owner"":""Analysis.Evidence.Design"",""source_fqcn"":""Qualimetrix\\Analysis\\Evidence\\Design\\Inheritance\\InheritanceRule""},{""owner"":""Analysis.Evidence.Design"",""source_fqcn"":""Qualimetrix\\Analysis\\Evidence\\Design\\Inheritance\\NocCollector""},{""owner"":""Analysis.Evidence.Design"",""source_fqcn"":""Qualimetrix\\Analysis\\Evidence\\Design\\Inheritance\\NocRule""},{""owner"":""Analysis.Evidence.Design"",""source_fqcn"":""Qualimetrix\\Analysis\\Evidence\\Design\\TypeCoverage\\TypeCoverageCollector""},{""owner"":""Analysis.Evidence.Design"",""source_fqcn"":""Qualimetrix\\Analysis\\Evidence\\Design\\TypeCoverage\\TypeCoveragePercentCollector""},{""owner"":""Analysis.Evidence.Maintainability"",""source_fqcn"":""Qualimetrix\\Analysis\\Evidence\\Maintainability\\HalsteadCollector""},{""owner"":""Analysis.Evidence.Maintainability"",""source_fqcn"":""Qualimetrix\\Analysis\\Evidence\\Maintainability\\HalsteadVisitor""},{""owner"":""Analysis.Evidence.Maintainability"",""source_fqcn"":""Qualimetrix\\Analysis\\Evidence\\Maintainability\\MaintainabilityIndexCollector""},{""owner"":""Analysis.Evidence.Maintainability"",""source_fqcn"":""Qualimetrix\\Analysis\\Evidence\\Maintainability\\MaintainabilityRule""},{""owner"":""Analysis.Evidence.Prioritization"",""source_fqcn"":""Qualimetrix\\Analysis\\Evidence\\Prioritization\\Impact\\ClassRankResolver""},{""owner"":""Analysis.Evidence.Security"",""source_fqcn"":""Qualimetrix\\Analysis\\Evidence\\Security\\Credential\\HardcodedCredentialsCollector""},{""owner"":""Analysis.Evidence.Security"",""source_fqcn"":""Qualimetrix\\Analysis\\Evidence\\Security\\HardcodedCredentialsRule""},{""owner"":""Analysis.Evidence.Security"",""source_fqcn"":""Qualimetrix\\Analysis\\Evidence\\Security\\SensitiveParameterCollector""},{""owner"":""Analysis.Evidence.Security"",""source_fqcn"":""Qualimetrix\\Analysis\\Evidence\\Security\\SensitiveParameterRule""},{""owner"":""Analysis.Evidence.Size"",""source_fqcn"":""Qualimetrix\\Analysis\\Evidence\\Size\\ClassCountCollector""},{""owner"":""Analysis.Evidence.Size"",""source_fqcn"":""Qualimetrix\\Analysis\\Evidence\\Size\\ClassCountRule""},{""owner"":""Analysis.Evidence.Size"",""source_fqcn"":""Qualimetrix\\Analysis\\Evidence\\Size\\LocCollector""},{""owner"":""Analysis.Evidence.Size"",""source_fqcn"":""Qualimetrix\\Analysis\\Evidence\\Size\\MethodCountCollector""},{""owner"":""Analysis.Evidence.Size"",""source_fqcn"":""Qualimetrix\\Analysis\\Evidence\\Size\\MethodCountRule""},{""owner"":""Analysis.Evidence.Size"",""source_fqcn"":""Qualimetrix\\Analysis\\Evidence\\Size\\MethodStatementCountCollector""},{""owner"":""Analysis.Evidence.Size"",""source_fqcn"":""Qualimetrix\\Analysis\\Evidence\\Size\\MethodStatementCountVisitor""},{""owner"":""Analysis.Evidence.Size"",""source_fqcn"":""Qualimetrix\\Analysis\\Evidence\\Size\\PropertyCountRule""},{""owner"":""Reporting"",""source_fqcn"":""Qualimetrix\\Reporting\\Formatter\\Html\\HtmlMetricAggregator""},{""owner"":""Reporting"",""source_fqcn"":""Qualimetrix\\Reporting\\Formatter\\Html\\HtmlTreeBuilder""},{""owner"":""Reporting"",""source_fqcn"":""Qualimetrix\\Reporting\\Health\\SummaryEnricher""},{""owner"":""Analysis.Evidence.Design"",""source_fqcn"":""Qualimetrix\\Analysis\\Evidence\\Design\\TypeCoverage\\ParamTypeCoverageRule""},{""owner"":""Analysis.Evidence.Design"",""source_fqcn"":""Qualimetrix\\Analysis\\Evidence\\Design\\TypeCoverage\\ReturnTypeCoverageRule""},{""owner"":""Analysis.Evidence.Design"",""source_fqcn"":""Qualimetrix\\Analysis\\Evidence\\Design\\TypeCoverage\\PropertyTypeCoverageRule""},{""owner"":""Infrastructure.DependencyInjection"",""source_fqcn"":""Qualimetrix\\Infrastructure\\DependencyInjection\\CompilerPass\\JudgedMetricDeclarationGuard""}]"
src/Analysis/Evidence/Measurement/Contract/MetricRepositoryFactoryInterface.php	Qualimetrix\Analysis\Evidence\Measurement\Contract\MetricRepositoryFactoryInterface	interface	Analysis.Evidence.Measurement	contract	"[{""owner"":""Analysis.Run"",""source_fqcn"":""Qualimetrix\\Analysis\\Run\\Pipeline\\AnalysisPipeline""},{""owner"":""Infrastructure.Console"",""source_fqcn"":""Qualimetrix\\Infrastructure\\Console\\LayerAssignmentResolver""},{""owner"":""Infrastructure.DependencyInjection"",""source_fqcn"":""Qualimetrix\\Infrastructure\\DependencyInjection\\Configurator\\AnalysisConfigurator""},{""owner"":""Infrastructure.DependencyInjection"",""source_fqcn"":""Qualimetrix\\Infrastructure\\DependencyInjection\\Configurator\\ArchitectureConfigurator""},{""owner"":""Infrastructure.DependencyInjection"",""source_fqcn"":""Qualimetrix\\Infrastructure\\DependencyInjection\\Configurator\\MeasurementConfigurator""}]"
src/Analysis/Evidence/Measurement/Contract/MetricRepositoryInterface.php	Qualimetrix\Analysis\Evidence\Measurement\Contract\MetricRepositoryInterface	interface	Analysis.Evidence.Measurement	contract	"[{""owner"":""Analysis.Evidence.ComputedMetrics"",""source_fqcn"":""Qualimetrix\\Analysis\\Evidence\\ComputedMetrics\\Contract\\Evaluation\\ComputedMetricEvaluator""},{""owner"":""Analysis.Evidence.ComputedMetrics.Health"",""source_fqcn"":""Qualimetrix\\Analysis\\Evidence\\ComputedMetrics\\Health\\Contract\\DrillDown\\HealthScoreDrillDown""},{""owner"":""Analysis.Evidence.ComputedMetrics.Health"",""source_fqcn"":""Qualimetrix\\Analysis\\Evidence\\ComputedMetrics\\Health\\Contract\\DrillDown\\WorstClassDrillDown""},{""owner"":""Analysis.Evidence.ComputedMetrics.Health"",""source_fqcn"":""Qualimetrix\\Analysis\\Evidence\\ComputedMetrics\\Health\\Contract\\Summary\\HealthSummaryBuilder""},{""owner"":""Analysis.Evidence.Coupling"",""source_fqcn"":""Qualimetrix\\Analysis\\Evidence\\Coupling\\AbstractnessCollector""},{""owner"":""Analysis.Evidence.Coupling"",""source_fqcn"":""Qualimetrix\\Analysis\\Evidence\\Coupling\\ClassRankCollector""},{""owner"":""Analysis.Evidence.Coupling"",""source_fqcn"":""Qualimetrix\\Analysis\\Evidence\\Coupling\\CouplingCollector""},{""owner"":""Analysis.Evidence.Coupling"",""source_fqcn"":""Qualimetrix\\Analysis\\Evidence\\Coupling\\DistanceCollector""},{""owner"":""Analysis.Evidence.Design"",""source_fqcn"":""Qualimetrix\\Analysis\\Evidence\\Design\\Inheritance\\DitGlobalCollector""},{""owner"":""Analysis.Evidence.Design"",""source_fqcn"":""Qualimetrix\\Analysis\\Evidence\\Design\\Inheritance\\NocCollector""},{""owner"":""Analysis.Evidence.Prioritization"",""source_fqcn"":""Qualimetrix\\Analysis\\Evidence\\Prioritization\\Impact\\ClassRankResolver""},{""owner"":""Analysis.Evidence.Prioritization"",""source_fqcn"":""Qualimetrix\\Analysis\\Evidence\\Prioritization\\Impact\\ImpactCalculator""},{""owner"":""Analysis.Finding"",""source_fqcn"":""Qualimetrix\\Analysis\\Finding\\Contract\\Rule\\AnalysisContext""},{""owner"":""Analysis.Policy.Baseline"",""source_fqcn"":""Qualimetrix\\Analysis\\Policy\\Baseline\\BoundaryExplanationService""},{""owner"":""Analysis.Policy.Baseline"",""source_fqcn"":""Qualimetrix\\Analysis\\Policy\\Baseline\\ExplainedSubject""},{""owner"":""Analysis.Run"",""source_fqcn"":""Qualimetrix\\Analysis\\Run\\Collection\\CollectionOrchestrator""},{""owner"":""Analysis.Run"",""source_fqcn"":""Qualimetrix\\Analysis\\Run\\Contract\\Collection\\CollectionOrchestratorInterface""},{""owner"":""Analysis.Run"",""source_fqcn"":""Qualimetrix\\Analysis\\Run\\Contract\\Pipeline\\AnalysisResult""},{""owner"":""Analysis.Run"",""source_fqcn"":""Qualimetrix\\Analysis\\Run\\Pipeline\\AnalysisPipeline""},{""owner"":""Reporting"",""source_fqcn"":""Qualimetrix\\Reporting\\DrillDown\\DrillDownBinding""},{""owner"":""Infrastructure.Console"",""source_fqcn"":""Qualimetrix\\Infrastructure\\Console\\LayerAssignmentResolver""},{""owner"":""Infrastructure.DependencyInjection"",""source_fqcn"":""Qualimetrix\\Infrastructure\\DependencyInjection\\Configurator\\MeasurementConfigurator""},{""owner"":""Reporting"",""source_fqcn"":""Qualimetrix\\Reporting\\Formatter\\Html\\HtmlTreeBuilder""},{""owner"":""Reporting"",""source_fqcn"":""Qualimetrix\\Reporting\\Report""},{""owner"":""Reporting"",""source_fqcn"":""Qualimetrix\\Reporting\\ReportBuilder""}]"
src/Analysis/Evidence/Measurement/Contract/NamespaceMetricProviderInterface.php	Qualimetrix\Analysis\Evidence\Measurement\Contract\NamespaceMetricProviderInterface	interface	Analysis.Evidence.Measurement	contract	"[{""owner"":""Analysis.Evidence.Size"",""source_fqcn"":""Qualimetrix\\Analysis\\Evidence\\Size\\ClassCountCollector""},{""owner"":""Analysis.Evidence.Size"",""source_fqcn"":""Qualimetrix\\Analysis\\Evidence\\Size\\LocCollector""},{""owner"":""Analysis.Run"",""source_fqcn"":""Qualimetrix\\Analysis\\Run\\Collection\\FileProcessor""}]"
src/Analysis/Evidence/Measurement/Contract/NamespaceTree.php	Qualimetrix\Analysis\Evidence\Measurement\Contract\NamespaceTree	class	Analysis.Evidence.Measurement	contract	"[{""owner"":""Analysis.Evidence.ComputedMetrics.Health"",""source_fqcn"":""Qualimetrix\\Analysis\\Evidence\\ComputedMetrics\\Health\\Contract\\Summary\\HealthSummaryBuilder""},{""owner"":""Analysis.Evidence.Prioritization"",""source_fqcn"":""Qualimetrix\\Analysis\\Evidence\\Prioritization\\Impact\\ClassRankResolver""},{""owner"":""Analysis.Evidence.Prioritization"",""source_fqcn"":""Qualimetrix\\Analysis\\Evidence\\Prioritization\\Impact\\ImpactCalculator""},{""owner"":""Analysis.Finding"",""source_fqcn"":""Qualimetrix\\Analysis\\Finding\\Contract\\Rule\\AnalysisContext""},{""owner"":""Analysis.Run"",""source_fqcn"":""Qualimetrix\\Analysis\\Run\\Contract\\Pipeline\\AnalysisResult""},{""owner"":""Reporting"",""source_fqcn"":""Qualimetrix\\Reporting\\Health\\SummaryEnricher""},{""owner"":""Reporting"",""source_fqcn"":""Qualimetrix\\Reporting\\Report""},{""owner"":""Reporting"",""source_fqcn"":""Qualimetrix\\Reporting\\ReportBuilder""},{""owner"":""Analysis.Run"",""source_fqcn"":""Qualimetrix\\Analysis\\Run\\Pipeline\\PreparedRun""},{""owner"":""Reporting"",""source_fqcn"":""Qualimetrix\\Reporting\\DrillDown\\DrillDownBinding""}]"
src/Analysis/Evidence/Measurement/Contract/NamespaceWithMetrics.php	Qualimetrix\Analysis\Evidence\Measurement\Contract\NamespaceWithMetrics	class	Analysis.Evidence.Measurement	contract	"[{""owner"":""Analysis.Evidence.Size"",""source_fqcn"":""Qualimetrix\\Analysis\\Evidence\\Size\\ClassCountCollector""},{""owner"":""Analysis.Evidence.Size"",""source_fqcn"":""Qualimetrix\\Analysis\\Evidence\\Size\\LocCollector""}]"
src/Analysis/Evidence/Measurement/Contract/ParallelSafeCollectorInterface.php	Qualimetrix\Analysis\Evidence\Measurement\Contract\ParallelSafeCollectorInterface	interface	Analysis.Evidence.Measurement	contract	"[{""owner"":""Analysis.Evidence.Design"",""source_fqcn"":""Qualimetrix\\Analysis\\Evidence\\Design\\TypeCoverage\\TypeCoveragePercentCollector""},{""owner"":""Analysis.Evidence.Maintainability"",""source_fqcn"":""Qualimetrix\\Analysis\\Evidence\\Maintainability\\MaintainabilityIndexCollector""},{""owner"":""Infrastructure.Parallel"",""source_fqcn"":""Qualimetrix\\Infrastructure\\Parallel\\WorkerBootstrap""}]"
src/Analysis/Evidence/Measurement/Contract/ProjectNamespaceResolverInterface.php	Qualimetrix\Analysis\Evidence\Measurement\Contract\ProjectNamespaceResolverInterface	interface	Analysis.Evidence.Measurement	contract	"[{""owner"":""Analysis.Evidence.Coupling"",""source_fqcn"":""Qualimetrix\\Analysis\\Evidence\\Coupling\\DistanceRule""},{""owner"":""Infrastructure.DependencyInjection"",""source_fqcn"":""Qualimetrix\\Infrastructure\\DependencyInjection\\Configurator\\MeasurementConfigurator""}]"
src/Analysis/Evidence/Measurement/Contract/ResettableVisitorInterface.php	Qualimetrix\Analysis\Evidence\Measurement\Contract\ResettableVisitorInterface	interface	Analysis.Evidence.Measurement	contract	"[{""owner"":""Analysis.Evidence.CodeSmell"",""source_fqcn"":""Qualimetrix\\Analysis\\Evidence\\CodeSmell\\CodeSmellVisitor""},{""owner"":""Analysis.Evidence.CodeSmell"",""source_fqcn"":""Qualimetrix\\Analysis\\Evidence\\CodeSmell\\ParameterCountVisitor""},{""owner"":""Analysis.Evidence.CodeSmell"",""source_fqcn"":""Qualimetrix\\Analysis\\Evidence\\CodeSmell\\RepeatedExpression\\IdenticalSubExpressionVisitor""},{""owner"":""Analysis.Evidence.CodeSmell"",""source_fqcn"":""Qualimetrix\\Analysis\\Evidence\\CodeSmell\\UnreachableCodeVisitor""},{""owner"":""Analysis.Evidence.CodeSmell"",""source_fqcn"":""Qualimetrix\\Analysis\\Evidence\\CodeSmell\\UnusedPrivateVisitor""},{""owner"":""Analysis.Evidence.Cohesion"",""source_fqcn"":""Qualimetrix\\Analysis\\Evidence\\Cohesion\\LcomVisitor""},{""owner"":""Analysis.Evidence.Cohesion"",""source_fqcn"":""Qualimetrix\\Analysis\\Evidence\\Cohesion\\TccLccVisitor""},{""owner"":""Analysis.Evidence.Complexity"",""source_fqcn"":""Qualimetrix\\Analysis\\Evidence\\Complexity\\CognitiveComplexityVisitor""},{""owner"":""Analysis.Evidence.Complexity"",""source_fqcn"":""Qualimetrix\\Analysis\\Evidence\\Complexity\\CyclomaticComplexityVisitor""},{""owner"":""Analysis.Evidence.Complexity"",""source_fqcn"":""Qualimetrix\\Analysis\\Evidence\\Complexity\\NpathComplexityVisitor""},{""owner"":""Analysis.Evidence.Coupling"",""source_fqcn"":""Qualimetrix\\Analysis\\Evidence\\Coupling\\RfcVisitor""},{""owner"":""Analysis.Evidence.Design"",""source_fqcn"":""Qualimetrix\\Analysis\\Evidence\\Design\\Inheritance\\InheritanceDepthVisitor""},{""owner"":""Analysis.Evidence.Design"",""source_fqcn"":""Qualimetrix\\Analysis\\Evidence\\Design\\TypeCoverage\\TypeCoverageVisitor""},{""owner"":""Analysis.Evidence.Maintainability"",""source_fqcn"":""Qualimetrix\\Analysis\\Evidence\\Maintainability\\HalsteadVisitor""},{""owner"":""Analysis.Evidence.Security"",""source_fqcn"":""Qualimetrix\\Analysis\\Evidence\\Security\\Credential\\HardcodedCredentialsVisitor""},{""owner"":""Analysis.Evidence.Security"",""source_fqcn"":""Qualimetrix\\Analysis\\Evidence\\Security\\SecurityPatternVisitor""},{""owner"":""Analysis.Evidence.Security"",""source_fqcn"":""Qualimetrix\\Analysis\\Evidence\\Security\\SensitiveParameterVisitor""},{""owner"":""Analysis.Evidence.Size"",""source_fqcn"":""Qualimetrix\\Analysis\\Evidence\\Size\\ClassCountVisitor""},{""owner"":""Analysis.Evidence.Size"",""source_fqcn"":""Qualimetrix\\Analysis\\Evidence\\Size\\LocVisitor""},{""owner"":""Analysis.Evidence.Size"",""source_fqcn"":""Qualimetrix\\Analysis\\Evidence\\Size\\MethodCountVisitor""},{""owner"":""Analysis.Evidence.Size"",""source_fqcn"":""Qualimetrix\\Analysis\\Evidence\\Size\\MethodStatementCountVisitor""}]"
src/Analysis/Evidence/Measurement/Contract/VisitorCallableScope.php	Qualimetrix\Analysis\Evidence\Measurement\Contract\VisitorCallableScope	class	Analysis.Evidence.Measurement	contract	"[{""owner"":""Analysis.Evidence.Complexity"",""source_fqcn"":""Qualimetrix\\Analysis\\Evidence\\Complexity\\CognitiveComplexityVisitor""},{""owner"":""Analysis.Evidence.Complexity"",""source_fqcn"":""Qualimetrix\\Analysis\\Evidence\\Complexity\\CyclomaticComplexityVisitor""},{""owner"":""Analysis.Evidence.Complexity"",""source_fqcn"":""Qualimetrix\\Analysis\\Evidence\\Complexity\\NpathComplexityVisitor""},{""owner"":""Analysis.Evidence.Maintainability"",""source_fqcn"":""Qualimetrix\\Analysis\\Evidence\\Maintainability\\HalsteadVisitor""},{""owner"":""Analysis.Evidence.Size"",""source_fqcn"":""Qualimetrix\\Analysis\\Evidence\\Size\\MethodStatementCountVisitor""}]"
src/Analysis/Evidence/Measurement/Contract/VisitorMethodTrackingTrait.php	Qualimetrix\Analysis\Evidence\Measurement\Contract\VisitorMethodTrackingTrait	trait	Analysis.Evidence.Measurement	contract	"[{""owner"":""Analysis.Evidence.CodeSmell"",""source_fqcn"":""Qualimetrix\\Analysis\\Evidence\\CodeSmell\\CodeSmellVisitor""},{""owner"":""Analysis.Evidence.CodeSmell"",""source_fqcn"":""Qualimetrix\\Analysis\\Evidence\\CodeSmell\\ParameterCountVisitor""},{""owner"":""Analysis.Evidence.CodeSmell"",""source_fqcn"":""Qualimetrix\\Analysis\\Evidence\\CodeSmell\\RepeatedExpression\\IdenticalSubExpressionVisitor""},{""owner"":""Analysis.Evidence.CodeSmell"",""source_fqcn"":""Qualimetrix\\Analysis\\Evidence\\CodeSmell\\UnreachableCodeVisitor""},{""owner"":""Analysis.Evidence.Complexity"",""source_fqcn"":""Qualimetrix\\Analysis\\Evidence\\Complexity\\CognitiveComplexityVisitor""},{""owner"":""Analysis.Evidence.Complexity"",""source_fqcn"":""Qualimetrix\\Analysis\\Evidence\\Complexity\\CyclomaticComplexityVisitor""},{""owner"":""Analysis.Evidence.Complexity"",""source_fqcn"":""Qualimetrix\\Analysis\\Evidence\\Complexity\\NpathComplexityVisitor""},{""owner"":""Analysis.Evidence.Maintainability"",""source_fqcn"":""Qualimetrix\\Analysis\\Evidence\\Maintainability\\HalsteadVisitor""},{""owner"":""Analysis.Evidence.Security"",""source_fqcn"":""Qualimetrix\\Analysis\\Evidence\\Security\\Credential\\HardcodedCredentialsVisitor""},{""owner"":""Analysis.Evidence.Security"",""source_fqcn"":""Qualimetrix\\Analysis\\Evidence\\Security\\SecurityPatternVisitor""},{""owner"":""Analysis.Evidence.Security"",""source_fqcn"":""Qualimetrix\\Analysis\\Evidence\\Security\\SensitiveParameterVisitor""},{""owner"":""Analysis.Evidence.Size"",""source_fqcn"":""Qualimetrix\\Analysis\\Evidence\\Size\\MethodStatementCountVisitor""}]"
src/Analysis/Evidence/Measurement/DataBag.php	Qualimetrix\Analysis\Evidence\Measurement\DataBag	class	Analysis.Evidence.Measurement	internal	[]
src/Analysis/Evidence/Measurement/FileMeasurement/CompositeCollector.php	Qualimetrix\Analysis\Evidence\Measurement\FileMeasurement\CompositeCollector	class	Analysis.Evidence.Measurement	internal	[]
src/Analysis/Evidence/Measurement/FileMeasurement/DerivedCollectorRunner.php	Qualimetrix\Analysis\Evidence\Measurement\FileMeasurement\DerivedCollectorExecutionPlan	class	Analysis.Evidence.Measurement	internal	[]
src/Analysis/Evidence/Measurement/FileMeasurement/DerivedCollectorRunner.php	Qualimetrix\Analysis\Evidence\Measurement\FileMeasurement\DerivedCollectorRunner	class	Analysis.Evidence.Measurement	internal	[]
src/Analysis/Evidence/Measurement/FileMeasurement/DerivedMetricExtractor.php	Qualimetrix\Analysis\Evidence\Measurement\FileMeasurement\DerivedMetricExtractor	class	Analysis.Evidence.Measurement	internal	[]
src/Analysis/Evidence/Measurement/Namespace_/ProjectNamespaceResolver.php	Qualimetrix\Analysis\Evidence\Measurement\Namespace_\ProjectNamespaceResolver	class	Analysis.Evidence.Measurement	internal	[]
src/Analysis/Evidence/Measurement/Repository/DefaultMetricRepositoryFactory.php	Qualimetrix\Analysis\Evidence\Measurement\Repository\DefaultMetricRepositoryFactory	class	Analysis.Evidence.Measurement	internal	[]
src/Analysis/Evidence/Measurement/Repository/InMemoryMetricRepository.php	Qualimetrix\Analysis\Evidence\Measurement\Repository\InMemoryMetricRepository	class	Analysis.Evidence.Measurement	internal	[]
src/Analysis/Evidence/Measurement/Repository/MetricSubjectIndex.php	Qualimetrix\Analysis\Evidence\Measurement\Repository\MetricSubjectIndex	class	Analysis.Evidence.Measurement	internal	[]
src/Analysis/Evidence/Measurement/Repository/NamespaceMetricIndex.php	Qualimetrix\Analysis\Evidence\Measurement\Repository\NamespaceMetricIndex	class	Analysis.Evidence.Measurement	internal	[]
src/Analysis/Evidence/Measurement/Repository/RepositoryMerge.php	Qualimetrix\Analysis\Evidence\Measurement\Repository\RepositoryMerge	class	Analysis.Evidence.Measurement	internal	[]
src/Analysis/Evidence/Measurement/Visitor/DeclarationNumbering.php	Qualimetrix\Analysis\Evidence\Measurement\Visitor\DeclarationNumbering	class	Analysis.Evidence.Measurement	internal	[]
src/Analysis/Evidence/Measurement/Visitor/DeclarationRegistrarVisitor.php	Qualimetrix\Analysis\Evidence\Measurement\Visitor\DeclarationRegistrarVisitor	class	Analysis.Evidence.Measurement	internal	[]
src/Analysis/Evidence/Measurement/Visitor/FileEntrySubjectRegistry.php	Qualimetrix\Analysis\Evidence\Measurement\Visitor\FileEntrySubjectRegistry	class	Analysis.Evidence.Measurement	internal	[]
src/Analysis/Evidence/Measurement/Visitor/VisitorCallableMetadata.php	Qualimetrix\Analysis\Evidence\Measurement\Visitor\VisitorCallableMetadata	class	Analysis.Evidence.Measurement	internal	[]
src/Analysis/Evidence/Measurement/Visitor/VisitorLexicalScope.php	Qualimetrix\Analysis\Evidence\Measurement\Visitor\VisitorLexicalScope	class	Analysis.Evidence.Measurement	internal	[]
src/Analysis/Evidence/Measurement/Visitor/VisitorMethodContext.php	Qualimetrix\Analysis\Evidence\Measurement\Visitor\VisitorMethodContext	class	Analysis.Evidence.Measurement	internal	[]
src/Analysis/Evidence/Prioritization/Debt/DebtCalculator.php	Qualimetrix\Analysis\Evidence\Prioritization\Debt\DebtCalculator	class	Analysis.Evidence.Prioritization	contract	"[{""owner"":""Reporting"",""source_fqcn"":""Qualimetrix\\Reporting\\Formatter\\Html\\HtmlDebtCalculator""},{""owner"":""Reporting"",""source_fqcn"":""Qualimetrix\\Reporting\\Formatter\\Html\\HtmlTreeBuilder""},{""owner"":""Reporting"",""source_fqcn"":""Qualimetrix\\Reporting\\Formatter\\Json\\JsonFormatter""},{""owner"":""Reporting"",""source_fqcn"":""Qualimetrix\\Reporting\\Formatter\\Detail\\DebtBreakdownRenderer""},{""owner"":""Reporting"",""source_fqcn"":""Qualimetrix\\Reporting\\Formatter\\Detail\\DetailedFindingRenderer""},{""owner"":""Reporting"",""source_fqcn"":""Qualimetrix\\Reporting\\Formatter\\TextFormatter""},{""owner"":""Reporting"",""source_fqcn"":""Qualimetrix\\Reporting\\Health\\SummaryEnricher""}]"
src/Analysis/Evidence/Prioritization/Debt/DebtSummary.php	Qualimetrix\Analysis\Evidence\Prioritization\Debt\DebtSummary	class	Analysis.Evidence.Prioritization	contract	"[{""owner"":""Reporting"",""source_fqcn"":""Qualimetrix\\Reporting\\Formatter\\Summary\\TopIssuesRenderer""},{""owner"":""Reporting"",""source_fqcn"":""Qualimetrix\\Reporting\\Formatter\\Summary\\FindingSummaryRenderer""},{""owner"":""Reporting"",""source_fqcn"":""Qualimetrix\\Reporting\\Formatter\\Detail\\DebtBreakdownRenderer""}]"
src/Analysis/Evidence/Prioritization/Debt/RemediationTimeRegistry.php	Qualimetrix\Analysis\Evidence\Prioritization\Debt\RemediationTimeRegistry	class	Analysis.Evidence.Prioritization	contract	"[{""owner"":""Infrastructure.DependencyInjection"",""source_fqcn"":""Qualimetrix\\Infrastructure\\DependencyInjection\\CompilerPass\\ChannelDeclarationCompilerPass""},{""owner"":""Reporting"",""source_fqcn"":""Qualimetrix\\Reporting\\Formatter\\Json\\JsonFindingSection""},{""owner"":""Reporting"",""source_fqcn"":""Qualimetrix\\Reporting\\Formatter\\Summary\\FindingSummaryRenderer""}]"
src/Analysis/Evidence/Prioritization/Impact/ClassRankIndex.php	Qualimetrix\Analysis\Evidence\Prioritization\Impact\ClassRankIndex	class	Analysis.Evidence.Prioritization	internal	[]
src/Analysis/Evidence/Prioritization/Impact/ClassRankResolver.php	Qualimetrix\Analysis\Evidence\Prioritization\Impact\ClassRankResolver	class	Analysis.Evidence.Prioritization	internal	[]
src/Analysis/Evidence/Prioritization/Impact/ImpactCalculator.php	Qualimetrix\Analysis\Evidence\Prioritization\Impact\ImpactCalculator	class	Analysis.Evidence.Prioritization	contract	"[{""owner"":""Reporting"",""source_fqcn"":""Qualimetrix\\Reporting\\Health\\SummaryEnricher""}]"
src/Analysis/Evidence/Prioritization/Impact/RankedIssue.php	Qualimetrix\Analysis\Evidence\Prioritization\Impact\RankedIssue	class	Analysis.Evidence.Prioritization	contract	"[{""owner"":""Reporting"",""source_fqcn"":""Qualimetrix\\Reporting\\Formatter\\Summary\\TopIssuesRenderer""}]"
src/Analysis/Evidence/Security/AbstractSecurityPatternRule.php	Qualimetrix\Analysis\Evidence\Security\AbstractSecurityPatternRule	class	Analysis.Evidence.Security	internal	[]
src/Analysis/Evidence/Security/CommandInjectionDetector.php	Qualimetrix\Analysis\Evidence\Security\CommandInjectionDetector	class	Analysis.Evidence.Security	internal	[]
src/Analysis/Evidence/Security/CommandInjectionRule.php	Qualimetrix\Analysis\Evidence\Security\CommandInjectionRule	class	Analysis.Evidence.Security	internal	[]
src/Analysis/Evidence/Security/Credential/CredentialLiterals.php	Qualimetrix\Analysis\Evidence\Security\Credential\CredentialLiterals	class	Analysis.Evidence.Security	internal	[]
src/Analysis/Evidence/Security/Credential/CredentialLocation.php	Qualimetrix\Analysis\Evidence\Security\Credential\CredentialLocation	class	Analysis.Evidence.Security	internal	[]
src/Analysis/Evidence/Security/Credential/HardcodedCredentialsCollector.php	Qualimetrix\Analysis\Evidence\Security\Credential\HardcodedCredentialsCollector	class	Analysis.Evidence.Security	internal	[]
src/Analysis/Evidence/Security/Credential/HardcodedCredentialsVisitor.php	Qualimetrix\Analysis\Evidence\Security\Credential\HardcodedCredentialsVisitor	class	Analysis.Evidence.Security	internal	[]
src/Analysis/Evidence/Security/HardcodedCredentialsOptions.php	Qualimetrix\Analysis\Evidence\Security\HardcodedCredentialsOptions	class	Analysis.Evidence.Security	internal	[]
src/Analysis/Evidence/Security/HardcodedCredentialsRule.php	Qualimetrix\Analysis\Evidence\Security\HardcodedCredentialsRule	class	Analysis.Evidence.Security	internal	[]
src/Analysis/Evidence/Security/SecurityPatternCollector.php	Qualimetrix\Analysis\Evidence\Security\SecurityPatternCollector	class	Analysis.Evidence.Security	internal	[]
src/Analysis/Evidence/Security/SecurityPatternFinding.php	Qualimetrix\Analysis\Evidence\Security\SecurityPatternFinding	class	Analysis.Evidence.Security	internal	[]
src/Analysis/Evidence/Security/SecurityPatternLocation.php	Qualimetrix\Analysis\Evidence\Security\SecurityPatternLocation	class	Analysis.Evidence.Security	internal	[]
src/Analysis/Evidence/Security/SecurityPatternOptions.php	Qualimetrix\Analysis\Evidence\Security\SecurityPatternOptions	class	Analysis.Evidence.Security	internal	[]
src/Analysis/Evidence/Security/SecurityPatternVisitor.php	Qualimetrix\Analysis\Evidence\Security\SecurityPatternVisitor	class	Analysis.Evidence.Security	internal	[]
src/Analysis/Evidence/Security/SensitiveNameMatcher.php	Qualimetrix\Analysis\Evidence\Security\SensitiveNameMatcher	class	Analysis.Evidence.Security	internal	[]
src/Analysis/Evidence/Security/SensitiveParameterCollector.php	Qualimetrix\Analysis\Evidence\Security\SensitiveParameterCollector	class	Analysis.Evidence.Security	internal	[]
src/Analysis/Evidence/Security/SensitiveParameterLocation.php	Qualimetrix\Analysis\Evidence\Security\SensitiveParameterLocation	class	Analysis.Evidence.Security	internal	[]
src/Analysis/Evidence/Security/SensitiveParameterOptions.php	Qualimetrix\Analysis\Evidence\Security\SensitiveParameterOptions	class	Analysis.Evidence.Security	internal	[]
src/Analysis/Evidence/Security/SensitiveParameterRule.php	Qualimetrix\Analysis\Evidence\Security\SensitiveParameterRule	class	Analysis.Evidence.Security	internal	[]
src/Analysis/Evidence/Security/SensitiveParameterVisitor.php	Qualimetrix\Analysis\Evidence\Security\SensitiveParameterVisitor	class	Analysis.Evidence.Security	internal	[]
src/Analysis/Evidence/Security/SqlInjectionDetector.php	Qualimetrix\Analysis\Evidence\Security\SqlInjectionDetector	class	Analysis.Evidence.Security	internal	[]
src/Analysis/Evidence/Security/SqlInjectionRule.php	Qualimetrix\Analysis\Evidence\Security\SqlInjectionRule	class	Analysis.Evidence.Security	internal	[]
src/Analysis/Evidence/Security/SuperglobalAnalyzer.php	Qualimetrix\Analysis\Evidence\Security\SuperglobalAnalyzer	class	Analysis.Evidence.Security	internal	[]
src/Analysis/Evidence/Security/XssDetector.php	Qualimetrix\Analysis\Evidence\Security\XssDetector	class	Analysis.Evidence.Security	internal	[]
src/Analysis/Evidence/Security/XssRule.php	Qualimetrix\Analysis\Evidence\Security\XssRule	class	Analysis.Evidence.Security	internal	[]
src/Analysis/Evidence/Size/ClassCountCollector.php	Qualimetrix\Analysis\Evidence\Size\ClassCountCollector	class	Analysis.Evidence.Size	internal	[]
src/Analysis/Evidence/Size/ClassCountOptions.php	Qualimetrix\Analysis\Evidence\Size\ClassCountOptions	class	Analysis.Evidence.Size	internal	[]
src/Analysis/Evidence/Size/ClassCountRule.php	Qualimetrix\Analysis\Evidence\Size\ClassCountRule	class	Analysis.Evidence.Size	internal	[]
src/Analysis/Evidence/Size/ClassCountVisitor.php	Qualimetrix\Analysis\Evidence\Size\ClassCountVisitor	class	Analysis.Evidence.Size	internal	[]
src/Analysis/Evidence/Size/LocCollector.php	Qualimetrix\Analysis\Evidence\Size\LocCollector	class	Analysis.Evidence.Size	internal	[]
src/Analysis/Evidence/Size/LocVisitor.php	Qualimetrix\Analysis\Evidence\Size\LocVisitor	class	Analysis.Evidence.Size	internal	[]
src/Analysis/Evidence/Size/MethodCountCollector.php	Qualimetrix\Analysis\Evidence\Size\MethodCountCollector	class	Analysis.Evidence.Size	internal	[]
src/Analysis/Evidence/Size/MethodCountMetrics.php	Qualimetrix\Analysis\Evidence\Size\MethodCountMetrics	class	Analysis.Evidence.Size	internal	[]
src/Analysis/Evidence/Size/MethodCountOptions.php	Qualimetrix\Analysis\Evidence\Size\MethodCountOptions	class	Analysis.Evidence.Size	internal	[]
src/Analysis/Evidence/Size/MethodCountRule.php	Qualimetrix\Analysis\Evidence\Size\MethodCountRule	class	Analysis.Evidence.Size	internal	[]
src/Analysis/Evidence/Size/MethodCountVisitor.php	Qualimetrix\Analysis\Evidence\Size\MethodCountVisitor	class	Analysis.Evidence.Size	internal	[]
src/Analysis/Evidence/Size/MethodStatementCountCollector.php	Qualimetrix\Analysis\Evidence\Size\MethodStatementCountCollector	class	Analysis.Evidence.Size	internal	[]
src/Analysis/Evidence/Size/MethodStatementCountVisitor.php	Qualimetrix\Analysis\Evidence\Size\MethodStatementCountVisitor	class	Analysis.Evidence.Size	internal	[]
src/Analysis/Evidence/Size/PropertyCountOptions.php	Qualimetrix\Analysis\Evidence\Size\PropertyCountOptions	class	Analysis.Evidence.Size	internal	[]
src/Analysis/Evidence/Size/PropertyCountRule.php	Qualimetrix\Analysis\Evidence\Size\PropertyCountRule	class	Analysis.Evidence.Size	internal	[]
src/Analysis/Finding/ChannelPresentationView.php	Qualimetrix\Analysis\Finding\ChannelPresentationView	class	Analysis.Finding	internal	"[{""owner"":""Infrastructure.DependencyInjection"",""relation"":""composition_binding"",""source_fqcn"":""Qualimetrix\\Infrastructure\\DependencyInjection\\Configurator\\RuleConfigurator"",""operations"":[""service_reference"",""service_registration""]},{""owner"":""Infrastructure.DependencyInjection"",""relation"":""composition_binding"",""source_fqcn"":""Qualimetrix\\Infrastructure\\DependencyInjection\\CompilerPass\\ChannelDeclarationCompilerPass"",""operations"":[""definition_argument_mutation""]}]"
src/Analysis/Finding/Configuration/FindingConfigurationResolver.php	Qualimetrix\Analysis\Finding\Configuration\FindingConfigurationResolver	class	Analysis.Finding	internal	"[{""owner"":""Infrastructure.DependencyInjection"",""relation"":""composition_binding"",""source_fqcn"":""Qualimetrix\\Infrastructure\\DependencyInjection\\Configurator\\OutputConfigurator"",""operations"":[""service_alias"",""service_registration""]}]"
src/Analysis/Finding/ConfiguredLevelActivity.php	Qualimetrix\Analysis\Finding\ConfiguredLevelActivity	class	Analysis.Finding	internal	[]
src/Analysis/Finding/Contract/AcceptedLevel.php	Qualimetrix\Analysis\Finding\Contract\AcceptedLevel	class	Analysis.Finding	contract	"[{""owner"":""Analysis.Policy.Baseline"",""source_fqcn"":""Qualimetrix\\Analysis\\Policy\\Baseline\\BoundaryExplanationService""},{""owner"":""Analysis.Policy.Baseline"",""source_fqcn"":""Qualimetrix\\Analysis\\Policy\\Baseline\\EffectiveBoundaryBaselineSource""},{""owner"":""Analysis.Policy.Baseline"",""source_fqcn"":""Qualimetrix\\Analysis\\Policy\\Baseline\\Filter\\BaselineCeilingStage""},{""owner"":""Analysis.Policy.Baseline"",""source_fqcn"":""Qualimetrix\\Analysis\\Policy\\Baseline\\Filter\\GroupCeilingVerdict""}]"
src/Analysis/Finding/Contract/ChannelDeclaration.php	Qualimetrix\Analysis\Finding\Contract\ChannelDeclaration	class	Analysis.Finding	contract	"[{""owner"":""Analysis.Evidence.CircularDependency"",""source_fqcn"":""Qualimetrix\\Analysis\\Evidence\\CircularDependency\\CircularDependencyRule""},{""owner"":""Analysis.Evidence.CodeSmell"",""source_fqcn"":""Qualimetrix\\Analysis\\Evidence\\CodeSmell\\AbstractCodeSmellRule""},{""owner"":""Analysis.Evidence.CodeSmell"",""source_fqcn"":""Qualimetrix\\Analysis\\Evidence\\CodeSmell\\ConstructorOverinjectionRule""},{""owner"":""Analysis.Evidence.CodeSmell"",""source_fqcn"":""Qualimetrix\\Analysis\\Evidence\\CodeSmell\\IdenticalSubExpressionRule""},{""owner"":""Analysis.Evidence.CodeSmell"",""source_fqcn"":""Qualimetrix\\Analysis\\Evidence\\CodeSmell\\LongParameterListRule""},{""owner"":""Analysis.Evidence.CodeSmell"",""source_fqcn"":""Qualimetrix\\Analysis\\Evidence\\CodeSmell\\UnreachableCodeRule""},{""owner"":""Analysis.Evidence.CodeSmell"",""source_fqcn"":""Qualimetrix\\Analysis\\Evidence\\CodeSmell\\UnusedPrivateRule""},{""owner"":""Analysis.Evidence.Cohesion"",""source_fqcn"":""Qualimetrix\\Analysis\\Evidence\\Cohesion\\LcomRule""},{""owner"":""Analysis.Evidence.Complexity"",""source_fqcn"":""Qualimetrix\\Analysis\\Evidence\\Complexity\\CognitiveComplexityRule""},{""owner"":""Analysis.Evidence.Complexity"",""source_fqcn"":""Qualimetrix\\Analysis\\Evidence\\Complexity\\ComplexityRule""},{""owner"":""Analysis.Evidence.Complexity"",""source_fqcn"":""Qualimetrix\\Analysis\\Evidence\\Complexity\\NpathComplexityRule""},{""owner"":""Analysis.Evidence.Complexity"",""source_fqcn"":""Qualimetrix\\Analysis\\Evidence\\Complexity\\WmcRule""},{""owner"":""Analysis.Evidence.Coupling"",""source_fqcn"":""Qualimetrix\\Analysis\\Evidence\\Coupling\\CboRule""},{""owner"":""Analysis.Evidence.Coupling"",""source_fqcn"":""Qualimetrix\\Analysis\\Evidence\\Coupling\\ClassRankRule""},{""owner"":""Analysis.Evidence.Coupling"",""source_fqcn"":""Qualimetrix\\Analysis\\Evidence\\Coupling\\DistanceRule""},{""owner"":""Analysis.Evidence.Coupling"",""source_fqcn"":""Qualimetrix\\Analysis\\Evidence\\Coupling\\InstabilityRule""},{""owner"":""Analysis.Evidence.Coupling"",""source_fqcn"":""Qualimetrix\\Analysis\\Evidence\\Coupling\\UnmatchedFrameworkNamespaceRule""},{""owner"":""Analysis.Evidence.Design"",""source_fqcn"":""Qualimetrix\\Analysis\\Evidence\\Design\\DataClass\\DataClassRule""},{""owner"":""Analysis.Evidence.Design"",""source_fqcn"":""Qualimetrix\\Analysis\\Evidence\\Design\\GodClass\\GodClassRule""},{""owner"":""Analysis.Evidence.Design"",""source_fqcn"":""Qualimetrix\\Analysis\\Evidence\\Design\\Inheritance\\InheritanceRule""},{""owner"":""Analysis.Evidence.Design"",""source_fqcn"":""Qualimetrix\\Analysis\\Evidence\\Design\\Inheritance\\NocRule""},{""owner"":""Analysis.Evidence.Design"",""source_fqcn"":""Qualimetrix\\Analysis\\Evidence\\Design\\TypeCoverage\\AbstractTypeCoverageRule""},{""owner"":""Analysis.Evidence.Duplication"",""source_fqcn"":""Qualimetrix\\Analysis\\Evidence\\Duplication\\CodeDuplicationRule""},{""owner"":""Analysis.Evidence.Maintainability"",""source_fqcn"":""Qualimetrix\\Analysis\\Evidence\\Maintainability\\MaintainabilityRule""},{""owner"":""Analysis.Evidence.Security"",""source_fqcn"":""Qualimetrix\\Analysis\\Evidence\\Security\\AbstractSecurityPatternRule""},{""owner"":""Analysis.Evidence.Security"",""source_fqcn"":""Qualimetrix\\Analysis\\Evidence\\Security\\HardcodedCredentialsRule""},{""owner"":""Analysis.Evidence.Security"",""source_fqcn"":""Qualimetrix\\Analysis\\Evidence\\Security\\SensitiveParameterRule""},{""owner"":""Analysis.Evidence.Size"",""source_fqcn"":""Qualimetrix\\Analysis\\Evidence\\Size\\ClassCountRule""},{""owner"":""Analysis.Evidence.Size"",""source_fqcn"":""Qualimetrix\\Analysis\\Evidence\\Size\\MethodCountRule""},{""owner"":""Analysis.Evidence.Size"",""source_fqcn"":""Qualimetrix\\Analysis\\Evidence\\Size\\PropertyCountRule""},{""owner"":""Analysis.Policy.Architecture"",""source_fqcn"":""Qualimetrix\\Analysis\\Policy\\Architecture\\LayerViolation\\LayerDeclarationValidator""},{""owner"":""Analysis.Policy.Architecture"",""source_fqcn"":""Qualimetrix\\Analysis\\Policy\\Architecture\\LayerViolation\\LayerViolationRule""},{""owner"":""Analysis.Policy.Architecture"",""source_fqcn"":""Qualimetrix\\Analysis\\Policy\\Architecture\\LayerViolation\\UnassignedClassSummary""},{""owner"":""Analysis.Policy.Baseline"",""source_fqcn"":""Qualimetrix\\Analysis\\Policy\\Baseline\\BaselineUpdater""},{""owner"":""Analysis.Policy.Inline"",""source_fqcn"":""Qualimetrix\\Analysis\\Policy\\Inline\\Directive\\InlineDirectiveValidator""},{""owner"":""Analysis.Policy.Inline"",""source_fqcn"":""Qualimetrix\\Analysis\\Policy\\Inline\\Directive\\UnusedDirectiveRule""},{""owner"":""Analysis.Run"",""source_fqcn"":""Qualimetrix\\Analysis\\Run\\ExcludeBinding\\UnmatchedExcludeRule""},{""owner"":""Infrastructure.DependencyInjection"",""source_fqcn"":""Qualimetrix\\Infrastructure\\DependencyInjection\\CompilerPass\\ChannelDeclarationCompilerPass""},{""owner"":""Infrastructure.DependencyInjection"",""source_fqcn"":""Qualimetrix\\Infrastructure\\DependencyInjection\\CompilerPass\\JudgedMetricDeclarationGuard""},{""owner"":""Infrastructure.Rule"",""source_fqcn"":""Qualimetrix\\Infrastructure\\Rule\\ChannelUniverse""}]"
src/Analysis/Finding/Contract/ChannelDeclarationRegistryInterface.php	Qualimetrix\Analysis\Finding\Contract\ChannelDeclarationRegistryInterface	interface	Analysis.Finding	contract	"[{""owner"":""Analysis.Evidence.Prioritization"",""source_fqcn"":""Qualimetrix\\Analysis\\Evidence\\Prioritization\\Debt\\RemediationTimeRegistry""},{""owner"":""Analysis.Policy.Baseline"",""source_fqcn"":""Qualimetrix\\Analysis\\Policy\\Baseline\\BaselineCleaner""},{""owner"":""Analysis.Policy.Baseline"",""source_fqcn"":""Qualimetrix\\Analysis\\Policy\\Baseline\\BaselineEntryParser""},{""owner"":""Analysis.Policy.Baseline"",""source_fqcn"":""Qualimetrix\\Analysis\\Policy\\Baseline\\BaselineGenerator""},{""owner"":""Analysis.Policy.Baseline"",""source_fqcn"":""Qualimetrix\\Analysis\\Policy\\Baseline\\BaselineUpdater""},{""owner"":""Analysis.Policy.Baseline"",""source_fqcn"":""Qualimetrix\\Analysis\\Policy\\Baseline\\Filter\\BaselineCeilingStage""},{""owner"":""Infrastructure.Console"",""source_fqcn"":""Qualimetrix\\Infrastructure\\Console\\Command\\BaselineCleanupCommand""},{""owner"":""Infrastructure.Console"",""source_fqcn"":""Qualimetrix\\Infrastructure\\Console\\ExitCodeResolver""},{""owner"":""Infrastructure.DependencyInjection"",""source_fqcn"":""Qualimetrix\\Infrastructure\\DependencyInjection\\Configurator\\OutputConfigurator""},{""owner"":""Infrastructure.DependencyInjection"",""source_fqcn"":""Qualimetrix\\Infrastructure\\DependencyInjection\\Configurator\\RuleConfigurator""},{""owner"":""Reporting"",""source_fqcn"":""Qualimetrix\\Reporting\\FindingProjection\\FindingProjector""},{""owner"":""Analysis.Policy.Inline"",""source_fqcn"":""Qualimetrix\\Analysis\\Policy\\Inline\\Directive\\Audit\\DirectiveUsage""},{""owner"":""Infrastructure.DependencyInjection"",""source_fqcn"":""Qualimetrix\\Infrastructure\\DependencyInjection\\Configurator\\AnalysisConfigurator""},{""owner"":""Analysis.Policy.Inline"",""source_fqcn"":""Qualimetrix\\Analysis\\Policy\\Inline\\Directive\\Audit\\ThresholdDirectiveAudit""},{""owner"":""Analysis.Policy.Inline"",""source_fqcn"":""Qualimetrix\\Analysis\\Policy\\Inline\\Directive\\InlineDirectiveValidator""},{""owner"":""Analysis.Policy.Inline"",""source_fqcn"":""Qualimetrix\\Analysis\\Policy\\Inline\\Directive\\DirectiveAddressability""},{""owner"":""Analysis.Policy.Inline"",""source_fqcn"":""Qualimetrix\\Analysis\\Policy\\Inline\\Directive\\DirectiveNameHints""},{""owner"":""Infrastructure.Console"",""source_fqcn"":""Qualimetrix\\Infrastructure\\Console\\Command\\RulesCommand""},{""owner"":""Infrastructure.Console"",""source_fqcn"":""Qualimetrix\\Infrastructure\\Console\\Command\\BaselineExplainCommand""}]"
src/Analysis/Finding/Contract/ChannelIdentityInterface.php	Qualimetrix\Analysis\Finding\Contract\ChannelIdentityInterface	interface	Analysis.Finding	contract	"[{""owner"":""Analysis.Policy.Baseline"",""source_fqcn"":""Qualimetrix\\Analysis\\Policy\\Baseline\\BaselineMigrator""},{""owner"":""Analysis.Policy.Baseline"",""source_fqcn"":""Qualimetrix\\Analysis\\Policy\\Baseline\\BoundaryExplanationService""},{""owner"":""Analysis.Policy.Inline"",""source_fqcn"":""Qualimetrix\\Analysis\\Policy\\Inline\\Directive\\DirectiveAddressability""},{""owner"":""Analysis.Policy.Inline"",""source_fqcn"":""Qualimetrix\\Analysis\\Policy\\Inline\\Directive\\DirectiveChannelBan""},{""owner"":""Analysis.Policy.Inline"",""source_fqcn"":""Qualimetrix\\Analysis\\Policy\\Inline\\Directive\\DirectiveNameHints""},{""owner"":""Analysis.Policy.Inline"",""source_fqcn"":""Qualimetrix\\Analysis\\Policy\\Inline\\Directive\\Audit\\DirectiveUsage""},{""owner"":""Analysis.Policy.Inline"",""source_fqcn"":""Qualimetrix\\Analysis\\Policy\\Inline\\Directive\\InlineDirectiveValidator""},{""owner"":""Analysis.Policy.Inline"",""source_fqcn"":""Qualimetrix\\Analysis\\Policy\\Inline\\Directive\\Audit\\ThresholdDirectiveAudit""},{""owner"":""Infrastructure.DependencyInjection"",""source_fqcn"":""Qualimetrix\\Infrastructure\\DependencyInjection\\Configurator\\AnalysisConfigurator""},{""owner"":""Infrastructure.DependencyInjection"",""source_fqcn"":""Qualimetrix\\Infrastructure\\DependencyInjection\\Configurator\\FindingConfigurator""},{""owner"":""Infrastructure.DependencyInjection"",""source_fqcn"":""Qualimetrix\\Infrastructure\\DependencyInjection\\Configurator\\RuleConfigurator""}]"
src/Analysis/Finding/Contract/ChannelPresentation.php	Qualimetrix\Analysis\Finding\Contract\ChannelPresentation	class	Analysis.Finding	contract	"[{""owner"":""Infrastructure.Rule"",""source_fqcn"":""Qualimetrix\\Infrastructure\\Rule\\ComputedMetricChannelPresentation""},{""owner"":""Reporting"",""source_fqcn"":""Qualimetrix\\Reporting\\Formatter\\Sarif\\SarifRuleCollector""}]"
src/Analysis/Finding/Contract/ChannelPresentationInterface.php	Qualimetrix\Analysis\Finding\Contract\ChannelPresentationInterface	interface	Analysis.Finding	contract	"[{""owner"":""Infrastructure.DependencyInjection"",""source_fqcn"":""Qualimetrix\\Infrastructure\\DependencyInjection\\Configurator\\RuleConfigurator""},{""owner"":""Infrastructure.Rule"",""source_fqcn"":""Qualimetrix\\Infrastructure\\Rule\\ComputedMetricChannelPresentation""},{""owner"":""Reporting"",""source_fqcn"":""Qualimetrix\\Reporting\\Formatter\\Sarif\\SarifRuleCollector""}]"
src/Analysis/Finding/Contract/ChannelShape.php	Qualimetrix\Analysis\Finding\Contract\ChannelShape	enum	Analysis.Finding	contract	"[{""owner"":""Analysis.Evidence.CircularDependency"",""source_fqcn"":""Qualimetrix\\Analysis\\Evidence\\CircularDependency\\CircularDependencyRule""},{""owner"":""Analysis.Evidence.CodeSmell"",""source_fqcn"":""Qualimetrix\\Analysis\\Evidence\\CodeSmell\\AbstractCodeSmellRule""},{""owner"":""Analysis.Evidence.CodeSmell"",""source_fqcn"":""Qualimetrix\\Analysis\\Evidence\\CodeSmell\\ConstructorOverinjectionRule""},{""owner"":""Analysis.Evidence.CodeSmell"",""source_fqcn"":""Qualimetrix\\Analysis\\Evidence\\CodeSmell\\IdenticalSubExpressionRule""},{""owner"":""Analysis.Evidence.CodeSmell"",""source_fqcn"":""Qualimetrix\\Analysis\\Evidence\\CodeSmell\\LongParameterListRule""},{""owner"":""Analysis.Evidence.CodeSmell"",""source_fqcn"":""Qualimetrix\\Analysis\\Evidence\\CodeSmell\\UnreachableCodeRule""},{""owner"":""Analysis.Evidence.CodeSmell"",""source_fqcn"":""Qualimetrix\\Analysis\\Evidence\\CodeSmell\\UnusedPrivateRule""},{""owner"":""Analysis.Evidence.Cohesion"",""source_fqcn"":""Qualimetrix\\Analysis\\Evidence\\Cohesion\\LcomRule""},{""owner"":""Analysis.Evidence.Complexity"",""source_fqcn"":""Qualimetrix\\Analysis\\Evidence\\Complexity\\CognitiveComplexityRule""},{""owner"":""Analysis.Evidence.Complexity"",""source_fqcn"":""Qualimetrix\\Analysis\\Evidence\\Complexity\\ComplexityRule""},{""owner"":""Analysis.Evidence.Complexity"",""source_fqcn"":""Qualimetrix\\Analysis\\Evidence\\Complexity\\NpathComplexityRule""},{""owner"":""Analysis.Evidence.Complexity"",""source_fqcn"":""Qualimetrix\\Analysis\\Evidence\\Complexity\\WmcRule""},{""owner"":""Analysis.Evidence.ComputedMetrics"",""source_fqcn"":""Qualimetrix\\Analysis\\Evidence\\ComputedMetrics\\ComputedMetricRule""},{""owner"":""Analysis.Evidence.ComputedMetrics"",""source_fqcn"":""Qualimetrix\\Analysis\\Evidence\\ComputedMetrics\\Contract\\Finding\\ComputedMetricChannelFamily""},{""owner"":""Analysis.Evidence.Coupling"",""source_fqcn"":""Qualimetrix\\Analysis\\Evidence\\Coupling\\CboRule""},{""owner"":""Analysis.Evidence.Coupling"",""source_fqcn"":""Qualimetrix\\Analysis\\Evidence\\Coupling\\ClassRankRule""},{""owner"":""Analysis.Evidence.Coupling"",""source_fqcn"":""Qualimetrix\\Analysis\\Evidence\\Coupling\\DistanceRule""},{""owner"":""Analysis.Evidence.Coupling"",""source_fqcn"":""Qualimetrix\\Analysis\\Evidence\\Coupling\\InstabilityRule""},{""owner"":""Analysis.Evidence.Coupling"",""source_fqcn"":""Qualimetrix\\Analysis\\Evidence\\Coupling\\UnmatchedFrameworkNamespaceRule""},{""owner"":""Analysis.Evidence.Design"",""source_fqcn"":""Qualimetrix\\Analysis\\Evidence\\Design\\DataClass\\DataClassRule""},{""owner"":""Analysis.Evidence.Design"",""source_fqcn"":""Qualimetrix\\Analysis\\Evidence\\Design\\GodClass\\GodClassRule""},{""owner"":""Analysis.Evidence.Design"",""source_fqcn"":""Qualimetrix\\Analysis\\Evidence\\Design\\Inheritance\\InheritanceRule""},{""owner"":""Analysis.Evidence.Design"",""source_fqcn"":""Qualimetrix\\Analysis\\Evidence\\Design\\Inheritance\\NocRule""},{""owner"":""Analysis.Evidence.Design"",""source_fqcn"":""Qualimetrix\\Analysis\\Evidence\\Design\\TypeCoverage\\AbstractTypeCoverageRule""},{""owner"":""Analysis.Evidence.Duplication"",""source_fqcn"":""Qualimetrix\\Analysis\\Evidence\\Duplication\\CodeDuplicationRule""},{""owner"":""Analysis.Evidence.Maintainability"",""source_fqcn"":""Qualimetrix\\Analysis\\Evidence\\Maintainability\\MaintainabilityRule""},{""owner"":""Analysis.Evidence.Security"",""source_fqcn"":""Qualimetrix\\Analysis\\Evidence\\Security\\AbstractSecurityPatternRule""},{""owner"":""Analysis.Evidence.Security"",""source_fqcn"":""Qualimetrix\\Analysis\\Evidence\\Security\\HardcodedCredentialsRule""},{""owner"":""Analysis.Evidence.Security"",""source_fqcn"":""Qualimetrix\\Analysis\\Evidence\\Security\\SensitiveParameterRule""},{""owner"":""Analysis.Evidence.Size"",""source_fqcn"":""Qualimetrix\\Analysis\\Evidence\\Size\\ClassCountRule""},{""owner"":""Analysis.Evidence.Size"",""source_fqcn"":""Qualimetrix\\Analysis\\Evidence\\Size\\MethodCountRule""},{""owner"":""Analysis.Evidence.Size"",""source_fqcn"":""Qualimetrix\\Analysis\\Evidence\\Size\\PropertyCountRule""},{""owner"":""Analysis.Policy.Architecture"",""source_fqcn"":""Qualimetrix\\Analysis\\Policy\\Architecture\\LayerViolation\\LayerDeclarationValidator""},{""owner"":""Analysis.Policy.Architecture"",""source_fqcn"":""Qualimetrix\\Analysis\\Policy\\Architecture\\LayerViolation\\LayerViolationRule""},{""owner"":""Analysis.Policy.Architecture"",""source_fqcn"":""Qualimetrix\\Analysis\\Policy\\Architecture\\LayerViolation\\UnassignedClassRule""},{""owner"":""Analysis.Policy.Baseline"",""source_fqcn"":""Qualimetrix\\Analysis\\Policy\\Baseline\\BaselineEntry""},{""owner"":""Analysis.Policy.Baseline"",""source_fqcn"":""Qualimetrix\\Analysis\\Policy\\Baseline\\BaselineEntryParser""},{""owner"":""Analysis.Policy.Baseline"",""source_fqcn"":""Qualimetrix\\Analysis\\Policy\\Baseline\\BaselineUpdater""},{""owner"":""Analysis.Policy.Inline"",""source_fqcn"":""Qualimetrix\\Analysis\\Policy\\Inline\\Directive\\InlineDirectiveValidator""},{""owner"":""Analysis.Policy.Inline"",""source_fqcn"":""Qualimetrix\\Analysis\\Policy\\Inline\\Directive\\UnusedDirectiveRule""},{""owner"":""Analysis.Run"",""source_fqcn"":""Qualimetrix\\Analysis\\Run\\ExcludeBinding\\UnmatchedExcludeRule""},{""owner"":""Infrastructure.DependencyInjection"",""source_fqcn"":""Qualimetrix\\Infrastructure\\DependencyInjection\\CompilerPass\\ChannelDeclarationCompilerPass""},{""owner"":""Infrastructure.DependencyInjection"",""source_fqcn"":""Qualimetrix\\Infrastructure\\DependencyInjection\\CompilerPass\\JudgedMetricDeclarationGuard""},{""owner"":""Reporting"",""source_fqcn"":""Qualimetrix\\Reporting\\Formatter\\AcceptedLevelNarrator""}]"
src/Analysis/Finding/Contract/ChannelUniverseInterface.php	Qualimetrix\Analysis\Finding\Contract\ChannelUniverseInterface	interface	Analysis.Finding	contract	"[{""owner"":""Infrastructure.Console"",""source_fqcn"":""Qualimetrix\\Infrastructure\\Console\\ChannelExclusionKeyValidator""},{""owner"":""Infrastructure.Console"",""source_fqcn"":""Qualimetrix\\Infrastructure\\Console\\RuleInputValidator""},{""owner"":""Infrastructure.DependencyInjection"",""source_fqcn"":""Qualimetrix\\Infrastructure\\DependencyInjection\\Configurator\\RuleConfigurator""},{""owner"":""Infrastructure.Rule"",""source_fqcn"":""Qualimetrix\\Infrastructure\\Rule\\ChannelUniverse""},{""owner"":""Infrastructure.Rule"",""source_fqcn"":""Qualimetrix\\Infrastructure\\Rule\\Contract\\RuleChannelSnapshotFactoryInterface""}]"
src/Analysis/Finding/Contract/ConfigurationValidatorInterface.php	Qualimetrix\Analysis\Finding\Contract\ConfigurationValidatorInterface	interface	Analysis.Finding	contract	"[{""owner"":""Analysis.Policy.Architecture"",""source_fqcn"":""Qualimetrix\\Analysis\\Policy\\Architecture\\LayerViolation\\LayerDeclarationValidator""},{""owner"":""Analysis.Policy.Inline"",""source_fqcn"":""Qualimetrix\\Analysis\\Policy\\Inline\\Directive\\InlineDirectiveValidator""},{""owner"":""Infrastructure.Rule"",""source_fqcn"":""Qualimetrix\\Infrastructure\\Rule\\ConfigurationValidatorRegistry""}]"
src/Analysis/Finding/Contract/Configuration/FindingCliOverrides.php	Qualimetrix\Analysis\Finding\Contract\Configuration\FindingCliOverrides	class	Analysis.Finding	contract	"[{""owner"":""Infrastructure.Console"",""source_fqcn"":""Qualimetrix\\Infrastructure\\Console\\RuleInputValidator""}]"
src/Analysis/Finding/Contract/Configuration/FindingConfiguration.php	Qualimetrix\Analysis\Finding\Contract\Configuration\FindingConfiguration	class	Analysis.Finding	contract	"[{""owner"":""Analysis.Evidence.Cohesion"",""source_fqcn"":""Qualimetrix\\Analysis\\Evidence\\Cohesion\\Configuration\\LcomCollectionConfigurationResolver""},{""owner"":""Analysis.Evidence.Cohesion"",""source_fqcn"":""Qualimetrix\\Analysis\\Evidence\\Cohesion\\Contract\\LcomCollectionConfigurationResolverInterface""},{""owner"":""Infrastructure.Console"",""source_fqcn"":""Qualimetrix\\Infrastructure\\Console\\AnalysisRuntimeConfigurator""},{""owner"":""Infrastructure.Console"",""source_fqcn"":""Qualimetrix\\Infrastructure\\Console\\RuleInputValidator""},{""owner"":""Infrastructure.Console"",""source_fqcn"":""Qualimetrix\\Infrastructure\\Console\\RuntimeConfigurator""},{""owner"":""Infrastructure.Console"",""source_fqcn"":""Qualimetrix\\Infrastructure\\Console\\PreparedAnalysisInput""}]"
src/Analysis/Finding/Contract/Configuration/FindingConfigurationResolverInterface.php	Qualimetrix\Analysis\Finding\Contract\Configuration\FindingConfigurationResolverInterface	interface	Analysis.Finding	contract	"[{""owner"":""Infrastructure.Console"",""source_fqcn"":""Qualimetrix\\Infrastructure\\Console\\RuleInputValidator""},{""owner"":""Infrastructure.DependencyInjection"",""source_fqcn"":""Qualimetrix\\Infrastructure\\DependencyInjection\\Configurator\\OutputConfigurator""}]"
src/Analysis/Finding/Contract/Control/ControlScope.php	Qualimetrix\Analysis\Finding\Contract\Control\ControlScope	enum	Analysis.Finding	contract	"[{""owner"":""Analysis.Policy.Inline"",""source_fqcn"":""Qualimetrix\\Analysis\\Policy\\Inline\\Contract\\Directive\\DeclarationBinding""},{""owner"":""Analysis.Policy.Inline"",""source_fqcn"":""Qualimetrix\\Analysis\\Policy\\Inline\\Contract\\SuppressionExtractor""},{""owner"":""Analysis.Policy.Inline"",""source_fqcn"":""Qualimetrix\\Analysis\\Policy\\Inline\\Contract\\ThresholdOverrideExtractor""},{""owner"":""Analysis.Policy.Inline"",""source_fqcn"":""Qualimetrix\\Analysis\\Policy\\Inline\\Extraction\\DeclarationControlBindings""},{""owner"":""Analysis.Policy.Inline"",""source_fqcn"":""Qualimetrix\\Analysis\\Policy\\Inline\\Extraction\\SourceControlExtractor""}]"
src/Analysis/Finding/Contract/Filter/ChannelFileScope.php	Qualimetrix\Analysis\Finding\Contract\Filter\ChannelFileScope	class	Analysis.Finding	contract	"[{""owner"":""Reporting"",""source_fqcn"":""Qualimetrix\\Reporting\\FindingProjection\\DeclaredChannelFileScope""}]"
src/Analysis/Finding/Contract/Filter/FindingFilterInterface.php	Qualimetrix\Analysis\Finding\Contract\Filter\FindingFilterInterface	interface	Analysis.Finding	contract	"[{""owner"":""Analysis.Policy.Inline"",""source_fqcn"":""Qualimetrix\\Analysis\\Policy\\Inline\\Suppression\\SuppressionFilter""},{""owner"":""Reporting"",""source_fqcn"":""Qualimetrix\\Reporting\\FindingProjection\\FindingProjector""}]"
src/Analysis/Finding/Contract/Filter/FindingFilterStage.php	Qualimetrix\Analysis\Finding\Contract\Filter\FindingFilterStage	enum	Analysis.Finding	contract	"[{""owner"":""Analysis.Policy.Baseline"",""source_fqcn"":""Qualimetrix\\Analysis\\Policy\\Baseline\\Filter\\BaselineCeilingStage""},{""owner"":""Infrastructure.Console"",""source_fqcn"":""Qualimetrix\\Infrastructure\\Console\\FindingFilterOrchestrator""},{""owner"":""Reporting"",""source_fqcn"":""Qualimetrix\\Reporting\\FindingProjection\\FindingProjectionResult""},{""owner"":""Reporting"",""source_fqcn"":""Qualimetrix\\Reporting\\FindingProjection\\FindingProjector""},{""owner"":""Reporting"",""source_fqcn"":""Qualimetrix\\Reporting\\FindingProjection\\SuppressionCompositionBuilder""},{""owner"":""Reporting"",""source_fqcn"":""Qualimetrix\\Reporting\\FindingProjection\\SuppressionMechanism""}]"
src/Analysis/Finding/Contract/Filter/FindingFilterStageInterface.php	Qualimetrix\Analysis\Finding\Contract\Filter\FindingFilterStageInterface	interface	Analysis.Finding	contract	"[{""owner"":""Analysis.Policy.Baseline"",""source_fqcn"":""Qualimetrix\\Analysis\\Policy\\Baseline\\Filter\\BaselineCeilingStage""}]"
src/Analysis/Finding/Contract/Filter/FindingFilterStageResult.php	Qualimetrix\Analysis\Finding\Contract\Filter\FindingFilterStageResult	class	Analysis.Finding	contract	"[{""owner"":""Analysis.Policy.Baseline"",""source_fqcn"":""Qualimetrix\\Analysis\\Policy\\Baseline\\Filter\\BaselineCeilingStage""},{""owner"":""Analysis.Policy.Baseline"",""source_fqcn"":""Qualimetrix\\Analysis\\Policy\\Baseline\\Filter\\CeilingOutcome""}]"
src/Analysis/Finding/Contract/Filter/NamespaceExclusionFilter.php	Qualimetrix\Analysis\Finding\Contract\Filter\NamespaceExclusionFilter	class	Analysis.Finding	contract	"[{""owner"":""Reporting"",""source_fqcn"":""Qualimetrix\\Reporting\\FindingProjection\\FindingProjector""}]"
src/Analysis/Finding/Contract/Filter/PathExclusionFilter.php	Qualimetrix\Analysis\Finding\Contract\Filter\PathExclusionFilter	class	Analysis.Finding	contract	"[{""owner"":""Reporting"",""source_fqcn"":""Qualimetrix\\Reporting\\FindingProjection\\FindingProjector""}]"
src/Analysis/Finding/Contract/Filter/PredicateFilterStage.php	Qualimetrix\Analysis\Finding\Contract\Filter\PredicateFilterStage	class	Analysis.Finding	contract	"[{""owner"":""Reporting"",""source_fqcn"":""Qualimetrix\\Reporting\\FindingProjection\\FindingProjector""}]"
src/Analysis/Finding/Contract/Finding.php	Qualimetrix\Analysis\Finding\Contract\Finding	class	Analysis.Finding	contract	"[{""owner"":""Analysis.Evidence.CircularDependency"",""source_fqcn"":""Qualimetrix\\Analysis\\Evidence\\CircularDependency\\CircularDependencyRule""},{""owner"":""Analysis.Evidence.CodeSmell"",""source_fqcn"":""Qualimetrix\\Analysis\\Evidence\\CodeSmell\\CodeSmellFinding""},{""owner"":""Analysis.Evidence.CodeSmell"",""source_fqcn"":""Qualimetrix\\Analysis\\Evidence\\CodeSmell\\ConstructorOverinjectionRule""},{""owner"":""Analysis.Evidence.CodeSmell"",""source_fqcn"":""Qualimetrix\\Analysis\\Evidence\\CodeSmell\\IdenticalSubExpressionRule""},{""owner"":""Analysis.Evidence.CodeSmell"",""source_fqcn"":""Qualimetrix\\Analysis\\Evidence\\CodeSmell\\LongParameterListRule""},{""owner"":""Analysis.Evidence.CodeSmell"",""source_fqcn"":""Qualimetrix\\Analysis\\Evidence\\CodeSmell\\UnreachableCodeRule""},{""owner"":""Analysis.Evidence.CodeSmell"",""source_fqcn"":""Qualimetrix\\Analysis\\Evidence\\CodeSmell\\UnusedPrivateRule""},{""owner"":""Analysis.Evidence.Cohesion"",""source_fqcn"":""Qualimetrix\\Analysis\\Evidence\\Cohesion\\LcomRule""},{""owner"":""Analysis.Evidence.Complexity"",""source_fqcn"":""Qualimetrix\\Analysis\\Evidence\\Complexity\\CognitiveComplexityRule""},{""owner"":""Analysis.Evidence.Complexity"",""source_fqcn"":""Qualimetrix\\Analysis\\Evidence\\Complexity\\ComplexityRule""},{""owner"":""Analysis.Evidence.Complexity"",""source_fqcn"":""Qualimetrix\\Analysis\\Evidence\\Complexity\\NpathComplexityRule""},{""owner"":""Analysis.Evidence.Complexity"",""source_fqcn"":""Qualimetrix\\Analysis\\Evidence\\Complexity\\WmcRule""},{""owner"":""Analysis.Evidence.ComputedMetrics"",""source_fqcn"":""Qualimetrix\\Analysis\\Evidence\\ComputedMetrics\\Finding\\ComputedMetricFindingBuilder""},{""owner"":""Analysis.Evidence.Coupling"",""source_fqcn"":""Qualimetrix\\Analysis\\Evidence\\Coupling\\CboRule""},{""owner"":""Analysis.Evidence.Coupling"",""source_fqcn"":""Qualimetrix\\Analysis\\Evidence\\Coupling\\ClassRankRule""},{""owner"":""Analysis.Evidence.Coupling"",""source_fqcn"":""Qualimetrix\\Analysis\\Evidence\\Coupling\\DistanceRule""},{""owner"":""Analysis.Evidence.Coupling"",""source_fqcn"":""Qualimetrix\\Analysis\\Evidence\\Coupling\\InstabilityRule""},{""owner"":""Analysis.Evidence.Coupling"",""source_fqcn"":""Qualimetrix\\Analysis\\Evidence\\Coupling\\UnmatchedFrameworkNamespaceRule""},{""owner"":""Analysis.Evidence.Design"",""source_fqcn"":""Qualimetrix\\Analysis\\Evidence\\Design\\DataClass\\DataClassRule""},{""owner"":""Analysis.Evidence.Design"",""source_fqcn"":""Qualimetrix\\Analysis\\Evidence\\Design\\GodClass\\GodClassRule""},{""owner"":""Analysis.Evidence.Design"",""source_fqcn"":""Qualimetrix\\Analysis\\Evidence\\Design\\Inheritance\\InheritanceRule""},{""owner"":""Analysis.Evidence.Design"",""source_fqcn"":""Qualimetrix\\Analysis\\Evidence\\Design\\Inheritance\\NocRule""},{""owner"":""Analysis.Evidence.Design"",""source_fqcn"":""Qualimetrix\\Analysis\\Evidence\\Design\\TypeCoverage\\AbstractTypeCoverageRule""},{""owner"":""Analysis.Evidence.Duplication"",""source_fqcn"":""Qualimetrix\\Analysis\\Evidence\\Duplication\\CodeDuplicationRule""},{""owner"":""Analysis.Evidence.Maintainability"",""source_fqcn"":""Qualimetrix\\Analysis\\Evidence\\Maintainability\\MaintainabilityRule""},{""owner"":""Analysis.Evidence.Prioritization"",""source_fqcn"":""Qualimetrix\\Analysis\\Evidence\\Prioritization\\Debt\\RemediationTimeRegistry""},{""owner"":""Analysis.Evidence.Prioritization"",""source_fqcn"":""Qualimetrix\\Analysis\\Evidence\\Prioritization\\Impact\\ClassRankResolver""},{""owner"":""Analysis.Evidence.Prioritization"",""source_fqcn"":""Qualimetrix\\Analysis\\Evidence\\Prioritization\\Impact\\RankedIssue""},{""owner"":""Analysis.Evidence.Security"",""source_fqcn"":""Qualimetrix\\Analysis\\Evidence\\Security\\HardcodedCredentialsRule""},{""owner"":""Analysis.Evidence.Security"",""source_fqcn"":""Qualimetrix\\Analysis\\Evidence\\Security\\SecurityPatternFinding""},{""owner"":""Analysis.Evidence.Security"",""source_fqcn"":""Qualimetrix\\Analysis\\Evidence\\Security\\SensitiveParameterRule""},{""owner"":""Analysis.Evidence.Size"",""source_fqcn"":""Qualimetrix\\Analysis\\Evidence\\Size\\ClassCountRule""},{""owner"":""Analysis.Evidence.Size"",""source_fqcn"":""Qualimetrix\\Analysis\\Evidence\\Size\\MethodCountRule""},{""owner"":""Analysis.Evidence.Size"",""source_fqcn"":""Qualimetrix\\Analysis\\Evidence\\Size\\PropertyCountRule""},{""owner"":""Analysis.Policy.Architecture"",""source_fqcn"":""Qualimetrix\\Analysis\\Policy\\Architecture\\LayerViolation\\DeclaredLayerReachability""},{""owner"":""Analysis.Policy.Architecture"",""source_fqcn"":""Qualimetrix\\Analysis\\Policy\\Architecture\\LayerViolation\\LayerViolationFinding""},{""owner"":""Analysis.Policy.Architecture"",""source_fqcn"":""Qualimetrix\\Analysis\\Policy\\Architecture\\LayerViolation\\UnassignedClassSummary""},{""owner"":""Analysis.Policy.Architecture"",""source_fqcn"":""Qualimetrix\\Analysis\\Policy\\Architecture\\LayerViolation\\UnmatchedExcludeDiagnostic""},{""owner"":""Analysis.Policy.Baseline"",""source_fqcn"":""Qualimetrix\\Analysis\\Policy\\Baseline\\BaselineIdentity""},{""owner"":""Analysis.Policy.Baseline"",""source_fqcn"":""Qualimetrix\\Analysis\\Policy\\Baseline\\BoundaryExplanationService""},{""owner"":""Analysis.Policy.Inline"",""source_fqcn"":""Qualimetrix\\Analysis\\Policy\\Inline\\Directive\\Audit\\DirectiveUsage""},{""owner"":""Analysis.Policy.Inline"",""source_fqcn"":""Qualimetrix\\Analysis\\Policy\\Inline\\Directive\\Audit\\ExecutionFingerprint""},{""owner"":""Analysis.Policy.Inline"",""source_fqcn"":""Qualimetrix\\Analysis\\Policy\\Inline\\Directive\\Audit\\StaleDirectiveFinding""},{""owner"":""Analysis.Policy.Inline"",""source_fqcn"":""Qualimetrix\\Analysis\\Policy\\Inline\\Directive\\Audit\\ThresholdDirectiveAudit""},{""owner"":""Analysis.Policy.Inline"",""source_fqcn"":""Qualimetrix\\Analysis\\Policy\\Inline\\Directive\\InlineDirectiveValidator""},{""owner"":""Analysis.Policy.Inline"",""source_fqcn"":""Qualimetrix\\Analysis\\Policy\\Inline\\Suppression\\SuppressionFilter""},{""owner"":""Analysis.Run"",""source_fqcn"":""Qualimetrix\\Analysis\\Run\\Contract\\Pipeline\\AnalysisResult""},{""owner"":""Analysis.Run"",""source_fqcn"":""Qualimetrix\\Analysis\\Run\\ExcludeBinding\\UnjudgedExcludeFinding""},{""owner"":""Analysis.Run"",""source_fqcn"":""Qualimetrix\\Analysis\\Run\\ExcludeBinding\\UnmatchedExcludeAudit""},{""owner"":""Reporting"",""source_fqcn"":""Qualimetrix\\Reporting\\DrillDown\\FindingFilter""},{""owner"":""Reporting"",""source_fqcn"":""Qualimetrix\\Reporting\\FindingProjection\\DirectiveSuppressorResolver""},{""owner"":""Reporting"",""source_fqcn"":""Qualimetrix\\Reporting\\FindingProjection\\FindingProjector""},{""owner"":""Reporting"",""source_fqcn"":""Qualimetrix\\Reporting\\FindingProjection\\SuppressedFinding""},{""owner"":""Reporting"",""source_fqcn"":""Qualimetrix\\Reporting\\FindingProjection\\SuppressionCompositionBuilder""},{""owner"":""Reporting"",""source_fqcn"":""Qualimetrix\\Reporting\\Formatter\\CheckstyleFormatter""},{""owner"":""Reporting"",""source_fqcn"":""Qualimetrix\\Reporting\\Formatter\\GitLabCodeQualityFormatter""},{""owner"":""Reporting"",""source_fqcn"":""Qualimetrix\\Reporting\\Formatter\\GithubActionsFormatter""},{""owner"":""Reporting"",""source_fqcn"":""Qualimetrix\\Reporting\\Formatter\\Json\\JsonFindingSection""},{""owner"":""Reporting"",""source_fqcn"":""Qualimetrix\\Reporting\\Formatter\\Sarif\\SarifFormatter""},{""owner"":""Reporting"",""source_fqcn"":""Qualimetrix\\Reporting\\Formatter\\Summary\\TopIssuesRenderer""},{""owner"":""Reporting"",""source_fqcn"":""Qualimetrix\\Reporting\\Formatter\\AcceptedLevelNarrator""},{""owner"":""Reporting"",""source_fqcn"":""Qualimetrix\\Reporting\\Formatter\\Detail\\FindingDetailRenderer""},{""owner"":""Reporting"",""source_fqcn"":""Qualimetrix\\Reporting\\Formatter\\Ordering\\FindingSorter""},{""owner"":""Reporting"",""source_fqcn"":""Qualimetrix\\Reporting\\Formatter\\TextFormatter""},{""owner"":""Reporting"",""source_fqcn"":""Qualimetrix\\Reporting\\Report""},{""owner"":""Reporting"",""source_fqcn"":""Qualimetrix\\Reporting\\ReportBuilder""}]"
src/Analysis/Finding/Contract/FindingChannel.php	Qualimetrix\Analysis\Finding\Contract\FindingChannel	class	Analysis.Finding	contract	"[{""owner"":""Analysis.Policy.Baseline"",""source_fqcn"":""Qualimetrix\\Analysis\\Policy\\Baseline\\BaselineEntryPayload""},{""owner"":""Analysis.Policy.Baseline"",""source_fqcn"":""Qualimetrix\\Analysis\\Policy\\Baseline\\ChannelRenameMap""},{""owner"":""Analysis.Evidence.ComputedMetrics"",""source_fqcn"":""Qualimetrix\\Analysis\\Evidence\\ComputedMetrics\\ComputedMetricOverrideReader""},{""owner"":""Analysis.Policy.Baseline"",""source_fqcn"":""Qualimetrix\\Analysis\\Policy\\Baseline\\BaselineEntryParser""},{""owner"":""Analysis.Policy.Baseline"",""source_fqcn"":""Qualimetrix\\Analysis\\Policy\\Baseline\\BaselineIdentity""},{""owner"":""Analysis.Policy.Baseline"",""source_fqcn"":""Qualimetrix\\Analysis\\Policy\\Baseline\\BoundaryExplanationService""},{""owner"":""Analysis.Policy.Baseline"",""source_fqcn"":""Qualimetrix\\Analysis\\Policy\\Baseline\\ExplainedSubject""},{""owner"":""Analysis.Policy.Inline"",""source_fqcn"":""Qualimetrix\\Analysis\\Policy\\Inline\\Contract\\Suppression\\SuppressionTarget""},{""owner"":""Analysis.Policy.Inline"",""source_fqcn"":""Qualimetrix\\Analysis\\Policy\\Inline\\Directive\\DirectiveAddressability""},{""owner"":""Analysis.Policy.Inline"",""source_fqcn"":""Qualimetrix\\Analysis\\Policy\\Inline\\Directive\\DirectiveNameHints""},{""owner"":""Infrastructure.Console"",""source_fqcn"":""Qualimetrix\\Infrastructure\\Console\\ChannelExclusionKeyHints""},{""owner"":""Infrastructure.Console"",""source_fqcn"":""Qualimetrix\\Infrastructure\\Console\\ChannelExclusionKeyValidator""},{""owner"":""Infrastructure.Console"",""source_fqcn"":""Qualimetrix\\Infrastructure\\Console\\Command\\BaselineExplainCommand""},{""owner"":""Infrastructure.Console"",""source_fqcn"":""Qualimetrix\\Infrastructure\\Console\\RuleInputValidator""},{""owner"":""Infrastructure.DependencyInjection"",""source_fqcn"":""Qualimetrix\\Infrastructure\\DependencyInjection\\CompilerPass\\ChannelDeclarationCompilerPass""},{""owner"":""Infrastructure.Rule"",""source_fqcn"":""Qualimetrix\\Infrastructure\\Rule\\ChannelUniverse""}]"
src/Analysis/Finding/Contract/JudgedMetrics.php	Qualimetrix\Analysis\Finding\Contract\JudgedMetrics	class	Analysis.Finding	contract	"[{""owner"":""Analysis.Evidence.CodeSmell"",""source_fqcn"":""Qualimetrix\\Analysis\\Evidence\\CodeSmell\\ConstructorOverinjectionRule""},{""owner"":""Analysis.Evidence.CodeSmell"",""source_fqcn"":""Qualimetrix\\Analysis\\Evidence\\CodeSmell\\LongParameterListRule""},{""owner"":""Analysis.Evidence.CodeSmell"",""source_fqcn"":""Qualimetrix\\Analysis\\Evidence\\CodeSmell\\UnreachableCodeRule""},{""owner"":""Analysis.Evidence.CodeSmell"",""source_fqcn"":""Qualimetrix\\Analysis\\Evidence\\CodeSmell\\UnusedPrivateRule""},{""owner"":""Analysis.Evidence.Cohesion"",""source_fqcn"":""Qualimetrix\\Analysis\\Evidence\\Cohesion\\LcomRule""},{""owner"":""Analysis.Evidence.Complexity"",""source_fqcn"":""Qualimetrix\\Analysis\\Evidence\\Complexity\\CognitiveComplexityRule""},{""owner"":""Analysis.Evidence.Complexity"",""source_fqcn"":""Qualimetrix\\Analysis\\Evidence\\Complexity\\ComplexityRule""},{""owner"":""Analysis.Evidence.Complexity"",""source_fqcn"":""Qualimetrix\\Analysis\\Evidence\\Complexity\\NpathComplexityRule""},{""owner"":""Analysis.Evidence.Complexity"",""source_fqcn"":""Qualimetrix\\Analysis\\Evidence\\Complexity\\WmcRule""},{""owner"":""Analysis.Evidence.Coupling"",""source_fqcn"":""Qualimetrix\\Analysis\\Evidence\\Coupling\\CboRule""},{""owner"":""Analysis.Evidence.Coupling"",""source_fqcn"":""Qualimetrix\\Analysis\\Evidence\\Coupling\\DistanceRule""},{""owner"":""Analysis.Evidence.Coupling"",""source_fqcn"":""Qualimetrix\\Analysis\\Evidence\\Coupling\\InstabilityRule""},{""owner"":""Analysis.Evidence.Design"",""source_fqcn"":""Qualimetrix\\Analysis\\Evidence\\Design\\DataClass\\DataClassRule""},{""owner"":""Analysis.Evidence.Design"",""source_fqcn"":""Qualimetrix\\Analysis\\Evidence\\Design\\Inheritance\\InheritanceRule""},{""owner"":""Analysis.Evidence.Design"",""source_fqcn"":""Qualimetrix\\Analysis\\Evidence\\Design\\Inheritance\\NocRule""},{""owner"":""Analysis.Evidence.Design"",""source_fqcn"":""Qualimetrix\\Analysis\\Evidence\\Design\\TypeCoverage\\AbstractTypeCoverageRule""},{""owner"":""Analysis.Evidence.Maintainability"",""source_fqcn"":""Qualimetrix\\Analysis\\Evidence\\Maintainability\\MaintainabilityRule""},{""owner"":""Analysis.Evidence.Size"",""source_fqcn"":""Qualimetrix\\Analysis\\Evidence\\Size\\ClassCountRule""},{""owner"":""Analysis.Evidence.Size"",""source_fqcn"":""Qualimetrix\\Analysis\\Evidence\\Size\\MethodCountRule""},{""owner"":""Analysis.Evidence.Size"",""source_fqcn"":""Qualimetrix\\Analysis\\Evidence\\Size\\PropertyCountRule""}]"
src/Analysis/Finding/Contract/LevelActivity.php	Qualimetrix\Analysis\Finding\Contract\LevelActivity	class	Analysis.Finding	contract	"[{""owner"":""Analysis.Run"",""source_fqcn"":""Qualimetrix\\Analysis\\Run\\RuleProducerPreparation""},{""owner"":""Analysis.Policy.Inline"",""source_fqcn"":""Qualimetrix\\Analysis\\Policy\\Inline\\Contract\\Directive\\InlineDirectivePolicyInterface""},{""owner"":""Analysis.Policy.Inline"",""source_fqcn"":""Qualimetrix\\Analysis\\Policy\\Inline\\Directive\\Audit\\ThresholdDirectiveAudit""},{""owner"":""Analysis.Policy.Inline"",""source_fqcn"":""Qualimetrix\\Analysis\\Policy\\Inline\\Directive\\InlineDirectivePolicy""},{""owner"":""Analysis.Policy.Inline"",""source_fqcn"":""Qualimetrix\\Analysis\\Policy\\Inline\\Directive\\Audit\\DirectiveUsage""}]"
src/Analysis/Finding/Contract/Location.php	Qualimetrix\Analysis\Finding\Contract\Location	class	Analysis.Finding	contract	"[{""owner"":""Analysis.Evidence.CircularDependency"",""source_fqcn"":""Qualimetrix\\Analysis\\Evidence\\CircularDependency\\CircularDependencyRule""},{""owner"":""Analysis.Evidence.CodeSmell"",""source_fqcn"":""Qualimetrix\\Analysis\\Evidence\\CodeSmell\\CodeSmellFinding""},{""owner"":""Analysis.Evidence.CodeSmell"",""source_fqcn"":""Qualimetrix\\Analysis\\Evidence\\CodeSmell\\ConstructorOverinjectionRule""},{""owner"":""Analysis.Evidence.CodeSmell"",""source_fqcn"":""Qualimetrix\\Analysis\\Evidence\\CodeSmell\\IdenticalSubExpressionRule""},{""owner"":""Analysis.Evidence.CodeSmell"",""source_fqcn"":""Qualimetrix\\Analysis\\Evidence\\CodeSmell\\LongParameterListRule""},{""owner"":""Analysis.Evidence.CodeSmell"",""source_fqcn"":""Qualimetrix\\Analysis\\Evidence\\CodeSmell\\UnreachableCodeRule""},{""owner"":""Analysis.Evidence.CodeSmell"",""source_fqcn"":""Qualimetrix\\Analysis\\Evidence\\CodeSmell\\UnusedPrivateRule""},{""owner"":""Analysis.Evidence.Cohesion"",""source_fqcn"":""Qualimetrix\\Analysis\\Evidence\\Cohesion\\LcomRule""},{""owner"":""Analysis.Evidence.Complexity"",""source_fqcn"":""Qualimetrix\\Analysis\\Evidence\\Complexity\\CognitiveComplexityRule""},{""owner"":""Analysis.Evidence.Complexity"",""source_fqcn"":""Qualimetrix\\Analysis\\Evidence\\Complexity\\ComplexityRule""},{""owner"":""Analysis.Evidence.Complexity"",""source_fqcn"":""Qualimetrix\\Analysis\\Evidence\\Complexity\\NpathComplexityRule""},{""owner"":""Analysis.Evidence.Complexity"",""source_fqcn"":""Qualimetrix\\Analysis\\Evidence\\Complexity\\WmcRule""},{""owner"":""Analysis.Evidence.ComputedMetrics"",""source_fqcn"":""Qualimetrix\\Analysis\\Evidence\\ComputedMetrics\\ComputedMetricRule""},{""owner"":""Analysis.Evidence.ComputedMetrics"",""source_fqcn"":""Qualimetrix\\Analysis\\Evidence\\ComputedMetrics\\Finding\\ComputedMetricFindingBuilder""},{""owner"":""Analysis.Evidence.Coupling"",""source_fqcn"":""Qualimetrix\\Analysis\\Evidence\\Coupling\\CboRule""},{""owner"":""Analysis.Evidence.Coupling"",""source_fqcn"":""Qualimetrix\\Analysis\\Evidence\\Coupling\\ClassRankRule""},{""owner"":""Analysis.Evidence.Coupling"",""source_fqcn"":""Qualimetrix\\Analysis\\Evidence\\Coupling\\DistanceRule""},{""owner"":""Analysis.Evidence.Coupling"",""source_fqcn"":""Qualimetrix\\Analysis\\Evidence\\Coupling\\InstabilityRule""},{""owner"":""Analysis.Evidence.Coupling"",""source_fqcn"":""Qualimetrix\\Analysis\\Evidence\\Coupling\\UnmatchedFrameworkNamespaceRule""},{""owner"":""Analysis.Evidence.Design"",""source_fqcn"":""Qualimetrix\\Analysis\\Evidence\\Design\\DataClass\\DataClassRule""},{""owner"":""Analysis.Evidence.Design"",""source_fqcn"":""Qualimetrix\\Analysis\\Evidence\\Design\\GodClass\\GodClassRule""},{""owner"":""Analysis.Evidence.Design"",""source_fqcn"":""Qualimetrix\\Analysis\\Evidence\\Design\\Inheritance\\InheritanceRule""},{""owner"":""Analysis.Evidence.Design"",""source_fqcn"":""Qualimetrix\\Analysis\\Evidence\\Design\\Inheritance\\NocRule""},{""owner"":""Analysis.Evidence.Design"",""source_fqcn"":""Qualimetrix\\Analysis\\Evidence\\Design\\TypeCoverage\\AbstractTypeCoverageRule""},{""owner"":""Analysis.Evidence.Duplication"",""source_fqcn"":""Qualimetrix\\Analysis\\Evidence\\Duplication\\CodeDuplicationRule""},{""owner"":""Analysis.Evidence.Maintainability"",""source_fqcn"":""Qualimetrix\\Analysis\\Evidence\\Maintainability\\MaintainabilityRule""},{""owner"":""Analysis.Evidence.Security"",""source_fqcn"":""Qualimetrix\\Analysis\\Evidence\\Security\\HardcodedCredentialsRule""},{""owner"":""Analysis.Evidence.Security"",""source_fqcn"":""Qualimetrix\\Analysis\\Evidence\\Security\\SecurityPatternFinding""},{""owner"":""Analysis.Evidence.Security"",""source_fqcn"":""Qualimetrix\\Analysis\\Evidence\\Security\\SensitiveParameterRule""},{""owner"":""Analysis.Evidence.Size"",""source_fqcn"":""Qualimetrix\\Analysis\\Evidence\\Size\\ClassCountRule""},{""owner"":""Analysis.Evidence.Size"",""source_fqcn"":""Qualimetrix\\Analysis\\Evidence\\Size\\MethodCountRule""},{""owner"":""Analysis.Evidence.Size"",""source_fqcn"":""Qualimetrix\\Analysis\\Evidence\\Size\\PropertyCountRule""},{""owner"":""Analysis.Policy.Architecture"",""source_fqcn"":""Qualimetrix\\Analysis\\Policy\\Architecture\\LayerViolation\\DeclaredLayerReachability""},{""owner"":""Analysis.Policy.Architecture"",""source_fqcn"":""Qualimetrix\\Analysis\\Policy\\Architecture\\LayerViolation\\LayerViolationFinding""},{""owner"":""Analysis.Policy.Architecture"",""source_fqcn"":""Qualimetrix\\Analysis\\Policy\\Architecture\\LayerViolation\\UnassignedClassSummary""},{""owner"":""Analysis.Policy.Architecture"",""source_fqcn"":""Qualimetrix\\Analysis\\Policy\\Architecture\\LayerViolation\\UnmatchedExcludeDiagnostic""},{""owner"":""Analysis.Policy.Inline"",""source_fqcn"":""Qualimetrix\\Analysis\\Policy\\Inline\\Directive\\Audit\\ExecutionFingerprint""},{""owner"":""Analysis.Policy.Inline"",""source_fqcn"":""Qualimetrix\\Analysis\\Policy\\Inline\\Directive\\Audit\\StaleDirectiveFinding""},{""owner"":""Analysis.Policy.Inline"",""source_fqcn"":""Qualimetrix\\Analysis\\Policy\\Inline\\Directive\\InlineDirectiveValidator""},{""owner"":""Analysis.Run"",""source_fqcn"":""Qualimetrix\\Analysis\\Run\\ExcludeBinding\\UnjudgedExcludeFinding""},{""owner"":""Analysis.Run"",""source_fqcn"":""Qualimetrix\\Analysis\\Run\\ExcludeBinding\\UnmatchedExcludeAudit""},{""owner"":""Reporting"",""source_fqcn"":""Qualimetrix\\Reporting\\Formatter\\Sarif\\SarifFormatter""}]"
src/Analysis/Finding/Contract/OccurrenceKey.php	Qualimetrix\Analysis\Finding\Contract\OccurrenceKey	class	Analysis.Finding	contract	"[{""owner"":""Analysis.Evidence.CircularDependency"",""source_fqcn"":""Qualimetrix\\Analysis\\Evidence\\CircularDependency\\CircularDependencyRule""},{""owner"":""Analysis.Evidence.CodeSmell"",""source_fqcn"":""Qualimetrix\\Analysis\\Evidence\\CodeSmell\\CodeSmellFinding""},{""owner"":""Analysis.Evidence.CodeSmell"",""source_fqcn"":""Qualimetrix\\Analysis\\Evidence\\CodeSmell\\IdenticalSubExpressionRule""},{""owner"":""Analysis.Evidence.Coupling"",""source_fqcn"":""Qualimetrix\\Analysis\\Evidence\\Coupling\\UnmatchedFrameworkNamespaceRule""},{""owner"":""Analysis.Evidence.Duplication"",""source_fqcn"":""Qualimetrix\\Analysis\\Evidence\\Duplication\\CodeDuplicationRule""},{""owner"":""Analysis.Evidence.Security"",""source_fqcn"":""Qualimetrix\\Analysis\\Evidence\\Security\\HardcodedCredentialsRule""},{""owner"":""Analysis.Evidence.Security"",""source_fqcn"":""Qualimetrix\\Analysis\\Evidence\\Security\\SecurityPatternFinding""},{""owner"":""Analysis.Evidence.Security"",""source_fqcn"":""Qualimetrix\\Analysis\\Evidence\\Security\\SensitiveParameterRule""},{""owner"":""Analysis.Policy.Architecture"",""source_fqcn"":""Qualimetrix\\Analysis\\Policy\\Architecture\\LayerViolation\\LayerViolationFinding""},{""owner"":""Analysis.Policy.Architecture"",""source_fqcn"":""Qualimetrix\\Analysis\\Policy\\Architecture\\LayerViolation\\UnmatchedExcludeDiagnostic""},{""owner"":""Analysis.Run"",""source_fqcn"":""Qualimetrix\\Analysis\\Run\\ExcludeBinding\\UnjudgedExcludeFinding""},{""owner"":""Analysis.Run"",""source_fqcn"":""Qualimetrix\\Analysis\\Run\\ExcludeBinding\\UnmatchedExcludeAudit""}]"
src/Analysis/Finding/Contract/ProducerDeclaration.php	Qualimetrix\Analysis\Finding\Contract\ProducerDeclaration	class	Analysis.Finding	contract	"[{""owner"":""Infrastructure.DependencyInjection"",""source_fqcn"":""Qualimetrix\\Infrastructure\\DependencyInjection\\CompilerPass\\ChannelDeclarationCompilerPass""}]"
src/Analysis/Finding/Contract/RuleConfigurationInterface.php	Qualimetrix\Analysis\Finding\Contract\RuleConfigurationInterface	interface	Analysis.Finding	contract	"[{""owner"":""Analysis.Evidence.Duplication"",""source_fqcn"":""Qualimetrix\\Analysis\\Evidence\\Duplication\\DuplicationDetector""},{""owner"":""Analysis.Policy.Inline"",""source_fqcn"":""Qualimetrix\\Analysis\\Policy\\Inline\\Directive\\Audit\\DirectiveUsage""},{""owner"":""Analysis.Run"",""source_fqcn"":""Qualimetrix\\Analysis\\Run\\RuleProducerPreparation""},{""owner"":""Infrastructure.Console"",""source_fqcn"":""Qualimetrix\\Infrastructure\\Console\\AnalysisRuntimeConfigurator""},{""owner"":""Infrastructure.DependencyInjection"",""source_fqcn"":""Qualimetrix\\Infrastructure\\DependencyInjection\\Configurator\\AnalysisConfigurator""},{""owner"":""Infrastructure.DependencyInjection"",""source_fqcn"":""Qualimetrix\\Infrastructure\\DependencyInjection\\Configurator\\DuplicationConfigurator""},{""owner"":""Infrastructure.DependencyInjection"",""source_fqcn"":""Qualimetrix\\Infrastructure\\DependencyInjection\\Configurator\\FindingConfigurator""},{""owner"":""Infrastructure.DependencyInjection"",""source_fqcn"":""Qualimetrix\\Infrastructure\\DependencyInjection\\Configurator\\OutputConfigurator""},{""owner"":""Infrastructure.Console"",""source_fqcn"":""Qualimetrix\\Infrastructure\\Console\\ResultPresenter""},{""owner"":""Reporting"",""source_fqcn"":""Qualimetrix\\Reporting\\FindingProjection\\SuppressionCompositionBuilder""},{""owner"":""Reporting"",""source_fqcn"":""Qualimetrix\\Reporting\\FindingProjection\\RuleExclusionLedgerAttributor""},{""owner"":""Analysis.Policy.Inline"",""source_fqcn"":""Qualimetrix\\Analysis\\Policy\\Inline\\Directive\\Audit\\ThresholdDirectiveAudit""}]"
src/Analysis/Finding/Contract/RuleExclusionAttribution.php	Qualimetrix\Analysis\Finding\Contract\RuleExclusionAttribution	class	Analysis.Finding	contract	"[{""owner"":""Reporting"",""source_fqcn"":""Qualimetrix\\Reporting\\FindingProjection\\RuleExclusionLedgerAttributor""}]"
src/Analysis/Finding/Contract/RuleExclusionStats.php	Qualimetrix\Analysis\Finding\Contract\RuleExclusionStats	class	Analysis.Finding	contract	"[{""owner"":""Infrastructure.Console"",""source_fqcn"":""Qualimetrix\\Infrastructure\\Console\\FindingFilterOrchestrator""}]"
src/Analysis/Finding/Contract/RuleExecutionInterface.php	Qualimetrix\Analysis\Finding\Contract\RuleExecutionInterface	interface	Analysis.Finding	contract	"[{""owner"":""Analysis.Run"",""source_fqcn"":""Qualimetrix\\Analysis\\Run\\Pipeline\\AnalysisPipeline""},{""owner"":""Infrastructure.Console"",""source_fqcn"":""Qualimetrix\\Infrastructure\\Console\\Command\\RulesCommand""},{""owner"":""Infrastructure.DependencyInjection"",""source_fqcn"":""Qualimetrix\\Infrastructure\\DependencyInjection\\Configurator\\AnalysisConfigurator""},{""owner"":""Infrastructure.DependencyInjection"",""source_fqcn"":""Qualimetrix\\Infrastructure\\DependencyInjection\\Configurator\\FindingConfigurator""},{""owner"":""Infrastructure.DependencyInjection"",""source_fqcn"":""Qualimetrix\\Infrastructure\\DependencyInjection\\Configurator\\OutputConfigurator""},{""owner"":""Infrastructure.DependencyInjection"",""source_fqcn"":""Qualimetrix\\Infrastructure\\DependencyInjection\\Configurator\\RuleConfigurator""},{""owner"":""Analysis.Policy.Inline"",""source_fqcn"":""Qualimetrix\\Analysis\\Policy\\Inline\\Contract\\Directive\\ThresholdDirectiveAuditInput""},{""owner"":""Analysis.Run"",""source_fqcn"":""Qualimetrix\\Analysis\\Run\\RuleProducerPreparation""}]"
src/Analysis/Finding/Contract/RuleExecutionResult.php	Qualimetrix\Analysis\Finding\Contract\RuleExecutionResult	class	Analysis.Finding	contract	"[{""owner"":""Analysis.Run"",""source_fqcn"":""Qualimetrix\\Analysis\\Run\\Contract\\Pipeline\\AnalysisResult""},{""owner"":""Reporting"",""source_fqcn"":""Qualimetrix\\Reporting\\FindingProjection\\SuppressionCompositionBuilder""},{""owner"":""Reporting"",""source_fqcn"":""Qualimetrix\\Reporting\\FindingProjection\\RuleExclusionLedgerAttributor""},{""owner"":""Analysis.Policy.Inline"",""source_fqcn"":""Qualimetrix\\Analysis\\Policy\\Inline\\Contract\\Directive\\ThresholdDirectiveAuditInput""},{""owner"":""Analysis.Run"",""source_fqcn"":""Qualimetrix\\Analysis\\Run\\Pipeline\\PreparedRun""},{""owner"":""Analysis.Run"",""source_fqcn"":""Qualimetrix\\Analysis\\Run\\RuleProducerPreparation""}]"
src/Analysis/Finding/Contract/RuleMetadata.php	Qualimetrix\Analysis\Finding\Contract\RuleMetadata	class	Analysis.Finding	internal	[]
src/Analysis/Finding/Contract/RuleOptionsDocument.php	Qualimetrix\Analysis\Finding\Contract\RuleOptionsDocument	class	Analysis.Finding	internal	[]
src/Analysis/Finding/Contract/RuleSelection.php	Qualimetrix\Analysis\Finding\Contract\RuleSelection	class	Analysis.Finding	internal	[]
src/Analysis/Finding/Contract/Rule/AbstractRule.php	Qualimetrix\Analysis\Finding\Contract\Rule\AbstractRule	class	Analysis.Finding	contract	"[{""owner"":""Analysis.Evidence.CircularDependency"",""source_fqcn"":""Qualimetrix\\Analysis\\Evidence\\CircularDependency\\CircularDependencyRule""},{""owner"":""Analysis.Evidence.CodeSmell"",""source_fqcn"":""Qualimetrix\\Analysis\\Evidence\\CodeSmell\\AbstractCodeSmellRule""},{""owner"":""Analysis.Evidence.CodeSmell"",""source_fqcn"":""Qualimetrix\\Analysis\\Evidence\\CodeSmell\\ConstructorOverinjectionRule""},{""owner"":""Analysis.Evidence.CodeSmell"",""source_fqcn"":""Qualimetrix\\Analysis\\Evidence\\CodeSmell\\IdenticalSubExpressionRule""},{""owner"":""Analysis.Evidence.CodeSmell"",""source_fqcn"":""Qualimetrix\\Analysis\\Evidence\\CodeSmell\\LongParameterListRule""},{""owner"":""Analysis.Evidence.CodeSmell"",""source_fqcn"":""Qualimetrix\\Analysis\\Evidence\\CodeSmell\\UnreachableCodeRule""},{""owner"":""Analysis.Evidence.CodeSmell"",""source_fqcn"":""Qualimetrix\\Analysis\\Evidence\\CodeSmell\\UnusedPrivateRule""},{""owner"":""Analysis.Evidence.Cohesion"",""source_fqcn"":""Qualimetrix\\Analysis\\Evidence\\Cohesion\\LcomRule""},{""owner"":""Analysis.Evidence.Complexity"",""source_fqcn"":""Qualimetrix\\Analysis\\Evidence\\Complexity\\CognitiveComplexityRule""},{""owner"":""Analysis.Evidence.Complexity"",""source_fqcn"":""Qualimetrix\\Analysis\\Evidence\\Complexity\\ComplexityRule""},{""owner"":""Analysis.Evidence.Complexity"",""source_fqcn"":""Qualimetrix\\Analysis\\Evidence\\Complexity\\NpathComplexityRule""},{""owner"":""Analysis.Evidence.Complexity"",""source_fqcn"":""Qualimetrix\\Analysis\\Evidence\\Complexity\\WmcRule""},{""owner"":""Analysis.Evidence.ComputedMetrics"",""source_fqcn"":""Qualimetrix\\Analysis\\Evidence\\ComputedMetrics\\ComputedMetricRule""},{""owner"":""Analysis.Evidence.Coupling"",""source_fqcn"":""Qualimetrix\\Analysis\\Evidence\\Coupling\\CboRule""},{""owner"":""Analysis.Evidence.Coupling"",""source_fqcn"":""Qualimetrix\\Analysis\\Evidence\\Coupling\\ClassRankRule""},{""owner"":""Analysis.Evidence.Coupling"",""source_fqcn"":""Qualimetrix\\Analysis\\Evidence\\Coupling\\DistanceRule""},{""owner"":""Analysis.Evidence.Coupling"",""source_fqcn"":""Qualimetrix\\Analysis\\Evidence\\Coupling\\InstabilityRule""},{""owner"":""Analysis.Evidence.Coupling"",""source_fqcn"":""Qualimetrix\\Analysis\\Evidence\\Coupling\\UnmatchedFrameworkNamespaceRule""},{""owner"":""Analysis.Evidence.Design"",""source_fqcn"":""Qualimetrix\\Analysis\\Evidence\\Design\\DataClass\\DataClassRule""},{""owner"":""Analysis.Evidence.Design"",""source_fqcn"":""Qualimetrix\\Analysis\\Evidence\\Design\\GodClass\\GodClassRule""},{""owner"":""Analysis.Evidence.Design"",""source_fqcn"":""Qualimetrix\\Analysis\\Evidence\\Design\\Inheritance\\InheritanceRule""},{""owner"":""Analysis.Evidence.Design"",""source_fqcn"":""Qualimetrix\\Analysis\\Evidence\\Design\\Inheritance\\NocRule""},{""owner"":""Analysis.Evidence.Design"",""source_fqcn"":""Qualimetrix\\Analysis\\Evidence\\Design\\TypeCoverage\\AbstractTypeCoverageRule""},{""owner"":""Analysis.Evidence.Duplication"",""source_fqcn"":""Qualimetrix\\Analysis\\Evidence\\Duplication\\CodeDuplicationRule""},{""owner"":""Analysis.Evidence.Maintainability"",""source_fqcn"":""Qualimetrix\\Analysis\\Evidence\\Maintainability\\MaintainabilityRule""},{""owner"":""Analysis.Evidence.Security"",""source_fqcn"":""Qualimetrix\\Analysis\\Evidence\\Security\\AbstractSecurityPatternRule""},{""owner"":""Analysis.Evidence.Security"",""source_fqcn"":""Qualimetrix\\Analysis\\Evidence\\Security\\HardcodedCredentialsRule""},{""owner"":""Analysis.Evidence.Security"",""source_fqcn"":""Qualimetrix\\Analysis\\Evidence\\Security\\SensitiveParameterRule""},{""owner"":""Analysis.Evidence.Size"",""source_fqcn"":""Qualimetrix\\Analysis\\Evidence\\Size\\ClassCountRule""},{""owner"":""Analysis.Evidence.Size"",""source_fqcn"":""Qualimetrix\\Analysis\\Evidence\\Size\\MethodCountRule""},{""owner"":""Analysis.Evidence.Size"",""source_fqcn"":""Qualimetrix\\Analysis\\Evidence\\Size\\PropertyCountRule""},{""owner"":""Analysis.Policy.Architecture"",""source_fqcn"":""Qualimetrix\\Analysis\\Policy\\Architecture\\LayerViolation\\LayerViolationRule""},{""owner"":""Analysis.Policy.Architecture"",""source_fqcn"":""Qualimetrix\\Analysis\\Policy\\Architecture\\LayerViolation\\UnassignedClassRule""},{""owner"":""Analysis.Policy.Inline"",""source_fqcn"":""Qualimetrix\\Analysis\\Policy\\Inline\\Directive\\UnusedDirectiveRule""},{""owner"":""Analysis.Run"",""source_fqcn"":""Qualimetrix\\Analysis\\Run\\ExcludeBinding\\UnmatchedExcludeRule""}]"
src/Analysis/Finding/Contract/Rule/AnalysisContext.php	Qualimetrix\Analysis\Finding\Contract\Rule\AnalysisContext	class	Analysis.Finding	contract	"[{""owner"":""Analysis.Evidence.CircularDependency"",""source_fqcn"":""Qualimetrix\\Analysis\\Evidence\\CircularDependency\\CircularDependencyRule""},{""owner"":""Analysis.Evidence.CodeSmell"",""source_fqcn"":""Qualimetrix\\Analysis\\Evidence\\CodeSmell\\AbstractCodeSmellRule""},{""owner"":""Analysis.Evidence.CodeSmell"",""source_fqcn"":""Qualimetrix\\Analysis\\Evidence\\CodeSmell\\ConstructorOverinjectionRule""},{""owner"":""Analysis.Evidence.CodeSmell"",""source_fqcn"":""Qualimetrix\\Analysis\\Evidence\\CodeSmell\\IdenticalSubExpressionRule""},{""owner"":""Analysis.Evidence.CodeSmell"",""source_fqcn"":""Qualimetrix\\Analysis\\Evidence\\CodeSmell\\LongParameterListRule""},{""owner"":""Analysis.Evidence.CodeSmell"",""source_fqcn"":""Qualimetrix\\Analysis\\Evidence\\CodeSmell\\UnreachableCodeRule""},{""owner"":""Analysis.Evidence.CodeSmell"",""source_fqcn"":""Qualimetrix\\Analysis\\Evidence\\CodeSmell\\UnusedPrivateRule""},{""owner"":""Analysis.Evidence.Cohesion"",""source_fqcn"":""Qualimetrix\\Analysis\\Evidence\\Cohesion\\LcomRule""},{""owner"":""Analysis.Evidence.Complexity"",""source_fqcn"":""Qualimetrix\\Analysis\\Evidence\\Complexity\\CognitiveComplexityRule""},{""owner"":""Analysis.Evidence.Complexity"",""source_fqcn"":""Qualimetrix\\Analysis\\Evidence\\Complexity\\ComplexityRule""},{""owner"":""Analysis.Evidence.Complexity"",""source_fqcn"":""Qualimetrix\\Analysis\\Evidence\\Complexity\\NpathComplexityRule""},{""owner"":""Analysis.Evidence.Complexity"",""source_fqcn"":""Qualimetrix\\Analysis\\Evidence\\Complexity\\WmcRule""},{""owner"":""Analysis.Evidence.ComputedMetrics"",""source_fqcn"":""Qualimetrix\\Analysis\\Evidence\\ComputedMetrics\\ComputedMetricRule""},{""owner"":""Analysis.Evidence.Coupling"",""source_fqcn"":""Qualimetrix\\Analysis\\Evidence\\Coupling\\CboRule""},{""owner"":""Analysis.Evidence.Coupling"",""source_fqcn"":""Qualimetrix\\Analysis\\Evidence\\Coupling\\ClassRankRule""},{""owner"":""Analysis.Evidence.Coupling"",""source_fqcn"":""Qualimetrix\\Analysis\\Evidence\\Coupling\\DistanceRule""},{""owner"":""Analysis.Evidence.Coupling"",""source_fqcn"":""Qualimetrix\\Analysis\\Evidence\\Coupling\\InstabilityRule""},{""owner"":""Analysis.Evidence.Coupling"",""source_fqcn"":""Qualimetrix\\Analysis\\Evidence\\Coupling\\UnmatchedFrameworkNamespaceRule""},{""owner"":""Analysis.Evidence.Design"",""source_fqcn"":""Qualimetrix\\Analysis\\Evidence\\Design\\DataClass\\DataClassRule""},{""owner"":""Analysis.Evidence.Design"",""source_fqcn"":""Qualimetrix\\Analysis\\Evidence\\Design\\GodClass\\GodClassRule""},{""owner"":""Analysis.Evidence.Design"",""source_fqcn"":""Qualimetrix\\Analysis\\Evidence\\Design\\Inheritance\\InheritanceRule""},{""owner"":""Analysis.Evidence.Design"",""source_fqcn"":""Qualimetrix\\Analysis\\Evidence\\Design\\Inheritance\\NocRule""},{""owner"":""Analysis.Evidence.Design"",""source_fqcn"":""Qualimetrix\\Analysis\\Evidence\\Design\\TypeCoverage\\AbstractTypeCoverageRule""},{""owner"":""Analysis.Evidence.Duplication"",""source_fqcn"":""Qualimetrix\\Analysis\\Evidence\\Duplication\\CodeDuplicationRule""},{""owner"":""Analysis.Evidence.Maintainability"",""source_fqcn"":""Qualimetrix\\Analysis\\Evidence\\Maintainability\\MaintainabilityRule""},{""owner"":""Analysis.Evidence.Security"",""source_fqcn"":""Qualimetrix\\Analysis\\Evidence\\Security\\AbstractSecurityPatternRule""},{""owner"":""Analysis.Evidence.Security"",""source_fqcn"":""Qualimetrix\\Analysis\\Evidence\\Security\\HardcodedCredentialsRule""},{""owner"":""Analysis.Evidence.Security"",""source_fqcn"":""Qualimetrix\\Analysis\\Evidence\\Security\\SensitiveParameterRule""},{""owner"":""Analysis.Evidence.Size"",""source_fqcn"":""Qualimetrix\\Analysis\\Evidence\\Size\\ClassCountRule""},{""owner"":""Analysis.Evidence.Size"",""source_fqcn"":""Qualimetrix\\Analysis\\Evidence\\Size\\MethodCountRule""},{""owner"":""Analysis.Evidence.Size"",""source_fqcn"":""Qualimetrix\\Analysis\\Evidence\\Size\\PropertyCountRule""},{""owner"":""Analysis.Policy.Architecture"",""source_fqcn"":""Qualimetrix\\Analysis\\Policy\\Architecture\\LayerViolation\\LayerDeclarationValidator""},{""owner"":""Analysis.Policy.Architecture"",""source_fqcn"":""Qualimetrix\\Analysis\\Policy\\Architecture\\LayerViolation\\LayerEvidenceCollector""},{""owner"":""Analysis.Policy.Architecture"",""source_fqcn"":""Qualimetrix\\Analysis\\Policy\\Architecture\\LayerViolation\\LayerViolationRule""},{""owner"":""Analysis.Policy.Architecture"",""source_fqcn"":""Qualimetrix\\Analysis\\Policy\\Architecture\\LayerViolation\\UnassignedClassRule""},{""owner"":""Analysis.Policy.Inline"",""source_fqcn"":""Qualimetrix\\Analysis\\Policy\\Inline\\Contract\\Directive\\ThresholdDirectiveAuditInput""},{""owner"":""Analysis.Policy.Inline"",""source_fqcn"":""Qualimetrix\\Analysis\\Policy\\Inline\\Directive\\Audit\\ThresholdDirectiveAudit""},{""owner"":""Analysis.Policy.Inline"",""source_fqcn"":""Qualimetrix\\Analysis\\Policy\\Inline\\Directive\\InlineDirectiveValidator""},{""owner"":""Analysis.Policy.Inline"",""source_fqcn"":""Qualimetrix\\Analysis\\Policy\\Inline\\Directive\\UnusedDirectiveRule""},{""owner"":""Analysis.Run"",""source_fqcn"":""Qualimetrix\\Analysis\\Run\\ExcludeBinding\\UnmatchedExcludeRule""},{""owner"":""Analysis.Run"",""source_fqcn"":""Qualimetrix\\Analysis\\Run\\Pipeline\\AnalysisPipeline""},{""owner"":""Analysis.Run"",""source_fqcn"":""Qualimetrix\\Analysis\\Run\\Pipeline\\PreparedRun""},{""owner"":""Analysis.Run"",""source_fqcn"":""Qualimetrix\\Analysis\\Run\\RuleProducerPreparation""}]"
src/Analysis/Finding/Contract/Rule/Attribute/CliAlias.php	Qualimetrix\Analysis\Finding\Contract\Rule\Attribute\CliAlias	class	Analysis.Finding	contract	"[{""owner"":""Analysis.Evidence.CircularDependency"",""source_fqcn"":""Qualimetrix\\Analysis\\Evidence\\CircularDependency\\CircularDependencyRule""},{""owner"":""Analysis.Evidence.CodeSmell"",""source_fqcn"":""Qualimetrix\\Analysis\\Evidence\\CodeSmell\\ConstructorOverinjectionRule""},{""owner"":""Analysis.Evidence.CodeSmell"",""source_fqcn"":""Qualimetrix\\Analysis\\Evidence\\CodeSmell\\LongParameterListRule""},{""owner"":""Analysis.Evidence.CodeSmell"",""source_fqcn"":""Qualimetrix\\Analysis\\Evidence\\CodeSmell\\UnreachableCodeRule""},{""owner"":""Analysis.Evidence.Cohesion"",""source_fqcn"":""Qualimetrix\\Analysis\\Evidence\\Cohesion\\LcomRule""},{""owner"":""Analysis.Evidence.Complexity"",""source_fqcn"":""Qualimetrix\\Analysis\\Evidence\\Complexity\\CognitiveComplexityRule""},{""owner"":""Analysis.Evidence.Complexity"",""source_fqcn"":""Qualimetrix\\Analysis\\Evidence\\Complexity\\ComplexityRule""},{""owner"":""Analysis.Evidence.Complexity"",""source_fqcn"":""Qualimetrix\\Analysis\\Evidence\\Complexity\\NpathComplexityRule""},{""owner"":""Analysis.Evidence.Complexity"",""source_fqcn"":""Qualimetrix\\Analysis\\Evidence\\Complexity\\WmcRule""},{""owner"":""Analysis.Evidence.Coupling"",""source_fqcn"":""Qualimetrix\\Analysis\\Evidence\\Coupling\\CboRule""},{""owner"":""Analysis.Evidence.Coupling"",""source_fqcn"":""Qualimetrix\\Analysis\\Evidence\\Coupling\\ClassRankRule""},{""owner"":""Analysis.Evidence.Coupling"",""source_fqcn"":""Qualimetrix\\Analysis\\Evidence\\Coupling\\DistanceRule""},{""owner"":""Analysis.Evidence.Coupling"",""source_fqcn"":""Qualimetrix\\Analysis\\Evidence\\Coupling\\InstabilityRule""},{""owner"":""Analysis.Evidence.Design"",""source_fqcn"":""Qualimetrix\\Analysis\\Evidence\\Design\\DataClass\\DataClassRule""},{""owner"":""Analysis.Evidence.Design"",""source_fqcn"":""Qualimetrix\\Analysis\\Evidence\\Design\\GodClass\\GodClassRule""},{""owner"":""Analysis.Evidence.Design"",""source_fqcn"":""Qualimetrix\\Analysis\\Evidence\\Design\\Inheritance\\InheritanceRule""},{""owner"":""Analysis.Evidence.Design"",""source_fqcn"":""Qualimetrix\\Analysis\\Evidence\\Design\\Inheritance\\NocRule""},{""owner"":""Analysis.Evidence.Maintainability"",""source_fqcn"":""Qualimetrix\\Analysis\\Evidence\\Maintainability\\MaintainabilityRule""},{""owner"":""Analysis.Evidence.Size"",""source_fqcn"":""Qualimetrix\\Analysis\\Evidence\\Size\\ClassCountRule""},{""owner"":""Analysis.Evidence.Size"",""source_fqcn"":""Qualimetrix\\Analysis\\Evidence\\Size\\MethodCountRule""},{""owner"":""Analysis.Evidence.Size"",""source_fqcn"":""Qualimetrix\\Analysis\\Evidence\\Size\\PropertyCountRule""},{""owner"":""Analysis.Policy.Architecture"",""source_fqcn"":""Qualimetrix\\Analysis\\Policy\\Architecture\\LayerViolation\\LayerViolationRule""},{""owner"":""Analysis.Evidence.Design"",""source_fqcn"":""Qualimetrix\\Analysis\\Evidence\\Design\\TypeCoverage\\ParamTypeCoverageRule""},{""owner"":""Analysis.Evidence.Design"",""source_fqcn"":""Qualimetrix\\Analysis\\Evidence\\Design\\TypeCoverage\\ReturnTypeCoverageRule""},{""owner"":""Analysis.Evidence.Design"",""source_fqcn"":""Qualimetrix\\Analysis\\Evidence\\Design\\TypeCoverage\\PropertyTypeCoverageRule""},{""owner"":""Analysis.Policy.Architecture"",""source_fqcn"":""Qualimetrix\\Analysis\\Policy\\Architecture\\LayerViolation\\UnassignedClassRule""}]"
src/Analysis/Finding/Contract/Rule/ChannelDeclarationReader.php	Qualimetrix\Analysis\Finding\Contract\Rule\ChannelDeclarationReader	class	Analysis.Finding	contract	"[{""owner"":""Infrastructure.Console"",""source_fqcn"":""Qualimetrix\\Infrastructure\\Console\\Command\\BaselineConfiguredThresholds""},{""owner"":""Infrastructure.DependencyInjection"",""source_fqcn"":""Qualimetrix\\Infrastructure\\DependencyInjection\\CompilerPass\\ChannelDeclarationCompilerPass""}]"
src/Analysis/Finding/Contract/Rule/ChannelLevelAddressing.php	Qualimetrix\Analysis\Finding\Contract\Rule\ChannelLevelAddressing	class	Analysis.Finding	contract	"[{""owner"":""Analysis.Policy.Inline"",""source_fqcn"":""Qualimetrix\\Analysis\\Policy\\Inline\\Directive\\DirectiveAddressability""},{""owner"":""Analysis.Policy.Inline"",""source_fqcn"":""Qualimetrix\\Analysis\\Policy\\Inline\\Directive\\Audit\\DirectiveUsage""},{""owner"":""Infrastructure.Console"",""source_fqcn"":""Qualimetrix\\Infrastructure\\Console\\ChannelExclusionKeyValidator""},{""owner"":""Infrastructure.Console"",""source_fqcn"":""Qualimetrix\\Infrastructure\\Console\\RuleInputValidator""}]"
src/Analysis/Finding/Contract/Rule/ChannelLevelRefusalWording.php	Qualimetrix\Analysis\Finding\Contract\Rule\ChannelLevelRefusalWording	class	Analysis.Finding	internal	[]
src/Analysis/Finding/Contract/Rule/ChannelLevelSelector.php	Qualimetrix\Analysis\Finding\Contract\Rule\ChannelLevelSelector	class	Analysis.Finding	contract	"[{""owner"":""Analysis.Policy.Inline"",""source_fqcn"":""Qualimetrix\\Analysis\\Policy\\Inline\\Contract\\Suppression\\SuppressionTarget""},{""owner"":""Analysis.Policy.Inline"",""source_fqcn"":""Qualimetrix\\Analysis\\Policy\\Inline\\Directive\\DirectiveAddressability""},{""owner"":""Infrastructure.Console"",""source_fqcn"":""Qualimetrix\\Infrastructure\\Console\\ChannelExclusionKeyValidator""},{""owner"":""Infrastructure.Console"",""source_fqcn"":""Qualimetrix\\Infrastructure\\Console\\RuleInputValidator""}]"
src/Analysis/Finding/Contract/Rule/CliAliasReader.php	Qualimetrix\Analysis\Finding\Contract\Rule\CliAliasReader	class	Analysis.Finding	contract	"[{""owner"":""Infrastructure.Console"",""source_fqcn"":""Qualimetrix\\Infrastructure\\Console\\CheckCommandDefinition""},{""owner"":""Infrastructure.Rule"",""source_fqcn"":""Qualimetrix\\Infrastructure\\Rule\\RuleRegistry""}]"
src/Analysis/Finding/Contract/Rule/FrameworkOptionKeys.php	Qualimetrix\Analysis\Finding\Contract\Rule\FrameworkOptionKeys	class	Analysis.Finding	contract	"[{""owner"":""Infrastructure.Console"",""source_fqcn"":""Qualimetrix\\Infrastructure\\Console\\CliOptionsParser""},{""owner"":""Infrastructure.Console"",""source_fqcn"":""Qualimetrix\\Infrastructure\\Console\\Command\\RulesCommand""},{""owner"":""Infrastructure.Console"",""source_fqcn"":""Qualimetrix\\Infrastructure\\Console\\RuleListingPresenter""}]"
src/Analysis/Finding/Contract/Rule/HierarchicalRuleInterface.php	Qualimetrix\Analysis\Finding\Contract\Rule\HierarchicalRuleInterface	interface	Analysis.Finding	contract	"[{""owner"":""Analysis.Evidence.Complexity"",""source_fqcn"":""Qualimetrix\\Analysis\\Evidence\\Complexity\\CognitiveComplexityRule""},{""owner"":""Analysis.Evidence.Complexity"",""source_fqcn"":""Qualimetrix\\Analysis\\Evidence\\Complexity\\ComplexityRule""},{""owner"":""Analysis.Evidence.Complexity"",""source_fqcn"":""Qualimetrix\\Analysis\\Evidence\\Complexity\\NpathComplexityRule""},{""owner"":""Analysis.Evidence.Coupling"",""source_fqcn"":""Qualimetrix\\Analysis\\Evidence\\Coupling\\CboRule""},{""owner"":""Analysis.Evidence.Coupling"",""source_fqcn"":""Qualimetrix\\Analysis\\Evidence\\Coupling\\InstabilityRule""}]"
src/Analysis/Finding/Contract/Rule/HierarchicalRuleOptionsInterface.php	Qualimetrix\Analysis\Finding\Contract\Rule\HierarchicalRuleOptionsInterface	interface	Analysis.Finding	contract	"[{""owner"":""Analysis.Evidence.Complexity"",""source_fqcn"":""Qualimetrix\\Analysis\\Evidence\\Complexity\\CognitiveComplexityOptions""},{""owner"":""Analysis.Evidence.Complexity"",""source_fqcn"":""Qualimetrix\\Analysis\\Evidence\\Complexity\\ComplexityOptions""},{""owner"":""Analysis.Evidence.Complexity"",""source_fqcn"":""Qualimetrix\\Analysis\\Evidence\\Complexity\\NpathComplexityOptions""},{""owner"":""Analysis.Evidence.Coupling"",""source_fqcn"":""Qualimetrix\\Analysis\\Evidence\\Coupling\\CboOptions""},{""owner"":""Analysis.Evidence.Coupling"",""source_fqcn"":""Qualimetrix\\Analysis\\Evidence\\Coupling\\InstabilityOptions""},{""owner"":""Analysis.Policy.Inline"",""source_fqcn"":""Qualimetrix\\Analysis\\Policy\\Inline\\Contract\\RuleValidatorMapFactory""},{""owner"":""Infrastructure.Console"",""source_fqcn"":""Qualimetrix\\Infrastructure\\Console\\Command\\BaselineConfiguredThresholds""}]"
src/Analysis/Finding/Contract/Rule/LevelOptionsInterface.php	Qualimetrix\Analysis\Finding\Contract\Rule\LevelOptionsInterface	interface	Analysis.Finding	contract	"[{""owner"":""Analysis.Evidence.Complexity"",""source_fqcn"":""Qualimetrix\\Analysis\\Evidence\\Complexity\\ClassCognitiveComplexityOptions""},{""owner"":""Analysis.Evidence.Complexity"",""source_fqcn"":""Qualimetrix\\Analysis\\Evidence\\Complexity\\ClassComplexityOptions""},{""owner"":""Analysis.Evidence.Complexity"",""source_fqcn"":""Qualimetrix\\Analysis\\Evidence\\Complexity\\ClassNpathComplexityOptions""},{""owner"":""Analysis.Evidence.Complexity"",""source_fqcn"":""Qualimetrix\\Analysis\\Evidence\\Complexity\\CognitiveComplexityOptions""},{""owner"":""Analysis.Evidence.Complexity"",""source_fqcn"":""Qualimetrix\\Analysis\\Evidence\\Complexity\\ComplexityOptions""},{""owner"":""Analysis.Evidence.Complexity"",""source_fqcn"":""Qualimetrix\\Analysis\\Evidence\\Complexity\\MethodCognitiveComplexityOptions""},{""owner"":""Analysis.Evidence.Complexity"",""source_fqcn"":""Qualimetrix\\Analysis\\Evidence\\Complexity\\MethodComplexityOptions""},{""owner"":""Analysis.Evidence.Complexity"",""source_fqcn"":""Qualimetrix\\Analysis\\Evidence\\Complexity\\MethodNpathComplexityOptions""},{""owner"":""Analysis.Evidence.Complexity"",""source_fqcn"":""Qualimetrix\\Analysis\\Evidence\\Complexity\\NpathComplexityOptions""},{""owner"":""Analysis.Evidence.Coupling"",""source_fqcn"":""Qualimetrix\\Analysis\\Evidence\\Coupling\\CboOptions""},{""owner"":""Analysis.Evidence.Coupling"",""source_fqcn"":""Qualimetrix\\Analysis\\Evidence\\Coupling\\ClassCboOptions""},{""owner"":""Analysis.Evidence.Coupling"",""source_fqcn"":""Qualimetrix\\Analysis\\Evidence\\Coupling\\ClassInstabilityOptions""},{""owner"":""Analysis.Evidence.Coupling"",""source_fqcn"":""Qualimetrix\\Analysis\\Evidence\\Coupling\\InstabilityOptions""},{""owner"":""Analysis.Evidence.Coupling"",""source_fqcn"":""Qualimetrix\\Analysis\\Evidence\\Coupling\\NamespaceCboOptions""},{""owner"":""Analysis.Evidence.Coupling"",""source_fqcn"":""Qualimetrix\\Analysis\\Evidence\\Coupling\\NamespaceInstabilityOptions""},{""owner"":""Infrastructure.Console"",""source_fqcn"":""Qualimetrix\\Infrastructure\\Console\\Command\\BaselineConfiguredThresholds""}]"
src/Analysis/Finding/Contract/Rule/NameSelector.php	Qualimetrix\Analysis\Finding\Contract\Rule\NameSelector	class	Analysis.Finding	contract	"[{""owner"":""Analysis.Policy.Inline"",""source_fqcn"":""Qualimetrix\\Analysis\\Policy\\Inline\\Directive\\DirectiveNameHints""},{""owner"":""Infrastructure.Console"",""source_fqcn"":""Qualimetrix\\Infrastructure\\Console\\ChannelExclusionKeyHints""},{""owner"":""Infrastructure.Rule"",""source_fqcn"":""Qualimetrix\\Infrastructure\\Rule\\ChannelUniverse""},{""owner"":""Analysis.Policy.Inline"",""source_fqcn"":""Qualimetrix\\Analysis\\Policy\\Inline\\Directive\\DirectiveChannelBan""}]"
src/Analysis/Finding/Contract/Rule/NoConfiguredBoundary.php	Qualimetrix\Analysis\Finding\Contract\Rule\NoConfiguredBoundary	enum	Analysis.Finding	contract	"[{""owner"":""Analysis.Evidence.CodeSmell"",""source_fqcn"":""Qualimetrix\\Analysis\\Evidence\\CodeSmell\\LongParameterListOptions""}]"
src/Analysis/Finding/Contract/Rule/Override/IndependentAxisValidator.php	Qualimetrix\Analysis\Finding\Contract\Rule\Override\IndependentAxisValidator	class	Analysis.Finding	contract	"[{""owner"":""Analysis.Evidence.Design"",""source_fqcn"":""Qualimetrix\\Analysis\\Evidence\\Design\\DataClass\\DataClassOptions""}]"
src/Analysis/Finding/Contract/Rule/Override/InvertedOverrideValidator.php	Qualimetrix\Analysis\Finding\Contract\Rule\Override\InvertedOverrideValidator	class	Analysis.Finding	contract	"[{""owner"":""Analysis.Evidence.Design"",""source_fqcn"":""Qualimetrix\\Analysis\\Evidence\\Design\\TypeCoverage\\TypeCoverageOptions""},{""owner"":""Analysis.Evidence.Maintainability"",""source_fqcn"":""Qualimetrix\\Analysis\\Evidence\\Maintainability\\MaintainabilityOptions""}]"
src/Analysis/Finding/Contract/Rule/Override/OverrideValidatorInterface.php	Qualimetrix\Analysis\Finding\Contract\Rule\Override\OverrideValidatorInterface	interface	Analysis.Finding	contract	"[{""owner"":""Analysis.Evidence.Design"",""source_fqcn"":""Qualimetrix\\Analysis\\Evidence\\Design\\DataClass\\DataClassOptions""},{""owner"":""Analysis.Evidence.Design"",""source_fqcn"":""Qualimetrix\\Analysis\\Evidence\\Design\\GodClass\\GodClassOptions""},{""owner"":""Analysis.Evidence.Design"",""source_fqcn"":""Qualimetrix\\Analysis\\Evidence\\Design\\TypeCoverage\\TypeCoverageOptions""},{""owner"":""Analysis.Evidence.Maintainability"",""source_fqcn"":""Qualimetrix\\Analysis\\Evidence\\Maintainability\\MaintainabilityOptions""},{""owner"":""Analysis.Policy.Inline"",""source_fqcn"":""Qualimetrix\\Analysis\\Policy\\Inline\\Contract\\RuleValidatorMapFactory""}]"
src/Analysis/Finding/Contract/Rule/Override/StandardOverrideValidatorTrait.php	Qualimetrix\Analysis\Finding\Contract\Rule\Override\StandardOverrideValidatorTrait	trait	Analysis.Finding	contract	"[{""owner"":""Analysis.Evidence.CodeSmell"",""source_fqcn"":""Qualimetrix\\Analysis\\Evidence\\CodeSmell\\ConstructorOverinjectionOptions""},{""owner"":""Analysis.Evidence.CodeSmell"",""source_fqcn"":""Qualimetrix\\Analysis\\Evidence\\CodeSmell\\LongParameterListOptions""},{""owner"":""Analysis.Evidence.CodeSmell"",""source_fqcn"":""Qualimetrix\\Analysis\\Evidence\\CodeSmell\\UnreachableCodeOptions""},{""owner"":""Analysis.Evidence.Cohesion"",""source_fqcn"":""Qualimetrix\\Analysis\\Evidence\\Cohesion\\LcomOptions""},{""owner"":""Analysis.Evidence.Complexity"",""source_fqcn"":""Qualimetrix\\Analysis\\Evidence\\Complexity\\ClassCognitiveComplexityOptions""},{""owner"":""Analysis.Evidence.Complexity"",""source_fqcn"":""Qualimetrix\\Analysis\\Evidence\\Complexity\\ClassComplexityOptions""},{""owner"":""Analysis.Evidence.Complexity"",""source_fqcn"":""Qualimetrix\\Analysis\\Evidence\\Complexity\\ClassNpathComplexityOptions""},{""owner"":""Analysis.Evidence.Complexity"",""source_fqcn"":""Qualimetrix\\Analysis\\Evidence\\Complexity\\MethodCognitiveComplexityOptions""},{""owner"":""Analysis.Evidence.Complexity"",""source_fqcn"":""Qualimetrix\\Analysis\\Evidence\\Complexity\\MethodComplexityOptions""},{""owner"":""Analysis.Evidence.Complexity"",""source_fqcn"":""Qualimetrix\\Analysis\\Evidence\\Complexity\\MethodNpathComplexityOptions""},{""owner"":""Analysis.Evidence.Complexity"",""source_fqcn"":""Qualimetrix\\Analysis\\Evidence\\Complexity\\WmcOptions""},{""owner"":""Analysis.Evidence.Coupling"",""source_fqcn"":""Qualimetrix\\Analysis\\Evidence\\Coupling\\ClassCboOptions""},{""owner"":""Analysis.Evidence.Coupling"",""source_fqcn"":""Qualimetrix\\Analysis\\Evidence\\Coupling\\ClassInstabilityOptions""},{""owner"":""Analysis.Evidence.Coupling"",""source_fqcn"":""Qualimetrix\\Analysis\\Evidence\\Coupling\\ClassRankOptions""},{""owner"":""Analysis.Evidence.Coupling"",""source_fqcn"":""Qualimetrix\\Analysis\\Evidence\\Coupling\\DistanceOptions""},{""owner"":""Analysis.Evidence.Coupling"",""source_fqcn"":""Qualimetrix\\Analysis\\Evidence\\Coupling\\NamespaceCboOptions""},{""owner"":""Analysis.Evidence.Coupling"",""source_fqcn"":""Qualimetrix\\Analysis\\Evidence\\Coupling\\NamespaceInstabilityOptions""},{""owner"":""Analysis.Evidence.Design"",""source_fqcn"":""Qualimetrix\\Analysis\\Evidence\\Design\\Inheritance\\InheritanceOptions""},{""owner"":""Analysis.Evidence.Design"",""source_fqcn"":""Qualimetrix\\Analysis\\Evidence\\Design\\Inheritance\\NocOptions""},{""owner"":""Analysis.Evidence.Duplication"",""source_fqcn"":""Qualimetrix\\Analysis\\Evidence\\Duplication\\CodeDuplicationOptions""},{""owner"":""Analysis.Evidence.Size"",""source_fqcn"":""Qualimetrix\\Analysis\\Evidence\\Size\\ClassCountOptions""},{""owner"":""Analysis.Evidence.Size"",""source_fqcn"":""Qualimetrix\\Analysis\\Evidence\\Size\\MethodCountOptions""},{""owner"":""Analysis.Evidence.Size"",""source_fqcn"":""Qualimetrix\\Analysis\\Evidence\\Size\\PropertyCountOptions""}]"
src/Analysis/Finding/Contract/Rule/Override/WarningOnlyValidator.php	Qualimetrix\Analysis\Finding\Contract\Rule\Override\WarningOnlyValidator	class	Analysis.Finding	contract	"[{""owner"":""Analysis.Evidence.Design"",""source_fqcn"":""Qualimetrix\\Analysis\\Evidence\\Design\\GodClass\\GodClassOptions""}]"
src/Analysis/Finding/Contract/Rule/ProducerName.php	Qualimetrix\Analysis\Finding\Contract\Rule\ProducerName	class	Analysis.Finding	contract	"[{""owner"":""Infrastructure.DependencyInjection"",""source_fqcn"":""Qualimetrix\\Infrastructure\\DependencyInjection\\CompilerPass\\ChannelDeclarationCompilerPass""}]"
src/Analysis/Finding/Contract/Rule/RuleChannelRegistryInterface.php	Qualimetrix\Analysis\Finding\Contract\Rule\RuleChannelRegistryInterface	interface	Analysis.Finding	contract	"[{""owner"":""Infrastructure.Console"",""source_fqcn"":""Qualimetrix\\Infrastructure\\Console\\AnalysisRuntimeConfigurator""},{""owner"":""Infrastructure.Console"",""source_fqcn"":""Qualimetrix\\Infrastructure\\Console\\RuleInputValidator""},{""owner"":""Infrastructure.DependencyInjection"",""source_fqcn"":""Qualimetrix\\Infrastructure\\DependencyInjection\\Configurator\\RuleConfigurator""},{""owner"":""Infrastructure.Console"",""source_fqcn"":""Qualimetrix\\Infrastructure\\Console\\Command\\RulesCommand""},{""owner"":""Infrastructure.DependencyInjection"",""source_fqcn"":""Qualimetrix\\Infrastructure\\DependencyInjection\\Configurator\\OutputConfigurator""}]"
src/Analysis/Finding/Contract/Rule/RuleDefinitionInterface.php	Qualimetrix\Analysis\Finding\Contract\Rule\RuleDefinitionInterface	interface	Analysis.Finding	contract	"[{""owner"":""Analysis.Policy.Inline"",""source_fqcn"":""Qualimetrix\\Analysis\\Policy\\Inline\\Contract\\RuleValidatorMapFactory""}]"
src/Analysis/Finding/Contract/Rule/RuleDocsPageReader.php	Qualimetrix\Analysis\Finding\Contract\Rule\RuleDocsPageReader	class	Analysis.Finding	contract	"[{""owner"":""Infrastructure.DependencyInjection"",""source_fqcn"":""Qualimetrix\\Infrastructure\\DependencyInjection\\CompilerPass\\ChannelDeclarationCompilerPass""}]"
src/Analysis/Finding/Contract/Rule/RuleFamily.php	Qualimetrix\Analysis\Finding\Contract\Rule\RuleFamily	class	Analysis.Finding	internal	[]
src/Analysis/Finding/Contract/Rule/RuleNameReader.php	Qualimetrix\Analysis\Finding\Contract\Rule\RuleNameReader	class	Analysis.Finding	contract	"[{""owner"":""Analysis.Policy.Inline"",""source_fqcn"":""Qualimetrix\\Analysis\\Policy\\Inline\\Contract\\RuleValidatorMapFactory""},{""owner"":""Infrastructure.Console"",""source_fqcn"":""Qualimetrix\\Infrastructure\\Console\\Command\\BaselineConfiguredThresholds""},{""owner"":""Infrastructure.DependencyInjection"",""source_fqcn"":""Qualimetrix\\Infrastructure\\DependencyInjection\\CompilerPass\\ChannelDeclarationCompilerPass""},{""owner"":""Infrastructure.DependencyInjection"",""source_fqcn"":""Qualimetrix\\Infrastructure\\DependencyInjection\\CompilerPass\\RuleOptionsCompilerPass""},{""owner"":""Infrastructure.DependencyInjection"",""source_fqcn"":""Qualimetrix\\Infrastructure\\DependencyInjection\\CompilerPass\\RuleRegistryCompilerPass""},{""owner"":""Infrastructure.Rule"",""source_fqcn"":""Qualimetrix\\Infrastructure\\Rule\\RuleRegistry""}]"
src/Analysis/Finding/Contract/Rule/RuleOptionAddress.php	Qualimetrix\Analysis\Finding\Contract\Rule\RuleOptionAddress	class	Analysis.Finding	internal	[]
src/Analysis/Finding/Contract/Rule/RuleOptionKey.php	Qualimetrix\Analysis\Finding\Contract\Rule\RuleOptionKey	class	Analysis.Finding	contract	"[{""owner"":""Analysis.Evidence.CircularDependency"",""source_fqcn"":""Qualimetrix\\Analysis\\Evidence\\CircularDependency\\CircularDependencyOptions""},{""owner"":""Analysis.Evidence.CodeSmell"",""source_fqcn"":""Qualimetrix\\Analysis\\Evidence\\CodeSmell\\BooleanArgumentOptions""},{""owner"":""Analysis.Evidence.CodeSmell"",""source_fqcn"":""Qualimetrix\\Analysis\\Evidence\\CodeSmell\\CodeSmellOptions""},{""owner"":""Analysis.Evidence.CodeSmell"",""source_fqcn"":""Qualimetrix\\Analysis\\Evidence\\CodeSmell\\ConstructorOverinjectionOptions""},{""owner"":""Analysis.Evidence.CodeSmell"",""source_fqcn"":""Qualimetrix\\Analysis\\Evidence\\CodeSmell\\ErrorSuppressionOptions""},{""owner"":""Analysis.Evidence.CodeSmell"",""source_fqcn"":""Qualimetrix\\Analysis\\Evidence\\CodeSmell\\IdenticalSubExpressionOptions""},{""owner"":""Analysis.Evidence.CodeSmell"",""source_fqcn"":""Qualimetrix\\Analysis\\Evidence\\CodeSmell\\LongParameterListOptions""},{""owner"":""Analysis.Evidence.CodeSmell"",""source_fqcn"":""Qualimetrix\\Analysis\\Evidence\\CodeSmell\\UnreachableCodeOptions""},{""owner"":""Analysis.Evidence.CodeSmell"",""source_fqcn"":""Qualimetrix\\Analysis\\Evidence\\CodeSmell\\UnusedPrivateOptions""},{""owner"":""Analysis.Evidence.Cohesion"",""source_fqcn"":""Qualimetrix\\Analysis\\Evidence\\Cohesion\\LcomOptions""},{""owner"":""Analysis.Evidence.Complexity"",""source_fqcn"":""Qualimetrix\\Analysis\\Evidence\\Complexity\\ClassCognitiveComplexityOptions""},{""owner"":""Analysis.Evidence.Complexity"",""source_fqcn"":""Qualimetrix\\Analysis\\Evidence\\Complexity\\ClassComplexityOptions""},{""owner"":""Analysis.Evidence.Complexity"",""source_fqcn"":""Qualimetrix\\Analysis\\Evidence\\Complexity\\ClassNpathComplexityOptions""},{""owner"":""Analysis.Evidence.Complexity"",""source_fqcn"":""Qualimetrix\\Analysis\\Evidence\\Complexity\\CognitiveComplexityOptions""},{""owner"":""Analysis.Evidence.Complexity"",""source_fqcn"":""Qualimetrix\\Analysis\\Evidence\\Complexity\\ComplexityOptions""},{""owner"":""Analysis.Evidence.Complexity"",""source_fqcn"":""Qualimetrix\\Analysis\\Evidence\\Complexity\\MethodCognitiveComplexityOptions""},{""owner"":""Analysis.Evidence.Complexity"",""source_fqcn"":""Qualimetrix\\Analysis\\Evidence\\Complexity\\MethodComplexityOptions""},{""owner"":""Analysis.Evidence.Complexity"",""source_fqcn"":""Qualimetrix\\Analysis\\Evidence\\Complexity\\MethodNpathComplexityOptions""},{""owner"":""Analysis.Evidence.Complexity"",""source_fqcn"":""Qualimetrix\\Analysis\\Evidence\\Complexity\\NpathComplexityOptions""},{""owner"":""Analysis.Evidence.Complexity"",""source_fqcn"":""Qualimetrix\\Analysis\\Evidence\\Complexity\\WmcOptions""},{""owner"":""Analysis.Evidence.ComputedMetrics"",""source_fqcn"":""Qualimetrix\\Analysis\\Evidence\\ComputedMetrics\\ComputedMetricOverrideReader""},{""owner"":""Analysis.Evidence.ComputedMetrics"",""source_fqcn"":""Qualimetrix\\Analysis\\Evidence\\ComputedMetrics\\ComputedMetricRuleOptions""},{""owner"":""Analysis.Evidence.ComputedMetrics"",""source_fqcn"":""Qualimetrix\\Analysis\\Evidence\\ComputedMetrics\\ComputedMetricsConfigResolver""},{""owner"":""Analysis.Evidence.Coupling"",""source_fqcn"":""Qualimetrix\\Analysis\\Evidence\\Coupling\\CboOptions""},{""owner"":""Analysis.Evidence.Coupling"",""source_fqcn"":""Qualimetrix\\Analysis\\Evidence\\Coupling\\ClassCboOptions""},{""owner"":""Analysis.Evidence.Coupling"",""source_fqcn"":""Qualimetrix\\Analysis\\Evidence\\Coupling\\ClassInstabilityOptions""},{""owner"":""Analysis.Evidence.Coupling"",""source_fqcn"":""Qualimetrix\\Analysis\\Evidence\\Coupling\\ClassRankOptions""},{""owner"":""Analysis.Evidence.Coupling"",""source_fqcn"":""Qualimetrix\\Analysis\\Evidence\\Coupling\\DistanceOptions""},{""owner"":""Analysis.Evidence.Coupling"",""source_fqcn"":""Qualimetrix\\Analysis\\Evidence\\Coupling\\InstabilityOptions""},{""owner"":""Analysis.Evidence.Coupling"",""source_fqcn"":""Qualimetrix\\Analysis\\Evidence\\Coupling\\NamespaceCboOptions""},{""owner"":""Analysis.Evidence.Coupling"",""source_fqcn"":""Qualimetrix\\Analysis\\Evidence\\Coupling\\NamespaceInstabilityOptions""},{""owner"":""Analysis.Evidence.Coupling"",""source_fqcn"":""Qualimetrix\\Analysis\\Evidence\\Coupling\\UnmatchedFrameworkNamespaceOptions""},{""owner"":""Analysis.Evidence.Design"",""source_fqcn"":""Qualimetrix\\Analysis\\Evidence\\Design\\DataClass\\DataClassOptions""},{""owner"":""Analysis.Evidence.Design"",""source_fqcn"":""Qualimetrix\\Analysis\\Evidence\\Design\\GodClass\\GodClassOptions""},{""owner"":""Analysis.Evidence.Design"",""source_fqcn"":""Qualimetrix\\Analysis\\Evidence\\Design\\Inheritance\\InheritanceOptions""},{""owner"":""Analysis.Evidence.Design"",""source_fqcn"":""Qualimetrix\\Analysis\\Evidence\\Design\\Inheritance\\NocOptions""},{""owner"":""Analysis.Evidence.Design"",""source_fqcn"":""Qualimetrix\\Analysis\\Evidence\\Design\\TypeCoverage\\TypeCoverageOptions""},{""owner"":""Analysis.Evidence.Duplication"",""source_fqcn"":""Qualimetrix\\Analysis\\Evidence\\Duplication\\CodeDuplicationOptions""},{""owner"":""Analysis.Evidence.Maintainability"",""source_fqcn"":""Qualimetrix\\Analysis\\Evidence\\Maintainability\\MaintainabilityOptions""},{""owner"":""Analysis.Evidence.Security"",""source_fqcn"":""Qualimetrix\\Analysis\\Evidence\\Security\\HardcodedCredentialsOptions""},{""owner"":""Analysis.Evidence.Security"",""source_fqcn"":""Qualimetrix\\Analysis\\Evidence\\Security\\SecurityPatternOptions""},{""owner"":""Analysis.Evidence.Security"",""source_fqcn"":""Qualimetrix\\Analysis\\Evidence\\Security\\SensitiveParameterOptions""},{""owner"":""Analysis.Evidence.Size"",""source_fqcn"":""Qualimetrix\\Analysis\\Evidence\\Size\\ClassCountOptions""},{""owner"":""Analysis.Evidence.Size"",""source_fqcn"":""Qualimetrix\\Analysis\\Evidence\\Size\\MethodCountOptions""},{""owner"":""Analysis.Evidence.Size"",""source_fqcn"":""Qualimetrix\\Analysis\\Evidence\\Size\\PropertyCountOptions""},{""owner"":""Analysis.Policy.Architecture"",""source_fqcn"":""Qualimetrix\\Analysis\\Policy\\Architecture\\LayerViolation\\LayerViolationOptions""},{""owner"":""Analysis.Policy.Architecture"",""source_fqcn"":""Qualimetrix\\Analysis\\Policy\\Architecture\\LayerViolation\\UnassignedClassOptions""},{""owner"":""Analysis.Policy.Inline"",""source_fqcn"":""Qualimetrix\\Analysis\\Policy\\Inline\\Directive\\InlineDirectiveOptions""},{""owner"":""Analysis.Run"",""source_fqcn"":""Qualimetrix\\Analysis\\Run\\ExcludeBinding\\UnmatchedExcludeOptions""}]"
src/Analysis/Finding/Contract/Rule/RuleOptionKeySet.php	Qualimetrix\Analysis\Finding\Contract\Rule\RuleOptionKeySet	class	Analysis.Finding	contract	"[{""owner"":""Analysis.Evidence.CircularDependency"",""source_fqcn"":""Qualimetrix\\Analysis\\Evidence\\CircularDependency\\CircularDependencyOptions""},{""owner"":""Analysis.Evidence.CodeSmell"",""source_fqcn"":""Qualimetrix\\Analysis\\Evidence\\CodeSmell\\BooleanArgumentOptions""},{""owner"":""Analysis.Evidence.CodeSmell"",""source_fqcn"":""Qualimetrix\\Analysis\\Evidence\\CodeSmell\\CodeSmellOptions""},{""owner"":""Analysis.Evidence.CodeSmell"",""source_fqcn"":""Qualimetrix\\Analysis\\Evidence\\CodeSmell\\ConstructorOverinjectionOptions""},{""owner"":""Analysis.Evidence.CodeSmell"",""source_fqcn"":""Qualimetrix\\Analysis\\Evidence\\CodeSmell\\ErrorSuppressionOptions""},{""owner"":""Analysis.Evidence.CodeSmell"",""source_fqcn"":""Qualimetrix\\Analysis\\Evidence\\CodeSmell\\IdenticalSubExpressionOptions""},{""owner"":""Analysis.Evidence.CodeSmell"",""source_fqcn"":""Qualimetrix\\Analysis\\Evidence\\CodeSmell\\LongParameterListOptions""},{""owner"":""Analysis.Evidence.CodeSmell"",""source_fqcn"":""Qualimetrix\\Analysis\\Evidence\\CodeSmell\\UnreachableCodeOptions""},{""owner"":""Analysis.Evidence.CodeSmell"",""source_fqcn"":""Qualimetrix\\Analysis\\Evidence\\CodeSmell\\UnusedPrivateOptions""},{""owner"":""Analysis.Evidence.Cohesion"",""source_fqcn"":""Qualimetrix\\Analysis\\Evidence\\Cohesion\\LcomOptions""},{""owner"":""Analysis.Evidence.Complexity"",""source_fqcn"":""Qualimetrix\\Analysis\\Evidence\\Complexity\\ClassCognitiveComplexityOptions""},{""owner"":""Analysis.Evidence.Complexity"",""source_fqcn"":""Qualimetrix\\Analysis\\Evidence\\Complexity\\ClassComplexityOptions""},{""owner"":""Analysis.Evidence.Complexity"",""source_fqcn"":""Qualimetrix\\Analysis\\Evidence\\Complexity\\ClassNpathComplexityOptions""},{""owner"":""Analysis.Evidence.Complexity"",""source_fqcn"":""Qualimetrix\\Analysis\\Evidence\\Complexity\\CognitiveComplexityOptions""},{""owner"":""Analysis.Evidence.Complexity"",""source_fqcn"":""Qualimetrix\\Analysis\\Evidence\\Complexity\\ComplexityOptions""},{""owner"":""Analysis.Evidence.Complexity"",""source_fqcn"":""Qualimetrix\\Analysis\\Evidence\\Complexity\\MethodCognitiveComplexityOptions""},{""owner"":""Analysis.Evidence.Complexity"",""source_fqcn"":""Qualimetrix\\Analysis\\Evidence\\Complexity\\MethodComplexityOptions""},{""owner"":""Analysis.Evidence.Complexity"",""source_fqcn"":""Qualimetrix\\Analysis\\Evidence\\Complexity\\MethodNpathComplexityOptions""},{""owner"":""Analysis.Evidence.Complexity"",""source_fqcn"":""Qualimetrix\\Analysis\\Evidence\\Complexity\\NpathComplexityOptions""},{""owner"":""Analysis.Evidence.Complexity"",""source_fqcn"":""Qualimetrix\\Analysis\\Evidence\\Complexity\\WmcOptions""},{""owner"":""Analysis.Evidence.ComputedMetrics"",""source_fqcn"":""Qualimetrix\\Analysis\\Evidence\\ComputedMetrics\\ComputedMetricRuleOptions""},{""owner"":""Analysis.Evidence.ComputedMetrics"",""source_fqcn"":""Qualimetrix\\Analysis\\Evidence\\ComputedMetrics\\Configuration\\ComputedMetricEntryKeys""},{""owner"":""Analysis.Evidence.Coupling"",""source_fqcn"":""Qualimetrix\\Analysis\\Evidence\\Coupling\\CboOptions""},{""owner"":""Analysis.Evidence.Coupling"",""source_fqcn"":""Qualimetrix\\Analysis\\Evidence\\Coupling\\ClassCboOptions""},{""owner"":""Analysis.Evidence.Coupling"",""source_fqcn"":""Qualimetrix\\Analysis\\Evidence\\Coupling\\ClassInstabilityOptions""},{""owner"":""Analysis.Evidence.Coupling"",""source_fqcn"":""Qualimetrix\\Analysis\\Evidence\\Coupling\\ClassRankOptions""},{""owner"":""Analysis.Evidence.Coupling"",""source_fqcn"":""Qualimetrix\\Analysis\\Evidence\\Coupling\\DistanceOptions""},{""owner"":""Analysis.Evidence.Coupling"",""source_fqcn"":""Qualimetrix\\Analysis\\Evidence\\Coupling\\InstabilityOptions""},{""owner"":""Analysis.Evidence.Coupling"",""source_fqcn"":""Qualimetrix\\Analysis\\Evidence\\Coupling\\NamespaceCboOptions""},{""owner"":""Analysis.Evidence.Coupling"",""source_fqcn"":""Qualimetrix\\Analysis\\Evidence\\Coupling\\NamespaceInstabilityOptions""},{""owner"":""Analysis.Evidence.Coupling"",""source_fqcn"":""Qualimetrix\\Analysis\\Evidence\\Coupling\\UnmatchedFrameworkNamespaceOptions""},{""owner"":""Analysis.Evidence.Design"",""source_fqcn"":""Qualimetrix\\Analysis\\Evidence\\Design\\DataClass\\DataClassOptions""},{""owner"":""Analysis.Evidence.Design"",""source_fqcn"":""Qualimetrix\\Analysis\\Evidence\\Design\\GodClass\\GodClassOptions""},{""owner"":""Analysis.Evidence.Design"",""source_fqcn"":""Qualimetrix\\Analysis\\Evidence\\Design\\Inheritance\\InheritanceOptions""},{""owner"":""Analysis.Evidence.Design"",""source_fqcn"":""Qualimetrix\\Analysis\\Evidence\\Design\\Inheritance\\NocOptions""},{""owner"":""Analysis.Evidence.Design"",""source_fqcn"":""Qualimetrix\\Analysis\\Evidence\\Design\\TypeCoverage\\TypeCoverageOptions""},{""owner"":""Analysis.Evidence.Duplication"",""source_fqcn"":""Qualimetrix\\Analysis\\Evidence\\Duplication\\CodeDuplicationOptions""},{""owner"":""Analysis.Evidence.Maintainability"",""source_fqcn"":""Qualimetrix\\Analysis\\Evidence\\Maintainability\\MaintainabilityOptions""},{""owner"":""Analysis.Evidence.Security"",""source_fqcn"":""Qualimetrix\\Analysis\\Evidence\\Security\\HardcodedCredentialsOptions""},{""owner"":""Analysis.Evidence.Security"",""source_fqcn"":""Qualimetrix\\Analysis\\Evidence\\Security\\SecurityPatternOptions""},{""owner"":""Analysis.Evidence.Security"",""source_fqcn"":""Qualimetrix\\Analysis\\Evidence\\Security\\SensitiveParameterOptions""},{""owner"":""Analysis.Evidence.Size"",""source_fqcn"":""Qualimetrix\\Analysis\\Evidence\\Size\\ClassCountOptions""},{""owner"":""Analysis.Evidence.Size"",""source_fqcn"":""Qualimetrix\\Analysis\\Evidence\\Size\\MethodCountOptions""},{""owner"":""Analysis.Evidence.Size"",""source_fqcn"":""Qualimetrix\\Analysis\\Evidence\\Size\\PropertyCountOptions""},{""owner"":""Analysis.Policy.Architecture"",""source_fqcn"":""Qualimetrix\\Analysis\\Policy\\Architecture\\LayerViolation\\LayerViolationOptions""},{""owner"":""Analysis.Policy.Architecture"",""source_fqcn"":""Qualimetrix\\Analysis\\Policy\\Architecture\\LayerViolation\\UnassignedClassOptions""},{""owner"":""Analysis.Policy.Inline"",""source_fqcn"":""Qualimetrix\\Analysis\\Policy\\Inline\\Directive\\InlineDirectiveOptions""},{""owner"":""Analysis.Run"",""source_fqcn"":""Qualimetrix\\Analysis\\Run\\ExcludeBinding\\UnmatchedExcludeOptions""}]"
src/Analysis/Finding/Contract/Rule/RuleOptionRefusalWording.php	Qualimetrix\Analysis\Finding\Contract\Rule\RuleOptionRefusalWording	class	Analysis.Finding	internal	[]
src/Analysis/Finding/Contract/Rule/RuleOptionShape.php	Qualimetrix\Analysis\Finding\Contract\Rule\RuleOptionShape	class	Analysis.Finding	contract	"[{""owner"":""Analysis.Evidence.CircularDependency"",""source_fqcn"":""Qualimetrix\\Analysis\\Evidence\\CircularDependency\\CircularDependencyOptions""},{""owner"":""Analysis.Evidence.CodeSmell"",""source_fqcn"":""Qualimetrix\\Analysis\\Evidence\\CodeSmell\\BooleanArgumentOptions""},{""owner"":""Analysis.Evidence.CodeSmell"",""source_fqcn"":""Qualimetrix\\Analysis\\Evidence\\CodeSmell\\CodeSmellOptions""},{""owner"":""Analysis.Evidence.CodeSmell"",""source_fqcn"":""Qualimetrix\\Analysis\\Evidence\\CodeSmell\\ConstructorOverinjectionOptions""},{""owner"":""Analysis.Evidence.CodeSmell"",""source_fqcn"":""Qualimetrix\\Analysis\\Evidence\\CodeSmell\\ErrorSuppressionOptions""},{""owner"":""Analysis.Evidence.CodeSmell"",""source_fqcn"":""Qualimetrix\\Analysis\\Evidence\\CodeSmell\\IdenticalSubExpressionOptions""},{""owner"":""Analysis.Evidence.CodeSmell"",""source_fqcn"":""Qualimetrix\\Analysis\\Evidence\\CodeSmell\\LongParameterListOptions""},{""owner"":""Analysis.Evidence.CodeSmell"",""source_fqcn"":""Qualimetrix\\Analysis\\Evidence\\CodeSmell\\UnreachableCodeOptions""},{""owner"":""Analysis.Evidence.CodeSmell"",""source_fqcn"":""Qualimetrix\\Analysis\\Evidence\\CodeSmell\\UnusedPrivateOptions""},{""owner"":""Analysis.Evidence.Cohesion"",""source_fqcn"":""Qualimetrix\\Analysis\\Evidence\\Cohesion\\LcomOptions""},{""owner"":""Analysis.Evidence.Complexity"",""source_fqcn"":""Qualimetrix\\Analysis\\Evidence\\Complexity\\ClassCognitiveComplexityOptions""},{""owner"":""Analysis.Evidence.Complexity"",""source_fqcn"":""Qualimetrix\\Analysis\\Evidence\\Complexity\\ClassComplexityOptions""},{""owner"":""Analysis.Evidence.Complexity"",""source_fqcn"":""Qualimetrix\\Analysis\\Evidence\\Complexity\\ClassNpathComplexityOptions""},{""owner"":""Analysis.Evidence.Complexity"",""source_fqcn"":""Qualimetrix\\Analysis\\Evidence\\Complexity\\CognitiveComplexityOptions""},{""owner"":""Analysis.Evidence.Complexity"",""source_fqcn"":""Qualimetrix\\Analysis\\Evidence\\Complexity\\ComplexityOptions""},{""owner"":""Analysis.Evidence.Complexity"",""source_fqcn"":""Qualimetrix\\Analysis\\Evidence\\Complexity\\MethodCognitiveComplexityOptions""},{""owner"":""Analysis.Evidence.Complexity"",""source_fqcn"":""Qualimetrix\\Analysis\\Evidence\\Complexity\\MethodComplexityOptions""},{""owner"":""Analysis.Evidence.Complexity"",""source_fqcn"":""Qualimetrix\\Analysis\\Evidence\\Complexity\\MethodNpathComplexityOptions""},{""owner"":""Analysis.Evidence.Complexity"",""source_fqcn"":""Qualimetrix\\Analysis\\Evidence\\Complexity\\NpathComplexityOptions""},{""owner"":""Analysis.Evidence.Complexity"",""source_fqcn"":""Qualimetrix\\Analysis\\Evidence\\Complexity\\WmcOptions""},{""owner"":""Analysis.Evidence.ComputedMetrics"",""source_fqcn"":""Qualimetrix\\Analysis\\Evidence\\ComputedMetrics\\ComputedMetricRuleOptions""},{""owner"":""Analysis.Evidence.ComputedMetrics"",""source_fqcn"":""Qualimetrix\\Analysis\\Evidence\\ComputedMetrics\\Configuration\\ComputedMetricEntryKeys""},{""owner"":""Analysis.Evidence.Coupling"",""source_fqcn"":""Qualimetrix\\Analysis\\Evidence\\Coupling\\CboOptions""},{""owner"":""Analysis.Evidence.Coupling"",""source_fqcn"":""Qualimetrix\\Analysis\\Evidence\\Coupling\\ClassCboOptions""},{""owner"":""Analysis.Evidence.Coupling"",""source_fqcn"":""Qualimetrix\\Analysis\\Evidence\\Coupling\\ClassInstabilityOptions""},{""owner"":""Analysis.Evidence.Coupling"",""source_fqcn"":""Qualimetrix\\Analysis\\Evidence\\Coupling\\ClassRankOptions""},{""owner"":""Analysis.Evidence.Coupling"",""source_fqcn"":""Qualimetrix\\Analysis\\Evidence\\Coupling\\DistanceOptions""},{""owner"":""Analysis.Evidence.Coupling"",""source_fqcn"":""Qualimetrix\\Analysis\\Evidence\\Coupling\\InstabilityOptions""},{""owner"":""Analysis.Evidence.Coupling"",""source_fqcn"":""Qualimetrix\\Analysis\\Evidence\\Coupling\\NamespaceCboOptions""},{""owner"":""Analysis.Evidence.Coupling"",""source_fqcn"":""Qualimetrix\\Analysis\\Evidence\\Coupling\\NamespaceInstabilityOptions""},{""owner"":""Analysis.Evidence.Coupling"",""source_fqcn"":""Qualimetrix\\Analysis\\Evidence\\Coupling\\UnmatchedFrameworkNamespaceOptions""},{""owner"":""Analysis.Evidence.Design"",""source_fqcn"":""Qualimetrix\\Analysis\\Evidence\\Design\\DataClass\\DataClassOptions""},{""owner"":""Analysis.Evidence.Design"",""source_fqcn"":""Qualimetrix\\Analysis\\Evidence\\Design\\GodClass\\GodClassOptions""},{""owner"":""Analysis.Evidence.Design"",""source_fqcn"":""Qualimetrix\\Analysis\\Evidence\\Design\\Inheritance\\InheritanceOptions""},{""owner"":""Analysis.Evidence.Design"",""source_fqcn"":""Qualimetrix\\Analysis\\Evidence\\Design\\Inheritance\\NocOptions""},{""owner"":""Analysis.Evidence.Design"",""source_fqcn"":""Qualimetrix\\Analysis\\Evidence\\Design\\TypeCoverage\\TypeCoverageOptions""},{""owner"":""Analysis.Evidence.Duplication"",""source_fqcn"":""Qualimetrix\\Analysis\\Evidence\\Duplication\\CodeDuplicationOptions""},{""owner"":""Analysis.Evidence.Maintainability"",""source_fqcn"":""Qualimetrix\\Analysis\\Evidence\\Maintainability\\MaintainabilityOptions""},{""owner"":""Analysis.Evidence.Security"",""source_fqcn"":""Qualimetrix\\Analysis\\Evidence\\Security\\HardcodedCredentialsOptions""},{""owner"":""Analysis.Evidence.Security"",""source_fqcn"":""Qualimetrix\\Analysis\\Evidence\\Security\\SecurityPatternOptions""},{""owner"":""Analysis.Evidence.Security"",""source_fqcn"":""Qualimetrix\\Analysis\\Evidence\\Security\\SensitiveParameterOptions""},{""owner"":""Analysis.Evidence.Size"",""source_fqcn"":""Qualimetrix\\Analysis\\Evidence\\Size\\ClassCountOptions""},{""owner"":""Analysis.Evidence.Size"",""source_fqcn"":""Qualimetrix\\Analysis\\Evidence\\Size\\MethodCountOptions""},{""owner"":""Analysis.Evidence.Size"",""source_fqcn"":""Qualimetrix\\Analysis\\Evidence\\Size\\PropertyCountOptions""},{""owner"":""Analysis.Policy.Architecture"",""source_fqcn"":""Qualimetrix\\Analysis\\Policy\\Architecture\\LayerViolation\\LayerViolationOptions""},{""owner"":""Analysis.Policy.Architecture"",""source_fqcn"":""Qualimetrix\\Analysis\\Policy\\Architecture\\LayerViolation\\UnassignedClassOptions""},{""owner"":""Analysis.Policy.Inline"",""source_fqcn"":""Qualimetrix\\Analysis\\Policy\\Inline\\Directive\\InlineDirectiveOptions""},{""owner"":""Analysis.Run"",""source_fqcn"":""Qualimetrix\\Analysis\\Run\\ExcludeBinding\\UnmatchedExcludeOptions""}]"
src/Analysis/Finding/Contract/Rule/RuleOptionShapeCompoundForms.php	Qualimetrix\Analysis\Finding\Contract\Rule\RuleOptionShapeCompoundForms	trait	Analysis.Finding	internal	[]
src/Analysis/Finding/Contract/Rule/RuleOptionSurface.php	Qualimetrix\Analysis\Finding\Contract\Rule\RuleOptionSurface	class	Analysis.Finding	contract	"[{""owner"":""Infrastructure.Console"",""source_fqcn"":""Qualimetrix\\Infrastructure\\Console\\Command\\RulesCommand""}]"
src/Analysis/Finding/Contract/Rule/RuleOptionValueForm.php	Qualimetrix\Analysis\Finding\Contract\Rule\RuleOptionValueForm	enum	Analysis.Finding	internal	[]
src/Analysis/Finding/Contract/Rule/RuleOptionWordSet.php	Qualimetrix\Analysis\Finding\Contract\Rule\RuleOptionWordSet	class	Analysis.Finding	internal	[]
src/Analysis/Finding/Contract/Rule/RuleOptionsInterface.php	Qualimetrix\Analysis\Finding\Contract\Rule\RuleOptionsInterface	interface	Analysis.Finding	contract	"[{""owner"":""Analysis.Evidence.CircularDependency"",""source_fqcn"":""Qualimetrix\\Analysis\\Evidence\\CircularDependency\\CircularDependencyOptions""},{""owner"":""Analysis.Evidence.CircularDependency"",""source_fqcn"":""Qualimetrix\\Analysis\\Evidence\\CircularDependency\\CircularDependencyRule""},{""owner"":""Analysis.Evidence.CodeSmell"",""source_fqcn"":""Qualimetrix\\Analysis\\Evidence\\CodeSmell\\BooleanArgumentOptions""},{""owner"":""Analysis.Evidence.CodeSmell"",""source_fqcn"":""Qualimetrix\\Analysis\\Evidence\\CodeSmell\\CodeSmellOptions""},{""owner"":""Analysis.Evidence.CodeSmell"",""source_fqcn"":""Qualimetrix\\Analysis\\Evidence\\CodeSmell\\ConstructorOverinjectionOptions""},{""owner"":""Analysis.Evidence.CodeSmell"",""source_fqcn"":""Qualimetrix\\Analysis\\Evidence\\CodeSmell\\ErrorSuppressionOptions""},{""owner"":""Analysis.Evidence.CodeSmell"",""source_fqcn"":""Qualimetrix\\Analysis\\Evidence\\CodeSmell\\IdenticalSubExpressionOptions""},{""owner"":""Analysis.Evidence.CodeSmell"",""source_fqcn"":""Qualimetrix\\Analysis\\Evidence\\CodeSmell\\LongParameterListOptions""},{""owner"":""Analysis.Evidence.CodeSmell"",""source_fqcn"":""Qualimetrix\\Analysis\\Evidence\\CodeSmell\\UnreachableCodeOptions""},{""owner"":""Analysis.Evidence.CodeSmell"",""source_fqcn"":""Qualimetrix\\Analysis\\Evidence\\CodeSmell\\UnusedPrivateOptions""},{""owner"":""Analysis.Evidence.Cohesion"",""source_fqcn"":""Qualimetrix\\Analysis\\Evidence\\Cohesion\\LcomOptions""},{""owner"":""Analysis.Evidence.Complexity"",""source_fqcn"":""Qualimetrix\\Analysis\\Evidence\\Complexity\\WmcOptions""},{""owner"":""Analysis.Evidence.ComputedMetrics"",""source_fqcn"":""Qualimetrix\\Analysis\\Evidence\\ComputedMetrics\\ComputedMetricRuleOptions""},{""owner"":""Analysis.Evidence.Coupling"",""source_fqcn"":""Qualimetrix\\Analysis\\Evidence\\Coupling\\ClassRankOptions""},{""owner"":""Analysis.Evidence.Coupling"",""source_fqcn"":""Qualimetrix\\Analysis\\Evidence\\Coupling\\DistanceOptions""},{""owner"":""Analysis.Evidence.Coupling"",""source_fqcn"":""Qualimetrix\\Analysis\\Evidence\\Coupling\\DistanceRule""},{""owner"":""Analysis.Evidence.Coupling"",""source_fqcn"":""Qualimetrix\\Analysis\\Evidence\\Coupling\\UnmatchedFrameworkNamespaceOptions""},{""owner"":""Analysis.Evidence.Coupling"",""source_fqcn"":""Qualimetrix\\Analysis\\Evidence\\Coupling\\UnmatchedFrameworkNamespaceRule""},{""owner"":""Analysis.Evidence.Design"",""source_fqcn"":""Qualimetrix\\Analysis\\Evidence\\Design\\DataClass\\DataClassOptions""},{""owner"":""Analysis.Evidence.Design"",""source_fqcn"":""Qualimetrix\\Analysis\\Evidence\\Design\\GodClass\\GodClassOptions""},{""owner"":""Analysis.Evidence.Design"",""source_fqcn"":""Qualimetrix\\Analysis\\Evidence\\Design\\Inheritance\\InheritanceOptions""},{""owner"":""Analysis.Evidence.Design"",""source_fqcn"":""Qualimetrix\\Analysis\\Evidence\\Design\\Inheritance\\NocOptions""},{""owner"":""Analysis.Evidence.Design"",""source_fqcn"":""Qualimetrix\\Analysis\\Evidence\\Design\\TypeCoverage\\TypeCoverageOptions""},{""owner"":""Analysis.Evidence.Duplication"",""source_fqcn"":""Qualimetrix\\Analysis\\Evidence\\Duplication\\CodeDuplicationOptions""},{""owner"":""Analysis.Evidence.Duplication"",""source_fqcn"":""Qualimetrix\\Analysis\\Evidence\\Duplication\\CodeDuplicationRule""},{""owner"":""Analysis.Evidence.Maintainability"",""source_fqcn"":""Qualimetrix\\Analysis\\Evidence\\Maintainability\\MaintainabilityOptions""},{""owner"":""Analysis.Evidence.Security"",""source_fqcn"":""Qualimetrix\\Analysis\\Evidence\\Security\\HardcodedCredentialsOptions""},{""owner"":""Analysis.Evidence.Security"",""source_fqcn"":""Qualimetrix\\Analysis\\Evidence\\Security\\SecurityPatternOptions""},{""owner"":""Analysis.Evidence.Security"",""source_fqcn"":""Qualimetrix\\Analysis\\Evidence\\Security\\SensitiveParameterOptions""},{""owner"":""Analysis.Evidence.Size"",""source_fqcn"":""Qualimetrix\\Analysis\\Evidence\\Size\\ClassCountOptions""},{""owner"":""Analysis.Evidence.Size"",""source_fqcn"":""Qualimetrix\\Analysis\\Evidence\\Size\\MethodCountOptions""},{""owner"":""Analysis.Evidence.Size"",""source_fqcn"":""Qualimetrix\\Analysis\\Evidence\\Size\\PropertyCountOptions""},{""owner"":""Analysis.Policy.Architecture"",""source_fqcn"":""Qualimetrix\\Analysis\\Policy\\Architecture\\LayerViolation\\LayerViolationOptions""},{""owner"":""Analysis.Policy.Architecture"",""source_fqcn"":""Qualimetrix\\Analysis\\Policy\\Architecture\\LayerViolation\\LayerViolationRule""},{""owner"":""Analysis.Policy.Architecture"",""source_fqcn"":""Qualimetrix\\Analysis\\Policy\\Architecture\\LayerViolation\\UnassignedClassOptions""},{""owner"":""Analysis.Policy.Architecture"",""source_fqcn"":""Qualimetrix\\Analysis\\Policy\\Architecture\\LayerViolation\\UnassignedClassRule""},{""owner"":""Analysis.Policy.Inline"",""source_fqcn"":""Qualimetrix\\Analysis\\Policy\\Inline\\Directive\\InlineDirectiveOptions""},{""owner"":""Analysis.Policy.Inline"",""source_fqcn"":""Qualimetrix\\Analysis\\Policy\\Inline\\Directive\\InlineDirectiveValidator""},{""owner"":""Analysis.Policy.Inline"",""source_fqcn"":""Qualimetrix\\Analysis\\Policy\\Inline\\Directive\\UnusedDirectiveRule""},{""owner"":""Analysis.Run"",""source_fqcn"":""Qualimetrix\\Analysis\\Run\\ExcludeBinding\\UnmatchedExcludeAudit""},{""owner"":""Analysis.Run"",""source_fqcn"":""Qualimetrix\\Analysis\\Run\\ExcludeBinding\\UnmatchedExcludeOptions""},{""owner"":""Infrastructure.Console"",""source_fqcn"":""Qualimetrix\\Infrastructure\\Console\\Command\\BaselineConfiguredThresholds""},{""owner"":""Infrastructure.DependencyInjection"",""source_fqcn"":""Qualimetrix\\Infrastructure\\DependencyInjection\\CompilerPass\\RuleOptionsCompilerPass""}]"
src/Analysis/Finding/Contract/Rule/RuleOwnConstantReader.php	Qualimetrix\Analysis\Finding\Contract\Rule\RuleOwnConstantReader	class	Analysis.Finding	internal	[]
src/Analysis/Finding/Contract/Rule/RuleRemediationMinutesReader.php	Qualimetrix\Analysis\Finding\Contract\Rule\RuleRemediationMinutesReader	class	Analysis.Finding	contract	"[{""owner"":""Analysis.Evidence.Prioritization"",""source_fqcn"":""Qualimetrix\\Analysis\\Evidence\\Prioritization\\Debt\\RemediationTimeRegistry""},{""owner"":""Infrastructure.DependencyInjection"",""source_fqcn"":""Qualimetrix\\Infrastructure\\DependencyInjection\\CompilerPass\\ChannelDeclarationCompilerPass""}]"
src/Analysis/Finding/Contract/Rule/RuleSelector.php	Qualimetrix\Analysis\Finding\Contract\Rule\RuleSelector	class	Analysis.Finding	contract	"[{""owner"":""Analysis.Policy.Inline"",""source_fqcn"":""Qualimetrix\\Analysis\\Policy\\Inline\\Directive\\Audit\\DirectiveUsage""},{""owner"":""Analysis.Run"",""source_fqcn"":""Qualimetrix\\Analysis\\Run\\FileSetInspection\\RuleSelectorProducerGate""},{""owner"":""Infrastructure.Console"",""source_fqcn"":""Qualimetrix\\Infrastructure\\Console\\RuleInputValidator""},{""owner"":""Infrastructure.DependencyInjection"",""source_fqcn"":""Qualimetrix\\Infrastructure\\DependencyInjection\\Configurator\\AnalysisConfigurator""},{""owner"":""Infrastructure.DependencyInjection"",""source_fqcn"":""Qualimetrix\\Infrastructure\\DependencyInjection\\Configurator\\FindingConfigurator""},{""owner"":""Infrastructure.DependencyInjection"",""source_fqcn"":""Qualimetrix\\Infrastructure\\DependencyInjection\\Configurator\\OutputConfigurator""},{""owner"":""Infrastructure.DependencyInjection"",""source_fqcn"":""Qualimetrix\\Infrastructure\\DependencyInjection\\Configurator\\RuleConfigurator""},{""owner"":""Analysis.Policy.Inline"",""source_fqcn"":""Qualimetrix\\Analysis\\Policy\\Inline\\Directive\\Audit\\ThresholdDirectiveAudit""}]"
src/Analysis/Finding/Contract/Rule/RuleShapeReader.php	Qualimetrix\Analysis\Finding\Contract\Rule\RuleShapeReader	class	Analysis.Finding	contract	"[{""owner"":""Infrastructure.DependencyInjection"",""source_fqcn"":""Qualimetrix\\Infrastructure\\DependencyInjection\\CompilerPass\\ChannelDeclarationCompilerPass""}]"
src/Analysis/Finding/Contract/Rule/ThresholdAwareOptionsInterface.php	Qualimetrix\Analysis\Finding\Contract\Rule\ThresholdAwareOptionsInterface	interface	Analysis.Finding	contract	"[{""owner"":""Analysis.Evidence.CodeSmell"",""source_fqcn"":""Qualimetrix\\Analysis\\Evidence\\CodeSmell\\ConstructorOverinjectionOptions""},{""owner"":""Analysis.Evidence.CodeSmell"",""source_fqcn"":""Qualimetrix\\Analysis\\Evidence\\CodeSmell\\LongParameterListOptions""},{""owner"":""Analysis.Evidence.CodeSmell"",""source_fqcn"":""Qualimetrix\\Analysis\\Evidence\\CodeSmell\\UnreachableCodeOptions""},{""owner"":""Analysis.Evidence.Cohesion"",""source_fqcn"":""Qualimetrix\\Analysis\\Evidence\\Cohesion\\LcomOptions""},{""owner"":""Analysis.Evidence.Complexity"",""source_fqcn"":""Qualimetrix\\Analysis\\Evidence\\Complexity\\ClassCognitiveComplexityOptions""},{""owner"":""Analysis.Evidence.Complexity"",""source_fqcn"":""Qualimetrix\\Analysis\\Evidence\\Complexity\\ClassComplexityOptions""},{""owner"":""Analysis.Evidence.Complexity"",""source_fqcn"":""Qualimetrix\\Analysis\\Evidence\\Complexity\\ClassNpathComplexityOptions""},{""owner"":""Analysis.Evidence.Complexity"",""source_fqcn"":""Qualimetrix\\Analysis\\Evidence\\Complexity\\MethodCognitiveComplexityOptions""},{""owner"":""Analysis.Evidence.Complexity"",""source_fqcn"":""Qualimetrix\\Analysis\\Evidence\\Complexity\\MethodComplexityOptions""},{""owner"":""Analysis.Evidence.Complexity"",""source_fqcn"":""Qualimetrix\\Analysis\\Evidence\\Complexity\\MethodNpathComplexityOptions""},{""owner"":""Analysis.Evidence.Complexity"",""source_fqcn"":""Qualimetrix\\Analysis\\Evidence\\Complexity\\WmcOptions""},{""owner"":""Analysis.Evidence.Coupling"",""source_fqcn"":""Qualimetrix\\Analysis\\Evidence\\Coupling\\ClassCboOptions""},{""owner"":""Analysis.Evidence.Coupling"",""source_fqcn"":""Qualimetrix\\Analysis\\Evidence\\Coupling\\ClassInstabilityOptions""},{""owner"":""Analysis.Evidence.Coupling"",""source_fqcn"":""Qualimetrix\\Analysis\\Evidence\\Coupling\\ClassRankOptions""},{""owner"":""Analysis.Evidence.Coupling"",""source_fqcn"":""Qualimetrix\\Analysis\\Evidence\\Coupling\\DistanceOptions""},{""owner"":""Analysis.Evidence.Coupling"",""source_fqcn"":""Qualimetrix\\Analysis\\Evidence\\Coupling\\NamespaceCboOptions""},{""owner"":""Analysis.Evidence.Coupling"",""source_fqcn"":""Qualimetrix\\Analysis\\Evidence\\Coupling\\NamespaceInstabilityOptions""},{""owner"":""Analysis.Evidence.Design"",""source_fqcn"":""Qualimetrix\\Analysis\\Evidence\\Design\\DataClass\\DataClassOptions""},{""owner"":""Analysis.Evidence.Design"",""source_fqcn"":""Qualimetrix\\Analysis\\Evidence\\Design\\GodClass\\GodClassOptions""},{""owner"":""Analysis.Evidence.Design"",""source_fqcn"":""Qualimetrix\\Analysis\\Evidence\\Design\\Inheritance\\InheritanceOptions""},{""owner"":""Analysis.Evidence.Design"",""source_fqcn"":""Qualimetrix\\Analysis\\Evidence\\Design\\Inheritance\\NocOptions""},{""owner"":""Analysis.Evidence.Design"",""source_fqcn"":""Qualimetrix\\Analysis\\Evidence\\Design\\TypeCoverage\\TypeCoverageOptions""},{""owner"":""Analysis.Evidence.Duplication"",""source_fqcn"":""Qualimetrix\\Analysis\\Evidence\\Duplication\\CodeDuplicationOptions""},{""owner"":""Analysis.Evidence.Maintainability"",""source_fqcn"":""Qualimetrix\\Analysis\\Evidence\\Maintainability\\MaintainabilityOptions""},{""owner"":""Analysis.Evidence.Size"",""source_fqcn"":""Qualimetrix\\Analysis\\Evidence\\Size\\ClassCountOptions""},{""owner"":""Analysis.Evidence.Size"",""source_fqcn"":""Qualimetrix\\Analysis\\Evidence\\Size\\MethodCountOptions""},{""owner"":""Analysis.Evidence.Size"",""source_fqcn"":""Qualimetrix\\Analysis\\Evidence\\Size\\PropertyCountOptions""},{""owner"":""Analysis.Policy.Inline"",""source_fqcn"":""Qualimetrix\\Analysis\\Policy\\Inline\\Contract\\RuleValidatorMapFactory""},{""owner"":""Infrastructure.Console"",""source_fqcn"":""Qualimetrix\\Infrastructure\\Console\\Command\\BaselineConfiguredThresholds""}]"
src/Analysis/Finding/Contract/Rule/ThresholdOverrideSupportReader.php	Qualimetrix\Analysis\Finding\Contract\Rule\ThresholdOverrideSupportReader	class	Analysis.Finding	contract	"[{""owner"":""Infrastructure.DependencyInjection"",""source_fqcn"":""Qualimetrix\\Infrastructure\\DependencyInjection\\CompilerPass\\ChannelDeclarationCompilerPass""}]"
src/Analysis/Finding/Contract/Rule/ThresholdParser.php	Qualimetrix\Analysis\Finding\Contract\Rule\ThresholdParser	class	Analysis.Finding	contract	"[{""owner"":""Analysis.Evidence.CodeSmell"",""source_fqcn"":""Qualimetrix\\Analysis\\Evidence\\CodeSmell\\ConstructorOverinjectionOptions""},{""owner"":""Analysis.Evidence.CodeSmell"",""source_fqcn"":""Qualimetrix\\Analysis\\Evidence\\CodeSmell\\LongParameterListOptions""},{""owner"":""Analysis.Evidence.CodeSmell"",""source_fqcn"":""Qualimetrix\\Analysis\\Evidence\\CodeSmell\\UnreachableCodeOptions""},{""owner"":""Analysis.Evidence.Cohesion"",""source_fqcn"":""Qualimetrix\\Analysis\\Evidence\\Cohesion\\LcomOptions""},{""owner"":""Analysis.Evidence.Complexity"",""source_fqcn"":""Qualimetrix\\Analysis\\Evidence\\Complexity\\ClassCognitiveComplexityOptions""},{""owner"":""Analysis.Evidence.Complexity"",""source_fqcn"":""Qualimetrix\\Analysis\\Evidence\\Complexity\\ClassComplexityOptions""},{""owner"":""Analysis.Evidence.Complexity"",""source_fqcn"":""Qualimetrix\\Analysis\\Evidence\\Complexity\\ClassNpathComplexityOptions""},{""owner"":""Analysis.Evidence.Complexity"",""source_fqcn"":""Qualimetrix\\Analysis\\Evidence\\Complexity\\CognitiveComplexityOptions""},{""owner"":""Analysis.Evidence.Complexity"",""source_fqcn"":""Qualimetrix\\Analysis\\Evidence\\Complexity\\ComplexityOptions""},{""owner"":""Analysis.Evidence.Complexity"",""source_fqcn"":""Qualimetrix\\Analysis\\Evidence\\Complexity\\MethodCognitiveComplexityOptions""},{""owner"":""Analysis.Evidence.Complexity"",""source_fqcn"":""Qualimetrix\\Analysis\\Evidence\\Complexity\\MethodComplexityOptions""},{""owner"":""Analysis.Evidence.Complexity"",""source_fqcn"":""Qualimetrix\\Analysis\\Evidence\\Complexity\\MethodNpathComplexityOptions""},{""owner"":""Analysis.Evidence.Complexity"",""source_fqcn"":""Qualimetrix\\Analysis\\Evidence\\Complexity\\NpathComplexityOptions""},{""owner"":""Analysis.Evidence.Complexity"",""source_fqcn"":""Qualimetrix\\Analysis\\Evidence\\Complexity\\WmcOptions""},{""owner"":""Analysis.Evidence.Coupling"",""source_fqcn"":""Qualimetrix\\Analysis\\Evidence\\Coupling\\CboOptions""},{""owner"":""Analysis.Evidence.Coupling"",""source_fqcn"":""Qualimetrix\\Analysis\\Evidence\\Coupling\\ClassCboOptions""},{""owner"":""Analysis.Evidence.Coupling"",""source_fqcn"":""Qualimetrix\\Analysis\\Evidence\\Coupling\\ClassInstabilityOptions""},{""owner"":""Analysis.Evidence.Coupling"",""source_fqcn"":""Qualimetrix\\Analysis\\Evidence\\Coupling\\ClassRankOptions""},{""owner"":""Analysis.Evidence.Coupling"",""source_fqcn"":""Qualimetrix\\Analysis\\Evidence\\Coupling\\DistanceOptions""},{""owner"":""Analysis.Evidence.Coupling"",""source_fqcn"":""Qualimetrix\\Analysis\\Evidence\\Coupling\\InstabilityOptions""},{""owner"":""Analysis.Evidence.Coupling"",""source_fqcn"":""Qualimetrix\\Analysis\\Evidence\\Coupling\\NamespaceCboOptions""},{""owner"":""Analysis.Evidence.Coupling"",""source_fqcn"":""Qualimetrix\\Analysis\\Evidence\\Coupling\\NamespaceInstabilityOptions""},{""owner"":""Analysis.Evidence.Design"",""source_fqcn"":""Qualimetrix\\Analysis\\Evidence\\Design\\Inheritance\\InheritanceOptions""},{""owner"":""Analysis.Evidence.Design"",""source_fqcn"":""Qualimetrix\\Analysis\\Evidence\\Design\\Inheritance\\NocOptions""},{""owner"":""Analysis.Evidence.Design"",""source_fqcn"":""Qualimetrix\\Analysis\\Evidence\\Design\\TypeCoverage\\TypeCoverageOptions""},{""owner"":""Analysis.Evidence.Duplication"",""source_fqcn"":""Qualimetrix\\Analysis\\Evidence\\Duplication\\CodeDuplicationOptions""},{""owner"":""Analysis.Evidence.Maintainability"",""source_fqcn"":""Qualimetrix\\Analysis\\Evidence\\Maintainability\\MaintainabilityOptions""},{""owner"":""Analysis.Evidence.Size"",""source_fqcn"":""Qualimetrix\\Analysis\\Evidence\\Size\\ClassCountOptions""},{""owner"":""Analysis.Evidence.Size"",""source_fqcn"":""Qualimetrix\\Analysis\\Evidence\\Size\\MethodCountOptions""},{""owner"":""Analysis.Evidence.Size"",""source_fqcn"":""Qualimetrix\\Analysis\\Evidence\\Size\\PropertyCountOptions""}]"
src/Analysis/Finding/Contract/Severity.php	Qualimetrix\Analysis\Finding\Contract\Severity	enum	Analysis.Finding	contract	"[{""owner"":""Analysis.Evidence.CircularDependency"",""source_fqcn"":""Qualimetrix\\Analysis\\Evidence\\CircularDependency\\CircularDependencyOptions""},{""owner"":""Analysis.Evidence.CodeSmell"",""source_fqcn"":""Qualimetrix\\Analysis\\Evidence\\CodeSmell\\AbstractCodeSmellRule""},{""owner"":""Analysis.Evidence.CodeSmell"",""source_fqcn"":""Qualimetrix\\Analysis\\Evidence\\CodeSmell\\BooleanArgumentOptions""},{""owner"":""Analysis.Evidence.CodeSmell"",""source_fqcn"":""Qualimetrix\\Analysis\\Evidence\\CodeSmell\\BooleanArgumentRule""},{""owner"":""Analysis.Evidence.CodeSmell"",""source_fqcn"":""Qualimetrix\\Analysis\\Evidence\\CodeSmell\\CodeSmellFinding""},{""owner"":""Analysis.Evidence.CodeSmell"",""source_fqcn"":""Qualimetrix\\Analysis\\Evidence\\CodeSmell\\CodeSmellOptions""},{""owner"":""Analysis.Evidence.CodeSmell"",""source_fqcn"":""Qualimetrix\\Analysis\\Evidence\\CodeSmell\\ConstructorOverinjectionOptions""},{""owner"":""Analysis.Evidence.CodeSmell"",""source_fqcn"":""Qualimetrix\\Analysis\\Evidence\\CodeSmell\\ConstructorOverinjectionRule""},{""owner"":""Analysis.Evidence.CodeSmell"",""source_fqcn"":""Qualimetrix\\Analysis\\Evidence\\CodeSmell\\DebugCodeRule""},{""owner"":""Analysis.Evidence.CodeSmell"",""source_fqcn"":""Qualimetrix\\Analysis\\Evidence\\CodeSmell\\EmptyCatchRule""},{""owner"":""Analysis.Evidence.CodeSmell"",""source_fqcn"":""Qualimetrix\\Analysis\\Evidence\\CodeSmell\\ErrorSuppressionOptions""},{""owner"":""Analysis.Evidence.CodeSmell"",""source_fqcn"":""Qualimetrix\\Analysis\\Evidence\\CodeSmell\\ErrorSuppressionRule""},{""owner"":""Analysis.Evidence.CodeSmell"",""source_fqcn"":""Qualimetrix\\Analysis\\Evidence\\CodeSmell\\EvalRule""},{""owner"":""Analysis.Evidence.CodeSmell"",""source_fqcn"":""Qualimetrix\\Analysis\\Evidence\\CodeSmell\\GotoRule""},{""owner"":""Analysis.Evidence.CodeSmell"",""source_fqcn"":""Qualimetrix\\Analysis\\Evidence\\CodeSmell\\IdenticalSubExpressionOptions""},{""owner"":""Analysis.Evidence.CodeSmell"",""source_fqcn"":""Qualimetrix\\Analysis\\Evidence\\CodeSmell\\IdenticalSubExpressionRule""},{""owner"":""Analysis.Evidence.CodeSmell"",""source_fqcn"":""Qualimetrix\\Analysis\\Evidence\\CodeSmell\\LongParameterListOptions""},{""owner"":""Analysis.Evidence.CodeSmell"",""source_fqcn"":""Qualimetrix\\Analysis\\Evidence\\CodeSmell\\LongParameterListRule""},{""owner"":""Analysis.Evidence.CodeSmell"",""source_fqcn"":""Qualimetrix\\Analysis\\Evidence\\CodeSmell\\UnreachableCodeOptions""},{""owner"":""Analysis.Evidence.CodeSmell"",""source_fqcn"":""Qualimetrix\\Analysis\\Evidence\\CodeSmell\\UnreachableCodeRule""},{""owner"":""Analysis.Evidence.CodeSmell"",""source_fqcn"":""Qualimetrix\\Analysis\\Evidence\\CodeSmell\\UnusedPrivateOptions""},{""owner"":""Analysis.Evidence.CodeSmell"",""source_fqcn"":""Qualimetrix\\Analysis\\Evidence\\CodeSmell\\UnusedPrivateRule""},{""owner"":""Analysis.Evidence.Cohesion"",""source_fqcn"":""Qualimetrix\\Analysis\\Evidence\\Cohesion\\LcomOptions""},{""owner"":""Analysis.Evidence.Cohesion"",""source_fqcn"":""Qualimetrix\\Analysis\\Evidence\\Cohesion\\LcomRule""},{""owner"":""Analysis.Evidence.Complexity"",""source_fqcn"":""Qualimetrix\\Analysis\\Evidence\\Complexity\\ClassCognitiveComplexityOptions""},{""owner"":""Analysis.Evidence.Complexity"",""source_fqcn"":""Qualimetrix\\Analysis\\Evidence\\Complexity\\ClassComplexityOptions""},{""owner"":""Analysis.Evidence.Complexity"",""source_fqcn"":""Qualimetrix\\Analysis\\Evidence\\Complexity\\ClassNpathComplexityOptions""},{""owner"":""Analysis.Evidence.Complexity"",""source_fqcn"":""Qualimetrix\\Analysis\\Evidence\\Complexity\\CognitiveComplexityOptions""},{""owner"":""Analysis.Evidence.Complexity"",""source_fqcn"":""Qualimetrix\\Analysis\\Evidence\\Complexity\\CognitiveComplexityRule""},{""owner"":""Analysis.Evidence.Complexity"",""source_fqcn"":""Qualimetrix\\Analysis\\Evidence\\Complexity\\ComplexityOptions""},{""owner"":""Analysis.Evidence.Complexity"",""source_fqcn"":""Qualimetrix\\Analysis\\Evidence\\Complexity\\ComplexityRule""},{""owner"":""Analysis.Evidence.Complexity"",""source_fqcn"":""Qualimetrix\\Analysis\\Evidence\\Complexity\\MethodCognitiveComplexityOptions""},{""owner"":""Analysis.Evidence.Complexity"",""source_fqcn"":""Qualimetrix\\Analysis\\Evidence\\Complexity\\MethodComplexityOptions""},{""owner"":""Analysis.Evidence.Complexity"",""source_fqcn"":""Qualimetrix\\Analysis\\Evidence\\Complexity\\MethodNpathComplexityOptions""},{""owner"":""Analysis.Evidence.Complexity"",""source_fqcn"":""Qualimetrix\\Analysis\\Evidence\\Complexity\\NpathComplexityOptions""},{""owner"":""Analysis.Evidence.Complexity"",""source_fqcn"":""Qualimetrix\\Analysis\\Evidence\\Complexity\\NpathComplexityRule""},{""owner"":""Analysis.Evidence.Complexity"",""source_fqcn"":""Qualimetrix\\Analysis\\Evidence\\Complexity\\WmcOptions""},{""owner"":""Analysis.Evidence.Complexity"",""source_fqcn"":""Qualimetrix\\Analysis\\Evidence\\Complexity\\WmcRule""},{""owner"":""Analysis.Evidence.ComputedMetrics"",""source_fqcn"":""Qualimetrix\\Analysis\\Evidence\\ComputedMetrics\\ComputedMetricRuleOptions""},{""owner"":""Analysis.Evidence.ComputedMetrics"",""source_fqcn"":""Qualimetrix\\Analysis\\Evidence\\ComputedMetrics\\Finding\\ComputedMetricFindingBuilder""},{""owner"":""Analysis.Evidence.Coupling"",""source_fqcn"":""Qualimetrix\\Analysis\\Evidence\\Coupling\\CboOptions""},{""owner"":""Analysis.Evidence.Coupling"",""source_fqcn"":""Qualimetrix\\Analysis\\Evidence\\Coupling\\CboRule""},{""owner"":""Analysis.Evidence.Coupling"",""source_fqcn"":""Qualimetrix\\Analysis\\Evidence\\Coupling\\ClassCboOptions""},{""owner"":""Analysis.Evidence.Coupling"",""source_fqcn"":""Qualimetrix\\Analysis\\Evidence\\Coupling\\ClassInstabilityOptions""},{""owner"":""Analysis.Evidence.Coupling"",""source_fqcn"":""Qualimetrix\\Analysis\\Evidence\\Coupling\\ClassRankOptions""},{""owner"":""Analysis.Evidence.Coupling"",""source_fqcn"":""Qualimetrix\\Analysis\\Evidence\\Coupling\\ClassRankRule""},{""owner"":""Analysis.Evidence.Coupling"",""source_fqcn"":""Qualimetrix\\Analysis\\Evidence\\Coupling\\DistanceOptions""},{""owner"":""Analysis.Evidence.Coupling"",""source_fqcn"":""Qualimetrix\\Analysis\\Evidence\\Coupling\\DistanceRule""},{""owner"":""Analysis.Evidence.Coupling"",""source_fqcn"":""Qualimetrix\\Analysis\\Evidence\\Coupling\\InstabilityOptions""},{""owner"":""Analysis.Evidence.Coupling"",""source_fqcn"":""Qualimetrix\\Analysis\\Evidence\\Coupling\\InstabilityRule""},{""owner"":""Analysis.Evidence.Coupling"",""source_fqcn"":""Qualimetrix\\Analysis\\Evidence\\Coupling\\NamespaceCboOptions""},{""owner"":""Analysis.Evidence.Coupling"",""source_fqcn"":""Qualimetrix\\Analysis\\Evidence\\Coupling\\NamespaceInstabilityOptions""},{""owner"":""Analysis.Evidence.Coupling"",""source_fqcn"":""Qualimetrix\\Analysis\\Evidence\\Coupling\\UnmatchedFrameworkNamespaceOptions""},{""owner"":""Analysis.Evidence.Coupling"",""source_fqcn"":""Qualimetrix\\Analysis\\Evidence\\Coupling\\UnmatchedFrameworkNamespaceRule""},{""owner"":""Analysis.Evidence.Design"",""source_fqcn"":""Qualimetrix\\Analysis\\Evidence\\Design\\DataClass\\DataClassOptions""},{""owner"":""Analysis.Evidence.Design"",""source_fqcn"":""Qualimetrix\\Analysis\\Evidence\\Design\\DataClass\\DataClassRule""},{""owner"":""Analysis.Evidence.Design"",""source_fqcn"":""Qualimetrix\\Analysis\\Evidence\\Design\\GodClass\\GodClassOptions""},{""owner"":""Analysis.Evidence.Design"",""source_fqcn"":""Qualimetrix\\Analysis\\Evidence\\Design\\GodClass\\GodClassRule""},{""owner"":""Analysis.Evidence.Design"",""source_fqcn"":""Qualimetrix\\Analysis\\Evidence\\Design\\Inheritance\\InheritanceOptions""},{""owner"":""Analysis.Evidence.Design"",""source_fqcn"":""Qualimetrix\\Analysis\\Evidence\\Design\\Inheritance\\InheritanceRule""},{""owner"":""Analysis.Evidence.Design"",""source_fqcn"":""Qualimetrix\\Analysis\\Evidence\\Design\\Inheritance\\NocOptions""},{""owner"":""Analysis.Evidence.Design"",""source_fqcn"":""Qualimetrix\\Analysis\\Evidence\\Design\\Inheritance\\NocRule""},{""owner"":""Analysis.Evidence.Design"",""source_fqcn"":""Qualimetrix\\Analysis\\Evidence\\Design\\TypeCoverage\\AbstractTypeCoverageRule""},{""owner"":""Analysis.Evidence.Design"",""source_fqcn"":""Qualimetrix\\Analysis\\Evidence\\Design\\TypeCoverage\\TypeCoverageOptions""},{""owner"":""Analysis.Evidence.Duplication"",""source_fqcn"":""Qualimetrix\\Analysis\\Evidence\\Duplication\\CodeDuplicationOptions""},{""owner"":""Analysis.Evidence.Duplication"",""source_fqcn"":""Qualimetrix\\Analysis\\Evidence\\Duplication\\CodeDuplicationRule""},{""owner"":""Analysis.Evidence.Maintainability"",""source_fqcn"":""Qualimetrix\\Analysis\\Evidence\\Maintainability\\MaintainabilityOptions""},{""owner"":""Analysis.Evidence.Maintainability"",""source_fqcn"":""Qualimetrix\\Analysis\\Evidence\\Maintainability\\MaintainabilityRule""},{""owner"":""Analysis.Evidence.Prioritization"",""source_fqcn"":""Qualimetrix\\Analysis\\Evidence\\Prioritization\\Impact\\ImpactCalculator""},{""owner"":""Analysis.Evidence.Security"",""source_fqcn"":""Qualimetrix\\Analysis\\Evidence\\Security\\AbstractSecurityPatternRule""},{""owner"":""Analysis.Evidence.Security"",""source_fqcn"":""Qualimetrix\\Analysis\\Evidence\\Security\\HardcodedCredentialsOptions""},{""owner"":""Analysis.Evidence.Security"",""source_fqcn"":""Qualimetrix\\Analysis\\Evidence\\Security\\SecurityPatternFinding""},{""owner"":""Analysis.Evidence.Security"",""source_fqcn"":""Qualimetrix\\Analysis\\Evidence\\Security\\SecurityPatternOptions""},{""owner"":""Analysis.Evidence.Security"",""source_fqcn"":""Qualimetrix\\Analysis\\Evidence\\Security\\SensitiveParameterOptions""},{""owner"":""Analysis.Evidence.Size"",""source_fqcn"":""Qualimetrix\\Analysis\\Evidence\\Size\\ClassCountOptions""},{""owner"":""Analysis.Evidence.Size"",""source_fqcn"":""Qualimetrix\\Analysis\\Evidence\\Size\\ClassCountRule""},{""owner"":""Analysis.Evidence.Size"",""source_fqcn"":""Qualimetrix\\Analysis\\Evidence\\Size\\MethodCountOptions""},{""owner"":""Analysis.Evidence.Size"",""source_fqcn"":""Qualimetrix\\Analysis\\Evidence\\Size\\MethodCountRule""},{""owner"":""Analysis.Evidence.Size"",""source_fqcn"":""Qualimetrix\\Analysis\\Evidence\\Size\\PropertyCountOptions""},{""owner"":""Analysis.Evidence.Size"",""source_fqcn"":""Qualimetrix\\Analysis\\Evidence\\Size\\PropertyCountRule""},{""owner"":""Analysis.Policy.Architecture"",""source_fqcn"":""Qualimetrix\\Analysis\\Policy\\Architecture\\LayerViolation\\DeclaredLayerReachability""},{""owner"":""Analysis.Policy.Architecture"",""source_fqcn"":""Qualimetrix\\Analysis\\Policy\\Architecture\\LayerViolation\\LayerViolationFinding""},{""owner"":""Analysis.Policy.Architecture"",""source_fqcn"":""Qualimetrix\\Analysis\\Policy\\Architecture\\LayerViolation\\LayerViolationOptions""},{""owner"":""Analysis.Policy.Architecture"",""source_fqcn"":""Qualimetrix\\Analysis\\Policy\\Architecture\\LayerViolation\\UnassignedClassOptions""},{""owner"":""Analysis.Policy.Architecture"",""source_fqcn"":""Qualimetrix\\Analysis\\Policy\\Architecture\\LayerViolation\\UnassignedClassSummary""},{""owner"":""Analysis.Policy.Architecture"",""source_fqcn"":""Qualimetrix\\Analysis\\Policy\\Architecture\\LayerViolation\\UnmatchedExcludeDiagnostic""},{""owner"":""Analysis.Policy.Inline"",""source_fqcn"":""Qualimetrix\\Analysis\\Policy\\Inline\\Directive\\Audit\\DirectiveUsage""},{""owner"":""Analysis.Policy.Inline"",""source_fqcn"":""Qualimetrix\\Analysis\\Policy\\Inline\\Directive\\Audit\\StaleDirectiveFinding""},{""owner"":""Analysis.Policy.Inline"",""source_fqcn"":""Qualimetrix\\Analysis\\Policy\\Inline\\Directive\\InlineDirectiveOptions""},{""owner"":""Analysis.Policy.Inline"",""source_fqcn"":""Qualimetrix\\Analysis\\Policy\\Inline\\Directive\\InlineDirectivePolicy""},{""owner"":""Analysis.Policy.Inline"",""source_fqcn"":""Qualimetrix\\Analysis\\Policy\\Inline\\Directive\\InlineDirectiveValidator""},{""owner"":""Analysis.Run"",""source_fqcn"":""Qualimetrix\\Analysis\\Run\\Contract\\Pipeline\\AnalysisResult""},{""owner"":""Analysis.Run"",""source_fqcn"":""Qualimetrix\\Analysis\\Run\\ExcludeBinding\\UnjudgedExcludeFinding""},{""owner"":""Analysis.Run"",""source_fqcn"":""Qualimetrix\\Analysis\\Run\\ExcludeBinding\\UnmatchedExcludeAudit""},{""owner"":""Analysis.Run"",""source_fqcn"":""Qualimetrix\\Analysis\\Run\\ExcludeBinding\\UnmatchedExcludeOptions""},{""owner"":""Infrastructure.Console"",""source_fqcn"":""Qualimetrix\\Infrastructure\\Console\\ExitCodeResolver""},{""owner"":""Infrastructure.Console"",""source_fqcn"":""Qualimetrix\\Infrastructure\\Console\\ExitPolicy""},{""owner"":""Reporting"",""source_fqcn"":""Qualimetrix\\Reporting\\Formatter\\CheckstyleFormatter""},{""owner"":""Reporting"",""source_fqcn"":""Qualimetrix\\Reporting\\Formatter\\GitLabCodeQualityFormatter""},{""owner"":""Reporting"",""source_fqcn"":""Qualimetrix\\Reporting\\Formatter\\GithubActionsFormatter""},{""owner"":""Reporting"",""source_fqcn"":""Qualimetrix\\Reporting\\Formatter\\Json\\JsonFormatter""},{""owner"":""Reporting"",""source_fqcn"":""Qualimetrix\\Reporting\\Formatter\\Sarif\\SarifRuleCollector""},{""owner"":""Reporting"",""source_fqcn"":""Qualimetrix\\Reporting\\Formatter\\Summary\\FindingSummaryRenderer""},{""owner"":""Reporting"",""source_fqcn"":""Qualimetrix\\Reporting\\Formatter\\Summary\\TopIssuesRenderer""},{""owner"":""Reporting"",""source_fqcn"":""Qualimetrix\\Reporting\\Formatter\\Detail\\FindingDetailRenderer""},{""owner"":""Reporting"",""source_fqcn"":""Qualimetrix\\Reporting\\Formatter\\Ordering\\FindingSorter""},{""owner"":""Reporting"",""source_fqcn"":""Qualimetrix\\Reporting\\Formatter\\TextFormatter""},{""owner"":""Reporting"",""source_fqcn"":""Qualimetrix\\Reporting\\Report""},{""owner"":""Reporting"",""source_fqcn"":""Qualimetrix\\Reporting\\ReportBuilder""}]"
src/Analysis/Finding/Contract/Threshold/ThresholdOverride.php	Qualimetrix\Analysis\Finding\Contract\Threshold\ThresholdOverride	class	Analysis.Finding	contract	"[{""owner"":""Analysis.Policy.Baseline"",""source_fqcn"":""Qualimetrix\\Analysis\\Policy\\Baseline\\BoundaryExplanationService""},{""owner"":""Analysis.Policy.Baseline"",""source_fqcn"":""Qualimetrix\\Analysis\\Policy\\Baseline\\EffectiveBoundary""},{""owner"":""Analysis.Policy.Inline"",""source_fqcn"":""Qualimetrix\\Analysis\\Policy\\Inline\\Contract\\ThresholdOverrideExtractor""},{""owner"":""Analysis.Policy.Inline"",""source_fqcn"":""Qualimetrix\\Analysis\\Policy\\Inline\\Directive\\DirectiveAddressability""},{""owner"":""Analysis.Policy.Inline"",""source_fqcn"":""Qualimetrix\\Analysis\\Policy\\Inline\\Directive\\InlineDirectivePolicy""},{""owner"":""Analysis.Policy.Inline"",""source_fqcn"":""Qualimetrix\\Analysis\\Policy\\Inline\\Directive\\InlineDirectiveValidator""},{""owner"":""Infrastructure.Console"",""source_fqcn"":""Qualimetrix\\Infrastructure\\Console\\Command\\BaselineExplainCommand""},{""owner"":""Analysis.Policy.Inline"",""source_fqcn"":""Qualimetrix\\Analysis\\Policy\\Inline\\Directive\\Audit\\ThresholdDirectiveAudit""}]"
src/Analysis/Finding/Exclusion/ConfiguredSuppression.php	Qualimetrix\Analysis\Finding\Exclusion\ConfiguredSuppression	class	Analysis.Finding	contract	"[{""owner"":""Infrastructure.Console"",""source_fqcn"":""Qualimetrix\\Infrastructure\\Console\\CliOptionsParser""},{""owner"":""Infrastructure.Console"",""source_fqcn"":""Qualimetrix\\Infrastructure\\Console\\RuleInputValidator""}]"
src/Analysis/Finding/Exclusion/RuleNamespaceExclusionProvider.php	Qualimetrix\Analysis\Finding\Exclusion\RuleNamespaceExclusionProvider	class	Analysis.Finding	internal	[]
src/Analysis/Finding/Exclusion/RulePathExclusionProvider.php	Qualimetrix\Analysis\Finding\Exclusion\RulePathExclusionProvider	class	Analysis.Finding	internal	[]
src/Analysis/Finding/FindingExclusionLedger.php	Qualimetrix\Analysis\Finding\FindingExclusionLedger	class	Analysis.Finding	internal	[]
src/Analysis/Finding/RuleConfiguration/RuleOptionKeyRecognition.php	Qualimetrix\Analysis\Finding\RuleConfiguration\RuleOptionKeyRecognition	class	Analysis.Finding	internal	[]
src/Analysis/Finding/RuleConfiguration/RuleOptionThresholdShorthand.php	Qualimetrix\Analysis\Finding\RuleConfiguration\RuleOptionThresholdShorthand	class	Analysis.Finding	internal	[]
src/Analysis/Finding/RuleConfiguration/RuleOptionValueWrittenness.php	Qualimetrix\Analysis\Finding\RuleConfiguration\RuleOptionValueWrittenness	class	Analysis.Finding	internal	[]
src/Analysis/Finding/RuleConfiguration/RuleOptionsFactory.php	Qualimetrix\Analysis\Finding\RuleConfiguration\RuleOptionsFactory	class	Analysis.Finding	contract	"[{""owner"":""Infrastructure.Console"",""source_fqcn"":""Qualimetrix\\Infrastructure\\Console\\Command\\BaselineConfiguredThresholds""},{""owner"":""Infrastructure.DependencyInjection"",""source_fqcn"":""Qualimetrix\\Infrastructure\\DependencyInjection\\CompilerPass\\RuleOptionsCompilerPass""},{""owner"":""Infrastructure.DependencyInjection"",""source_fqcn"":""Qualimetrix\\Infrastructure\\DependencyInjection\\Configurator\\ComputedMetricsConfigurator""},{""owner"":""Infrastructure.DependencyInjection"",""source_fqcn"":""Qualimetrix\\Infrastructure\\DependencyInjection\\Configurator\\FindingConfigurator""},{""owner"":""Infrastructure.DependencyInjection"",""source_fqcn"":""Qualimetrix\\Infrastructure\\DependencyInjection\\Configurator\\OutputConfigurator""}]"
src/Analysis/Finding/RuleConfiguration/RuleOptionsParser.php	Qualimetrix\Analysis\Finding\RuleConfiguration\RuleOptionsParser	class	Analysis.Finding	contract	"[{""owner"":""Infrastructure.Console"",""source_fqcn"":""Qualimetrix\\Infrastructure\\Console\\CliOptionsParser""}]"
src/Analysis/Finding/RuleConfiguration/RuleOptionsParserFactory.php	Qualimetrix\Analysis\Finding\RuleConfiguration\RuleOptionsParserFactory	class	Analysis.Finding	contract	"[{""owner"":""Infrastructure.Console"",""source_fqcn"":""Qualimetrix\\Infrastructure\\Console\\RuleInputValidator""}]"
src/Analysis/Finding/RuleConfiguration/RuleOptionsRegistry.php	Qualimetrix\Analysis\Finding\RuleConfiguration\RuleOptionsRegistry	class	Analysis.Finding	internal	[]
src/Analysis/Finding/RuleConfiguration/RuleSuppressionSelectorDecoder.php	Qualimetrix\Analysis\Finding\RuleConfiguration\RuleSuppressionSelectorDecoder	class	Analysis.Finding	internal	[]
src/Analysis/Finding/RuleConfiguration/RuleThresholdKeyGroupRegistry.php	Qualimetrix\Analysis\Finding\RuleConfiguration\RuleThresholdKeyGroupRegistry	class	Analysis.Finding	internal	[]
src/Analysis/Finding/RuleExecution.php	Qualimetrix\Analysis\Finding\RuleExecution	class	Analysis.Finding	internal	[]
src/Analysis/Finding/Rule/InMemoryRuleChannelRegistry.php	Qualimetrix\Analysis\Finding\Rule\InMemoryRuleChannelRegistry	class	Analysis.Finding	internal	[]
src/Analysis/Finding/Rule/Override/OverrideValidationFailure.php	Qualimetrix\Analysis\Finding\Rule\Override\OverrideValidationFailure	class	Analysis.Finding	internal	[]
src/Analysis/Finding/Rule/Override/StandardOverrideValidator.php	Qualimetrix\Analysis\Finding\Rule\Override\StandardOverrideValidator	class	Analysis.Finding	internal	[]
src/Analysis/Finding/Rule/RuleInterface.php	Qualimetrix\Analysis\Finding\Rule\RuleInterface	interface	Analysis.Finding	internal	[]
src/Analysis/Finding/SuppressionBinding/UnboundSuppressionAudit.php	Qualimetrix\Analysis\Finding\SuppressionBinding\UnboundSuppressionAudit	class	Analysis.Finding	contract	"[{""owner"":""Infrastructure.Console"",""source_fqcn"":""Qualimetrix\\Infrastructure\\Console\\FindingFilterOrchestrator""}]"
src/Analysis/Finding/SuppressionBinding/UnboundSuppressionOptions.php	Qualimetrix\Analysis\Finding\SuppressionBinding\UnboundSuppressionOptions	class	Analysis.Finding	internal	[]
src/Analysis/Finding/SuppressionBinding/UnboundSuppressionRule.php	Qualimetrix\Analysis\Finding\SuppressionBinding\UnboundSuppressionRule	class	Analysis.Finding	internal	[]
src/Analysis/Finding/SuppressionBinding/ValueScopeJudgement.php	Qualimetrix\Analysis\Finding\SuppressionBinding\ValueScopeJudgement	class	Analysis.Finding	contract	"[{""owner"":""Infrastructure.Console"",""source_fqcn"":""Qualimetrix\\Infrastructure\\Console\\FindingFilterOrchestrator""}]"
src/Analysis/Policy/Architecture/ArchitecturePolicy.php	Qualimetrix\Analysis\Policy\Architecture\ArchitecturePolicy	class	Analysis.Policy.Architecture	internal	[]
src/Analysis/Policy/Architecture/Configuration/AllowValidator.php	Qualimetrix\Analysis\Policy\Architecture\Configuration\AllowValidator	class	Analysis.Policy.Architecture	internal	[]
src/Analysis/Policy/Architecture/Configuration/Allow/AllowAliasExpander.php	Qualimetrix\Analysis\Policy\Architecture\Configuration\Allow\AllowAliasExpander	class	Analysis.Policy.Architecture	internal	[]
src/Analysis/Policy/Architecture/Configuration/Allow/AllowListEntry.php	Qualimetrix\Analysis\Policy\Architecture\Configuration\Allow\AllowListEntry	class	Analysis.Policy.Architecture	internal	[]
src/Analysis/Policy/Architecture/Configuration/Allow/AllowTarget.php	Qualimetrix\Analysis\Policy\Architecture\Configuration\Allow\AllowTarget	class	Analysis.Policy.Architecture	internal	[]
src/Analysis/Policy/Architecture/Configuration/Allow/CaptureBinding.php	Qualimetrix\Analysis\Policy\Architecture\Configuration\Allow\CaptureBinding	class	Analysis.Policy.Architecture	internal	[]
src/Analysis/Policy/Architecture/Configuration/Allow/InvalidSelectorException.php	Qualimetrix\Analysis\Policy\Architecture\Configuration\Allow\InvalidSelectorException	class	Analysis.Policy.Architecture	internal	[]
src/Analysis/Policy/Architecture/Configuration/Allow/LayerSelector.php	Qualimetrix\Analysis\Policy\Architecture\Configuration\Allow\LayerSelector	class	Analysis.Policy.Architecture	internal	[]
src/Analysis/Policy/Architecture/Configuration/Allow/LayerSelectorParser.php	Qualimetrix\Analysis\Policy\Architecture\Configuration\Allow\LayerSelectorParser	class	Analysis.Policy.Architecture	internal	[]
src/Analysis/Policy/Architecture/Configuration/Allow/ParseCapturedState.php	Qualimetrix\Analysis\Policy\Architecture\Configuration\Allow\ParseCapturedState	class	Analysis.Policy.Architecture	internal	[]
src/Analysis/Policy/Architecture/Configuration/Allow/SelectorKind.php	Qualimetrix\Analysis\Policy\Architecture\Configuration\Allow\SelectorKind	enum	Analysis.Policy.Architecture	internal	[]
src/Analysis/Policy/Architecture/Configuration/Allow/SelectorSegment.php	Qualimetrix\Analysis\Policy\Architecture\Configuration\Allow\SelectorSegment	class	Analysis.Policy.Architecture	internal	[]
src/Analysis/Policy/Architecture/Configuration/ArchitectureConfiguration.php	Qualimetrix\Analysis\Policy\Architecture\Configuration\ArchitectureConfiguration	class	Analysis.Policy.Architecture	internal	[]
src/Analysis/Policy/Architecture/Configuration/ArchitectureConfigurationFactory.php	Qualimetrix\Analysis\Policy\Architecture\Configuration\ArchitectureConfigurationFactory	class	Analysis.Policy.Architecture	internal	[]
src/Analysis/Policy/Architecture/Configuration/ArchitectureFactoryResult.php	Qualimetrix\Analysis\Policy\Architecture\Configuration\ArchitectureFactoryResult	class	Analysis.Policy.Architecture	internal	[]
src/Analysis/Policy/Architecture/Configuration/CoverageMode.php	Qualimetrix\Analysis\Policy\Architecture\Configuration\CoverageMode	enum	Analysis.Policy.Architecture	internal	[]
src/Analysis/Policy/Architecture/Configuration/CoverageValidator.php	Qualimetrix\Analysis\Policy\Architecture\Configuration\CoverageValidator	class	Analysis.Policy.Architecture	internal	[]
src/Analysis/Policy/Architecture/Configuration/DuplicatePatternRejector.php	Qualimetrix\Analysis\Policy\Architecture\Configuration\DuplicatePatternRejector	class	Analysis.Policy.Architecture	internal	[]
src/Analysis/Policy/Architecture/Configuration/ExactAllowCycleValidator.php	Qualimetrix\Analysis\Policy\Architecture\Configuration\ExactAllowCycleValidator	class	Analysis.Policy.Architecture	internal	[]
src/Analysis/Policy/Architecture/Configuration/ExcludeBlockValidator.php	Qualimetrix\Analysis\Policy\Architecture\Configuration\ExcludeBlockValidator	class	Analysis.Policy.Architecture	internal	[]
src/Analysis/Policy/Architecture/Configuration/LayerCriterionNormalizer.php	Qualimetrix\Analysis\Policy\Architecture\Configuration\LayerCriterionNormalizer	class	Analysis.Policy.Architecture	internal	[]
src/Analysis/Policy/Architecture/Configuration/LayersValidator.php	Qualimetrix\Analysis\Policy\Architecture\Configuration\LayersValidator	class	Analysis.Policy.Architecture	internal	[]
src/Analysis/Policy/Architecture/Configuration/LongFormAllowEntryNormalizer.php	Qualimetrix\Analysis\Policy\Architecture\Configuration\LongFormAllowEntryNormalizer	class	Analysis.Policy.Architecture	internal	[]
src/Analysis/Policy/Architecture/Configuration/WildcardSelfAllowDetector.php	Qualimetrix\Analysis\Policy\Architecture\Configuration\WildcardSelfAllowDetector	class	Analysis.Policy.Architecture	internal	[]
src/Analysis/Policy/Architecture/Contract/ArchitectureConfigurationWarning.php	Qualimetrix\Analysis\Policy\Architecture\Contract\ArchitectureConfigurationWarning	class	Analysis.Policy.Architecture	internal	[]
src/Analysis/Policy/Architecture/Contract/ArchitecturePolicyConfiguratorInterface.php	Qualimetrix\Analysis\Policy\Architecture\Contract\ArchitecturePolicyConfiguratorInterface	interface	Analysis.Policy.Architecture	contract	"[{""owner"":""Infrastructure.Console"",""source_fqcn"":""Qualimetrix\\Infrastructure\\Console\\AnalysisRuntimeConfigurator""},{""owner"":""Infrastructure.DependencyInjection"",""source_fqcn"":""Qualimetrix\\Infrastructure\\DependencyInjection\\Configurator\\ArchitectureConfigurator""},{""owner"":""Infrastructure.DependencyInjection"",""source_fqcn"":""Qualimetrix\\Infrastructure\\DependencyInjection\\Configurator\\OutputConfigurator""}]"
src/Analysis/Policy/Architecture/Contract/LayerAssignment.php	Qualimetrix\Analysis\Policy\Architecture\Contract\LayerAssignment	class	Analysis.Policy.Architecture	internal	[]
src/Analysis/Policy/Architecture/Contract/LayerAssignmentInspectorInterface.php	Qualimetrix\Analysis\Policy\Architecture\Contract\LayerAssignmentInspectorInterface	interface	Analysis.Policy.Architecture	contract	"[{""owner"":""Infrastructure.Console"",""source_fqcn"":""Qualimetrix\\Infrastructure\\Console\\LayerAssignmentResolver""},{""owner"":""Infrastructure.DependencyInjection"",""source_fqcn"":""Qualimetrix\\Infrastructure\\DependencyInjection\\Configurator\\ArchitectureConfigurator""}]"
src/Analysis/Policy/Architecture/Contract/LayerAssignmentMatch.php	Qualimetrix\Analysis\Policy\Architecture\Contract\LayerAssignmentMatch	class	Analysis.Policy.Architecture	contract	"[{""owner"":""Infrastructure.Console"",""source_fqcn"":""Qualimetrix\\Infrastructure\\Console\\Command\\Debug\\LayerAssignmentCommand""}]"
src/Analysis/Policy/Architecture/Contract/LayerPolicyPreparationInterface.php	Qualimetrix\Analysis\Policy\Architecture\Contract\LayerPolicyPreparationInterface	interface	Analysis.Policy.Architecture	contract	"[{""owner"":""Analysis.Run"",""source_fqcn"":""Qualimetrix\\Analysis\\Run\\RuleProducerPreparation""},{""owner"":""Infrastructure.DependencyInjection"",""source_fqcn"":""Qualimetrix\\Infrastructure\\DependencyInjection\\Configurator\\AnalysisConfigurator""},{""owner"":""Infrastructure.DependencyInjection"",""source_fqcn"":""Qualimetrix\\Infrastructure\\DependencyInjection\\Configurator\\ArchitectureConfigurator""},{""owner"":""Reporting"",""source_fqcn"":""Qualimetrix\\Reporting\\FindingProjection\\DeclaredChannelFileScope""}]"
src/Analysis/Policy/Architecture/Contract/ResolvedArchitecturePolicyInterface.php	Qualimetrix\Analysis\Policy\Architecture\Contract\ResolvedArchitecturePolicyInterface	interface	Analysis.Policy.Architecture	contract	"[{""owner"":""Infrastructure.Console"",""source_fqcn"":""Qualimetrix\\Infrastructure\\Console\\AnalysisRuntimeConfigurator""}]"
src/Analysis/Policy/Architecture/LayerViolation/DeclaredLayerReachability.php	Qualimetrix\Analysis\Policy\Architecture\LayerViolation\DeclaredLayerReachability	class	Analysis.Policy.Architecture	internal	[]
src/Analysis/Policy/Architecture/LayerViolation/DiagnosticSampleList.php	Qualimetrix\Analysis\Policy\Architecture\LayerViolation\DiagnosticSampleList	class	Analysis.Policy.Architecture	internal	[]
src/Analysis/Policy/Architecture/LayerViolation/LayerDeclarationValidator.php	Qualimetrix\Analysis\Policy\Architecture\LayerViolation\LayerDeclarationValidator	class	Analysis.Policy.Architecture	internal	[]
src/Analysis/Policy/Architecture/LayerViolation/LayerEvidence.php	Qualimetrix\Analysis\Policy\Architecture\LayerViolation\LayerEvidence	class	Analysis.Policy.Architecture	internal	[]
src/Analysis/Policy/Architecture/LayerViolation/LayerEvidenceCollector.php	Qualimetrix\Analysis\Policy\Architecture\LayerViolation\LayerEvidenceCollector	class	Analysis.Policy.Architecture	internal	[]
src/Analysis/Policy/Architecture/LayerViolation/LayerRoutingGuidance.php	Qualimetrix\Analysis\Policy\Architecture\LayerViolation\LayerRoutingGuidance	class	Analysis.Policy.Architecture	internal	[]
src/Analysis/Policy/Architecture/LayerViolation/LayerViolationFinding.php	Qualimetrix\Analysis\Policy\Architecture\LayerViolation\LayerViolationFinding	class	Analysis.Policy.Architecture	internal	[]
src/Analysis/Policy/Architecture/LayerViolation/LayerViolationOptions.php	Qualimetrix\Analysis\Policy\Architecture\LayerViolation\LayerViolationOptions	class	Analysis.Policy.Architecture	internal	[]
src/Analysis/Policy/Architecture/LayerViolation/LayerViolationRule.php	Qualimetrix\Analysis\Policy\Architecture\LayerViolation\LayerViolationRule	class	Analysis.Policy.Architecture	internal	[]
src/Analysis/Policy/Architecture/LayerViolation/OwnedLayerTargets.php	Qualimetrix\Analysis\Policy\Architecture\LayerViolation\OwnedLayerTargets	class	Analysis.Policy.Architecture	internal	[]
src/Analysis/Policy/Architecture/LayerViolation/UnassignedClassMode.php	Qualimetrix\Analysis\Policy\Architecture\LayerViolation\UnassignedClassMode	enum	Analysis.Policy.Architecture	internal	[]
src/Analysis/Policy/Architecture/LayerViolation/UnassignedClassOptions.php	Qualimetrix\Analysis\Policy\Architecture\LayerViolation\UnassignedClassOptions	class	Analysis.Policy.Architecture	internal	[]
src/Analysis/Policy/Architecture/LayerViolation/UnassignedClassRule.php	Qualimetrix\Analysis\Policy\Architecture\LayerViolation\UnassignedClassRule	class	Analysis.Policy.Architecture	internal	[]
src/Analysis/Policy/Architecture/LayerViolation/UnassignedClassSummary.php	Qualimetrix\Analysis\Policy\Architecture\LayerViolation\UnassignedClassSummary	class	Analysis.Policy.Architecture	internal	[]
src/Analysis/Policy/Architecture/LayerViolation/UnmatchedExcludeDiagnostic.php	Qualimetrix\Analysis\Policy\Architecture\LayerViolation\UnmatchedExcludeDiagnostic	class	Analysis.Policy.Architecture	internal	[]
src/Analysis/Policy/Architecture/Layer/AnalysedDeclarations.php	Qualimetrix\Analysis\Policy\Architecture\Layer\AnalysedDeclarations	class	Analysis.Policy.Architecture	internal	[]
src/Analysis/Policy/Architecture/Layer/CapturePattern.php	Qualimetrix\Analysis\Policy\Architecture\Layer\CapturePattern	class	Analysis.Policy.Architecture	internal	[]
src/Analysis/Policy/Architecture/Layer/CapturePatternCompiler.php	Qualimetrix\Analysis\Policy\Architecture\Layer\CapturePatternCompiler	class	Analysis.Policy.Architecture	internal	[]
src/Analysis/Policy/Architecture/Layer/ClassContext.php	Qualimetrix\Analysis\Policy\Architecture\Layer\ClassContext	class	Analysis.Policy.Architecture	internal	[]
src/Analysis/Policy/Architecture/Layer/ClassContextFactory.php	Qualimetrix\Analysis\Policy\Architecture\Layer\ClassContextFactory	class	Analysis.Policy.Architecture	internal	[]
src/Analysis/Policy/Architecture/Layer/ClassSet.php	Qualimetrix\Analysis\Policy\Architecture\Layer\ClassSet	class	Analysis.Policy.Architecture	internal	[]
src/Analysis/Policy/Architecture/Layer/CriteriaEvaluation.php	Qualimetrix\Analysis\Policy\Architecture\Layer\CriteriaEvaluation	class	Analysis.Policy.Architecture	internal	[]
src/Analysis/Policy/Architecture/Layer/CriterionListValidator.php	Qualimetrix\Analysis\Policy\Architecture\Layer\CriterionListValidator	class	Analysis.Policy.Architecture	internal	[]
src/Analysis/Policy/Architecture/Layer/CriterionOutcome.php	Qualimetrix\Analysis\Policy\Architecture\Layer\CriterionOutcome	enum	Analysis.Policy.Architecture	internal	[]
src/Analysis/Policy/Architecture/Layer/ExcludeSpec.php	Qualimetrix\Analysis\Policy\Architecture\Layer\ExcludeSpec	class	Analysis.Policy.Architecture	internal	[]
src/Analysis/Policy/Architecture/Layer/Expansion/LayerExpansionResult.php	Qualimetrix\Analysis\Policy\Architecture\Layer\Expansion\LayerExpansionResult	class	Analysis.Policy.Architecture	internal	[]
src/Analysis/Policy/Architecture/Layer/Expansion/LayerExpansionStage.php	Qualimetrix\Analysis\Policy\Architecture\Layer\Expansion\LayerExpansionStage	class	Analysis.Policy.Architecture	internal	[]
src/Analysis/Policy/Architecture/Layer/Expansion/LayerInstantiator.php	Qualimetrix\Analysis\Policy\Architecture\Layer\Expansion\LayerInstantiator	class	Analysis.Policy.Architecture	internal	[]
src/Analysis/Policy/Architecture/Layer/Expansion/TupleExtractor.php	Qualimetrix\Analysis\Policy\Architecture\Layer\Expansion\TupleExtractor	class	Analysis.Policy.Architecture	internal	[]
src/Analysis/Policy/Architecture/Layer/InvalidLayerDefinitionException.php	Qualimetrix\Analysis\Policy\Architecture\Layer\InvalidLayerDefinitionException	class	Analysis.Policy.Architecture	internal	[]
src/Analysis/Policy/Architecture/Layer/LayerCriteriaMatcher.php	Qualimetrix\Analysis\Policy\Architecture\Layer\LayerCriteriaMatcher	class	Analysis.Policy.Architecture	internal	[]
src/Analysis/Policy/Architecture/Layer/LayerDefinition.php	Qualimetrix\Analysis\Policy\Architecture\Layer\LayerDefinition	class	Analysis.Policy.Architecture	internal	[]
src/Analysis/Policy/Architecture/Layer/LayerLifecycle.php	Qualimetrix\Analysis\Policy\Architecture\Layer\LayerLifecycle	enum	Analysis.Policy.Architecture	internal	[]
src/Analysis/Policy/Architecture/Layer/LayerMatch.php	Qualimetrix\Analysis\Policy\Architecture\Layer\LayerMatch	class	Analysis.Policy.Architecture	internal	[]
src/Analysis/Policy/Architecture/Layer/LayerPolicy.php	Qualimetrix\Analysis\Policy\Architecture\Layer\LayerPolicy	class	Analysis.Policy.Architecture	internal	[]
src/Analysis/Policy/Architecture/Layer/LayerRegistry.php	Qualimetrix\Analysis\Policy\Architecture\Layer\LayerRegistry	class	Analysis.Policy.Architecture	internal	[]
src/Analysis/Policy/Architecture/Layer/LayerShadowing.php	Qualimetrix\Analysis\Policy\Architecture\Layer\LayerShadowing	class	Analysis.Policy.Architecture	internal	[]
src/Analysis/Policy/Architecture/Layer/MatchMode.php	Qualimetrix\Analysis\Policy\Architecture\Layer\MatchMode	enum	Analysis.Policy.Architecture	internal	[]
src/Analysis/Policy/Architecture/Layer/MatchedCriterion.php	Qualimetrix\Analysis\Policy\Architecture\Layer\MatchedCriterion	class	Analysis.Policy.Architecture	internal	[]
src/Analysis/Policy/Architecture/Layer/MatchedCriterionKind.php	Qualimetrix\Analysis\Policy\Architecture\Layer\MatchedCriterionKind	enum	Analysis.Policy.Architecture	internal	[]
src/Analysis/Policy/Architecture/Layer/MembershipResult.php	Qualimetrix\Analysis\Policy\Architecture\Layer\MembershipResult	class	Analysis.Policy.Architecture	internal	[]
src/Analysis/Policy/Architecture/Layer/MembershipSpec.php	Qualimetrix\Analysis\Policy\Architecture\Layer\MembershipSpec	class	Analysis.Policy.Architecture	internal	[]
src/Analysis/Policy/Architecture/Layer/PatternScope.php	Qualimetrix\Analysis\Policy\Architecture\Layer\PatternScope	class	Analysis.Policy.Architecture	internal	[]
src/Analysis/Policy/Architecture/Layer/TemplateLayerDefinition.php	Qualimetrix\Analysis\Policy\Architecture\Layer\TemplateLayerDefinition	class	Analysis.Policy.Architecture	internal	[]
src/Analysis/Policy/Baseline/Baseline.php	Qualimetrix\Analysis\Policy\Baseline\Baseline	class	Analysis.Policy.Baseline	contract	"[{""owner"":""Infrastructure.Console"",""source_fqcn"":""Qualimetrix\\Infrastructure\\Console\\Command\\BaselineExplainCommand""},{""owner"":""Infrastructure.Console"",""source_fqcn"":""Qualimetrix\\Infrastructure\\Console\\Command\\BaselineGenerateCommand""},{""owner"":""Infrastructure.Console"",""source_fqcn"":""Qualimetrix\\Infrastructure\\Console\\Command\\BaselineUpdateCommand""}]"
src/Analysis/Policy/Baseline/BaselineCapture.php	Qualimetrix\Analysis\Policy\Baseline\BaselineCapture	class	Analysis.Policy.Baseline	contract	"[{""owner"":""Infrastructure.Console"",""source_fqcn"":""Qualimetrix\\Infrastructure\\Console\\Command\\BaselineCaptureReporter""}]"
src/Analysis/Policy/Baseline/BaselineChannelRenamer.php	Qualimetrix\Analysis\Policy\Baseline\BaselineChannelRenamer	class	Analysis.Policy.Baseline	contract	"[{""owner"":""Infrastructure.Console"",""source_fqcn"":""Qualimetrix\\Infrastructure\\Console\\Command\\BaselineRenameChannelsCommand""},{""owner"":""Infrastructure.DependencyInjection"",""source_fqcn"":""Qualimetrix\\Infrastructure\\DependencyInjection\\Configurator\\OutputConfigurator""}]"
src/Analysis/Policy/Baseline/BaselineCleaner.php	Qualimetrix\Analysis\Policy\Baseline\BaselineCleaner	class	Analysis.Policy.Baseline	contract	"[{""owner"":""Infrastructure.Console"",""source_fqcn"":""Qualimetrix\\Infrastructure\\Console\\Command\\BaselineCleanupCommand""},{""owner"":""Infrastructure.DependencyInjection"",""source_fqcn"":""Qualimetrix\\Infrastructure\\DependencyInjection\\Configurator\\OutputConfigurator""}]"
src/Analysis/Policy/Baseline/BaselineCleanupCandidate.php	Qualimetrix\Analysis\Policy\Baseline\BaselineCleanupCandidate	class	Analysis.Policy.Baseline	contract	"[{""owner"":""Infrastructure.Console"",""source_fqcn"":""Qualimetrix\\Infrastructure\\Console\\Command\\BaselineCleanupCommand""}]"
src/Analysis/Policy/Baseline/BaselineCleanupReason.php	Qualimetrix\Analysis\Policy\Baseline\BaselineCleanupReason	enum	Analysis.Policy.Baseline	contract	"[{""owner"":""Infrastructure.Console"",""source_fqcn"":""Qualimetrix\\Infrastructure\\Console\\Command\\BaselineCleanupCommand""}]"
src/Analysis/Policy/Baseline/BaselineCleanupRemoval.php	Qualimetrix\Analysis\Policy\Baseline\BaselineCleanupRemoval	class	Analysis.Policy.Baseline	internal	[]
src/Analysis/Policy/Baseline/BaselineConflictException.php	Qualimetrix\Analysis\Policy\Baseline\BaselineConflictException	class	Analysis.Policy.Baseline	contract	"[{""owner"":""Infrastructure.Console"",""source_fqcn"":""Qualimetrix\\Infrastructure\\Console\\Command\\BaselineCommand""}]"
src/Analysis/Policy/Baseline/BaselineDocumentLayout.php	Qualimetrix\Analysis\Policy\Baseline\BaselineDocumentLayout	class	Analysis.Policy.Baseline	internal	[]
src/Analysis/Policy/Baseline/BaselineDocumentWriter.php	Qualimetrix\Analysis\Policy\Baseline\BaselineDocumentWriter	class	Analysis.Policy.Baseline	internal	[]
src/Analysis/Policy/Baseline/BaselineEdge.php	Qualimetrix\Analysis\Policy\Baseline\BaselineEdge	class	Analysis.Policy.Baseline	internal	[]
src/Analysis/Policy/Baseline/BaselineEntry.php	Qualimetrix\Analysis\Policy\Baseline\BaselineEntry	class	Analysis.Policy.Baseline	contract	"[{""owner"":""Infrastructure.Console"",""source_fqcn"":""Qualimetrix\\Infrastructure\\Console\\Command\\BaselineGenerateCommand""}]"
src/Analysis/Policy/Baseline/BaselineEntryMode.php	Qualimetrix\Analysis\Policy\Baseline\BaselineEntryMode	enum	Analysis.Policy.Baseline	contract	"[{""owner"":""Infrastructure.Console"",""source_fqcn"":""Qualimetrix\\Infrastructure\\Console\\Command\\BaselineGenerateCommand""}]"
src/Analysis/Policy/Baseline/BaselineEntryOrder.php	Qualimetrix\Analysis\Policy\Baseline\BaselineEntryOrder	class	Analysis.Policy.Baseline	internal	[]
src/Analysis/Policy/Baseline/BaselineEntryParser.php	Qualimetrix\Analysis\Policy\Baseline\BaselineEntryParser	class	Analysis.Policy.Baseline	internal	[]
src/Analysis/Policy/Baseline/BaselineEntryPayload.php	Qualimetrix\Analysis\Policy\Baseline\BaselineEntryPayload	class	Analysis.Policy.Baseline	internal	[]
src/Analysis/Policy/Baseline/BaselineEntryRejection.php	Qualimetrix\Analysis\Policy\Baseline\BaselineEntryRejection	class	Analysis.Policy.Baseline	internal	[]
src/Analysis/Policy/Baseline/BaselineEntryUpdateOutcome.php	Qualimetrix\Analysis\Policy\Baseline\BaselineEntryUpdateOutcome	class	Analysis.Policy.Baseline	internal	[]
src/Analysis/Policy/Baseline/BaselineEntryValues.php	Qualimetrix\Analysis\Policy\Baseline\BaselineEntryValues	class	Analysis.Policy.Baseline	internal	[]
src/Analysis/Policy/Baseline/BaselineFormatVersion.php	Qualimetrix\Analysis\Policy\Baseline\BaselineFormatVersion	class	Analysis.Policy.Baseline	internal	[]
src/Analysis/Policy/Baseline/BaselineGenerator.php	Qualimetrix\Analysis\Policy\Baseline\BaselineGenerator	class	Analysis.Policy.Baseline	contract	"[{""owner"":""Infrastructure.Console"",""source_fqcn"":""Qualimetrix\\Infrastructure\\Console\\Command\\BaselineGenerateCommand""},{""owner"":""Infrastructure.DependencyInjection"",""source_fqcn"":""Qualimetrix\\Infrastructure\\DependencyInjection\\Configurator\\OutputConfigurator""}]"
src/Analysis/Policy/Baseline/BaselineIdentity.php	Qualimetrix\Analysis\Policy\Baseline\BaselineIdentity	class	Analysis.Policy.Baseline	internal	[]
src/Analysis/Policy/Baseline/BaselineLoader.php	Qualimetrix\Analysis\Policy\Baseline\BaselineLoader	class	Analysis.Policy.Baseline	contract	"[{""owner"":""Infrastructure.Console"",""source_fqcn"":""Qualimetrix\\Infrastructure\\Console\\Command\\BaselineCleanupCommand""},{""owner"":""Infrastructure.Console"",""source_fqcn"":""Qualimetrix\\Infrastructure\\Console\\Command\\BaselineExplainCommand""},{""owner"":""Infrastructure.Console"",""source_fqcn"":""Qualimetrix\\Infrastructure\\Console\\Command\\BaselineUpdateCommand""},{""owner"":""Infrastructure.DependencyInjection"",""source_fqcn"":""Qualimetrix\\Infrastructure\\DependencyInjection\\Configurator\\OutputConfigurator""},{""owner"":""Reporting"",""source_fqcn"":""Qualimetrix\\Reporting\\FindingProjection\\FindingProjector""}]"
src/Analysis/Policy/Baseline/BaselineMigrator.php	Qualimetrix\Analysis\Policy\Baseline\BaselineMigrator	class	Analysis.Policy.Baseline	internal	[]
src/Analysis/Policy/Baseline/BaselineMigratorResult.php	Qualimetrix\Analysis\Policy\Baseline\BaselineMigratorResult	class	Analysis.Policy.Baseline	internal	[]
src/Analysis/Policy/Baseline/BaselineUpdateDisposition.php	Qualimetrix\Analysis\Policy\Baseline\BaselineUpdateDisposition	enum	Analysis.Policy.Baseline	contract	"[{""owner"":""Infrastructure.Console"",""source_fqcn"":""Qualimetrix\\Infrastructure\\Console\\Command\\BaselineUpdateCommand""}]"
src/Analysis/Policy/Baseline/BaselineUpdateRefusalReason.php	Qualimetrix\Analysis\Policy\Baseline\BaselineUpdateRefusalReason	enum	Analysis.Policy.Baseline	internal	[]
src/Analysis/Policy/Baseline/BaselineUpdateResult.php	Qualimetrix\Analysis\Policy\Baseline\BaselineUpdateResult	class	Analysis.Policy.Baseline	contract	"[{""owner"":""Infrastructure.Console"",""source_fqcn"":""Qualimetrix\\Infrastructure\\Console\\Command\\BaselineUpdateCommand""}]"
src/Analysis/Policy/Baseline/BaselineUpdater.php	Qualimetrix\Analysis\Policy\Baseline\BaselineUpdater	class	Analysis.Policy.Baseline	contract	"[{""owner"":""Infrastructure.Console"",""source_fqcn"":""Qualimetrix\\Infrastructure\\Console\\Command\\BaselineUpdateCommand""},{""owner"":""Infrastructure.DependencyInjection"",""source_fqcn"":""Qualimetrix\\Infrastructure\\DependencyInjection\\Configurator\\OutputConfigurator""}]"
src/Analysis/Policy/Baseline/BaselineWriter.php	Qualimetrix\Analysis\Policy\Baseline\BaselineWriter	class	Analysis.Policy.Baseline	contract	"[{""owner"":""Infrastructure.Console"",""source_fqcn"":""Qualimetrix\\Infrastructure\\Console\\Command\\BaselineCleanupCommand""},{""owner"":""Infrastructure.Console"",""source_fqcn"":""Qualimetrix\\Infrastructure\\Console\\Command\\BaselineGenerateCommand""},{""owner"":""Infrastructure.Console"",""source_fqcn"":""Qualimetrix\\Infrastructure\\Console\\Command\\BaselineUpdateCommand""},{""owner"":""Infrastructure.DependencyInjection"",""source_fqcn"":""Qualimetrix\\Infrastructure\\DependencyInjection\\Configurator\\OutputConfigurator""}]"
src/Analysis/Policy/Baseline/BoundaryExplanation.php	Qualimetrix\Analysis\Policy\Baseline\BoundaryExplanation	class	Analysis.Policy.Baseline	contract	"[{""owner"":""Infrastructure.Console"",""source_fqcn"":""Qualimetrix\\Infrastructure\\Console\\Command\\BaselineExplainCommand""}]"
src/Analysis/Policy/Baseline/BoundaryExplanationService.php	Qualimetrix\Analysis\Policy\Baseline\BoundaryExplanationService	class	Analysis.Policy.Baseline	contract	"[{""owner"":""Infrastructure.Console"",""source_fqcn"":""Qualimetrix\\Infrastructure\\Console\\Command\\BaselineExplainCommand""},{""owner"":""Infrastructure.DependencyInjection"",""source_fqcn"":""Qualimetrix\\Infrastructure\\DependencyInjection\\Configurator\\OutputConfigurator""}]"
src/Analysis/Policy/Baseline/BoundaryExplanationStatus.php	Qualimetrix\Analysis\Policy\Baseline\BoundaryExplanationStatus	enum	Analysis.Policy.Baseline	contract	"[{""owner"":""Infrastructure.Console"",""source_fqcn"":""Qualimetrix\\Infrastructure\\Console\\Command\\BaselineExplainCommand""}]"
src/Analysis/Policy/Baseline/CanonicalBaselineReader.php	Qualimetrix\Analysis\Policy\Baseline\CanonicalBaselineReader	class	Analysis.Policy.Baseline	internal	[]
src/Analysis/Policy/Baseline/ChannelRenameMap.php	Qualimetrix\Analysis\Policy\Baseline\ChannelRenameMap	class	Analysis.Policy.Baseline	contract	"[{""owner"":""Infrastructure.Console"",""source_fqcn"":""Qualimetrix\\Infrastructure\\Console\\Command\\BaselineRenameChannelsCommand""}]"
src/Analysis/Policy/Baseline/ChannelRenameRefusal.php	Qualimetrix\Analysis\Policy\Baseline\ChannelRenameRefusal	class	Analysis.Policy.Baseline	contract	"[{""owner"":""Infrastructure.Console"",""source_fqcn"":""Qualimetrix\\Infrastructure\\Console\\Command\\BaselineRenameChannelsCommand""}]"
src/Analysis/Policy/Baseline/ChannelRenameReport.php	Qualimetrix\Analysis\Policy\Baseline\ChannelRenameReport	class	Analysis.Policy.Baseline	contract	"[{""owner"":""Infrastructure.Console"",""source_fqcn"":""Qualimetrix\\Infrastructure\\Console\\Command\\ChannelRenameReporter""},{""owner"":""Infrastructure.Console"",""source_fqcn"":""Qualimetrix\\Infrastructure\\Console\\Command\\BaselineRenameChannelsCommand""}]"
src/Analysis/Policy/Baseline/EffectiveBoundary.php	Qualimetrix\Analysis\Policy\Baseline\EffectiveBoundary	class	Analysis.Policy.Baseline	contract	"[{""owner"":""Infrastructure.Console"",""source_fqcn"":""Qualimetrix\\Infrastructure\\Console\\Command\\BaselineExplainCommand""}]"
src/Analysis/Policy/Baseline/EffectiveBoundaryBaselineSource.php	Qualimetrix\Analysis\Policy\Baseline\EffectiveBoundaryBaselineSource	class	Analysis.Policy.Baseline	contract	"[{""owner"":""Infrastructure.Console"",""source_fqcn"":""Qualimetrix\\Infrastructure\\Console\\Command\\BaselineExplainCommand""}]"
src/Analysis/Policy/Baseline/EntrySelector.php	Qualimetrix\Analysis\Policy\Baseline\EntrySelector	class	Analysis.Policy.Baseline	contract	"[{""owner"":""Infrastructure.Console"",""source_fqcn"":""Qualimetrix\\Infrastructure\\Console\\Command\\BaselineCleanupCommand""}]"
src/Analysis/Policy/Baseline/ExplainedSubject.php	Qualimetrix\Analysis\Policy\Baseline\ExplainedSubject	class	Analysis.Policy.Baseline	internal	[]
src/Analysis/Policy/Baseline/Filter/BaselineCeilingStage.php	Qualimetrix\Analysis\Policy\Baseline\Filter\BaselineCeilingStage	class	Analysis.Policy.Baseline	contract	"[{""owner"":""Reporting"",""source_fqcn"":""Qualimetrix\\Reporting\\FindingProjection\\FindingProjector""}]"
src/Analysis/Policy/Baseline/Filter/CeilingOutcome.php	Qualimetrix\Analysis\Policy\Baseline\Filter\CeilingOutcome	class	Analysis.Policy.Baseline	internal	[]
src/Analysis/Policy/Baseline/Filter/GroupCeilingVerdict.php	Qualimetrix\Analysis\Policy\Baseline\Filter\GroupCeilingVerdict	class	Analysis.Policy.Baseline	internal	[]
src/Analysis/Policy/Baseline/GroupAcceptance.php	Qualimetrix\Analysis\Policy\Baseline\GroupAcceptance	class	Analysis.Policy.Baseline	internal	[]
src/Analysis/Policy/Baseline/InertBaselineEntry.php	Qualimetrix\Analysis\Policy\Baseline\InertBaselineEntry	class	Analysis.Policy.Baseline	internal	[]
src/Analysis/Policy/Baseline/InertEntryReason.php	Qualimetrix\Analysis\Policy\Baseline\InertEntryReason	enum	Analysis.Policy.Baseline	internal	[]
src/Analysis/Policy/Baseline/MigrationReport.php	Qualimetrix\Analysis\Policy\Baseline\MigrationReport	class	Analysis.Policy.Baseline	internal	[]
src/Analysis/Policy/Baseline/MigrationReportDroppedEntry.php	Qualimetrix\Analysis\Policy\Baseline\MigrationReportDroppedEntry	class	Analysis.Policy.Baseline	internal	[]
src/Analysis/Policy/Baseline/RunScope.php	Qualimetrix\Analysis\Policy\Baseline\RunScope	class	Analysis.Policy.Baseline	contract	"[{""owner"":""Infrastructure.Console"",""source_fqcn"":""Qualimetrix\\Infrastructure\\Console\\Command\\BaselineCommand""},{""owner"":""Infrastructure.Console"",""source_fqcn"":""Qualimetrix\\Infrastructure\\Console\\Command\\BaselineRun""},{""owner"":""Infrastructure.Console"",""source_fqcn"":""Qualimetrix\\Infrastructure\\Console\\Command\\BaselineRunContext""},{""owner"":""Infrastructure.Console"",""source_fqcn"":""Qualimetrix\\Infrastructure\\Console\\FindingFilterOrchestrator""}]"
src/Analysis/Policy/Baseline/UncapturedGroup.php	Qualimetrix\Analysis\Policy\Baseline\UncapturedGroup	class	Analysis.Policy.Baseline	internal	[]
src/Analysis/Policy/Baseline/UncapturedReason.php	Qualimetrix\Analysis\Policy\Baseline\UncapturedReason	enum	Analysis.Policy.Baseline	internal	[]
src/Analysis/Policy/Baseline/V5Baseline.php	Qualimetrix\Analysis\Policy\Baseline\V5Baseline	class	Analysis.Policy.Baseline	internal	[]
src/Analysis/Policy/Baseline/V5BaselineReader.php	Qualimetrix\Analysis\Policy\Baseline\V5BaselineReader	class	Analysis.Policy.Baseline	internal	[]
src/Analysis/Policy/Baseline/V5Entry.php	Qualimetrix\Analysis\Policy\Baseline\V5Entry	class	Analysis.Policy.Baseline	internal	[]
src/Analysis/Policy/Baseline/V5UnreadableRecord.php	Qualimetrix\Analysis\Policy\Baseline\V5UnreadableRecord	class	Analysis.Policy.Baseline	internal	[]
src/Analysis/Policy/Inline/Contract/AnnotationSuppressionInterface.php	Qualimetrix\Analysis\Policy\Inline\Contract\AnnotationSuppressionInterface	interface	Analysis.Policy.Inline	contract	"[{""owner"":""Infrastructure.DependencyInjection"",""source_fqcn"":""Qualimetrix\\Infrastructure\\DependencyInjection\\Configurator\\OutputConfigurator""},{""owner"":""Reporting"",""source_fqcn"":""Qualimetrix\\Reporting\\FindingProjection\\FindingProjector""}]"
src/Analysis/Policy/Inline/Contract/AnnotationSuppressionResult.php	Qualimetrix\Analysis\Policy\Inline\Contract\AnnotationSuppressionResult	class	Analysis.Policy.Inline	internal	[]
src/Analysis/Policy/Inline/Contract/Directive/DeclarationBinding.php	Qualimetrix\Analysis\Policy\Inline\Contract\Directive\DeclarationBinding	class	Analysis.Policy.Inline	internal	[]
src/Analysis/Policy/Inline/Contract/Directive/DirectiveEffect.php	Qualimetrix\Analysis\Policy\Inline\Contract\Directive\DirectiveEffect	enum	Analysis.Policy.Inline	contract	"[{""owner"":""Infrastructure.Console"",""source_fqcn"":""Qualimetrix\\Infrastructure\\Console\\DirectiveAuditPresenter""},{""owner"":""Infrastructure.Console"",""source_fqcn"":""Qualimetrix\\Infrastructure\\Console\\Command\\DirectivesCommand""},{""owner"":""Infrastructure.Console"",""source_fqcn"":""Qualimetrix\\Infrastructure\\Console\\DirectiveVerdictTally""}]"
src/Analysis/Policy/Inline/Contract/Directive/DirectiveRefusal.php	Qualimetrix\Analysis\Policy\Inline\Contract\Directive\DirectiveRefusal	class	Analysis.Policy.Inline	internal	[]
src/Analysis/Policy/Inline/Contract/Directive/DirectiveRefusalReason.php	Qualimetrix\Analysis\Policy\Inline\Contract\Directive\DirectiveRefusalReason	enum	Analysis.Policy.Inline	internal	[]
src/Analysis/Policy/Inline/Contract/Directive/DirectiveSite.php	Qualimetrix\Analysis\Policy\Inline\Contract\Directive\DirectiveSite	class	Analysis.Policy.Inline	contract	"[{""owner"":""Infrastructure.Console"",""source_fqcn"":""Qualimetrix\\Infrastructure\\Console\\DirectiveAuditPresenter""}]"
src/Analysis/Policy/Inline/Contract/Directive/DirectiveSweepScope.php	Qualimetrix\Analysis\Policy\Inline\Contract\Directive\DirectiveSweepScope	enum	Analysis.Policy.Inline	contract	"[{""owner"":""Analysis.Run"",""source_fqcn"":""Qualimetrix\\Analysis\\Run\\Contract\\Pipeline\\DirectiveAuditInterface""},{""owner"":""Analysis.Run"",""source_fqcn"":""Qualimetrix\\Analysis\\Run\\Contract\\Pipeline\\DirectiveAuditReport""},{""owner"":""Analysis.Run"",""source_fqcn"":""Qualimetrix\\Analysis\\Run\\Pipeline\\AnalysisPipeline""},{""owner"":""Analysis.Run"",""source_fqcn"":""Qualimetrix\\Analysis\\Run\\RuleProducerPreparation""},{""owner"":""Infrastructure.Console"",""source_fqcn"":""Qualimetrix\\Infrastructure\\Console\\Command\\DirectivesCommand""},{""owner"":""Infrastructure.Console"",""source_fqcn"":""Qualimetrix\\Infrastructure\\Console\\DirectiveAuditPresenter""}]"
src/Analysis/Policy/Inline/Contract/Directive/DirectiveUnmeasurableReason.php	Qualimetrix\Analysis\Policy\Inline\Contract\Directive\DirectiveUnmeasurableReason	enum	Analysis.Policy.Inline	contract	"[{""owner"":""Infrastructure.Console"",""source_fqcn"":""Qualimetrix\\Infrastructure\\Console\\DirectiveAuditPresenter""}]"
src/Analysis/Policy/Inline/Contract/Directive/DirectiveVerdict.php	Qualimetrix\Analysis\Policy\Inline\Contract\Directive\DirectiveVerdict	class	Analysis.Policy.Inline	contract	"[{""owner"":""Analysis.Run"",""source_fqcn"":""Qualimetrix\\Analysis\\Run\\Pipeline\\AnalysisPipeline""},{""owner"":""Infrastructure.Console"",""source_fqcn"":""Qualimetrix\\Infrastructure\\Console\\DirectiveAuditPresenter""},{""owner"":""Infrastructure.Console"",""source_fqcn"":""Qualimetrix\\Infrastructure\\Console\\DirectiveVerdictTally""}]"
src/Analysis/Policy/Inline/Contract/Directive/InlineDirectivePolicyInterface.php	Qualimetrix\Analysis\Policy\Inline\Contract\Directive\InlineDirectivePolicyInterface	interface	Analysis.Policy.Inline	contract	"[{""owner"":""Analysis.Run"",""source_fqcn"":""Qualimetrix\\Analysis\\Run\\RuleProducerPreparation""},{""owner"":""Infrastructure.DependencyInjection"",""source_fqcn"":""Qualimetrix\\Infrastructure\\DependencyInjection\\Configurator\\AnalysisConfigurator""}]"
src/Analysis/Policy/Inline/Contract/Directive/ThresholdDirectiveAuditInput.php	Qualimetrix\Analysis\Policy\Inline\Contract\Directive\ThresholdDirectiveAuditInput	class	Analysis.Policy.Inline	contract	"[{""owner"":""Analysis.Run"",""source_fqcn"":""Qualimetrix\\Analysis\\Run\\RuleProducerPreparation""}]"
src/Analysis/Policy/Inline/Contract/Directive/ThresholdDirectiveAuditInterface.php	Qualimetrix\Analysis\Policy\Inline\Contract\Directive\ThresholdDirectiveAuditInterface	interface	Analysis.Policy.Inline	contract	"[{""owner"":""Analysis.Run"",""source_fqcn"":""Qualimetrix\\Analysis\\Run\\RuleProducerPreparation""},{""owner"":""Infrastructure.DependencyInjection"",""source_fqcn"":""Qualimetrix\\Infrastructure\\DependencyInjection\\Configurator\\AnalysisConfigurator""}]"
src/Analysis/Policy/Inline/Contract/DocumentationRegions.php	Qualimetrix\Analysis\Policy\Inline\Contract\DocumentationRegions	class	Analysis.Policy.Inline	internal	[]
src/Analysis/Policy/Inline/Contract/RuleValidatorMapFactory.php	Qualimetrix\Analysis\Policy\Inline\Contract\RuleValidatorMapFactory	class	Analysis.Policy.Inline	contract	"[{""owner"":""Infrastructure.DependencyInjection"",""source_fqcn"":""Qualimetrix\\Infrastructure\\DependencyInjection\\CompilerPass\\ThresholdValidatorMapCompilerPass""},{""owner"":""Infrastructure.Parallel"",""source_fqcn"":""Qualimetrix\\Infrastructure\\Parallel\\WorkerBootstrap""}]"
src/Analysis/Policy/Inline/Contract/SourceControlExtractorInterface.php	Qualimetrix\Analysis\Policy\Inline\Contract\SourceControlExtractorInterface	interface	Analysis.Policy.Inline	contract	"[{""owner"":""Analysis.Run"",""source_fqcn"":""Qualimetrix\\Analysis\\Run\\Collection\\FileProcessor""},{""owner"":""Infrastructure.Parallel"",""source_fqcn"":""Qualimetrix\\Infrastructure\\Parallel\\WorkerBootstrap""}]"
src/Analysis/Policy/Inline/Contract/SourceControls.php	Qualimetrix\Analysis\Policy\Inline\Contract\SourceControls	class	Analysis.Policy.Inline	internal	[]
src/Analysis/Policy/Inline/Contract/SuppressionExtractor.php	Qualimetrix\Analysis\Policy\Inline\Contract\SuppressionExtractor	class	Analysis.Policy.Inline	contract	"[{""owner"":""Infrastructure.DependencyInjection"",""source_fqcn"":""Qualimetrix\\Infrastructure\\DependencyInjection\\Configurator\\AnalysisConfigurator""},{""owner"":""Infrastructure.Parallel"",""source_fqcn"":""Qualimetrix\\Infrastructure\\Parallel\\WorkerBootstrap""}]"
src/Analysis/Policy/Inline/Contract/Suppression/Suppression.php	Qualimetrix\Analysis\Policy\Inline\Contract\Suppression\Suppression	class	Analysis.Policy.Inline	internal	[]
src/Analysis/Policy/Inline/Contract/Suppression/SuppressionTarget.php	Qualimetrix\Analysis\Policy\Inline\Contract\Suppression\SuppressionTarget	class	Analysis.Policy.Inline	internal	[]
src/Analysis/Policy/Inline/Contract/Suppression/SuppressionType.php	Qualimetrix\Analysis\Policy\Inline\Contract\Suppression\SuppressionType	enum	Analysis.Policy.Inline	internal	[]
src/Analysis/Policy/Inline/Contract/ThresholdOverrideExtractor.php	Qualimetrix\Analysis\Policy\Inline\Contract\ThresholdOverrideExtractor	class	Analysis.Policy.Inline	contract	"[{""owner"":""Infrastructure.DependencyInjection"",""source_fqcn"":""Qualimetrix\\Infrastructure\\DependencyInjection\\CompilerPass\\ThresholdValidatorMapCompilerPass""},{""owner"":""Infrastructure.DependencyInjection"",""source_fqcn"":""Qualimetrix\\Infrastructure\\DependencyInjection\\Configurator\\AnalysisConfigurator""},{""owner"":""Infrastructure.Parallel"",""source_fqcn"":""Qualimetrix\\Infrastructure\\Parallel\\WorkerBootstrap""}]"
src/Analysis/Policy/Inline/Contract/Threshold/ThresholdDiagnostic.php	Qualimetrix\Analysis\Policy\Inline\Contract\Threshold\ThresholdDiagnostic	class	Analysis.Policy.Inline	internal	[]
src/Analysis/Policy/Inline/Directive/Audit/AuthoredDirectiveGroup.php	Qualimetrix\Analysis\Policy\Inline\Directive\Audit\AuthoredDirectiveGroup	class	Analysis.Policy.Inline	internal	[]
src/Analysis/Policy/Inline/Directive/Audit/DirectiveMaskingCoalition.php	Qualimetrix\Analysis\Policy\Inline\Directive\Audit\DirectiveMaskingCoalition	class	Analysis.Policy.Inline	internal	[]
src/Analysis/Policy/Inline/Directive/Audit/DirectiveUsage.php	Qualimetrix\Analysis\Policy\Inline\Directive\Audit\DirectiveUsage	class	Analysis.Policy.Inline	internal	[]
src/Analysis/Policy/Inline/Directive/Audit/ExecutionFingerprint.php	Qualimetrix\Analysis\Policy\Inline\Directive\Audit\ExecutionFingerprint	class	Analysis.Policy.Inline	internal	[]
src/Analysis/Policy/Inline/Directive/Audit/MaskingOutcome.php	Qualimetrix\Analysis\Policy\Inline\Directive\Audit\MaskingOutcome	class	Analysis.Policy.Inline	internal	[]
src/Analysis/Policy/Inline/Directive/Audit/StaleDirectiveFinding.php	Qualimetrix\Analysis\Policy\Inline\Directive\Audit\StaleDirectiveFinding	class	Analysis.Policy.Inline	internal	[]
src/Analysis/Policy/Inline/Directive/Audit/ThresholdDirectiveAudit.php	Qualimetrix\Analysis\Policy\Inline\Directive\Audit\ThresholdDirectiveAudit	class	Analysis.Policy.Inline	internal	[]
src/Analysis/Policy/Inline/Directive/DirectiveAddressability.php	Qualimetrix\Analysis\Policy\Inline\Directive\DirectiveAddressability	class	Analysis.Policy.Inline	internal	[]
src/Analysis/Policy/Inline/Directive/DirectiveChannelBan.php	Qualimetrix\Analysis\Policy\Inline\Directive\DirectiveChannelBan	class	Analysis.Policy.Inline	internal	[]
src/Analysis/Policy/Inline/Directive/DirectiveLevels.php	Qualimetrix\Analysis\Policy\Inline\Directive\DirectiveLevels	class	Analysis.Policy.Inline	internal	[]
src/Analysis/Policy/Inline/Directive/DirectiveNameHints.php	Qualimetrix\Analysis\Policy\Inline\Directive\DirectiveNameHints	class	Analysis.Policy.Inline	internal	[]
src/Analysis/Policy/Inline/Directive/DirectiveRejection.php	Qualimetrix\Analysis\Policy\Inline\Directive\DirectiveRejection	class	Analysis.Policy.Inline	internal	[]
src/Analysis/Policy/Inline/Directive/InlineDirectiveOptions.php	Qualimetrix\Analysis\Policy\Inline\Directive\InlineDirectiveOptions	class	Analysis.Policy.Inline	internal	[]
src/Analysis/Policy/Inline/Directive/InlineDirectivePolicy.php	Qualimetrix\Analysis\Policy\Inline\Directive\InlineDirectivePolicy	class	Analysis.Policy.Inline	internal	[]
src/Analysis/Policy/Inline/Directive/InlineDirectiveValidator.php	Qualimetrix\Analysis\Policy\Inline\Directive\InlineDirectiveValidator	class	Analysis.Policy.Inline	internal	[]
src/Analysis/Policy/Inline/Directive/UnusedDirectiveRule.php	Qualimetrix\Analysis\Policy\Inline\Directive\UnusedDirectiveRule	class	Analysis.Policy.Inline	internal	[]
src/Analysis/Policy/Inline/Extraction/DeclarationControlBindings.php	Qualimetrix\Analysis\Policy\Inline\Extraction\DeclarationControlBindings	class	Analysis.Policy.Inline	internal	[]
src/Analysis/Policy/Inline/Extraction/SourceControlExtractor.php	Qualimetrix\Analysis\Policy\Inline\Extraction\SourceControlExtractor	class	Analysis.Policy.Inline	internal	[]
src/Analysis/Policy/Inline/Suppression/SuppressionFilter.php	Qualimetrix\Analysis\Policy\Inline\Suppression\SuppressionFilter	class	Analysis.Policy.Inline	internal	[]
src/Analysis/Policy/Inline/ThresholdOverrideExtractionResult.php	Qualimetrix\Analysis\Policy\Inline\ThresholdOverrideExtractionResult	class	Analysis.Policy.Inline	internal	[]
src/Analysis/Run/Collection/CollectionOrchestrator.php	Qualimetrix\Analysis\Run\Collection\CollectionOrchestrator	class	Analysis.Run	internal	[]
src/Analysis/Run/Collection/FileProcessor.php	Qualimetrix\Analysis\Run\Collection\FileProcessor	class	Analysis.Run	internal	[]
src/Analysis/Run/Configuration/ProjectScopeCoverage.php	Qualimetrix\Analysis\Run\Configuration\ProjectScopeCoverage	class	Analysis.Run	contract	"[{""owner"":""Infrastructure.Console"",""source_fqcn"":""Qualimetrix\\Infrastructure\\Console\\CheckScopeResolver""},{""owner"":""Infrastructure.DependencyInjection"",""source_fqcn"":""Qualimetrix\\Infrastructure\\DependencyInjection\\Configurator\\OutputConfigurator""},{""owner"":""Infrastructure.DependencyInjection"",""source_fqcn"":""Qualimetrix\\Infrastructure\\DependencyInjection\\Configurator\\AnalysisConfigurator""},{""owner"":""Infrastructure.Console"",""source_fqcn"":""Qualimetrix\\Infrastructure\\Console\\FindingFilterOrchestrator""}]"
src/Analysis/Run/Configuration/ProjectScopeMeasurement.php	Qualimetrix\Analysis\Run\Configuration\ProjectScopeMeasurement	class	Analysis.Run	internal	[]
src/Analysis/Run/Configuration/RunConfigurationResolver.php	Qualimetrix\Analysis\Run\Configuration\RunConfigurationResolver	class	Analysis.Run	internal	"[{""owner"":""Infrastructure.DependencyInjection"",""relation"":""composition_binding"",""source_fqcn"":""Qualimetrix\\Infrastructure\\DependencyInjection\\Configurator\\OutputConfigurator"",""operations"":[""service_alias"",""service_registration""]}]"
src/Analysis/Run/Contract/Collection/CollectionOrchestratorInterface.php	Qualimetrix\Analysis\Run\Contract\Collection\CollectionOrchestratorInterface	interface	Analysis.Run	contract	"[{""owner"":""Infrastructure.Console"",""source_fqcn"":""Qualimetrix\\Infrastructure\\Console\\LayerAssignmentResolver""},{""owner"":""Infrastructure.DependencyInjection"",""source_fqcn"":""Qualimetrix\\Infrastructure\\DependencyInjection\\Configurator\\AnalysisConfigurator""},{""owner"":""Infrastructure.DependencyInjection"",""source_fqcn"":""Qualimetrix\\Infrastructure\\DependencyInjection\\Configurator\\ArchitectureConfigurator""}]"
src/Analysis/Run/Contract/Collection/CollectionPhaseOutput.php	Qualimetrix\Analysis\Run\Contract\Collection\CollectionPhaseOutput	class	Analysis.Run	contract	"[{""owner"":""Infrastructure.Console"",""source_fqcn"":""Qualimetrix\\Infrastructure\\Console\\LayerAssignmentResolver""}]"
src/Analysis/Run/Contract/Collection/FileProcessingFailureKind.php	Qualimetrix\Analysis\Run\Contract\Collection\FileProcessingFailureKind	enum	Analysis.Run	contract	"[{""owner"":""Infrastructure.Parallel"",""source_fqcn"":""Qualimetrix\\Infrastructure\\Parallel\\Strategy\\AmphpParallelStrategy""}]"
src/Analysis/Run/Contract/Collection/FileProcessingResult.php	Qualimetrix\Analysis\Run\Contract\Collection\FileProcessingResult	class	Analysis.Run	contract	"[{""owner"":""Infrastructure.Parallel"",""source_fqcn"":""Qualimetrix\\Infrastructure\\Parallel\\FileProcessingTask""},{""owner"":""Infrastructure.Parallel"",""source_fqcn"":""Qualimetrix\\Infrastructure\\Parallel\\Strategy\\AmphpParallelStrategy""}]"
src/Analysis/Run/Contract/Collection/FileProcessorInterface.php	Qualimetrix\Analysis\Run\Contract\Collection\FileProcessorInterface	interface	Analysis.Run	contract	"[{""owner"":""Infrastructure.DependencyInjection"",""source_fqcn"":""Qualimetrix\\Infrastructure\\DependencyInjection\\Configurator\\AnalysisConfigurator""},{""owner"":""Infrastructure.Parallel"",""source_fqcn"":""Qualimetrix\\Infrastructure\\Parallel\\WorkerBootstrap""}]"
src/Analysis/Run/Contract/Collection/Strategy/ExecutionStrategyInterface.php	Qualimetrix\Analysis\Run\Contract\Collection\Strategy\ExecutionStrategyInterface	interface	Analysis.Run	contract	"[{""owner"":""Infrastructure.Parallel"",""source_fqcn"":""Qualimetrix\\Infrastructure\\Parallel\\Strategy\\AmphpParallelStrategy""},{""owner"":""Infrastructure.Parallel"",""source_fqcn"":""Qualimetrix\\Infrastructure\\Parallel\\Strategy\\SequentialStrategy""},{""owner"":""Infrastructure.Parallel"",""source_fqcn"":""Qualimetrix\\Infrastructure\\Parallel\\Strategy\\StrategySelector""}]"
src/Analysis/Run/Contract/Collection/Strategy/ParallelCapableInterface.php	Qualimetrix\Analysis\Run\Contract\Collection\Strategy\ParallelCapableInterface	interface	Analysis.Run	contract	"[{""owner"":""Infrastructure.Parallel"",""source_fqcn"":""Qualimetrix\\Infrastructure\\Parallel\\Strategy\\AmphpParallelStrategy""}]"
src/Analysis/Run/Contract/Collection/Strategy/StrategySelectorInterface.php	Qualimetrix\Analysis\Run\Contract\Collection\Strategy\StrategySelectorInterface	interface	Analysis.Run	contract	"[{""owner"":""Infrastructure.DependencyInjection"",""source_fqcn"":""Qualimetrix\\Infrastructure\\DependencyInjection\\Configurator\\AnalysisConfigurator""},{""owner"":""Infrastructure.DependencyInjection"",""source_fqcn"":""Qualimetrix\\Infrastructure\\DependencyInjection\\Configurator\\DependencyModelConfigurator""},{""owner"":""Infrastructure.Parallel"",""source_fqcn"":""Qualimetrix\\Infrastructure\\Parallel\\Strategy\\StrategySelector""}]"
src/Analysis/Run/Contract/Collection/SuccessfulFileProcessing.php	Qualimetrix\Analysis\Run\Contract\Collection\SuccessfulFileProcessing	class	Analysis.Run	internal	[]
src/Analysis/Run/Contract/Configuration/GeneratedFilePolicy.php	Qualimetrix\Analysis\Run\Contract\Configuration\GeneratedFilePolicy	enum	Analysis.Run	contract	"[{""owner"":""Infrastructure.Console"",""source_fqcn"":""Qualimetrix\\Infrastructure\\Console\\Command\\Debug\\LayerAssignmentCommand""}]"
src/Analysis/Run/Contract/Configuration/RunConfiguration.php	Qualimetrix\Analysis\Run\Contract\Configuration\RunConfiguration	class	Analysis.Run	contract	"[{""owner"":""Infrastructure.Console"",""source_fqcn"":""Qualimetrix\\Infrastructure\\Console\\AnalysisPreflight""},{""owner"":""Infrastructure.Console"",""source_fqcn"":""Qualimetrix\\Infrastructure\\Console\\CheckResolvedConfiguration""},{""owner"":""Infrastructure.Console"",""source_fqcn"":""Qualimetrix\\Infrastructure\\Console\\CheckScopeResolver""},{""owner"":""Infrastructure.Console"",""source_fqcn"":""Qualimetrix\\Infrastructure\\Console\\Command\\CheckCommand""},{""owner"":""Infrastructure.Console"",""source_fqcn"":""Qualimetrix\\Infrastructure\\Console\\MeasuredFindingSet""},{""owner"":""Infrastructure.Console"",""source_fqcn"":""Qualimetrix\\Infrastructure\\Console\\PreparedAnalysisInput""},{""owner"":""Infrastructure.Console"",""source_fqcn"":""Qualimetrix\\Infrastructure\\Console\\RuntimeConfigurator""},{""owner"":""Infrastructure.Git"",""source_fqcn"":""Qualimetrix\\Infrastructure\\Git\\GitScopeResolver""}]"
src/Analysis/Run/Contract/Configuration/RunConfigurationResolverInterface.php	Qualimetrix\Analysis\Run\Contract\Configuration\RunConfigurationResolverInterface	interface	Analysis.Run	contract	"[{""owner"":""Infrastructure.Console"",""source_fqcn"":""Qualimetrix\\Infrastructure\\Console\\Command\\BaselineRun""},{""owner"":""Infrastructure.Console"",""source_fqcn"":""Qualimetrix\\Infrastructure\\Console\\CheckConfigurationResolvers""},{""owner"":""Infrastructure.DependencyInjection"",""source_fqcn"":""Qualimetrix\\Infrastructure\\DependencyInjection\\Configurator\\OutputConfigurator""},{""owner"":""Infrastructure.Console"",""source_fqcn"":""Qualimetrix\\Infrastructure\\Console\\AnalysisPreflight""}]"
src/Analysis/Run/Contract/Discovery/FileDiscoveryFactoryInterface.php	Qualimetrix\Analysis\Run\Contract\Discovery\FileDiscoveryFactoryInterface	interface	Analysis.Run	contract	"[{""owner"":""Infrastructure.Console"",""source_fqcn"":""Qualimetrix\\Infrastructure\\Console\\LayerAssignmentResolver""},{""owner"":""Infrastructure.Console"",""source_fqcn"":""Qualimetrix\\Infrastructure\\Console\\MeasuredFindingSet""},{""owner"":""Infrastructure.DependencyInjection"",""source_fqcn"":""Qualimetrix\\Infrastructure\\DependencyInjection\\Configurator\\AnalysisConfigurator""},{""owner"":""Infrastructure.DependencyInjection"",""source_fqcn"":""Qualimetrix\\Infrastructure\\DependencyInjection\\Configurator\\ArchitectureConfigurator""},{""owner"":""Infrastructure.DependencyInjection"",""source_fqcn"":""Qualimetrix\\Infrastructure\\DependencyInjection\\Configurator\\OutputConfigurator""},{""owner"":""Infrastructure.Git"",""source_fqcn"":""Qualimetrix\\Infrastructure\\Git\\GitScopeResolver""},{""owner"":""Infrastructure.Console"",""source_fqcn"":""Qualimetrix\\Infrastructure\\Console\\AnalysisPreflight""}]"
src/Analysis/Run/Contract/Discovery/FileDiscoveryInterface.php	Qualimetrix\Analysis\Run\Contract\Discovery\FileDiscoveryInterface	interface	Analysis.Run	contract	"[{""owner"":""Infrastructure.Console"",""source_fqcn"":""Qualimetrix\\Infrastructure\\Console\\MeasuredFindingSet""},{""owner"":""Infrastructure.DependencyInjection"",""source_fqcn"":""Qualimetrix\\Infrastructure\\DependencyInjection\\Configurator\\AnalysisConfigurator""},{""owner"":""Infrastructure.DependencyInjection"",""source_fqcn"":""Qualimetrix\\Infrastructure\\DependencyInjection\\Configurator\\OutputConfigurator""},{""owner"":""Infrastructure.Git"",""source_fqcn"":""Qualimetrix\\Infrastructure\\Git\\GitScopeResolution""},{""owner"":""Infrastructure.Console"",""source_fqcn"":""Qualimetrix\\Infrastructure\\Console\\PreparedAnalysisInput""},{""owner"":""Infrastructure.Console"",""source_fqcn"":""Qualimetrix\\Infrastructure\\Console\\Command\\CheckCommand""}]"
src/Analysis/Run/Contract/Discovery/GeneratedFileFilterInterface.php	Qualimetrix\Analysis\Run\Contract\Discovery\GeneratedFileFilterInterface	interface	Analysis.Run	contract	"[{""owner"":""Infrastructure.Console"",""source_fqcn"":""Qualimetrix\\Infrastructure\\Console\\LayerAssignmentResolver""},{""owner"":""Infrastructure.DependencyInjection"",""source_fqcn"":""Qualimetrix\\Infrastructure\\DependencyInjection\\Configurator\\AnalysisConfigurator""},{""owner"":""Infrastructure.DependencyInjection"",""source_fqcn"":""Qualimetrix\\Infrastructure\\DependencyInjection\\Configurator\\ArchitectureConfigurator""}]"
src/Analysis/Run/Contract/Discovery/SkipReportingDiscoveryInterface.php	Qualimetrix\Analysis\Run\Contract\Discovery\SkipReportingDiscoveryInterface	interface	Analysis.Run	internal	[]
src/Analysis/Run/Contract/Discovery/SkippedEntry.php	Qualimetrix\Analysis\Run\Contract\Discovery\SkippedEntry	class	Analysis.Run	internal	[]
src/Analysis/Run/Contract/FileSetInspectionParticipantInterface.php	Qualimetrix\Analysis\Run\Contract\FileSetInspectionParticipantInterface	interface	Analysis.Run	contract	"[{""owner"":""Analysis.Evidence.Duplication"",""source_fqcn"":""Qualimetrix\\Analysis\\Evidence\\Duplication\\DuplicationDetector""},{""owner"":""Infrastructure.DependencyInjection"",""source_fqcn"":""Qualimetrix\\Infrastructure\\DependencyInjection\\CompilerPass\\FileSetInspectionParticipantCompilerPass""},{""owner"":""Infrastructure.DependencyInjection"",""source_fqcn"":""Qualimetrix\\Infrastructure\\DependencyInjection\\ContainerFactory""}]"
src/Analysis/Run/Contract/Pipeline/AnalysisCoverage.php	Qualimetrix\Analysis\Run\Contract\Pipeline\AnalysisCoverage	class	Analysis.Run	contract	"[{""owner"":""Infrastructure.Console"",""source_fqcn"":""Qualimetrix\\Infrastructure\\Console\\ResultPresenter""}]"
src/Analysis/Run/Contract/Pipeline/AnalysisFailure.php	Qualimetrix\Analysis\Run\Contract\Pipeline\AnalysisFailure	class	Analysis.Run	contract	"[{""owner"":""Infrastructure.Console"",""source_fqcn"":""Qualimetrix\\Infrastructure\\Console\\ResultPresenter""}]"
src/Analysis/Run/Contract/Pipeline/AnalysisFailureKind.php	Qualimetrix\Analysis\Run\Contract\Pipeline\AnalysisFailureKind	enum	Analysis.Run	contract	"[{""owner"":""Infrastructure.Console"",""source_fqcn"":""Qualimetrix\\Infrastructure\\Console\\ResultPresenter""}]"
src/Analysis/Run/Contract/Pipeline/AnalysisPipelineInterface.php	Qualimetrix\Analysis\Run\Contract\Pipeline\AnalysisPipelineInterface	interface	Analysis.Run	contract	"[{""owner"":""Infrastructure.Console"",""source_fqcn"":""Qualimetrix\\Infrastructure\\Console\\Command\\CheckCommand""},{""owner"":""Infrastructure.Console"",""source_fqcn"":""Qualimetrix\\Infrastructure\\Console\\MeasuredFindingSet""},{""owner"":""Infrastructure.DependencyInjection"",""source_fqcn"":""Qualimetrix\\Infrastructure\\DependencyInjection\\Configurator\\AnalysisConfigurator""},{""owner"":""Infrastructure.DependencyInjection"",""source_fqcn"":""Qualimetrix\\Infrastructure\\DependencyInjection\\Configurator\\OutputConfigurator""}]"
src/Analysis/Run/Contract/Pipeline/AnalysisResult.php	Qualimetrix\Analysis\Run\Contract\Pipeline\AnalysisResult	class	Analysis.Run	contract	"[{""owner"":""Infrastructure.Console"",""source_fqcn"":""Qualimetrix\\Infrastructure\\Console\\Command\\BaselineRunContext""},{""owner"":""Infrastructure.Console"",""source_fqcn"":""Qualimetrix\\Infrastructure\\Console\\MeasuredAnalysisRun""},{""owner"":""Infrastructure.Console"",""source_fqcn"":""Qualimetrix\\Infrastructure\\Console\\ResultPresenter""},{""owner"":""Infrastructure.Console"",""source_fqcn"":""Qualimetrix\\Infrastructure\\Console\\FindingFilterOrchestrator""},{""owner"":""Infrastructure.Console"",""source_fqcn"":""Qualimetrix\\Infrastructure\\Console\\Command\\CheckCommand""}]"
src/Analysis/Run/Contract/Pipeline/DependencyGraphAnalysisResult.php	Qualimetrix\Analysis\Run\Contract\Pipeline\DependencyGraphAnalysisResult	class	Analysis.Run	contract	"[{""owner"":""Infrastructure.Console"",""source_fqcn"":""Qualimetrix\\Infrastructure\\Console\\Command\\GraphExportCommand""}]"
src/Analysis/Run/Contract/Pipeline/DependencyGraphAnalyzerInterface.php	Qualimetrix\Analysis\Run\Contract\Pipeline\DependencyGraphAnalyzerInterface	interface	Analysis.Run	contract	"[{""owner"":""Infrastructure.Console"",""source_fqcn"":""Qualimetrix\\Infrastructure\\Console\\Command\\GraphExportCommand""},{""owner"":""Infrastructure.DependencyInjection"",""source_fqcn"":""Qualimetrix\\Infrastructure\\DependencyInjection\\Configurator\\OutputConfigurator""}]"
src/Analysis/Run/Contract/Pipeline/DirectiveAuditInterface.php	Qualimetrix\Analysis\Run\Contract\Pipeline\DirectiveAuditInterface	interface	Analysis.Run	contract	"[{""owner"":""Infrastructure.Console"",""source_fqcn"":""Qualimetrix\\Infrastructure\\Console\\Command\\DirectivesCommand""},{""owner"":""Infrastructure.DependencyInjection"",""source_fqcn"":""Qualimetrix\\Infrastructure\\DependencyInjection\\Configurator\\OutputConfigurator""},{""owner"":""Infrastructure.DependencyInjection"",""source_fqcn"":""Qualimetrix\\Infrastructure\\DependencyInjection\\Configurator\\AnalysisConfigurator""}]"
src/Analysis/Run/Contract/Pipeline/DirectiveAuditReport.php	Qualimetrix\Analysis\Run\Contract\Pipeline\DirectiveAuditReport	class	Analysis.Run	contract	"[{""owner"":""Infrastructure.Console"",""source_fqcn"":""Qualimetrix\\Infrastructure\\Console\\Command\\DirectivesCommand""},{""owner"":""Infrastructure.Console"",""source_fqcn"":""Qualimetrix\\Infrastructure\\Console\\DirectiveAuditPresenter""}]"
src/Analysis/Run/Contract/Pipeline/IncompleteAnalysisException.php	Qualimetrix\Analysis\Run\Contract\Pipeline\IncompleteAnalysisException	class	Analysis.Run	contract	"[{""owner"":""Infrastructure.Console"",""source_fqcn"":""Qualimetrix\\Infrastructure\\Console\\Command\\BaselineCommand""},{""owner"":""Infrastructure.Console"",""source_fqcn"":""Qualimetrix\\Infrastructure\\Console\\Command\\BaselineRun""},{""owner"":""Infrastructure.Console"",""source_fqcn"":""Qualimetrix\\Infrastructure\\Console\\Command\\GraphExportCommand""}]"
src/Analysis/Run/Contract/Progress/ProgressReporterInterface.php	Qualimetrix\Analysis\Run\Contract\Progress\ProgressReporterInterface	interface	Analysis.Run	contract	"[{""owner"":""Infrastructure.Console"",""source_fqcn"":""Qualimetrix\\Infrastructure\\Console\\Progress\\ConsoleProgressBar""},{""owner"":""Infrastructure.Console"",""source_fqcn"":""Qualimetrix\\Infrastructure\\Console\\Progress\\SwitchableProgressReporter""},{""owner"":""Infrastructure.DependencyInjection"",""source_fqcn"":""Qualimetrix\\Infrastructure\\DependencyInjection\\Configurator\\AnalysisConfigurator""},{""owner"":""Infrastructure.DependencyInjection"",""source_fqcn"":""Qualimetrix\\Infrastructure\\DependencyInjection\\Configurator\\CoreServicesConfigurator""}]"
src/Analysis/Run/Discovery/AnalysisFileDiscovery.php	Qualimetrix\Analysis\Run\Discovery\AnalysisFileDiscovery	class	Analysis.Run	internal	[]
src/Analysis/Run/Discovery/DirectoryPruner.php	Qualimetrix\Analysis\Run\Discovery\DirectoryPruner	class	Analysis.Run	internal	[]
src/Analysis/Run/Discovery/DirectoryWalk.php	Qualimetrix\Analysis\Run\Discovery\DirectoryWalk	class	Analysis.Run	internal	[]
src/Analysis/Run/Discovery/DiscoveredAnalysisFiles.php	Qualimetrix\Analysis\Run\Discovery\DiscoveredAnalysisFiles	class	Analysis.Run	internal	[]
src/Analysis/Run/Discovery/FileDiscoveryFactory.php	Qualimetrix\Analysis\Run\Discovery\FileDiscoveryFactory	class	Analysis.Run	internal	[]
src/Analysis/Run/Discovery/FinderFileDiscovery.php	Qualimetrix\Analysis\Run\Discovery\FinderFileDiscovery	class	Analysis.Run	internal	[]
src/Analysis/Run/Discovery/GeneratedFileFilter.php	Qualimetrix\Analysis\Run\Discovery\GeneratedFileFilter	class	Analysis.Run	internal	[]
src/Analysis/Run/ExcludeBinding/ExcludeBindingProbe.php	Qualimetrix\Analysis\Run\ExcludeBinding\ExcludeBindingProbe	class	Analysis.Run	internal	[]
src/Analysis/Run/ExcludeBinding/ExcludeBindingVerdict.php	Qualimetrix\Analysis\Run\ExcludeBinding\ExcludeBindingVerdict	class	Analysis.Run	internal	[]
src/Analysis/Run/ExcludeBinding/UnjudgedExcludeFinding.php	Qualimetrix\Analysis\Run\ExcludeBinding\UnjudgedExcludeFinding	class	Analysis.Run	internal	[]
src/Analysis/Run/ExcludeBinding/UnmatchedExcludeAudit.php	Qualimetrix\Analysis\Run\ExcludeBinding\UnmatchedExcludeAudit	class	Analysis.Run	internal	[]
src/Analysis/Run/ExcludeBinding/UnmatchedExcludeOptions.php	Qualimetrix\Analysis\Run\ExcludeBinding\UnmatchedExcludeOptions	class	Analysis.Run	internal	[]
src/Analysis/Run/ExcludeBinding/UnmatchedExcludeRule.php	Qualimetrix\Analysis\Run\ExcludeBinding\UnmatchedExcludeRule	class	Analysis.Run	internal	[]
src/Analysis/Run/FileSetInspection/FileSetInspectionComposite.php	Qualimetrix\Analysis\Run\FileSetInspection\FileSetInspectionComposite	class	Analysis.Run	internal	[]
src/Analysis/Run/FileSetInspection/RuleSelectorProducerGate.php	Qualimetrix\Analysis\Run\FileSetInspection\RuleSelectorProducerGate	class	Analysis.Run	internal	[]
src/Analysis/Run/Pipeline/AnalysisPipeline.php	Qualimetrix\Analysis\Run\Pipeline\AnalysisPipeline	class	Analysis.Run	internal	[]
src/Analysis/Run/Pipeline/DependencyGraphAnalyzer.php	Qualimetrix\Analysis\Run\Pipeline\DependencyGraphAnalyzer	class	Analysis.Run	internal	[]
src/Analysis/Run/Pipeline/PreparedRun.php	Qualimetrix\Analysis\Run\Pipeline\PreparedRun	class	Analysis.Run	internal	[]
src/Analysis/Run/RuleProducerPreparation.php	Qualimetrix\Analysis\Run\RuleProducerPreparation	class	Analysis.Run	internal	[]
src/Core/Ast/FileParserInterface.php	Qualimetrix\Core\Ast\FileParserInterface	interface	Core.Neutral	contract	"[{""owner"":""Analysis.Run"",""source_fqcn"":""Qualimetrix\\Analysis\\Run\\Collection\\FileProcessor""},{""owner"":""Analysis.Run"",""source_fqcn"":""Qualimetrix\\Analysis\\Run\\Pipeline\\DependencyGraphAnalyzer""},{""owner"":""Infrastructure.Ast"",""source_fqcn"":""Qualimetrix\\Infrastructure\\Ast\\CachedFileParser""},{""owner"":""Infrastructure.Ast"",""source_fqcn"":""Qualimetrix\\Infrastructure\\Ast\\FileParserFactory""},{""owner"":""Infrastructure.Ast"",""source_fqcn"":""Qualimetrix\\Infrastructure\\Ast\\PhpFileParser""},{""owner"":""Infrastructure.Ast"",""source_fqcn"":""Qualimetrix\\Infrastructure\\Ast\\WorkerParserFactory""},{""owner"":""Infrastructure.DependencyInjection"",""source_fqcn"":""Qualimetrix\\Infrastructure\\DependencyInjection\\Configurator\\AnalysisConfigurator""},{""owner"":""Infrastructure.DependencyInjection"",""source_fqcn"":""Qualimetrix\\Infrastructure\\DependencyInjection\\Configurator\\OutputConfigurator""},{""owner"":""Infrastructure.DependencyInjection"",""source_fqcn"":""Qualimetrix\\Infrastructure\\DependencyInjection\\Configurator\\ParserConfigurator""}]"
src/Core/Exception/ParseException.php	Qualimetrix\Core\Exception\ParseException	class	Core.Neutral	contract	"[{""owner"":""Analysis.Run"",""source_fqcn"":""Qualimetrix\\Analysis\\Run\\Collection\\FileProcessor""},{""owner"":""Analysis.Run"",""source_fqcn"":""Qualimetrix\\Analysis\\Run\\Pipeline\\DependencyGraphAnalyzer""},{""owner"":""Infrastructure.Ast"",""source_fqcn"":""Qualimetrix\\Infrastructure\\Ast\\PhpFileParser""}]"
src/Core/Observation/WorseDirection.php	Qualimetrix\Core\Observation\WorseDirection	enum	Core.Neutral	contract	"[{""owner"":""Analysis.Evidence.CircularDependency"",""source_fqcn"":""Qualimetrix\\Analysis\\Evidence\\CircularDependency\\CircularDependencyRule""},{""owner"":""Analysis.Evidence.CodeSmell"",""source_fqcn"":""Qualimetrix\\Analysis\\Evidence\\CodeSmell\\ConstructorOverinjectionRule""},{""owner"":""Analysis.Evidence.CodeSmell"",""source_fqcn"":""Qualimetrix\\Analysis\\Evidence\\CodeSmell\\LongParameterListRule""},{""owner"":""Analysis.Evidence.CodeSmell"",""source_fqcn"":""Qualimetrix\\Analysis\\Evidence\\CodeSmell\\UnreachableCodeRule""},{""owner"":""Analysis.Evidence.CodeSmell"",""source_fqcn"":""Qualimetrix\\Analysis\\Evidence\\CodeSmell\\UnusedPrivateRule""},{""owner"":""Analysis.Evidence.Cohesion"",""source_fqcn"":""Qualimetrix\\Analysis\\Evidence\\Cohesion\\LcomRule""},{""owner"":""Analysis.Evidence.Complexity"",""source_fqcn"":""Qualimetrix\\Analysis\\Evidence\\Complexity\\CognitiveComplexityRule""},{""owner"":""Analysis.Evidence.Complexity"",""source_fqcn"":""Qualimetrix\\Analysis\\Evidence\\Complexity\\ComplexityRule""},{""owner"":""Analysis.Evidence.Complexity"",""source_fqcn"":""Qualimetrix\\Analysis\\Evidence\\Complexity\\NpathComplexityRule""},{""owner"":""Analysis.Evidence.Complexity"",""source_fqcn"":""Qualimetrix\\Analysis\\Evidence\\Complexity\\WmcRule""},{""owner"":""Analysis.Evidence.Coupling"",""source_fqcn"":""Qualimetrix\\Analysis\\Evidence\\Coupling\\CboRule""},{""owner"":""Analysis.Evidence.Coupling"",""source_fqcn"":""Qualimetrix\\Analysis\\Evidence\\Coupling\\DistanceRule""},{""owner"":""Analysis.Evidence.Coupling"",""source_fqcn"":""Qualimetrix\\Analysis\\Evidence\\Coupling\\InstabilityRule""},{""owner"":""Analysis.Evidence.Design"",""source_fqcn"":""Qualimetrix\\Analysis\\Evidence\\Design\\DataClass\\DataClassRule""},{""owner"":""Analysis.Evidence.Design"",""source_fqcn"":""Qualimetrix\\Analysis\\Evidence\\Design\\GodClass\\GodClassRule""},{""owner"":""Analysis.Evidence.Design"",""source_fqcn"":""Qualimetrix\\Analysis\\Evidence\\Design\\Inheritance\\InheritanceRule""},{""owner"":""Analysis.Evidence.Design"",""source_fqcn"":""Qualimetrix\\Analysis\\Evidence\\Design\\Inheritance\\NocRule""},{""owner"":""Analysis.Evidence.Duplication"",""source_fqcn"":""Qualimetrix\\Analysis\\Evidence\\Duplication\\CodeDuplicationRule""},{""owner"":""Analysis.Evidence.Maintainability"",""source_fqcn"":""Qualimetrix\\Analysis\\Evidence\\Maintainability\\MaintainabilityRule""},{""owner"":""Analysis.Evidence.Size"",""source_fqcn"":""Qualimetrix\\Analysis\\Evidence\\Size\\ClassCountRule""},{""owner"":""Analysis.Evidence.Size"",""source_fqcn"":""Qualimetrix\\Analysis\\Evidence\\Size\\MethodCountRule""},{""owner"":""Analysis.Evidence.Size"",""source_fqcn"":""Qualimetrix\\Analysis\\Evidence\\Size\\PropertyCountRule""},{""owner"":""Analysis.Finding"",""source_fqcn"":""Qualimetrix\\Analysis\\Finding\\Contract\\ChannelDeclaration""},{""owner"":""Analysis.Policy.Architecture"",""source_fqcn"":""Qualimetrix\\Analysis\\Policy\\Architecture\\LayerViolation\\UnassignedClassSummary""},{""owner"":""Analysis.Policy.Baseline"",""source_fqcn"":""Qualimetrix\\Analysis\\Policy\\Baseline\\Filter\\BaselineCeilingStage""},{""owner"":""Analysis.Policy.Baseline"",""source_fqcn"":""Qualimetrix\\Analysis\\Policy\\Baseline\\GroupAcceptance""},{""owner"":""Infrastructure.Rule"",""source_fqcn"":""Qualimetrix\\Infrastructure\\Rule\\ChannelUniverse""},{""owner"":""Analysis.Evidence.Design"",""source_fqcn"":""Qualimetrix\\Analysis\\Evidence\\Design\\TypeCoverage\\AbstractTypeCoverageRule""}]"
src/Core/Path/AbsolutePath.php	Qualimetrix\Core\Path\AbsolutePath	class	Core.Path	contract	"[{""owner"":""Analysis.Configuration"",""source_fqcn"":""Qualimetrix\\Analysis\\Configuration\\Contract\\ConfigurationDocument""},{""owner"":""Analysis.Configuration"",""source_fqcn"":""Qualimetrix\\Analysis\\Configuration\\Contract\\Pipeline\\ConfigurationResolutionRequest""},{""owner"":""Analysis.Evidence.Duplication"",""source_fqcn"":""Qualimetrix\\Analysis\\Evidence\\Duplication\\DuplicationDetector""},{""owner"":""Analysis.Evidence.Duplication"",""source_fqcn"":""Qualimetrix\\Analysis\\Evidence\\Duplication\\HashIndexBuilder""},{""owner"":""Analysis.Evidence.Measurement"",""source_fqcn"":""Qualimetrix\\Analysis\\Evidence\\Measurement\\Namespace_\\ProjectNamespaceResolver""},{""owner"":""Analysis.Policy.Baseline"",""source_fqcn"":""Qualimetrix\\Analysis\\Policy\\Baseline\\BaselineWriter""},{""owner"":""Analysis.Policy.Baseline"",""source_fqcn"":""Qualimetrix\\Analysis\\Policy\\Baseline\\RunScope""},{""owner"":""Analysis.Run"",""source_fqcn"":""Qualimetrix\\Analysis\\Run\\Collection\\CollectionOrchestrator""},{""owner"":""Analysis.Run"",""source_fqcn"":""Qualimetrix\\Analysis\\Run\\Collection\\FileProcessor""},{""owner"":""Analysis.Run"",""source_fqcn"":""Qualimetrix\\Analysis\\Run\\Configuration\\ProjectScopeCoverage""},{""owner"":""Analysis.Run"",""source_fqcn"":""Qualimetrix\\Analysis\\Run\\Configuration\\RunConfigurationResolver""},{""owner"":""Analysis.Run"",""source_fqcn"":""Qualimetrix\\Analysis\\Run\\Contract\\Collection\\CollectionOrchestratorInterface""},{""owner"":""Analysis.Run"",""source_fqcn"":""Qualimetrix\\Analysis\\Run\\Contract\\Collection\\FileProcessorInterface""},{""owner"":""Analysis.Run"",""source_fqcn"":""Qualimetrix\\Analysis\\Run\\Contract\\Collection\\Strategy\\StrategySelectorInterface""},{""owner"":""Analysis.Run"",""source_fqcn"":""Qualimetrix\\Analysis\\Run\\Contract\\Configuration\\RunConfiguration""},{""owner"":""Analysis.Run"",""source_fqcn"":""Qualimetrix\\Analysis\\Run\\Contract\\Discovery\\FileDiscoveryInterface""},{""owner"":""Analysis.Run"",""source_fqcn"":""Qualimetrix\\Analysis\\Run\\Contract\\Discovery\\FileDiscoveryFactoryInterface""},{""owner"":""Analysis.Run"",""source_fqcn"":""Qualimetrix\\Analysis\\Run\\Contract\\Discovery\\SkippedEntry""},{""owner"":""Analysis.Run"",""source_fqcn"":""Qualimetrix\\Analysis\\Run\\Contract\\FileSetInspectionParticipantInterface""},{""owner"":""Analysis.Run"",""source_fqcn"":""Qualimetrix\\Analysis\\Run\\Contract\\Pipeline\\DependencyGraphAnalyzerInterface""},{""owner"":""Analysis.Run"",""source_fqcn"":""Qualimetrix\\Analysis\\Run\\Discovery\\AnalysisFileDiscovery""},{""owner"":""Analysis.Run"",""source_fqcn"":""Qualimetrix\\Analysis\\Run\\Discovery\\FinderFileDiscovery""},{""owner"":""Analysis.Run"",""source_fqcn"":""Qualimetrix\\Analysis\\Run\\Discovery\\DirectoryPruner""},{""owner"":""Analysis.Run"",""source_fqcn"":""Qualimetrix\\Analysis\\Run\\Discovery\\FileDiscoveryFactory""},{""owner"":""Analysis.Run"",""source_fqcn"":""Qualimetrix\\Analysis\\Run\\ExcludeBinding\\ExcludeBindingProbe""},{""owner"":""Analysis.Run"",""source_fqcn"":""Qualimetrix\\Analysis\\Run\\ExcludeBinding\\UnjudgedExcludeFinding""},{""owner"":""Analysis.Run"",""source_fqcn"":""Qualimetrix\\Analysis\\Run\\ExcludeBinding\\UnmatchedExcludeAudit""},{""owner"":""Analysis.Run"",""source_fqcn"":""Qualimetrix\\Analysis\\Run\\FileSetInspection\\FileSetInspectionComposite""},{""owner"":""Analysis.Run"",""source_fqcn"":""Qualimetrix\\Analysis\\Run\\Pipeline\\AnalysisPipeline""},{""owner"":""Analysis.Run"",""source_fqcn"":""Qualimetrix\\Analysis\\Run\\Pipeline\\DependencyGraphAnalyzer""},{""owner"":""Analysis.Run"",""source_fqcn"":""Qualimetrix\\Analysis\\Run\\RuleProducerPreparation""},{""owner"":""Core.Neutral"",""source_fqcn"":""Qualimetrix\\Core\\Exception\\ParseException""},{""owner"":""Infrastructure.Ast"",""source_fqcn"":""Qualimetrix\\Infrastructure\\Ast\\PhpFileParser""},{""owner"":""Infrastructure.Ast"",""source_fqcn"":""Qualimetrix\\Infrastructure\\Ast\\WorkerParserFactory""},{""owner"":""Infrastructure.Cache"",""source_fqcn"":""Qualimetrix\\Infrastructure\\Cache\\CacheConfigurationResolver""},{""owner"":""Infrastructure.Cache"",""source_fqcn"":""Qualimetrix\\Infrastructure\\Cache\\CacheConfigurationStore""},{""owner"":""Infrastructure.Cache"",""source_fqcn"":""Qualimetrix\\Infrastructure\\Cache\\Contract\\CacheConfiguration""},{""owner"":""Infrastructure.Cache"",""source_fqcn"":""Qualimetrix\\Infrastructure\\Cache\\Contract\\CacheConfigurationResolverInterface""},{""owner"":""Infrastructure.Cache"",""source_fqcn"":""Qualimetrix\\Infrastructure\\Cache\\FileCache""},{""owner"":""Infrastructure.Console"",""source_fqcn"":""Qualimetrix\\Infrastructure\\Console\\Command\\BaselineRunContext""},{""owner"":""Infrastructure.Console"",""source_fqcn"":""Qualimetrix\\Infrastructure\\Console\\Command\\CheckCommand""},{""owner"":""Infrastructure.Console"",""source_fqcn"":""Qualimetrix\\Infrastructure\\Console\\Command\\GraphExportCommand""},{""owner"":""Infrastructure.Console"",""source_fqcn"":""Qualimetrix\\Infrastructure\\Console\\ConfigurationInputAdapter""},{""owner"":""Infrastructure.Console"",""source_fqcn"":""Qualimetrix\\Infrastructure\\Console\\FindingFilterOrchestrator""},{""owner"":""Infrastructure.Console"",""source_fqcn"":""Qualimetrix\\Infrastructure\\Console\\FormatterContextFactory""},{""owner"":""Infrastructure.Console"",""source_fqcn"":""Qualimetrix\\Infrastructure\\Console\\LayerAssignmentResolver""},{""owner"":""Infrastructure.Console"",""source_fqcn"":""Qualimetrix\\Infrastructure\\Console\\ResultPresenter""},{""owner"":""Infrastructure.Git"",""source_fqcn"":""Qualimetrix\\Infrastructure\\Git\\ChangedFile""},{""owner"":""Infrastructure.Git"",""source_fqcn"":""Qualimetrix\\Infrastructure\\Git\\GitClient""},{""owner"":""Infrastructure.Git"",""source_fqcn"":""Qualimetrix\\Infrastructure\\Git\\GitRepositoryLocator""},{""owner"":""Infrastructure.Git"",""source_fqcn"":""Qualimetrix\\Infrastructure\\Git\\GitRepositoryLocatorInterface""},{""owner"":""Infrastructure.Git"",""source_fqcn"":""Qualimetrix\\Infrastructure\\Git\\GitScopeResolution""},{""owner"":""Infrastructure.Git"",""source_fqcn"":""Qualimetrix\\Infrastructure\\Git\\ReportingGitScopeQuery""},{""owner"":""Infrastructure.Parallel"",""source_fqcn"":""Qualimetrix\\Infrastructure\\Parallel\\FileProcessingTask""},{""owner"":""Infrastructure.Parallel"",""source_fqcn"":""Qualimetrix\\Infrastructure\\Parallel\\FileProcessingTaskFactory""},{""owner"":""Infrastructure.Parallel"",""source_fqcn"":""Qualimetrix\\Infrastructure\\Parallel\\Strategy\\AmphpParallelStrategy""},{""owner"":""Infrastructure.Parallel"",""source_fqcn"":""Qualimetrix\\Infrastructure\\Parallel\\Strategy\\StrategySelector""},{""owner"":""Infrastructure.Parallel"",""source_fqcn"":""Qualimetrix\\Infrastructure\\Parallel\\WorkerBootstrap""},{""owner"":""Reporting"",""source_fqcn"":""Qualimetrix\\Reporting\\FindingProjection\\Contract\\GitScopeRequest""}]"
src/Core/Path/PathFactory.php	Qualimetrix\Core\Path\PathFactory	class	Core.Path	contract	"[{""owner"":""Analysis.Evidence.Duplication"",""source_fqcn"":""Qualimetrix\\Analysis\\Evidence\\Duplication\\HashIndexBuilder""},{""owner"":""Analysis.Policy.Baseline"",""source_fqcn"":""Qualimetrix\\Analysis\\Policy\\Baseline\\BaselineWriter""},{""owner"":""Analysis.Policy.Baseline"",""source_fqcn"":""Qualimetrix\\Analysis\\Policy\\Baseline\\RunScope""},{""owner"":""Analysis.Run"",""source_fqcn"":""Qualimetrix\\Analysis\\Run\\Collection\\CollectionOrchestrator""},{""owner"":""Analysis.Run"",""source_fqcn"":""Qualimetrix\\Analysis\\Run\\Collection\\FileProcessor""},{""owner"":""Analysis.Run"",""source_fqcn"":""Qualimetrix\\Analysis\\Run\\Configuration\\RunConfigurationResolver""},{""owner"":""Analysis.Run"",""source_fqcn"":""Qualimetrix\\Analysis\\Run\\Contract\\Discovery\\SkippedEntry""},{""owner"":""Analysis.Run"",""source_fqcn"":""Qualimetrix\\Analysis\\Run\\Discovery\\AnalysisFileDiscovery""},{""owner"":""Analysis.Run"",""source_fqcn"":""Qualimetrix\\Analysis\\Run\\Pipeline\\AnalysisPipeline""},{""owner"":""Analysis.Run"",""source_fqcn"":""Qualimetrix\\Analysis\\Run\\Pipeline\\DependencyGraphAnalyzer""},{""owner"":""Infrastructure.Cache"",""source_fqcn"":""Qualimetrix\\Infrastructure\\Cache\\CacheConfigurationResolver""},{""owner"":""Infrastructure.Console"",""source_fqcn"":""Qualimetrix\\Infrastructure\\Console\\Command\\GraphExportCommand""},{""owner"":""Infrastructure.Console"",""source_fqcn"":""Qualimetrix\\Infrastructure\\Console\\ConfigurationInputAdapter""},{""owner"":""Infrastructure.Console"",""source_fqcn"":""Qualimetrix\\Infrastructure\\Console\\LayerAssignmentResolver""},{""owner"":""Infrastructure.Git"",""source_fqcn"":""Qualimetrix\\Infrastructure\\Git\\ChangedFile""},{""owner"":""Infrastructure.Parallel"",""source_fqcn"":""Qualimetrix\\Infrastructure\\Parallel\\Strategy\\AmphpParallelStrategy""},{""owner"":""Analysis.Run"",""source_fqcn"":""Qualimetrix\\Analysis\\Run\\Configuration\\ProjectScopeCoverage""}]"
src/Core/Path/RelativePath.php	Qualimetrix\Core\Path\RelativePath	class	Core.Path	contract	"[{""owner"":""Analysis.Run"",""source_fqcn"":""Qualimetrix\\Analysis\\Run\\Contract\\Discovery\\SkippedEntry""},{""owner"":""Core.Neutral"",""source_fqcn"":""Qualimetrix\\Core\\Pattern\\PathPattern""},{""owner"":""Analysis.Evidence.CodeSmell"",""source_fqcn"":""Qualimetrix\\Analysis\\Evidence\\CodeSmell\\CodeSmellFinding""},{""owner"":""Analysis.Evidence.CodeSmell"",""source_fqcn"":""Qualimetrix\\Analysis\\Evidence\\CodeSmell\\ParameterCountCollector""},{""owner"":""Analysis.Evidence.CodeSmell"",""source_fqcn"":""Qualimetrix\\Analysis\\Evidence\\CodeSmell\\ParameterCountVisitor""},{""owner"":""Analysis.Evidence.CodeSmell"",""source_fqcn"":""Qualimetrix\\Analysis\\Evidence\\CodeSmell\\UnreachableCodeCollector""},{""owner"":""Analysis.Evidence.CodeSmell"",""source_fqcn"":""Qualimetrix\\Analysis\\Evidence\\CodeSmell\\UnreachableCodeVisitor""},{""owner"":""Analysis.Evidence.CodeSmell"",""source_fqcn"":""Qualimetrix\\Analysis\\Evidence\\CodeSmell\\UnusedPrivateCollector""},{""owner"":""Analysis.Evidence.Cohesion"",""source_fqcn"":""Qualimetrix\\Analysis\\Evidence\\Cohesion\\LcomCollector""},{""owner"":""Analysis.Evidence.Cohesion"",""source_fqcn"":""Qualimetrix\\Analysis\\Evidence\\Cohesion\\TccLccCollector""},{""owner"":""Analysis.Evidence.Complexity"",""source_fqcn"":""Qualimetrix\\Analysis\\Evidence\\Complexity\\CognitiveComplexityCollector""},{""owner"":""Analysis.Evidence.Complexity"",""source_fqcn"":""Qualimetrix\\Analysis\\Evidence\\Complexity\\CognitiveComplexityVisitor""},{""owner"":""Analysis.Evidence.Complexity"",""source_fqcn"":""Qualimetrix\\Analysis\\Evidence\\Complexity\\CyclomaticComplexityCollector""},{""owner"":""Analysis.Evidence.Complexity"",""source_fqcn"":""Qualimetrix\\Analysis\\Evidence\\Complexity\\CyclomaticComplexityVisitor""},{""owner"":""Analysis.Evidence.Complexity"",""source_fqcn"":""Qualimetrix\\Analysis\\Evidence\\Complexity\\NpathComplexityCollector""},{""owner"":""Analysis.Evidence.Complexity"",""source_fqcn"":""Qualimetrix\\Analysis\\Evidence\\Complexity\\NpathComplexityVisitor""},{""owner"":""Analysis.Evidence.ComputedMetrics.Health"",""source_fqcn"":""Qualimetrix\\Analysis\\Evidence\\ComputedMetrics\\Health\\Contract\\Offender\\WorstOffender""},{""owner"":""Analysis.Evidence.Coupling"",""source_fqcn"":""Qualimetrix\\Analysis\\Evidence\\Coupling\\RfcCollector""},{""owner"":""Analysis.Evidence.DependencyModel"",""source_fqcn"":""Qualimetrix\\Analysis\\Evidence\\DependencyModel\\Contract\\DependencyLocationInterface""},{""owner"":""Analysis.Evidence.DependencyModel"",""source_fqcn"":""Qualimetrix\\Analysis\\Evidence\\DependencyModel\\Contract\\DependencyTraversalParticipantInterface""},{""owner"":""Analysis.Evidence.DependencyModel"",""source_fqcn"":""Qualimetrix\\Analysis\\Evidence\\DependencyModel\\Extraction\\DependencyLocation""},{""owner"":""Analysis.Evidence.DependencyModel"",""source_fqcn"":""Qualimetrix\\Analysis\\Evidence\\DependencyModel\\Extraction\\DependencyVisitor""},{""owner"":""Analysis.Evidence.DependencyModel"",""source_fqcn"":""Qualimetrix\\Analysis\\Evidence\\DependencyModel\\Extraction\\Handler\\DependencyContext""},{""owner"":""Analysis.Evidence.Design"",""source_fqcn"":""Qualimetrix\\Analysis\\Evidence\\Design\\Inheritance\\InheritanceDepthCollector""},{""owner"":""Analysis.Evidence.Design"",""source_fqcn"":""Qualimetrix\\Analysis\\Evidence\\Design\\TypeCoverage\\TypeCoverageCollector""},{""owner"":""Analysis.Evidence.Design"",""source_fqcn"":""Qualimetrix\\Analysis\\Evidence\\Design\\TypeCoverage\\TypeCoverageVisitor""},{""owner"":""Analysis.Evidence.Duplication"",""source_fqcn"":""Qualimetrix\\Analysis\\Evidence\\Duplication\\DuplicateBlockFinder""},{""owner"":""Analysis.Evidence.Duplication"",""source_fqcn"":""Qualimetrix\\Analysis\\Evidence\\Duplication\\DuplicateLocation""},{""owner"":""Analysis.Evidence.Maintainability"",""source_fqcn"":""Qualimetrix\\Analysis\\Evidence\\Maintainability\\HalsteadCollector""},{""owner"":""Analysis.Evidence.Maintainability"",""source_fqcn"":""Qualimetrix\\Analysis\\Evidence\\Maintainability\\HalsteadVisitor""},{""owner"":""Analysis.Evidence.Maintainability"",""source_fqcn"":""Qualimetrix\\Analysis\\Evidence\\Maintainability\\MaintainabilityRule""},{""owner"":""Analysis.Evidence.Measurement"",""source_fqcn"":""Qualimetrix\\Analysis\\Evidence\\Measurement\\Aggregation\\TreeAwareNamespaceAggregator""},{""owner"":""Analysis.Evidence.Measurement"",""source_fqcn"":""Qualimetrix\\Analysis\\Evidence\\Measurement\\Contract\\CallableMetricsProviderInterface""},{""owner"":""Analysis.Evidence.Measurement"",""source_fqcn"":""Qualimetrix\\Analysis\\Evidence\\Measurement\\Contract\\ClassMetricsProviderInterface""},{""owner"":""Analysis.Evidence.Measurement"",""source_fqcn"":""Qualimetrix\\Analysis\\Evidence\\Measurement\\Contract\\DeclarationIndexAwareTrait""},{""owner"":""Analysis.Evidence.Measurement"",""source_fqcn"":""Qualimetrix\\Analysis\\Evidence\\Measurement\\Contract\\DerivedMetricExtractorInterface""},{""owner"":""Analysis.Evidence.Measurement"",""source_fqcn"":""Qualimetrix\\Analysis\\Evidence\\Measurement\\Contract\\FileMeasurementCollectorInterface""},{""owner"":""Analysis.Evidence.Measurement"",""source_fqcn"":""Qualimetrix\\Analysis\\Evidence\\Measurement\\Contract\\MetricRepositoryInterface""},{""owner"":""Analysis.Evidence.Measurement"",""source_fqcn"":""Qualimetrix\\Analysis\\Evidence\\Measurement\\Contract\\VisitorMethodTrackingTrait""},{""owner"":""Analysis.Evidence.Measurement"",""source_fqcn"":""Qualimetrix\\Analysis\\Evidence\\Measurement\\FileMeasurement\\CompositeCollector""},{""owner"":""Analysis.Evidence.Measurement"",""source_fqcn"":""Qualimetrix\\Analysis\\Evidence\\Measurement\\FileMeasurement\\DerivedCollectorRunner""},{""owner"":""Analysis.Evidence.Measurement"",""source_fqcn"":""Qualimetrix\\Analysis\\Evidence\\Measurement\\FileMeasurement\\DerivedMetricExtractor""},{""owner"":""Analysis.Evidence.Measurement"",""source_fqcn"":""Qualimetrix\\Analysis\\Evidence\\Measurement\\Namespace_\\ProjectNamespaceResolver""},{""owner"":""Analysis.Evidence.Measurement"",""source_fqcn"":""Qualimetrix\\Analysis\\Evidence\\Measurement\\Repository\\InMemoryMetricRepository""},{""owner"":""Analysis.Evidence.Measurement"",""source_fqcn"":""Qualimetrix\\Analysis\\Evidence\\Measurement\\Repository\\MetricSubjectIndex""},{""owner"":""Analysis.Evidence.Measurement"",""source_fqcn"":""Qualimetrix\\Analysis\\Evidence\\Measurement\\Repository\\RepositoryMerge""},{""owner"":""Analysis.Evidence.Measurement"",""source_fqcn"":""Qualimetrix\\Analysis\\Evidence\\Measurement\\Visitor\\VisitorCallableMetadata""},{""owner"":""Analysis.Evidence.Measurement"",""source_fqcn"":""Qualimetrix\\Analysis\\Evidence\\Measurement\\Visitor\\VisitorMethodContext""},{""owner"":""Analysis.Evidence.Prioritization"",""source_fqcn"":""Qualimetrix\\Analysis\\Evidence\\Prioritization\\Impact\\ClassRankIndex""},{""owner"":""Analysis.Evidence.Prioritization"",""source_fqcn"":""Qualimetrix\\Analysis\\Evidence\\Prioritization\\Impact\\ClassRankResolver""},{""owner"":""Analysis.Evidence.Security"",""source_fqcn"":""Qualimetrix\\Analysis\\Evidence\\Security\\SecurityPatternFinding""},{""owner"":""Analysis.Evidence.Size"",""source_fqcn"":""Qualimetrix\\Analysis\\Evidence\\Size\\LocCollector""},{""owner"":""Analysis.Evidence.Size"",""source_fqcn"":""Qualimetrix\\Analysis\\Evidence\\Size\\MethodCountCollector""},{""owner"":""Analysis.Evidence.Size"",""source_fqcn"":""Qualimetrix\\Analysis\\Evidence\\Size\\MethodStatementCountCollector""},{""owner"":""Analysis.Evidence.Size"",""source_fqcn"":""Qualimetrix\\Analysis\\Evidence\\Size\\MethodStatementCountVisitor""},{""owner"":""Analysis.Finding"",""source_fqcn"":""Qualimetrix\\Analysis\\Finding\\Contract\\Location""},{""owner"":""Analysis.Finding"",""source_fqcn"":""Qualimetrix\\Analysis\\Finding\\Contract\\RuleConfigurationInterface""},{""owner"":""Analysis.Finding"",""source_fqcn"":""Qualimetrix\\Analysis\\Finding\\Exclusion\\RulePathExclusionProvider""},{""owner"":""Analysis.Finding"",""source_fqcn"":""Qualimetrix\\Analysis\\Finding\\FindingExclusionLedger""},{""owner"":""Analysis.Finding"",""source_fqcn"":""Qualimetrix\\Analysis\\Finding\\RuleConfiguration\\RuleOptionsRegistry""},{""owner"":""Analysis.Policy.Baseline"",""source_fqcn"":""Qualimetrix\\Analysis\\Policy\\Baseline\\ExplainedSubject""},{""owner"":""Analysis.Policy.Inline"",""source_fqcn"":""Qualimetrix\\Analysis\\Policy\\Inline\\Contract\\Directive\\DirectiveSite""},{""owner"":""Analysis.Policy.Inline"",""source_fqcn"":""Qualimetrix\\Analysis\\Policy\\Inline\\Contract\\SourceControlExtractorInterface""},{""owner"":""Analysis.Policy.Inline"",""source_fqcn"":""Qualimetrix\\Analysis\\Policy\\Inline\\Directive\\Audit\\AuthoredDirectiveGroup""},{""owner"":""Analysis.Policy.Inline"",""source_fqcn"":""Qualimetrix\\Analysis\\Policy\\Inline\\Directive\\Audit\\DirectiveUsage""},{""owner"":""Analysis.Policy.Inline"",""source_fqcn"":""Qualimetrix\\Analysis\\Policy\\Inline\\Directive\\Audit\\StaleDirectiveFinding""},{""owner"":""Analysis.Policy.Inline"",""source_fqcn"":""Qualimetrix\\Analysis\\Policy\\Inline\\Directive\\InlineDirectiveValidator""},{""owner"":""Analysis.Policy.Inline"",""source_fqcn"":""Qualimetrix\\Analysis\\Policy\\Inline\\Extraction\\DeclarationControlBindings""},{""owner"":""Analysis.Policy.Inline"",""source_fqcn"":""Qualimetrix\\Analysis\\Policy\\Inline\\Extraction\\SourceControlExtractor""},{""owner"":""Analysis.Run"",""source_fqcn"":""Qualimetrix\\Analysis\\Run\\Collection\\FileProcessor""},{""owner"":""Analysis.Run"",""source_fqcn"":""Qualimetrix\\Analysis\\Run\\Configuration\\ProjectScopeCoverage""},{""owner"":""Analysis.Run"",""source_fqcn"":""Qualimetrix\\Analysis\\Run\\Contract\\Collection\\CollectionPhaseOutput""},{""owner"":""Analysis.Run"",""source_fqcn"":""Qualimetrix\\Analysis\\Run\\Contract\\Collection\\FileProcessingResult""},{""owner"":""Analysis.Run"",""source_fqcn"":""Qualimetrix\\Analysis\\Run\\Contract\\Pipeline\\AnalysisCoverage""},{""owner"":""Analysis.Run"",""source_fqcn"":""Qualimetrix\\Analysis\\Run\\Contract\\Pipeline\\AnalysisFailure""},{""owner"":""Analysis.Run"",""source_fqcn"":""Qualimetrix\\Analysis\\Run\\Discovery\\AnalysisFileDiscovery""},{""owner"":""Analysis.Run"",""source_fqcn"":""Qualimetrix\\Analysis\\Run\\Pipeline\\AnalysisPipeline""},{""owner"":""Core.Neutral"",""source_fqcn"":""Qualimetrix\\Core\\Pattern\\PathMatcher""},{""owner"":""Core.Symbol"",""source_fqcn"":""Qualimetrix\\Core\\Symbol\\DeclarationPath""},{""owner"":""Core.Symbol"",""source_fqcn"":""Qualimetrix\\Core\\Symbol\\MetricSubjectCodec""},{""owner"":""Core.Symbol"",""source_fqcn"":""Qualimetrix\\Core\\Symbol\\SymbolInfo""},{""owner"":""Core.Symbol"",""source_fqcn"":""Qualimetrix\\Core\\Symbol\\SymbolPath""},{""owner"":""Infrastructure.Console"",""source_fqcn"":""Qualimetrix\\Infrastructure\\Console\\FindingFilterOrchestrator""},{""owner"":""Infrastructure.Git"",""source_fqcn"":""Qualimetrix\\Infrastructure\\Git\\ChangedFile""},{""owner"":""Infrastructure.Parallel"",""source_fqcn"":""Qualimetrix\\Infrastructure\\Parallel\\Strategy\\AmphpParallelStrategy""},{""owner"":""Reporting"",""source_fqcn"":""Qualimetrix\\Reporting\\FormatterContext""},{""owner"":""Infrastructure.Git"",""source_fqcn"":""Qualimetrix\\Infrastructure\\Git\\GitRepositoryLocator""}]"
src/Core/Pattern/CompiledSelector.php	Qualimetrix\Core\Pattern\CompiledSelector	class	Core.Neutral	internal	[]
src/Core/Pattern/NamespaceMatcher.php	Qualimetrix\Core\Pattern\NamespaceMatcher	class	Core.Neutral	contract	"[{""owner"":""Analysis.Evidence.Coupling"",""source_fqcn"":""Qualimetrix\\Analysis\\Evidence\\Coupling\\CouplingAnalysis""},{""owner"":""Analysis.Evidence.Coupling"",""source_fqcn"":""Qualimetrix\\Analysis\\Evidence\\Coupling\\DistanceOptions""},{""owner"":""Analysis.Evidence.Coupling"",""source_fqcn"":""Qualimetrix\\Analysis\\Evidence\\Coupling\\DistanceRule""},{""owner"":""Analysis.Finding"",""source_fqcn"":""Qualimetrix\\Analysis\\Finding\\Contract\\Filter\\NamespaceExclusionFilter""},{""owner"":""Analysis.Finding"",""source_fqcn"":""Qualimetrix\\Analysis\\Finding\\Exclusion\\RuleNamespaceExclusionProvider""},{""owner"":""Reporting"",""source_fqcn"":""Qualimetrix\\Reporting\\FindingProjection\\FindingProjector""},{""owner"":""Reporting"",""source_fqcn"":""Qualimetrix\\Reporting\\FindingProjection\\SuppressionCompositionBuilder""},{""owner"":""Reporting.GraphProjection"",""source_fqcn"":""Qualimetrix\\Reporting\\GraphProjection\\NamespaceFilter""}]"
src/Core/Pattern/NamespacePattern.php	Qualimetrix\Core\Pattern\NamespacePattern	class	Core.Neutral	contract	"[{""owner"":""Analysis.Configuration"",""source_fqcn"":""Qualimetrix\\Analysis\\Configuration\\SelectorYamlDecoder""},{""owner"":""Analysis.Evidence.ComputedMetrics.Health"",""source_fqcn"":""Qualimetrix\\Analysis\\Evidence\\ComputedMetrics\\Health\\Contract\\DrillDown\\HealthScoreDrillDown""},{""owner"":""Analysis.Evidence.ComputedMetrics.Health"",""source_fqcn"":""Qualimetrix\\Analysis\\Evidence\\ComputedMetrics\\Health\\Contract\\DrillDown\\WorstClassDrillDown""},{""owner"":""Analysis.Evidence.ComputedMetrics.Health"",""source_fqcn"":""Qualimetrix\\Analysis\\Evidence\\ComputedMetrics\\Health\\Offender\\WorstOffenderBuilder""},{""owner"":""Analysis.Evidence.Coupling"",""source_fqcn"":""Qualimetrix\\Analysis\\Evidence\\Coupling\\CouplingAnalysis""},{""owner"":""Analysis.Evidence.Coupling"",""source_fqcn"":""Qualimetrix\\Analysis\\Evidence\\Coupling\\DistanceOptions""},{""owner"":""Analysis.Evidence.Coupling"",""source_fqcn"":""Qualimetrix\\Analysis\\Evidence\\Coupling\\UnmatchedFrameworkNamespaceRule""},{""owner"":""Analysis.Finding"",""source_fqcn"":""Qualimetrix\\Analysis\\Finding\\RuleConfiguration\\RuleSuppressionSelectorDecoder""},{""owner"":""Analysis.Finding"",""source_fqcn"":""Qualimetrix\\Analysis\\Finding\\SuppressionBinding\\UnboundSuppressionAudit""},{""owner"":""Analysis.Finding"",""source_fqcn"":""Qualimetrix\\Analysis\\Finding\\SuppressionBinding\\ValueScopeJudgement""},{""owner"":""Infrastructure.Console"",""source_fqcn"":""Qualimetrix\\Infrastructure\\Console\\CliSelectorDecoder""},{""owner"":""Infrastructure.Console"",""source_fqcn"":""Qualimetrix\\Infrastructure\\Console\\Command\\GraphExportCommand""},{""owner"":""Infrastructure.Console"",""source_fqcn"":""Qualimetrix\\Infrastructure\\Console\\FormatterContextFactory""},{""owner"":""Infrastructure.Console"",""source_fqcn"":""Qualimetrix\\Infrastructure\\Console\\ResultPresenter""},{""owner"":""Reporting"",""source_fqcn"":""Qualimetrix\\Reporting\\DrillDown\\DrillDownBinding""},{""owner"":""Reporting"",""source_fqcn"":""Qualimetrix\\Reporting\\FindingProjection\\SuppressionCompositionBuilder""},{""owner"":""Reporting"",""source_fqcn"":""Qualimetrix\\Reporting\\FormatterContext""}]"
src/Core/Pattern/PathMatcher.php	Qualimetrix\Core\Pattern\PathMatcher	class	Core.Neutral	contract	"[{""owner"":""Analysis.Finding"",""source_fqcn"":""Qualimetrix\\Analysis\\Finding\\Contract\\Filter\\PathExclusionFilter""},{""owner"":""Analysis.Finding"",""source_fqcn"":""Qualimetrix\\Analysis\\Finding\\Exclusion\\RulePathExclusionProvider""},{""owner"":""Reporting"",""source_fqcn"":""Qualimetrix\\Reporting\\FindingProjection\\FindingProjector""},{""owner"":""Reporting"",""source_fqcn"":""Qualimetrix\\Reporting\\FindingProjection\\SuppressionCompositionBuilder""}]"
src/Core/Pattern/PathPattern.php	Qualimetrix\Core\Pattern\PathPattern	class	Core.Neutral	contract	"[{""owner"":""Analysis.Configuration"",""source_fqcn"":""Qualimetrix\\Analysis\\Configuration\\SelectorYamlDecoder""},{""owner"":""Analysis.Finding"",""source_fqcn"":""Qualimetrix\\Analysis\\Finding\\RuleConfiguration\\RuleSuppressionSelectorDecoder""},{""owner"":""Analysis.Finding"",""source_fqcn"":""Qualimetrix\\Analysis\\Finding\\SuppressionBinding\\UnboundSuppressionAudit""},{""owner"":""Analysis.Finding"",""source_fqcn"":""Qualimetrix\\Analysis\\Finding\\SuppressionBinding\\ValueScopeJudgement""},{""owner"":""Analysis.Run"",""source_fqcn"":""Qualimetrix\\Analysis\\Run\\Configuration\\RunConfigurationResolver""},{""owner"":""Analysis.Run"",""source_fqcn"":""Qualimetrix\\Analysis\\Run\\Discovery\\DirectoryPruner""},{""owner"":""Analysis.Run"",""source_fqcn"":""Qualimetrix\\Analysis\\Run\\ExcludeBinding\\ExcludeBindingProbe""},{""owner"":""Analysis.Run"",""source_fqcn"":""Qualimetrix\\Analysis\\Run\\ExcludeBinding\\UnmatchedExcludeAudit""},{""owner"":""Infrastructure.Console"",""source_fqcn"":""Qualimetrix\\Infrastructure\\Console\\CliSelectorDecoder""},{""owner"":""Reporting"",""source_fqcn"":""Qualimetrix\\Reporting\\FindingProjection\\SuppressionCompositionBuilder""}]"
src/Core/Pattern/PatternMatch.php	Qualimetrix\Core\Pattern\PatternMatch	class	Core.Neutral	contract	"[{""owner"":""Analysis.Run"",""source_fqcn"":""Qualimetrix\\Analysis\\Run\\Discovery\\DirectoryPruner""},{""owner"":""Analysis.Finding"",""relation"":""contract_surface"",""source_fqcn"":""Qualimetrix\\Analysis\\Finding\\Contract\\Filter\\PathExclusionFilter"",""carrier_fqcn"":""Qualimetrix\\Core\\Pattern\\PathMatcher""},{""owner"":""Analysis.Finding"",""relation"":""contract_surface"",""source_fqcn"":""Qualimetrix\\Analysis\\Finding\\Exclusion\\RulePathExclusionProvider"",""carrier_fqcn"":""Qualimetrix\\Core\\Pattern\\PathMatcher""},{""owner"":""Analysis.Finding"",""relation"":""contract_surface"",""source_fqcn"":""Qualimetrix\\Analysis\\Finding\\Contract\\Filter\\NamespaceExclusionFilter"",""carrier_fqcn"":""Qualimetrix\\Core\\Pattern\\NamespaceMatcher""},{""owner"":""Analysis.Finding"",""relation"":""contract_surface"",""source_fqcn"":""Qualimetrix\\Analysis\\Finding\\Exclusion\\RuleNamespaceExclusionProvider"",""carrier_fqcn"":""Qualimetrix\\Core\\Pattern\\NamespaceMatcher""}]"
src/Core/Pattern/SelectorDefinition.php	Qualimetrix\Core\Pattern\SelectorDefinition	class	Core.Neutral	contract	"[{""owner"":""Analysis.Configuration"",""source_fqcn"":""Qualimetrix\\Analysis\\Configuration\\SelectorYamlDecoder""},{""owner"":""Analysis.Evidence.Coupling"",""source_fqcn"":""Qualimetrix\\Analysis\\Evidence\\Coupling\\CouplingAnalysis""},{""owner"":""Analysis.Evidence.Coupling"",""source_fqcn"":""Qualimetrix\\Analysis\\Evidence\\Coupling\\DistanceOptions""},{""owner"":""Analysis.Finding"",""source_fqcn"":""Qualimetrix\\Analysis\\Finding\\RuleConfiguration\\RuleSuppressionSelectorDecoder""},{""owner"":""Analysis.Finding"",""source_fqcn"":""Qualimetrix\\Analysis\\Finding\\SuppressionBinding\\UnboundSuppressionAudit""},{""owner"":""Analysis.Run"",""source_fqcn"":""Qualimetrix\\Analysis\\Run\\Configuration\\RunConfigurationResolver""},{""owner"":""Analysis.Run"",""source_fqcn"":""Qualimetrix\\Analysis\\Run\\Discovery\\DirectoryPruner""},{""owner"":""Infrastructure.Console"",""source_fqcn"":""Qualimetrix\\Infrastructure\\Console\\CliOptionsParser""},{""owner"":""Infrastructure.Console"",""source_fqcn"":""Qualimetrix\\Infrastructure\\Console\\CliSelectorDecoder""}]"
src/Core/Pattern/SelectorKind.php	Qualimetrix\Core\Pattern\SelectorKind	enum	Core.Neutral	contract	"[{""owner"":""Analysis.Finding"",""source_fqcn"":""Qualimetrix\\Analysis\\Finding\\SuppressionBinding\\ValueScopeJudgement""},{""owner"":""Analysis.Run"",""source_fqcn"":""Qualimetrix\\Analysis\\Run\\Discovery\\DirectoryPruner""},{""owner"":""Reporting"",""source_fqcn"":""Qualimetrix\\Reporting\\Formatter\\Json\\JsonHealthSection""},{""owner"":""Reporting"",""source_fqcn"":""Qualimetrix\\Reporting\\Formatter\\Summary\\HealthBarRenderer""}]"
src/Core/Pattern/SelectorMatchFailure.php	Qualimetrix\Core\Pattern\SelectorMatchFailure	class	Core.Neutral	internal	[]
src/Core/Profiler/Contract/ProfilerInterface.php	Qualimetrix\Core\Profiler\Contract\ProfilerInterface	interface	Core.Profiler	contract	"[{""owner"":""Analysis.Evidence.ComputedMetrics"",""source_fqcn"":""Qualimetrix\\Analysis\\Evidence\\ComputedMetrics\\ComputedMetricRule""},{""owner"":""Analysis.Evidence.ComputedMetrics"",""source_fqcn"":""Qualimetrix\\Analysis\\Evidence\\ComputedMetrics\\Contract\\Evaluation\\ComputedMetricEvaluator""},{""owner"":""Analysis.Evidence.Measurement"",""source_fqcn"":""Qualimetrix\\Analysis\\Evidence\\Measurement\\Aggregation\\CallableToClassAggregator""},{""owner"":""Analysis.Evidence.Measurement"",""source_fqcn"":""Qualimetrix\\Analysis\\Evidence\\Measurement\\Aggregation\\ClassToNamespaceAggregator""},{""owner"":""Analysis.Evidence.Measurement"",""source_fqcn"":""Qualimetrix\\Analysis\\Evidence\\Measurement\\Aggregation\\MeasurementAggregationService""},{""owner"":""Analysis.Evidence.Measurement"",""source_fqcn"":""Qualimetrix\\Analysis\\Evidence\\Measurement\\Aggregation\\MetricAggregator""},{""owner"":""Analysis.Evidence.Measurement"",""source_fqcn"":""Qualimetrix\\Analysis\\Evidence\\Measurement\\Aggregation\\NamespaceToProjectAggregator""},{""owner"":""Analysis.Finding"",""source_fqcn"":""Qualimetrix\\Analysis\\Finding\\RuleExecution""},{""owner"":""Analysis.Run"",""source_fqcn"":""Qualimetrix\\Analysis\\Run\\Collection\\CollectionOrchestrator""},{""owner"":""Analysis.Run"",""source_fqcn"":""Qualimetrix\\Analysis\\Run\\FileSetInspection\\FileSetInspectionComposite""},{""owner"":""Analysis.Run"",""source_fqcn"":""Qualimetrix\\Analysis\\Run\\Pipeline\\AnalysisPipeline""},{""owner"":""Analysis.Run"",""source_fqcn"":""Qualimetrix\\Analysis\\Run\\RuleProducerPreparation""},{""owner"":""Infrastructure.Console"",""source_fqcn"":""Qualimetrix\\Infrastructure\\Console\\ResultPresenter""},{""owner"":""Infrastructure.DependencyInjection"",""source_fqcn"":""Qualimetrix\\Infrastructure\\DependencyInjection\\Configurator\\AnalysisConfigurator""},{""owner"":""Infrastructure.DependencyInjection"",""source_fqcn"":""Qualimetrix\\Infrastructure\\DependencyInjection\\Configurator\\CollectorConfigurator""},{""owner"":""Infrastructure.DependencyInjection"",""source_fqcn"":""Qualimetrix\\Infrastructure\\DependencyInjection\\Configurator\\ComputedMetricsConfigurator""},{""owner"":""Infrastructure.DependencyInjection"",""source_fqcn"":""Qualimetrix\\Infrastructure\\DependencyInjection\\Configurator\\CoreServicesConfigurator""},{""owner"":""Infrastructure.DependencyInjection"",""source_fqcn"":""Qualimetrix\\Infrastructure\\DependencyInjection\\Configurator\\FindingConfigurator""},{""owner"":""Infrastructure.DependencyInjection"",""source_fqcn"":""Qualimetrix\\Infrastructure\\DependencyInjection\\Configurator\\MeasurementConfigurator""},{""owner"":""Infrastructure.DependencyInjection"",""source_fqcn"":""Qualimetrix\\Infrastructure\\DependencyInjection\\Configurator\\OutputConfigurator""},{""owner"":""Infrastructure.Parallel"",""source_fqcn"":""Qualimetrix\\Infrastructure\\Parallel\\Strategy\\SequentialStrategy""},{""owner"":""Infrastructure.Profiler"",""source_fqcn"":""Qualimetrix\\Infrastructure\\Profiler\\ProfileSession""}]"
src/Core/Symbol/CallableKind.php	Qualimetrix\Core\Symbol\CallableKind	enum	Core.Symbol	contract	"[{""owner"":""Analysis.Evidence.Complexity"",""source_fqcn"":""Qualimetrix\\Analysis\\Evidence\\Complexity\\CognitiveComplexityVisitor""},{""owner"":""Analysis.Evidence.Measurement"",""source_fqcn"":""Qualimetrix\\Analysis\\Evidence\\Measurement\\Aggregation\\CallableToClassAggregator""},{""owner"":""Analysis.Evidence.Measurement"",""source_fqcn"":""Qualimetrix\\Analysis\\Evidence\\Measurement\\Contract\\CallableWithMetrics""},{""owner"":""Analysis.Evidence.Measurement"",""source_fqcn"":""Qualimetrix\\Analysis\\Evidence\\Measurement\\Contract\\VisitorCallableScope""},{""owner"":""Analysis.Evidence.Measurement"",""source_fqcn"":""Qualimetrix\\Analysis\\Evidence\\Measurement\\FileMeasurement\\DerivedCollectorRunner""},{""owner"":""Analysis.Evidence.Measurement"",""source_fqcn"":""Qualimetrix\\Analysis\\Evidence\\Measurement\\Visitor\\DeclarationNumbering""},{""owner"":""Analysis.Evidence.Measurement"",""source_fqcn"":""Qualimetrix\\Analysis\\Evidence\\Measurement\\Visitor\\VisitorCallableMetadata""},{""owner"":""Analysis.Evidence.Measurement"",""source_fqcn"":""Qualimetrix\\Analysis\\Evidence\\Measurement\\Visitor\\VisitorLexicalScope""},{""owner"":""Analysis.Evidence.Measurement"",""source_fqcn"":""Qualimetrix\\Analysis\\Evidence\\Measurement\\Visitor\\VisitorMethodContext""}]"
src/Core/Symbol/ClassType.php	Qualimetrix\Core\Symbol\ClassType	enum	Core.Symbol	internal	[]
src/Core/Symbol/DeclarationKey.php	Qualimetrix\Core\Symbol\DeclarationKey	class	Core.Symbol	contract	"[{""owner"":""Analysis.Evidence.DependencyModel"",""source_fqcn"":""Qualimetrix\\Analysis\\Evidence\\DependencyModel\\Extraction\\DependencyVisitor""},{""owner"":""Analysis.Evidence.Measurement"",""source_fqcn"":""Qualimetrix\\Analysis\\Evidence\\Measurement\\Contract\\DeclarationIndexAwareTrait""},{""owner"":""Analysis.Evidence.Measurement"",""source_fqcn"":""Qualimetrix\\Analysis\\Evidence\\Measurement\\Visitor\\DeclarationNumbering""}]"
src/Core/Symbol/DeclarationOrdinal.php	Qualimetrix\Core\Symbol\DeclarationOrdinal	class	Core.Symbol	contract	"[{""owner"":""Analysis.Evidence.Measurement"",""source_fqcn"":""Qualimetrix\\Analysis\\Evidence\\Measurement\\Contract\\VisitorCallableScope""},{""owner"":""Analysis.Evidence.Measurement"",""source_fqcn"":""Qualimetrix\\Analysis\\Evidence\\Measurement\\Visitor\\DeclarationNumbering""},{""owner"":""Analysis.Evidence.Measurement"",""source_fqcn"":""Qualimetrix\\Analysis\\Evidence\\Measurement\\Visitor\\FileEntrySubjectRegistry""},{""owner"":""Analysis.Evidence.Measurement"",""source_fqcn"":""Qualimetrix\\Analysis\\Evidence\\Measurement\\Visitor\\VisitorLexicalScope""}]"
src/Core/Symbol/DeclarationPath.php	Qualimetrix\Core\Symbol\DeclarationPath	class	Core.Symbol	contract	"[{""owner"":""Analysis.Evidence.DependencyModel"",""source_fqcn"":""Qualimetrix\\Analysis\\Evidence\\DependencyModel\\Contract\\Dependency""},{""owner"":""Analysis.Evidence.DependencyModel"",""source_fqcn"":""Qualimetrix\\Analysis\\Evidence\\DependencyModel\\Extraction\\DependencyVisitor""},{""owner"":""Analysis.Evidence.DependencyModel"",""source_fqcn"":""Qualimetrix\\Analysis\\Evidence\\DependencyModel\\Extraction\\Handler\\DependencyContext""},{""owner"":""Analysis.Evidence.Measurement"",""source_fqcn"":""Qualimetrix\\Analysis\\Evidence\\Measurement\\Contract\\CallableWithMetrics""},{""owner"":""Analysis.Evidence.Measurement"",""source_fqcn"":""Qualimetrix\\Analysis\\Evidence\\Measurement\\Contract\\ClassWithMetrics""},{""owner"":""Analysis.Evidence.Measurement"",""source_fqcn"":""Qualimetrix\\Analysis\\Evidence\\Measurement\\Contract\\DeclarationIndexAwareTrait""},{""owner"":""Analysis.Evidence.Measurement"",""source_fqcn"":""Qualimetrix\\Analysis\\Evidence\\Measurement\\Visitor\\VisitorCallableMetadata""},{""owner"":""Analysis.Evidence.Design"",""source_fqcn"":""Qualimetrix\\Analysis\\Evidence\\Design\\Inheritance\\InheritanceDepthResolver""}]"
src/Core/Symbol/FileDeclarationIndex.php	Qualimetrix\Core\Symbol\FileDeclarationIndex	class	Core.Symbol	contract	"[{""owner"":""Analysis.Evidence.DependencyModel"",""source_fqcn"":""Qualimetrix\\Analysis\\Evidence\\DependencyModel\\Contract\\DependencyTraversalParticipantInterface""},{""owner"":""Analysis.Evidence.DependencyModel"",""source_fqcn"":""Qualimetrix\\Analysis\\Evidence\\DependencyModel\\Extraction\\DependencyVisitor""},{""owner"":""Analysis.Evidence.Measurement"",""source_fqcn"":""Qualimetrix\\Analysis\\Evidence\\Measurement\\Contract\\DeclarationIndexAwareInterface""},{""owner"":""Analysis.Evidence.Measurement"",""source_fqcn"":""Qualimetrix\\Analysis\\Evidence\\Measurement\\Contract\\DeclarationIndexAwareTrait""},{""owner"":""Analysis.Evidence.Measurement"",""source_fqcn"":""Qualimetrix\\Analysis\\Evidence\\Measurement\\Contract\\DeclarationRegistrarFactory""},{""owner"":""Analysis.Evidence.Measurement"",""source_fqcn"":""Qualimetrix\\Analysis\\Evidence\\Measurement\\Contract\\DeclarationRegistrarInterface""},{""owner"":""Analysis.Evidence.Measurement"",""source_fqcn"":""Qualimetrix\\Analysis\\Evidence\\Measurement\\Contract\\VisitorMethodTrackingTrait""},{""owner"":""Analysis.Evidence.Measurement"",""source_fqcn"":""Qualimetrix\\Analysis\\Evidence\\Measurement\\FileMeasurement\\CompositeCollector""},{""owner"":""Analysis.Evidence.Measurement"",""source_fqcn"":""Qualimetrix\\Analysis\\Evidence\\Measurement\\Visitor\\DeclarationNumbering""},{""owner"":""Analysis.Evidence.Measurement"",""source_fqcn"":""Qualimetrix\\Analysis\\Evidence\\Measurement\\Visitor\\DeclarationRegistrarVisitor""},{""owner"":""Analysis.Evidence.Measurement"",""source_fqcn"":""Qualimetrix\\Analysis\\Evidence\\Measurement\\Visitor\\VisitorMethodContext""}]"
src/Core/Symbol/LogicalClassPath.php	Qualimetrix\Core\Symbol\LogicalClassPath	class	Core.Symbol	contract	"[{""owner"":""Analysis.Evidence.DependencyModel"",""source_fqcn"":""Qualimetrix\\Analysis\\Evidence\\DependencyModel\\Contract\\Dependency""},{""owner"":""Analysis.Evidence.DependencyModel"",""source_fqcn"":""Qualimetrix\\Analysis\\Evidence\\DependencyModel\\Extraction\\Handler\\DependencyContext""},{""owner"":""Analysis.Evidence.Measurement"",""source_fqcn"":""Qualimetrix\\Analysis\\Evidence\\Measurement\\Contract\\CallableWithMetrics""},{""owner"":""Analysis.Evidence.Measurement"",""source_fqcn"":""Qualimetrix\\Analysis\\Evidence\\Measurement\\Repository\\MetricSubjectIndex""},{""owner"":""Analysis.Evidence.Measurement"",""source_fqcn"":""Qualimetrix\\Analysis\\Evidence\\Measurement\\Repository\\RepositoryMerge""},{""owner"":""Analysis.Evidence.Measurement"",""source_fqcn"":""Qualimetrix\\Analysis\\Evidence\\Measurement\\Visitor\\VisitorCallableMetadata""},{""owner"":""Analysis.Run"",""source_fqcn"":""Qualimetrix\\Analysis\\Run\\Pipeline\\DependencyGraphAnalyzer""}]"
src/Core/Symbol/MetricSubject.php	Qualimetrix\Core\Symbol\MetricSubject	class	Core.Symbol	contract	"[{""owner"":""Analysis.Evidence.CircularDependency"",""source_fqcn"":""Qualimetrix\\Analysis\\Evidence\\CircularDependency\\CircularDependencyRule""},{""owner"":""Analysis.Evidence.CodeSmell"",""source_fqcn"":""Qualimetrix\\Analysis\\Evidence\\CodeSmell\\CodeSmellFinding""},{""owner"":""Analysis.Evidence.CodeSmell"",""source_fqcn"":""Qualimetrix\\Analysis\\Evidence\\CodeSmell\\LongParameterListRule""},{""owner"":""Analysis.Evidence.CodeSmell"",""source_fqcn"":""Qualimetrix\\Analysis\\Evidence\\CodeSmell\\UnreachableCodeRule""},{""owner"":""Analysis.Evidence.Complexity"",""source_fqcn"":""Qualimetrix\\Analysis\\Evidence\\Complexity\\CognitiveComplexityRule""},{""owner"":""Analysis.Evidence.Complexity"",""source_fqcn"":""Qualimetrix\\Analysis\\Evidence\\Complexity\\ComplexityRule""},{""owner"":""Analysis.Evidence.ComputedMetrics"",""source_fqcn"":""Qualimetrix\\Analysis\\Evidence\\ComputedMetrics\\ComputedMetricRule""},{""owner"":""Analysis.Evidence.ComputedMetrics"",""source_fqcn"":""Qualimetrix\\Analysis\\Evidence\\ComputedMetrics\\Finding\\ComputedMetricFindingBuilder""},{""owner"":""Analysis.Evidence.Coupling"",""source_fqcn"":""Qualimetrix\\Analysis\\Evidence\\Coupling\\CboRule""},{""owner"":""Analysis.Evidence.Coupling"",""source_fqcn"":""Qualimetrix\\Analysis\\Evidence\\Coupling\\DistanceRule""},{""owner"":""Analysis.Evidence.Coupling"",""source_fqcn"":""Qualimetrix\\Analysis\\Evidence\\Coupling\\InstabilityRule""},{""owner"":""Analysis.Evidence.Coupling"",""source_fqcn"":""Qualimetrix\\Analysis\\Evidence\\Coupling\\UnmatchedFrameworkNamespaceRule""},{""owner"":""Analysis.Evidence.Design"",""source_fqcn"":""Qualimetrix\\Analysis\\Evidence\\Design\\Inheritance\\InheritanceRule""},{""owner"":""Analysis.Evidence.Design"",""source_fqcn"":""Qualimetrix\\Analysis\\Evidence\\Design\\TypeCoverage\\AbstractTypeCoverageRule""},{""owner"":""Analysis.Evidence.Duplication"",""source_fqcn"":""Qualimetrix\\Analysis\\Evidence\\Duplication\\CodeDuplicationRule""},{""owner"":""Analysis.Evidence.Maintainability"",""source_fqcn"":""Qualimetrix\\Analysis\\Evidence\\Maintainability\\MaintainabilityRule""},{""owner"":""Analysis.Evidence.Measurement"",""source_fqcn"":""Qualimetrix\\Analysis\\Evidence\\Measurement\\Aggregation\\CallableToClassAggregator""},{""owner"":""Analysis.Evidence.Measurement"",""source_fqcn"":""Qualimetrix\\Analysis\\Evidence\\Measurement\\Contract\\ClassWithMetrics""},{""owner"":""Analysis.Evidence.Measurement"",""source_fqcn"":""Qualimetrix\\Analysis\\Evidence\\Measurement\\Contract\\MetricRepositoryInterface""},{""owner"":""Analysis.Evidence.Measurement"",""source_fqcn"":""Qualimetrix\\Analysis\\Evidence\\Measurement\\FileMeasurement\\DerivedCollectorRunner""},{""owner"":""Analysis.Evidence.Measurement"",""source_fqcn"":""Qualimetrix\\Analysis\\Evidence\\Measurement\\FileMeasurement\\DerivedMetricExtractor""},{""owner"":""Analysis.Evidence.Measurement"",""source_fqcn"":""Qualimetrix\\Analysis\\Evidence\\Measurement\\Repository\\InMemoryMetricRepository""},{""owner"":""Analysis.Evidence.Measurement"",""source_fqcn"":""Qualimetrix\\Analysis\\Evidence\\Measurement\\Repository\\MetricSubjectIndex""},{""owner"":""Analysis.Evidence.Security"",""source_fqcn"":""Qualimetrix\\Analysis\\Evidence\\Security\\SecurityPatternFinding""},{""owner"":""Analysis.Evidence.Size"",""source_fqcn"":""Qualimetrix\\Analysis\\Evidence\\Size\\ClassCountRule""},{""owner"":""Analysis.Evidence.Size"",""source_fqcn"":""Qualimetrix\\Analysis\\Evidence\\Size\\MethodCountRule""},{""owner"":""Analysis.Finding"",""source_fqcn"":""Qualimetrix\\Analysis\\Finding\\Contract\\Finding""},{""owner"":""Analysis.Finding"",""source_fqcn"":""Qualimetrix\\Analysis\\Finding\\Contract\\Rule\\AbstractRule""},{""owner"":""Analysis.Finding"",""source_fqcn"":""Qualimetrix\\Analysis\\Finding\\Contract\\Rule\\AnalysisContext""},{""owner"":""Analysis.Finding"",""source_fqcn"":""Qualimetrix\\Analysis\\Finding\\Contract\\Threshold\\ThresholdOverride""},{""owner"":""Analysis.Policy.Architecture"",""source_fqcn"":""Qualimetrix\\Analysis\\Policy\\Architecture\\LayerViolation\\DeclaredLayerReachability""},{""owner"":""Analysis.Policy.Architecture"",""source_fqcn"":""Qualimetrix\\Analysis\\Policy\\Architecture\\LayerViolation\\LayerViolationFinding""},{""owner"":""Analysis.Policy.Architecture"",""source_fqcn"":""Qualimetrix\\Analysis\\Policy\\Architecture\\LayerViolation\\UnassignedClassSummary""},{""owner"":""Analysis.Policy.Architecture"",""source_fqcn"":""Qualimetrix\\Analysis\\Policy\\Architecture\\LayerViolation\\UnmatchedExcludeDiagnostic""},{""owner"":""Analysis.Policy.Baseline"",""source_fqcn"":""Qualimetrix\\Analysis\\Policy\\Baseline\\BoundaryExplanationService""},{""owner"":""Analysis.Policy.Baseline"",""source_fqcn"":""Qualimetrix\\Analysis\\Policy\\Baseline\\ExplainedSubject""},{""owner"":""Analysis.Policy.Inline"",""source_fqcn"":""Qualimetrix\\Analysis\\Policy\\Inline\\Contract\\Directive\\DeclarationBinding""},{""owner"":""Analysis.Policy.Inline"",""source_fqcn"":""Qualimetrix\\Analysis\\Policy\\Inline\\Contract\\SuppressionExtractor""},{""owner"":""Analysis.Policy.Inline"",""source_fqcn"":""Qualimetrix\\Analysis\\Policy\\Inline\\Contract\\ThresholdOverrideExtractor""},{""owner"":""Analysis.Policy.Inline"",""source_fqcn"":""Qualimetrix\\Analysis\\Policy\\Inline\\Contract\\Threshold\\ThresholdDiagnostic""},{""owner"":""Analysis.Policy.Inline"",""source_fqcn"":""Qualimetrix\\Analysis\\Policy\\Inline\\Directive\\Audit\\AuthoredDirectiveGroup""},{""owner"":""Analysis.Policy.Inline"",""source_fqcn"":""Qualimetrix\\Analysis\\Policy\\Inline\\Directive\\Audit\\StaleDirectiveFinding""},{""owner"":""Analysis.Policy.Inline"",""source_fqcn"":""Qualimetrix\\Analysis\\Policy\\Inline\\Directive\\InlineDirectiveValidator""},{""owner"":""Analysis.Policy.Inline"",""source_fqcn"":""Qualimetrix\\Analysis\\Policy\\Inline\\Extraction\\DeclarationControlBindings""},{""owner"":""Analysis.Run"",""source_fqcn"":""Qualimetrix\\Analysis\\Run\\ExcludeBinding\\UnjudgedExcludeFinding""},{""owner"":""Analysis.Run"",""source_fqcn"":""Qualimetrix\\Analysis\\Run\\ExcludeBinding\\UnmatchedExcludeAudit""},{""owner"":""Analysis.Finding"",""source_fqcn"":""Qualimetrix\\Analysis\\Finding\\SuppressionBinding\\UnboundSuppressionAudit""}]"
src/Core/Symbol/MetricSubjectCodec.php	Qualimetrix\Core\Symbol\MetricSubjectCodec	class	Core.Symbol	contract	"[{""owner"":""Analysis.Evidence.CodeSmell"",""source_fqcn"":""Qualimetrix\\Analysis\\Evidence\\CodeSmell\\CodeSmellFinding""},{""owner"":""Analysis.Evidence.CodeSmell"",""source_fqcn"":""Qualimetrix\\Analysis\\Evidence\\CodeSmell\\IdenticalSubExpressionRule""},{""owner"":""Analysis.Evidence.Measurement"",""source_fqcn"":""Qualimetrix\\Analysis\\Evidence\\Measurement\\Visitor\\FileEntrySubjectRegistry""},{""owner"":""Analysis.Evidence.Measurement"",""source_fqcn"":""Qualimetrix\\Analysis\\Evidence\\Measurement\\Visitor\\VisitorLexicalScope""},{""owner"":""Analysis.Evidence.Security"",""source_fqcn"":""Qualimetrix\\Analysis\\Evidence\\Security\\HardcodedCredentialsRule""},{""owner"":""Analysis.Evidence.Security"",""source_fqcn"":""Qualimetrix\\Analysis\\Evidence\\Security\\SecurityPatternFinding""},{""owner"":""Analysis.Evidence.Security"",""source_fqcn"":""Qualimetrix\\Analysis\\Evidence\\Security\\SensitiveParameterRule""}]"
src/Core/Symbol/PhpBuiltinClassRegistry.php	Qualimetrix\Core\Symbol\PhpBuiltinClassRegistry	class	Core.Symbol	contract	"[{""owner"":""Analysis.Evidence.DependencyModel"",""source_fqcn"":""Qualimetrix\\Analysis\\Evidence\\DependencyModel\\DependencyGraphBuilder""},{""owner"":""Analysis.Evidence.Design"",""source_fqcn"":""Qualimetrix\\Analysis\\Evidence\\Design\\Inheritance\\ExternalAncestry""},{""owner"":""Analysis.Evidence.Design"",""source_fqcn"":""Qualimetrix\\Analysis\\Evidence\\Design\\Inheritance\\InheritanceDepthCollector""},{""owner"":""Analysis.Evidence.Design"",""source_fqcn"":""Qualimetrix\\Analysis\\Evidence\\Design\\Inheritance\\InheritanceDepthResolver""}]"
src/Core/Symbol/SymbolInfo.php	Qualimetrix\Core\Symbol\SymbolInfo	class	Core.Symbol	contract	"[{""owner"":""Analysis.Evidence.CodeSmell"",""source_fqcn"":""Qualimetrix\\Analysis\\Evidence\\CodeSmell\\ConstructorOverinjectionRule""},{""owner"":""Analysis.Evidence.CodeSmell"",""source_fqcn"":""Qualimetrix\\Analysis\\Evidence\\CodeSmell\\LongParameterListRule""},{""owner"":""Analysis.Evidence.CodeSmell"",""source_fqcn"":""Qualimetrix\\Analysis\\Evidence\\CodeSmell\\UnreachableCodeRule""},{""owner"":""Analysis.Evidence.CodeSmell"",""source_fqcn"":""Qualimetrix\\Analysis\\Evidence\\CodeSmell\\UnusedPrivateRule""},{""owner"":""Analysis.Evidence.Cohesion"",""source_fqcn"":""Qualimetrix\\Analysis\\Evidence\\Cohesion\\LcomRule""},{""owner"":""Analysis.Evidence.Complexity"",""source_fqcn"":""Qualimetrix\\Analysis\\Evidence\\Complexity\\CognitiveComplexityRule""},{""owner"":""Analysis.Evidence.Complexity"",""source_fqcn"":""Qualimetrix\\Analysis\\Evidence\\Complexity\\ComplexityRule""},{""owner"":""Analysis.Evidence.Complexity"",""source_fqcn"":""Qualimetrix\\Analysis\\Evidence\\Complexity\\WmcRule""},{""owner"":""Analysis.Evidence.Coupling"",""source_fqcn"":""Qualimetrix\\Analysis\\Evidence\\Coupling\\CboRule""},{""owner"":""Analysis.Evidence.Coupling"",""source_fqcn"":""Qualimetrix\\Analysis\\Evidence\\Coupling\\ClassRankRule""},{""owner"":""Analysis.Evidence.Coupling"",""source_fqcn"":""Qualimetrix\\Analysis\\Evidence\\Coupling\\DistanceRule""},{""owner"":""Analysis.Evidence.Coupling"",""source_fqcn"":""Qualimetrix\\Analysis\\Evidence\\Coupling\\InstabilityRule""},{""owner"":""Analysis.Evidence.Design"",""source_fqcn"":""Qualimetrix\\Analysis\\Evidence\\Design\\TypeCoverage\\AbstractTypeCoverageRule""},{""owner"":""Analysis.Evidence.Design"",""source_fqcn"":""Qualimetrix\\Analysis\\Evidence\\Design\\DataClass\\DataClassRule""},{""owner"":""Analysis.Evidence.Design"",""source_fqcn"":""Qualimetrix\\Analysis\\Evidence\\Design\\GodClass\\GodClassRule""},{""owner"":""Analysis.Evidence.Design"",""source_fqcn"":""Qualimetrix\\Analysis\\Evidence\\Design\\Inheritance\\InheritanceRule""},{""owner"":""Analysis.Evidence.Design"",""source_fqcn"":""Qualimetrix\\Analysis\\Evidence\\Design\\Inheritance\\NocRule""},{""owner"":""Analysis.Evidence.Maintainability"",""source_fqcn"":""Qualimetrix\\Analysis\\Evidence\\Maintainability\\MaintainabilityRule""},{""owner"":""Analysis.Evidence.Measurement"",""source_fqcn"":""Qualimetrix\\Analysis\\Evidence\\Measurement\\Aggregation\\CallableToClassAggregator""},{""owner"":""Analysis.Evidence.Measurement"",""source_fqcn"":""Qualimetrix\\Analysis\\Evidence\\Measurement\\Aggregation\\NamespaceMetricContributions""},{""owner"":""Analysis.Evidence.Measurement"",""source_fqcn"":""Qualimetrix\\Analysis\\Evidence\\Measurement\\Repository\\InMemoryMetricRepository""},{""owner"":""Analysis.Evidence.Measurement"",""source_fqcn"":""Qualimetrix\\Analysis\\Evidence\\Measurement\\Repository\\MetricSubjectIndex""},{""owner"":""Analysis.Evidence.Measurement"",""source_fqcn"":""Qualimetrix\\Analysis\\Evidence\\Measurement\\Repository\\NamespaceMetricIndex""},{""owner"":""Analysis.Evidence.Measurement"",""source_fqcn"":""Qualimetrix\\Analysis\\Evidence\\Measurement\\Repository\\RepositoryMerge""},{""owner"":""Analysis.Evidence.Security"",""source_fqcn"":""Qualimetrix\\Analysis\\Evidence\\Security\\HardcodedCredentialsRule""},{""owner"":""Analysis.Evidence.Security"",""source_fqcn"":""Qualimetrix\\Analysis\\Evidence\\Security\\SensitiveParameterRule""},{""owner"":""Analysis.Evidence.Size"",""source_fqcn"":""Qualimetrix\\Analysis\\Evidence\\Size\\MethodCountRule""},{""owner"":""Analysis.Evidence.Size"",""source_fqcn"":""Qualimetrix\\Analysis\\Evidence\\Size\\PropertyCountRule""}]"
src/Core/Symbol/SymbolLevel.php	Qualimetrix\Core\Symbol\SymbolLevel	enum	Core.Symbol	contract	"[{""owner"":""Analysis.Evidence.CircularDependency"",""source_fqcn"":""Qualimetrix\\Analysis\\Evidence\\CircularDependency\\CircularDependencyRule""},{""owner"":""Analysis.Evidence.CodeSmell"",""source_fqcn"":""Qualimetrix\\Analysis\\Evidence\\CodeSmell\\AbstractCodeSmellRule""},{""owner"":""Analysis.Evidence.CodeSmell"",""source_fqcn"":""Qualimetrix\\Analysis\\Evidence\\CodeSmell\\ConstructorOverinjectionRule""},{""owner"":""Analysis.Evidence.CodeSmell"",""source_fqcn"":""Qualimetrix\\Analysis\\Evidence\\CodeSmell\\IdenticalSubExpressionRule""},{""owner"":""Analysis.Evidence.CodeSmell"",""source_fqcn"":""Qualimetrix\\Analysis\\Evidence\\CodeSmell\\LongParameterListRule""},{""owner"":""Analysis.Evidence.CodeSmell"",""source_fqcn"":""Qualimetrix\\Analysis\\Evidence\\CodeSmell\\ParameterCountCollector""},{""owner"":""Analysis.Evidence.CodeSmell"",""source_fqcn"":""Qualimetrix\\Analysis\\Evidence\\CodeSmell\\UnreachableCodeCollector""},{""owner"":""Analysis.Evidence.CodeSmell"",""source_fqcn"":""Qualimetrix\\Analysis\\Evidence\\CodeSmell\\UnreachableCodeRule""},{""owner"":""Analysis.Evidence.CodeSmell"",""source_fqcn"":""Qualimetrix\\Analysis\\Evidence\\CodeSmell\\UnusedPrivateRule""},{""owner"":""Analysis.Evidence.Cohesion"",""source_fqcn"":""Qualimetrix\\Analysis\\Evidence\\Cohesion\\LcomCollector""},{""owner"":""Analysis.Evidence.Cohesion"",""source_fqcn"":""Qualimetrix\\Analysis\\Evidence\\Cohesion\\LcomRule""},{""owner"":""Analysis.Evidence.Cohesion"",""source_fqcn"":""Qualimetrix\\Analysis\\Evidence\\Cohesion\\TccLccCollector""},{""owner"":""Analysis.Evidence.Complexity"",""source_fqcn"":""Qualimetrix\\Analysis\\Evidence\\Complexity\\CognitiveComplexityCollector""},{""owner"":""Analysis.Evidence.Complexity"",""source_fqcn"":""Qualimetrix\\Analysis\\Evidence\\Complexity\\CognitiveComplexityOptions""},{""owner"":""Analysis.Evidence.Complexity"",""source_fqcn"":""Qualimetrix\\Analysis\\Evidence\\Complexity\\CognitiveComplexityRule""},{""owner"":""Analysis.Evidence.Complexity"",""source_fqcn"":""Qualimetrix\\Analysis\\Evidence\\Complexity\\ComplexityOptions""},{""owner"":""Analysis.Evidence.Complexity"",""source_fqcn"":""Qualimetrix\\Analysis\\Evidence\\Complexity\\ComplexityRule""},{""owner"":""Analysis.Evidence.Complexity"",""source_fqcn"":""Qualimetrix\\Analysis\\Evidence\\Complexity\\CyclomaticComplexityCollector""},{""owner"":""Analysis.Evidence.Complexity"",""source_fqcn"":""Qualimetrix\\Analysis\\Evidence\\Complexity\\NpathComplexityCollector""},{""owner"":""Analysis.Evidence.Complexity"",""source_fqcn"":""Qualimetrix\\Analysis\\Evidence\\Complexity\\NpathComplexityOptions""},{""owner"":""Analysis.Evidence.Complexity"",""source_fqcn"":""Qualimetrix\\Analysis\\Evidence\\Complexity\\NpathComplexityRule""},{""owner"":""Analysis.Evidence.Complexity"",""source_fqcn"":""Qualimetrix\\Analysis\\Evidence\\Complexity\\WmcRule""},{""owner"":""Analysis.Evidence.ComputedMetrics"",""source_fqcn"":""Qualimetrix\\Analysis\\Evidence\\ComputedMetrics\\ComputedMetricDefaults""},{""owner"":""Analysis.Evidence.ComputedMetrics"",""source_fqcn"":""Qualimetrix\\Analysis\\Evidence\\ComputedMetrics\\ComputedMetricOverrideReader""},{""owner"":""Analysis.Evidence.ComputedMetrics"",""source_fqcn"":""Qualimetrix\\Analysis\\Evidence\\ComputedMetrics\\ComputedMetricRule""},{""owner"":""Analysis.Evidence.ComputedMetrics"",""source_fqcn"":""Qualimetrix\\Analysis\\Evidence\\ComputedMetrics\\Configuration\\ComputedMetricEntryKeyRecognition""},{""owner"":""Analysis.Evidence.ComputedMetrics"",""source_fqcn"":""Qualimetrix\\Analysis\\Evidence\\ComputedMetrics\\Configuration\\ComputedMetricEntryKeys""},{""owner"":""Analysis.Evidence.ComputedMetrics"",""source_fqcn"":""Qualimetrix\\Analysis\\Evidence\\ComputedMetrics\\Contract\\Definition\\ComputedMetricDefinition""},{""owner"":""Analysis.Evidence.ComputedMetrics"",""source_fqcn"":""Qualimetrix\\Analysis\\Evidence\\ComputedMetrics\\Contract\\Evaluation\\ComputedMetricEvaluator""},{""owner"":""Analysis.Evidence.ComputedMetrics.Health"",""source_fqcn"":""Qualimetrix\\Analysis\\Evidence\\ComputedMetrics\\Health\\Metadata\\HealthDecompositionCatalog""},{""owner"":""Analysis.Evidence.ComputedMetrics.Health"",""source_fqcn"":""Qualimetrix\\Analysis\\Evidence\\ComputedMetrics\\Health\\Metadata\\HealthMetricCatalog""},{""owner"":""Analysis.Evidence.ComputedMetrics.Health"",""source_fqcn"":""Qualimetrix\\Analysis\\Evidence\\ComputedMetrics\\Health\\Contract\\DrillDown\\HealthScoreDrillDown""},{""owner"":""Analysis.Evidence.ComputedMetrics.Health"",""source_fqcn"":""Qualimetrix\\Analysis\\Evidence\\ComputedMetrics\\Health\\Contract\\DrillDown\\WorstClassDrillDown""},{""owner"":""Analysis.Evidence.ComputedMetrics.Health"",""source_fqcn"":""Qualimetrix\\Analysis\\Evidence\\ComputedMetrics\\Health\\Contract\\Offender\\RankedOffenderLevels""},{""owner"":""Analysis.Evidence.ComputedMetrics.Health"",""source_fqcn"":""Qualimetrix\\Analysis\\Evidence\\ComputedMetrics\\Health\\Contract\\Summary\\HealthSummaryBuilder""},{""owner"":""Analysis.Evidence.Coupling"",""source_fqcn"":""Qualimetrix\\Analysis\\Evidence\\Coupling\\AbstractnessCollector""},{""owner"":""Analysis.Evidence.Coupling"",""source_fqcn"":""Qualimetrix\\Analysis\\Evidence\\Coupling\\CboOptions""},{""owner"":""Analysis.Evidence.Coupling"",""source_fqcn"":""Qualimetrix\\Analysis\\Evidence\\Coupling\\CboRule""},{""owner"":""Analysis.Evidence.Coupling"",""source_fqcn"":""Qualimetrix\\Analysis\\Evidence\\Coupling\\ClassRankCollector""},{""owner"":""Analysis.Evidence.Coupling"",""source_fqcn"":""Qualimetrix\\Analysis\\Evidence\\Coupling\\ClassRankRule""},{""owner"":""Analysis.Evidence.Coupling"",""source_fqcn"":""Qualimetrix\\Analysis\\Evidence\\Coupling\\CouplingCollector""},{""owner"":""Analysis.Evidence.Coupling"",""source_fqcn"":""Qualimetrix\\Analysis\\Evidence\\Coupling\\DistanceCollector""},{""owner"":""Analysis.Evidence.Coupling"",""source_fqcn"":""Qualimetrix\\Analysis\\Evidence\\Coupling\\DistanceRule""},{""owner"":""Analysis.Evidence.Coupling"",""source_fqcn"":""Qualimetrix\\Analysis\\Evidence\\Coupling\\InstabilityOptions""},{""owner"":""Analysis.Evidence.Coupling"",""source_fqcn"":""Qualimetrix\\Analysis\\Evidence\\Coupling\\InstabilityRule""},{""owner"":""Analysis.Evidence.Coupling"",""source_fqcn"":""Qualimetrix\\Analysis\\Evidence\\Coupling\\RfcCollector""},{""owner"":""Analysis.Evidence.Coupling"",""source_fqcn"":""Qualimetrix\\Analysis\\Evidence\\Coupling\\UnmatchedFrameworkNamespaceRule""},{""owner"":""Analysis.Evidence.Design"",""source_fqcn"":""Qualimetrix\\Analysis\\Evidence\\Design\\DataClass\\DataClassRule""},{""owner"":""Analysis.Evidence.Design"",""source_fqcn"":""Qualimetrix\\Analysis\\Evidence\\Design\\GodClass\\GodClassRule""},{""owner"":""Analysis.Evidence.Design"",""source_fqcn"":""Qualimetrix\\Analysis\\Evidence\\Design\\Inheritance\\DitGlobalCollector""},{""owner"":""Analysis.Evidence.Design"",""source_fqcn"":""Qualimetrix\\Analysis\\Evidence\\Design\\Inheritance\\InheritanceRule""},{""owner"":""Analysis.Evidence.Design"",""source_fqcn"":""Qualimetrix\\Analysis\\Evidence\\Design\\Inheritance\\NocCollector""},{""owner"":""Analysis.Evidence.Design"",""source_fqcn"":""Qualimetrix\\Analysis\\Evidence\\Design\\Inheritance\\NocRule""},{""owner"":""Analysis.Evidence.Design"",""source_fqcn"":""Qualimetrix\\Analysis\\Evidence\\Design\\TypeCoverage\\AbstractTypeCoverageRule""},{""owner"":""Analysis.Evidence.Design"",""source_fqcn"":""Qualimetrix\\Analysis\\Evidence\\Design\\TypeCoverage\\TypeCoverageCollector""},{""owner"":""Analysis.Evidence.Design"",""source_fqcn"":""Qualimetrix\\Analysis\\Evidence\\Design\\TypeCoverage\\TypeCoveragePercentCollector""},{""owner"":""Analysis.Evidence.Duplication"",""source_fqcn"":""Qualimetrix\\Analysis\\Evidence\\Duplication\\CodeDuplicationRule""},{""owner"":""Analysis.Evidence.Maintainability"",""source_fqcn"":""Qualimetrix\\Analysis\\Evidence\\Maintainability\\HalsteadCollector""},{""owner"":""Analysis.Evidence.Maintainability"",""source_fqcn"":""Qualimetrix\\Analysis\\Evidence\\Maintainability\\MaintainabilityIndexCollector""},{""owner"":""Analysis.Evidence.Maintainability"",""source_fqcn"":""Qualimetrix\\Analysis\\Evidence\\Maintainability\\MaintainabilityRule""},{""owner"":""Analysis.Evidence.Measurement"",""source_fqcn"":""Qualimetrix\\Analysis\\Evidence\\Measurement\\Aggregation\\AggregationHelper""},{""owner"":""Analysis.Evidence.Measurement"",""source_fqcn"":""Qualimetrix\\Analysis\\Evidence\\Measurement\\Aggregation\\CallableToClassAggregator""},{""owner"":""Analysis.Evidence.Measurement"",""source_fqcn"":""Qualimetrix\\Analysis\\Evidence\\Measurement\\Aggregation\\ClassToNamespaceAggregator""},{""owner"":""Analysis.Evidence.Measurement"",""source_fqcn"":""Qualimetrix\\Analysis\\Evidence\\Measurement\\Aggregation\\MetricAggregator""},{""owner"":""Analysis.Evidence.Measurement"",""source_fqcn"":""Qualimetrix\\Analysis\\Evidence\\Measurement\\Aggregation\\NamespaceMetricContributions""},{""owner"":""Analysis.Evidence.Measurement"",""source_fqcn"":""Qualimetrix\\Analysis\\Evidence\\Measurement\\Aggregation\\NamespaceToProjectAggregator""},{""owner"":""Analysis.Evidence.Measurement"",""source_fqcn"":""Qualimetrix\\Analysis\\Evidence\\Measurement\\Aggregation\\TreeAwareNamespaceAggregator""},{""owner"":""Analysis.Evidence.Measurement"",""source_fqcn"":""Qualimetrix\\Analysis\\Evidence\\Measurement\\Contract\\MetricDefinition""},{""owner"":""Analysis.Evidence.Measurement"",""source_fqcn"":""Qualimetrix\\Analysis\\Evidence\\Measurement\\Contract\\MetricRepositoryInterface""},{""owner"":""Analysis.Evidence.Measurement"",""source_fqcn"":""Qualimetrix\\Analysis\\Evidence\\Measurement\\FileMeasurement\\DerivedCollectorExecutionPlan""},{""owner"":""Analysis.Evidence.Measurement"",""source_fqcn"":""Qualimetrix\\Analysis\\Evidence\\Measurement\\FileMeasurement\\DerivedCollectorRunner""},{""owner"":""Analysis.Evidence.Measurement"",""source_fqcn"":""Qualimetrix\\Analysis\\Evidence\\Measurement\\FileMeasurement\\DerivedMetricExtractor""},{""owner"":""Analysis.Evidence.Measurement"",""source_fqcn"":""Qualimetrix\\Analysis\\Evidence\\Measurement\\Repository\\InMemoryMetricRepository""},{""owner"":""Analysis.Evidence.Prioritization"",""source_fqcn"":""Qualimetrix\\Analysis\\Evidence\\Prioritization\\Impact\\ClassRankResolver""},{""owner"":""Analysis.Evidence.Security"",""source_fqcn"":""Qualimetrix\\Analysis\\Evidence\\Security\\AbstractSecurityPatternRule""},{""owner"":""Analysis.Evidence.Security"",""source_fqcn"":""Qualimetrix\\Analysis\\Evidence\\Security\\HardcodedCredentialsRule""},{""owner"":""Analysis.Evidence.Security"",""source_fqcn"":""Qualimetrix\\Analysis\\Evidence\\Security\\SensitiveParameterRule""},{""owner"":""Analysis.Evidence.Size"",""source_fqcn"":""Qualimetrix\\Analysis\\Evidence\\Size\\ClassCountCollector""},{""owner"":""Analysis.Evidence.Size"",""source_fqcn"":""Qualimetrix\\Analysis\\Evidence\\Size\\ClassCountRule""},{""owner"":""Analysis.Evidence.Size"",""source_fqcn"":""Qualimetrix\\Analysis\\Evidence\\Size\\LocCollector""},{""owner"":""Analysis.Evidence.Size"",""source_fqcn"":""Qualimetrix\\Analysis\\Evidence\\Size\\MethodCountCollector""},{""owner"":""Analysis.Evidence.Size"",""source_fqcn"":""Qualimetrix\\Analysis\\Evidence\\Size\\MethodCountRule""},{""owner"":""Analysis.Evidence.Size"",""source_fqcn"":""Qualimetrix\\Analysis\\Evidence\\Size\\MethodStatementCountCollector""},{""owner"":""Analysis.Evidence.Size"",""source_fqcn"":""Qualimetrix\\Analysis\\Evidence\\Size\\PropertyCountRule""},{""owner"":""Analysis.Finding"",""source_fqcn"":""Qualimetrix\\Analysis\\Finding\\Contract\\ChannelDeclaration""},{""owner"":""Analysis.Finding"",""source_fqcn"":""Qualimetrix\\Analysis\\Finding\\Contract\\Finding""},{""owner"":""Analysis.Finding"",""source_fqcn"":""Qualimetrix\\Analysis\\Finding\\Contract\\LevelActivity""},{""owner"":""Analysis.Finding"",""source_fqcn"":""Qualimetrix\\Analysis\\Finding\\Contract\\Rule\\ChannelLevelAddressing""},{""owner"":""Analysis.Finding"",""source_fqcn"":""Qualimetrix\\Analysis\\Finding\\Contract\\Rule\\ChannelLevelSelector""},{""owner"":""Analysis.Finding"",""source_fqcn"":""Qualimetrix\\Analysis\\Finding\\Contract\\Rule\\HierarchicalRuleInterface""},{""owner"":""Analysis.Finding"",""source_fqcn"":""Qualimetrix\\Analysis\\Finding\\Contract\\Rule\\HierarchicalRuleOptionsInterface""},{""owner"":""Analysis.Finding"",""source_fqcn"":""Qualimetrix\\Analysis\\Finding\\Contract\\Rule\\RuleSelector""},{""owner"":""Analysis.Finding"",""source_fqcn"":""Qualimetrix\\Analysis\\Finding\\Exclusion\\RuleNamespaceExclusionProvider""},{""owner"":""Analysis.Finding"",""source_fqcn"":""Qualimetrix\\Analysis\\Finding\\FindingExclusionLedger""},{""owner"":""Analysis.Finding"",""source_fqcn"":""Qualimetrix\\Analysis\\Finding\\RuleConfiguration\\RuleThresholdKeyGroupRegistry""},{""owner"":""Analysis.Finding"",""source_fqcn"":""Qualimetrix\\Analysis\\Finding\\SuppressionBinding\\UnboundSuppressionRule""},{""owner"":""Analysis.Policy.Architecture"",""source_fqcn"":""Qualimetrix\\Analysis\\Policy\\Architecture\\LayerViolation\\LayerDeclarationValidator""},{""owner"":""Analysis.Policy.Architecture"",""source_fqcn"":""Qualimetrix\\Analysis\\Policy\\Architecture\\LayerViolation\\LayerEvidenceCollector""},{""owner"":""Analysis.Policy.Architecture"",""source_fqcn"":""Qualimetrix\\Analysis\\Policy\\Architecture\\LayerViolation\\LayerViolationRule""},{""owner"":""Analysis.Policy.Architecture"",""source_fqcn"":""Qualimetrix\\Analysis\\Policy\\Architecture\\LayerViolation\\UnassignedClassSummary""},{""owner"":""Analysis.Policy.Baseline"",""source_fqcn"":""Qualimetrix\\Analysis\\Policy\\Baseline\\ExplainedSubject""},{""owner"":""Analysis.Policy.Inline"",""source_fqcn"":""Qualimetrix\\Analysis\\Policy\\Inline\\Contract\\Suppression\\Suppression""},{""owner"":""Analysis.Policy.Inline"",""source_fqcn"":""Qualimetrix\\Analysis\\Policy\\Inline\\Contract\\Suppression\\SuppressionTarget""},{""owner"":""Analysis.Policy.Inline"",""source_fqcn"":""Qualimetrix\\Analysis\\Policy\\Inline\\Directive\\InlineDirectiveValidator""},{""owner"":""Analysis.Policy.Inline"",""source_fqcn"":""Qualimetrix\\Analysis\\Policy\\Inline\\Directive\\UnusedDirectiveRule""},{""owner"":""Analysis.Run"",""source_fqcn"":""Qualimetrix\\Analysis\\Run\\ExcludeBinding\\UnmatchedExcludeRule""},{""owner"":""Analysis.Run"",""source_fqcn"":""Qualimetrix\\Analysis\\Run\\Pipeline\\AnalysisPipeline""},{""owner"":""Infrastructure.Console"",""source_fqcn"":""Qualimetrix\\Infrastructure\\Console\\ChannelExclusionKeyValidator""},{""owner"":""Infrastructure.Console"",""source_fqcn"":""Qualimetrix\\Infrastructure\\Console\\Command\\BaselineConfiguredThresholds""},{""owner"":""Reporting"",""source_fqcn"":""Qualimetrix\\Reporting\\DrillDown\\DrillDownBinding""},{""owner"":""Infrastructure.Console"",""source_fqcn"":""Qualimetrix\\Infrastructure\\Console\\LayerAssignmentResolver""},{""owner"":""Reporting"",""source_fqcn"":""Qualimetrix\\Reporting\\Formatter\\Html\\HtmlTreeBuilder""},{""owner"":""Reporting"",""source_fqcn"":""Qualimetrix\\Reporting\\Formatter\\MetricsJsonFormatter""},{""owner"":""Analysis.Evidence.ComputedMetrics.Health"",""source_fqcn"":""Qualimetrix\\Analysis\\Evidence\\ComputedMetrics\\Health\\Score\\CoverageReader""}]"
src/Core/Symbol/SymbolLevelProjection.php	Qualimetrix\Core\Symbol\SymbolLevelProjection	class	Core.Symbol	contract	"[{""owner"":""Analysis.Evidence.Measurement"",""source_fqcn"":""Qualimetrix\\Analysis\\Evidence\\Measurement\\Aggregation\\NamespaceMetricContributions""},{""owner"":""Analysis.Evidence.Measurement"",""source_fqcn"":""Qualimetrix\\Analysis\\Evidence\\Measurement\\Repository\\InMemoryMetricRepository""},{""owner"":""Analysis.Finding"",""source_fqcn"":""Qualimetrix\\Analysis\\Finding\\Contract\\Finding""},{""owner"":""Analysis.Policy.Baseline"",""source_fqcn"":""Qualimetrix\\Analysis\\Policy\\Baseline\\BoundaryExplanationService""},{""owner"":""Analysis.Policy.Inline"",""source_fqcn"":""Qualimetrix\\Analysis\\Policy\\Inline\\Directive\\DirectiveLevels""},{""owner"":""Analysis.Policy.Inline"",""source_fqcn"":""Qualimetrix\\Analysis\\Policy\\Inline\\Directive\\Audit\\ThresholdDirectiveAudit""}]"
src/Core/Symbol/SymbolPath.php	Qualimetrix\Core\Symbol\SymbolPath	class	Core.Symbol	contract	"[{""owner"":""Analysis.Evidence.CircularDependency"",""source_fqcn"":""Qualimetrix\\Analysis\\Evidence\\CircularDependency\\CircularDependencyDetector""},{""owner"":""Analysis.Evidence.CircularDependency"",""source_fqcn"":""Qualimetrix\\Analysis\\Evidence\\CircularDependency\\CircularDependencyRule""},{""owner"":""Analysis.Evidence.CircularDependency"",""source_fqcn"":""Qualimetrix\\Analysis\\Evidence\\CircularDependency\\Cycle""},{""owner"":""Analysis.Evidence.CircularDependency"",""source_fqcn"":""Qualimetrix\\Analysis\\Evidence\\CircularDependency\\CycleMemberLabels""},{""owner"":""Analysis.Evidence.CodeSmell"",""source_fqcn"":""Qualimetrix\\Analysis\\Evidence\\CodeSmell\\CodeSmellFinding""},{""owner"":""Analysis.Evidence.CodeSmell"",""source_fqcn"":""Qualimetrix\\Analysis\\Evidence\\CodeSmell\\UnusedPrivateCollector""},{""owner"":""Analysis.Evidence.Cohesion"",""source_fqcn"":""Qualimetrix\\Analysis\\Evidence\\Cohesion\\LcomCollector""},{""owner"":""Analysis.Evidence.Cohesion"",""source_fqcn"":""Qualimetrix\\Analysis\\Evidence\\Cohesion\\TccLccCollector""},{""owner"":""Analysis.Evidence.ComputedMetrics"",""source_fqcn"":""Qualimetrix\\Analysis\\Evidence\\ComputedMetrics\\ComputedMetricRule""},{""owner"":""Analysis.Evidence.ComputedMetrics"",""source_fqcn"":""Qualimetrix\\Analysis\\Evidence\\ComputedMetrics\\Contract\\Evaluation\\ComputedMetricEvaluator""},{""owner"":""Analysis.Evidence.ComputedMetrics"",""source_fqcn"":""Qualimetrix\\Analysis\\Evidence\\ComputedMetrics\\Finding\\ComputedMetricFindingBuilder""},{""owner"":""Analysis.Evidence.ComputedMetrics.Health"",""source_fqcn"":""Qualimetrix\\Analysis\\Evidence\\ComputedMetrics\\Health\\Contract\\Offender\\WorstOffender""},{""owner"":""Analysis.Evidence.ComputedMetrics.Health"",""source_fqcn"":""Qualimetrix\\Analysis\\Evidence\\ComputedMetrics\\Health\\Contract\\Summary\\HealthSummaryBuilder""},{""owner"":""Analysis.Evidence.Coupling"",""source_fqcn"":""Qualimetrix\\Analysis\\Evidence\\Coupling\\AbstractnessCollector""},{""owner"":""Analysis.Evidence.Coupling"",""source_fqcn"":""Qualimetrix\\Analysis\\Evidence\\Coupling\\CboRule""},{""owner"":""Analysis.Evidence.Coupling"",""source_fqcn"":""Qualimetrix\\Analysis\\Evidence\\Coupling\\CouplingCollector""},{""owner"":""Analysis.Evidence.Coupling"",""source_fqcn"":""Qualimetrix\\Analysis\\Evidence\\Coupling\\DistanceCollector""},{""owner"":""Analysis.Evidence.Coupling"",""source_fqcn"":""Qualimetrix\\Analysis\\Evidence\\Coupling\\FrameworkClassificationSites""},{""owner"":""Analysis.Evidence.Coupling"",""source_fqcn"":""Qualimetrix\\Analysis\\Evidence\\Coupling\\RfcCollector""},{""owner"":""Analysis.Evidence.Coupling"",""source_fqcn"":""Qualimetrix\\Analysis\\Evidence\\Coupling\\UnmatchedFrameworkNamespaceRule""},{""owner"":""Analysis.Evidence.DependencyModel"",""source_fqcn"":""Qualimetrix\\Analysis\\Evidence\\DependencyModel\\Contract\\Dependency""},{""owner"":""Analysis.Evidence.DependencyModel"",""source_fqcn"":""Qualimetrix\\Analysis\\Evidence\\DependencyModel\\Contract\\DependencyGraphInterface""},{""owner"":""Analysis.Evidence.DependencyModel"",""source_fqcn"":""Qualimetrix\\Analysis\\Evidence\\DependencyModel\\DependencyGraph""},{""owner"":""Analysis.Evidence.DependencyModel"",""source_fqcn"":""Qualimetrix\\Analysis\\Evidence\\DependencyModel\\DependencyGraphBuilder""},{""owner"":""Analysis.Evidence.DependencyModel"",""source_fqcn"":""Qualimetrix\\Analysis\\Evidence\\DependencyModel\\EmptyDependencyGraph""},{""owner"":""Analysis.Evidence.DependencyModel"",""source_fqcn"":""Qualimetrix\\Analysis\\Evidence\\DependencyModel\\Extraction\\DependencyVisitor""},{""owner"":""Analysis.Evidence.DependencyModel"",""source_fqcn"":""Qualimetrix\\Analysis\\Evidence\\DependencyModel\\Extraction\\Handler\\DependencyContext""},{""owner"":""Analysis.Evidence.DependencyModel"",""source_fqcn"":""Qualimetrix\\Analysis\\Evidence\\DependencyModel\\NamespaceCouplings""},{""owner"":""Analysis.Evidence.Design"",""source_fqcn"":""Qualimetrix\\Analysis\\Evidence\\Design\\Inheritance\\DitGlobalCollector""},{""owner"":""Analysis.Evidence.Design"",""source_fqcn"":""Qualimetrix\\Analysis\\Evidence\\Design\\Inheritance\\InheritanceDepthCollector""},{""owner"":""Analysis.Evidence.Design"",""source_fqcn"":""Qualimetrix\\Analysis\\Evidence\\Design\\TypeCoverage\\TypeCoverageVisitor""},{""owner"":""Analysis.Evidence.Duplication"",""source_fqcn"":""Qualimetrix\\Analysis\\Evidence\\Duplication\\CodeDuplicationRule""},{""owner"":""Analysis.Evidence.Measurement"",""source_fqcn"":""Qualimetrix\\Analysis\\Evidence\\Measurement\\Aggregation\\ClassToNamespaceAggregator""},{""owner"":""Analysis.Evidence.Measurement"",""source_fqcn"":""Qualimetrix\\Analysis\\Evidence\\Measurement\\Aggregation\\NamespaceToProjectAggregator""},{""owner"":""Analysis.Evidence.Measurement"",""source_fqcn"":""Qualimetrix\\Analysis\\Evidence\\Measurement\\Aggregation\\TreeAwareNamespaceAggregator""},{""owner"":""Analysis.Evidence.Measurement"",""source_fqcn"":""Qualimetrix\\Analysis\\Evidence\\Measurement\\Contract\\DeclarationIndexAwareTrait""},{""owner"":""Analysis.Evidence.Measurement"",""source_fqcn"":""Qualimetrix\\Analysis\\Evidence\\Measurement\\Contract\\MetricRepositoryInterface""},{""owner"":""Analysis.Evidence.Measurement"",""source_fqcn"":""Qualimetrix\\Analysis\\Evidence\\Measurement\\Contract\\NamespaceWithMetrics""},{""owner"":""Analysis.Evidence.Measurement"",""source_fqcn"":""Qualimetrix\\Analysis\\Evidence\\Measurement\\Repository\\InMemoryMetricRepository""},{""owner"":""Analysis.Evidence.Measurement"",""source_fqcn"":""Qualimetrix\\Analysis\\Evidence\\Measurement\\Repository\\MetricSubjectIndex""},{""owner"":""Analysis.Evidence.Measurement"",""source_fqcn"":""Qualimetrix\\Analysis\\Evidence\\Measurement\\Visitor\\DeclarationNumbering""},{""owner"":""Analysis.Evidence.Measurement"",""source_fqcn"":""Qualimetrix\\Analysis\\Evidence\\Measurement\\Visitor\\VisitorCallableMetadata""},{""owner"":""Analysis.Evidence.Prioritization"",""source_fqcn"":""Qualimetrix\\Analysis\\Evidence\\Prioritization\\Impact\\ClassRankResolver""},{""owner"":""Analysis.Evidence.Security"",""source_fqcn"":""Qualimetrix\\Analysis\\Evidence\\Security\\SecurityPatternFinding""},{""owner"":""Analysis.Evidence.Size"",""source_fqcn"":""Qualimetrix\\Analysis\\Evidence\\Size\\LocCollector""},{""owner"":""Analysis.Evidence.Size"",""source_fqcn"":""Qualimetrix\\Analysis\\Evidence\\Size\\MethodCountCollector""},{""owner"":""Analysis.Finding"",""source_fqcn"":""Qualimetrix\\Analysis\\Finding\\Contract\\Finding""},{""owner"":""Analysis.Finding"",""source_fqcn"":""Qualimetrix\\Analysis\\Finding\\SuppressionBinding\\UnboundSuppressionAudit""},{""owner"":""Analysis.Policy.Architecture"",""source_fqcn"":""Qualimetrix\\Analysis\\Policy\\Architecture\\ArchitecturePolicy""},{""owner"":""Analysis.Policy.Architecture"",""source_fqcn"":""Qualimetrix\\Analysis\\Policy\\Architecture\\Contract\\LayerAssignmentInspectorInterface""},{""owner"":""Analysis.Policy.Architecture"",""source_fqcn"":""Qualimetrix\\Analysis\\Policy\\Architecture\\LayerViolation\\DeclaredLayerReachability""},{""owner"":""Analysis.Policy.Architecture"",""source_fqcn"":""Qualimetrix\\Analysis\\Policy\\Architecture\\LayerViolation\\LayerEvidenceCollector""},{""owner"":""Analysis.Policy.Architecture"",""source_fqcn"":""Qualimetrix\\Analysis\\Policy\\Architecture\\LayerViolation\\OwnedLayerTargets""},{""owner"":""Analysis.Policy.Architecture"",""source_fqcn"":""Qualimetrix\\Analysis\\Policy\\Architecture\\LayerViolation\\UnassignedClassSummary""},{""owner"":""Analysis.Policy.Architecture"",""source_fqcn"":""Qualimetrix\\Analysis\\Policy\\Architecture\\LayerViolation\\UnmatchedExcludeDiagnostic""},{""owner"":""Analysis.Policy.Architecture"",""source_fqcn"":""Qualimetrix\\Analysis\\Policy\\Architecture\\Layer\\AnalysedDeclarations""},{""owner"":""Analysis.Policy.Architecture"",""source_fqcn"":""Qualimetrix\\Analysis\\Policy\\Architecture\\Layer\\ClassContextFactory""},{""owner"":""Analysis.Policy.Architecture"",""source_fqcn"":""Qualimetrix\\Analysis\\Policy\\Architecture\\Layer\\ClassSet""},{""owner"":""Analysis.Policy.Architecture"",""source_fqcn"":""Qualimetrix\\Analysis\\Policy\\Architecture\\Layer\\LayerRegistry""},{""owner"":""Analysis.Policy.Inline"",""source_fqcn"":""Qualimetrix\\Analysis\\Policy\\Inline\\Directive\\Audit\\StaleDirectiveFinding""},{""owner"":""Analysis.Policy.Inline"",""source_fqcn"":""Qualimetrix\\Analysis\\Policy\\Inline\\Directive\\InlineDirectiveValidator""},{""owner"":""Analysis.Policy.Inline"",""source_fqcn"":""Qualimetrix\\Analysis\\Policy\\Inline\\Extraction\\DeclarationControlBindings""},{""owner"":""Analysis.Run"",""source_fqcn"":""Qualimetrix\\Analysis\\Run\\Collection\\CollectionOrchestrator""},{""owner"":""Analysis.Run"",""source_fqcn"":""Qualimetrix\\Analysis\\Run\\ExcludeBinding\\UnjudgedExcludeFinding""},{""owner"":""Analysis.Run"",""source_fqcn"":""Qualimetrix\\Analysis\\Run\\ExcludeBinding\\UnmatchedExcludeAudit""},{""owner"":""Analysis.Run"",""source_fqcn"":""Qualimetrix\\Analysis\\Run\\Pipeline\\DependencyGraphAnalyzer""},{""owner"":""Infrastructure.Console"",""source_fqcn"":""Qualimetrix\\Infrastructure\\Console\\Command\\Debug\\LayerAssignmentCommand""},{""owner"":""Infrastructure.Console"",""source_fqcn"":""Qualimetrix\\Infrastructure\\Console\\LayerAssignmentResolver""},{""owner"":""Reporting"",""source_fqcn"":""Qualimetrix\\Reporting\\DrillDown\\DrillDownBinding""},{""owner"":""Reporting"",""source_fqcn"":""Qualimetrix\\Reporting\\Formatter\\Html\\HtmlFindingPartitioner""},{""owner"":""Reporting"",""source_fqcn"":""Qualimetrix\\Reporting\\Formatter\\Html\\HtmlTreeBuilder""},{""owner"":""Reporting"",""source_fqcn"":""Qualimetrix\\Reporting\\Formatter\\Json\\JsonHealthSection""},{""owner"":""Reporting"",""source_fqcn"":""Qualimetrix\\Reporting\\Formatter\\Summary\\HealthBarRenderer""},{""owner"":""Reporting"",""source_fqcn"":""Qualimetrix\\Reporting\\Health\\SummaryEnricher""},{""owner"":""Reporting.GraphProjection"",""source_fqcn"":""Qualimetrix\\Reporting\\GraphProjection\\DotExporter""},{""owner"":""Reporting.GraphProjection"",""source_fqcn"":""Qualimetrix\\Reporting\\GraphProjection\\NamespaceFilter""}]"
src/Core/Symbol/SymbolType.php	Qualimetrix\Core\Symbol\SymbolType	enum	Core.Symbol	contract	"[{""owner"":""Analysis.Evidence.CodeSmell"",""source_fqcn"":""Qualimetrix\\Analysis\\Evidence\\CodeSmell\\LongParameterListRule""},{""owner"":""Analysis.Evidence.CodeSmell"",""source_fqcn"":""Qualimetrix\\Analysis\\Evidence\\CodeSmell\\UnreachableCodeRule""},{""owner"":""Analysis.Evidence.CodeSmell"",""source_fqcn"":""Qualimetrix\\Analysis\\Evidence\\CodeSmell\\UnusedPrivateRule""},{""owner"":""Analysis.Evidence.Cohesion"",""source_fqcn"":""Qualimetrix\\Analysis\\Evidence\\Cohesion\\LcomRule""},{""owner"":""Analysis.Evidence.Complexity"",""source_fqcn"":""Qualimetrix\\Analysis\\Evidence\\Complexity\\CognitiveComplexityRule""},{""owner"":""Analysis.Evidence.Complexity"",""source_fqcn"":""Qualimetrix\\Analysis\\Evidence\\Complexity\\ComplexityRule""},{""owner"":""Analysis.Evidence.Complexity"",""source_fqcn"":""Qualimetrix\\Analysis\\Evidence\\Complexity\\NpathComplexityRule""},{""owner"":""Analysis.Evidence.Complexity"",""source_fqcn"":""Qualimetrix\\Analysis\\Evidence\\Complexity\\WmcRule""},{""owner"":""Analysis.Evidence.ComputedMetrics"",""source_fqcn"":""Qualimetrix\\Analysis\\Evidence\\ComputedMetrics\\ComputedMetricRule""},{""owner"":""Analysis.Evidence.Coupling"",""source_fqcn"":""Qualimetrix\\Analysis\\Evidence\\Coupling\\CboRule""},{""owner"":""Analysis.Evidence.Coupling"",""source_fqcn"":""Qualimetrix\\Analysis\\Evidence\\Coupling\\ClassRankRule""},{""owner"":""Analysis.Evidence.Coupling"",""source_fqcn"":""Qualimetrix\\Analysis\\Evidence\\Coupling\\InstabilityRule""},{""owner"":""Analysis.Evidence.Design"",""source_fqcn"":""Qualimetrix\\Analysis\\Evidence\\Design\\TypeCoverage\\AbstractTypeCoverageRule""},{""owner"":""Analysis.Evidence.Design"",""source_fqcn"":""Qualimetrix\\Analysis\\Evidence\\Design\\DataClass\\DataClassRule""},{""owner"":""Analysis.Evidence.Design"",""source_fqcn"":""Qualimetrix\\Analysis\\Evidence\\Design\\GodClass\\GodClassRule""},{""owner"":""Analysis.Evidence.Design"",""source_fqcn"":""Qualimetrix\\Analysis\\Evidence\\Design\\Inheritance\\InheritanceRule""},{""owner"":""Analysis.Evidence.Design"",""source_fqcn"":""Qualimetrix\\Analysis\\Evidence\\Design\\Inheritance\\NocRule""},{""owner"":""Analysis.Evidence.Design"",""source_fqcn"":""Qualimetrix\\Analysis\\Evidence\\Design\\Inheritance\\DitGlobalCollector""},{""owner"":""Analysis.Evidence.Measurement"",""source_fqcn"":""Qualimetrix\\Analysis\\Evidence\\Measurement\\Aggregation\\NamespaceMetricContributions""},{""owner"":""Analysis.Evidence.Measurement"",""source_fqcn"":""Qualimetrix\\Analysis\\Evidence\\Measurement\\Repository\\InMemoryMetricRepository""},{""owner"":""Analysis.Evidence.Measurement"",""source_fqcn"":""Qualimetrix\\Analysis\\Evidence\\Measurement\\Repository\\MetricSubjectIndex""},{""owner"":""Analysis.Evidence.Measurement"",""source_fqcn"":""Qualimetrix\\Analysis\\Evidence\\Measurement\\Repository\\NamespaceMetricIndex""},{""owner"":""Analysis.Evidence.Prioritization"",""source_fqcn"":""Qualimetrix\\Analysis\\Evidence\\Prioritization\\Impact\\ClassRankResolver""},{""owner"":""Analysis.Evidence.Size"",""source_fqcn"":""Qualimetrix\\Analysis\\Evidence\\Size\\MethodCountRule""},{""owner"":""Analysis.Evidence.Size"",""source_fqcn"":""Qualimetrix\\Analysis\\Evidence\\Size\\PropertyCountRule""},{""owner"":""Analysis.Policy.Architecture"",""source_fqcn"":""Qualimetrix\\Analysis\\Policy\\Architecture\\LayerViolation\\OwnedLayerTargets""},{""owner"":""Reporting"",""source_fqcn"":""Qualimetrix\\Reporting\\DrillDown\\FindingFilter""},{""owner"":""Reporting"",""source_fqcn"":""Qualimetrix\\Reporting\\Formatter\\Html\\HtmlFindingPartitioner""},{""owner"":""Reporting"",""source_fqcn"":""Qualimetrix\\Reporting\\Formatter\\MetricsJsonFormatter""},{""owner"":""Reporting"",""source_fqcn"":""Qualimetrix\\Reporting\\Formatter\\Summary\\TopIssuesRenderer""},{""owner"":""Reporting"",""source_fqcn"":""Qualimetrix\\Reporting\\Formatter\\TextFormatter""}]"
src/Core/Time/ClockInterface.php	Qualimetrix\Core\Time\ClockInterface	interface	Core.Neutral	contract	"[{""owner"":""Analysis.Policy.Baseline"",""source_fqcn"":""Qualimetrix\\Analysis\\Policy\\Baseline\\BaselineCleaner""},{""owner"":""Analysis.Policy.Baseline"",""source_fqcn"":""Qualimetrix\\Analysis\\Policy\\Baseline\\BaselineGenerator""},{""owner"":""Analysis.Policy.Baseline"",""source_fqcn"":""Qualimetrix\\Analysis\\Policy\\Baseline\\BaselineUpdater""},{""owner"":""Infrastructure.DependencyInjection"",""source_fqcn"":""Qualimetrix\\Infrastructure\\DependencyInjection\\Configurator\\CoreServicesConfigurator""}]"
src/Core/Time/SystemClock.php	Qualimetrix\Core\Time\SystemClock	class	Core.Neutral	internal	"[{""owner"":""Infrastructure.DependencyInjection"",""relation"":""composition_binding"",""source_fqcn"":""Qualimetrix\\Infrastructure\\DependencyInjection\\Configurator\\CoreServicesConfigurator"",""operations"":[""service_alias"",""service_registration""]}]"
src/Core/Version.php	Qualimetrix\Core\Version	class	Core.Neutral	contract	"[{""owner"":""Infrastructure.Console"",""source_fqcn"":""Qualimetrix\\Infrastructure\\Console\\Application""},{""owner"":""Reporting"",""source_fqcn"":""Qualimetrix\\Reporting\\Formatter\\Health\\HealthTextFormatter""},{""owner"":""Reporting"",""source_fqcn"":""Qualimetrix\\Reporting\\Formatter\\Html\\HtmlTreeBuilder""},{""owner"":""Reporting"",""source_fqcn"":""Qualimetrix\\Reporting\\Formatter\\Json\\JsonFormatter""},{""owner"":""Reporting"",""source_fqcn"":""Qualimetrix\\Reporting\\Formatter\\MetricsJsonFormatter""},{""owner"":""Reporting"",""source_fqcn"":""Qualimetrix\\Reporting\\Formatter\\Sarif\\SarifFormatter""},{""owner"":""Reporting"",""source_fqcn"":""Qualimetrix\\Reporting\\Formatter\\Summary\\SummaryFormatter""},{""owner"":""Reporting"",""source_fqcn"":""Qualimetrix\\Reporting\\Formatter\\TextFormatter""},{""owner"":""Reporting"",""source_fqcn"":""Qualimetrix\\Reporting\\Formatter\\Suppressed\\SuppressedFormatter""}]"
src/Infrastructure/Ast/CachedFileParser.php	Qualimetrix\Infrastructure\Ast\CachedFileParser	class	Infrastructure.Ast	contract	"[{""owner"":""Infrastructure.DependencyInjection"",""source_fqcn"":""Qualimetrix\\Infrastructure\\DependencyInjection\\Configurator\\ParserConfigurator""}]"
src/Infrastructure/Ast/FileParserFactory.php	Qualimetrix\Infrastructure\Ast\FileParserFactory	class	Infrastructure.Ast	internal	"[{""owner"":""Infrastructure.DependencyInjection"",""relation"":""composition_binding"",""source_fqcn"":""Qualimetrix\\Infrastructure\\DependencyInjection\\Configurator\\ParserConfigurator"",""operations"":[""service_reference"",""service_registration""]}]"
src/Infrastructure/Ast/PhpFileParser.php	Qualimetrix\Infrastructure\Ast\PhpFileParser	class	Infrastructure.Ast	contract	"[{""owner"":""Infrastructure.DependencyInjection"",""source_fqcn"":""Qualimetrix\\Infrastructure\\DependencyInjection\\Configurator\\ParserConfigurator""}]"
src/Infrastructure/Ast/WorkerParserFactory.php	Qualimetrix\Infrastructure\Ast\WorkerParserFactory	class	Infrastructure.Ast	contract	"[{""owner"":""Infrastructure.Parallel"",""source_fqcn"":""Qualimetrix\\Infrastructure\\Parallel\\WorkerBootstrap""}]"
src/Infrastructure/Cache/CacheConfigurationResolver.php	Qualimetrix\Infrastructure\Cache\CacheConfigurationResolver	class	Infrastructure.Cache	internal	"[{""owner"":""Infrastructure.DependencyInjection"",""relation"":""composition_binding"",""source_fqcn"":""Qualimetrix\\Infrastructure\\DependencyInjection\\Configurator\\ParserConfigurator"",""operations"":[""service_alias"",""service_registration""]}]"
src/Infrastructure/Cache/CacheConfigurationStore.php	Qualimetrix\Infrastructure\Cache\CacheConfigurationStore	class	Infrastructure.Cache	contract	"[{""owner"":""Infrastructure.Ast"",""source_fqcn"":""Qualimetrix\\Infrastructure\\Ast\\WorkerParserFactory""},{""owner"":""Infrastructure.DependencyInjection"",""source_fqcn"":""Qualimetrix\\Infrastructure\\DependencyInjection\\Configurator\\ParserConfigurator""}]"
src/Infrastructure/Cache/CacheFactory.php	Qualimetrix\Infrastructure\Cache\CacheFactory	class	Infrastructure.Cache	contract	"[{""owner"":""Infrastructure.Ast"",""source_fqcn"":""Qualimetrix\\Infrastructure\\Ast\\CachedFileParser""},{""owner"":""Infrastructure.Ast"",""source_fqcn"":""Qualimetrix\\Infrastructure\\Ast\\FileParserFactory""},{""owner"":""Infrastructure.Console"",""source_fqcn"":""Qualimetrix\\Infrastructure\\Console\\RuntimeConfigurator""},{""owner"":""Infrastructure.DependencyInjection"",""source_fqcn"":""Qualimetrix\\Infrastructure\\DependencyInjection\\Configurator\\OutputConfigurator""},{""owner"":""Infrastructure.DependencyInjection"",""source_fqcn"":""Qualimetrix\\Infrastructure\\DependencyInjection\\Configurator\\ParserConfigurator""}]"
src/Infrastructure/Cache/CacheInterface.php	Qualimetrix\Infrastructure\Cache\CacheInterface	interface	Infrastructure.Cache	contract	"[{""owner"":""Infrastructure.Ast"",""source_fqcn"":""Qualimetrix\\Infrastructure\\Ast\\CachedFileParser""},{""owner"":""Infrastructure.DependencyInjection"",""source_fqcn"":""Qualimetrix\\Infrastructure\\DependencyInjection\\Configurator\\ParserConfigurator""}]"
src/Infrastructure/Cache/CacheKeyGenerator.php	Qualimetrix\Infrastructure\Cache\CacheKeyGenerator	class	Infrastructure.Cache	contract	"[{""owner"":""Infrastructure.Ast"",""source_fqcn"":""Qualimetrix\\Infrastructure\\Ast\\CachedFileParser""},{""owner"":""Infrastructure.Ast"",""source_fqcn"":""Qualimetrix\\Infrastructure\\Ast\\FileParserFactory""},{""owner"":""Infrastructure.Ast"",""source_fqcn"":""Qualimetrix\\Infrastructure\\Ast\\WorkerParserFactory""},{""owner"":""Infrastructure.DependencyInjection"",""source_fqcn"":""Qualimetrix\\Infrastructure\\DependencyInjection\\Configurator\\ParserConfigurator""}]"
src/Infrastructure/Cache/CacheWriteException.php	Qualimetrix\Infrastructure\Cache\CacheWriteException	class	Infrastructure.Cache	contract	"[{""owner"":""Infrastructure.Ast"",""source_fqcn"":""Qualimetrix\\Infrastructure\\Ast\\CachedFileParser""}]"
src/Infrastructure/Cache/Contract/CacheConfiguration.php	Qualimetrix\Infrastructure\Cache\Contract\CacheConfiguration	class	Infrastructure.Cache	contract	"[{""owner"":""Infrastructure.Ast"",""source_fqcn"":""Qualimetrix\\Infrastructure\\Ast\\WorkerParserFactory""},{""owner"":""Infrastructure.Console"",""source_fqcn"":""Qualimetrix\\Infrastructure\\Console\\RuntimeConfigurator""},{""owner"":""Infrastructure.Console"",""source_fqcn"":""Qualimetrix\\Infrastructure\\Console\\CheckResolvedConfiguration""}]"
src/Infrastructure/Cache/Contract/CacheConfigurationResolverInterface.php	Qualimetrix\Infrastructure\Cache\Contract\CacheConfigurationResolverInterface	interface	Infrastructure.Cache	contract	"[{""owner"":""Infrastructure.Console"",""source_fqcn"":""Qualimetrix\\Infrastructure\\Console\\Command\\BaselineRun""},{""owner"":""Infrastructure.Console"",""source_fqcn"":""Qualimetrix\\Infrastructure\\Console\\CheckConfigurationResolvers""},{""owner"":""Infrastructure.DependencyInjection"",""source_fqcn"":""Qualimetrix\\Infrastructure\\DependencyInjection\\Configurator\\OutputConfigurator""},{""owner"":""Infrastructure.DependencyInjection"",""source_fqcn"":""Qualimetrix\\Infrastructure\\DependencyInjection\\Configurator\\ParserConfigurator""},{""owner"":""Infrastructure.Console"",""source_fqcn"":""Qualimetrix\\Infrastructure\\Console\\AnalysisPreflight""}]"
src/Infrastructure/Cache/Contract/CacheConfigurationStoreInterface.php	Qualimetrix\Infrastructure\Cache\Contract\CacheConfigurationStoreInterface	interface	Infrastructure.Cache	contract	"[{""owner"":""Infrastructure.Ast"",""source_fqcn"":""Qualimetrix\\Infrastructure\\Ast\\CachedFileParser""},{""owner"":""Infrastructure.Ast"",""source_fqcn"":""Qualimetrix\\Infrastructure\\Ast\\FileParserFactory""},{""owner"":""Infrastructure.DependencyInjection"",""source_fqcn"":""Qualimetrix\\Infrastructure\\DependencyInjection\\Configurator\\DependencyModelConfigurator""},{""owner"":""Infrastructure.DependencyInjection"",""source_fqcn"":""Qualimetrix\\Infrastructure\\DependencyInjection\\Configurator\\ParserConfigurator""},{""owner"":""Infrastructure.Parallel"",""source_fqcn"":""Qualimetrix\\Infrastructure\\Parallel\\Strategy\\StrategySelector""}]"
src/Infrastructure/Cache/FileCache.php	Qualimetrix\Infrastructure\Cache\FileCache	class	Infrastructure.Cache	contract	"[{""owner"":""Infrastructure.Ast"",""source_fqcn"":""Qualimetrix\\Infrastructure\\Ast\\WorkerParserFactory""}]"
src/Infrastructure/Composer/ClassmapPath.php	Qualimetrix\Infrastructure\Composer\ClassmapPath	class	Infrastructure.Composer	internal	[]
src/Infrastructure/Composer/ComposerAutoloadMap.php	Qualimetrix\Infrastructure\Composer\ComposerAutoloadMap	class	Infrastructure.Composer	internal	[]
src/Infrastructure/Composer/Contract/AnalysedInstallAnchorInterface.php	Qualimetrix\Infrastructure\Composer\Contract\AnalysedInstallAnchorInterface	interface	Infrastructure.Composer	contract	"[{""owner"":""Infrastructure.Console"",""source_fqcn"":""Qualimetrix\\Infrastructure\\Console\\RuntimeConfigurator""},{""owner"":""Infrastructure.DependencyInjection"",""source_fqcn"":""Qualimetrix\\Infrastructure\\DependencyInjection\\Configurator\\DesignConfigurator""},{""owner"":""Infrastructure.DependencyInjection"",""source_fqcn"":""Qualimetrix\\Infrastructure\\DependencyInjection\\Configurator\\OutputConfigurator""}]"
src/Infrastructure/Composer/DeclaredParentReader.php	Qualimetrix\Infrastructure\Composer\DeclaredParentReader	class	Infrastructure.Composer	internal	[]
src/Infrastructure/Composer/GeneratedClassmap.php	Qualimetrix\Infrastructure\Composer\GeneratedClassmap	class	Infrastructure.Composer	internal	[]
src/Infrastructure/Composer/InstallLocator.php	Qualimetrix\Infrastructure\Composer\InstallLocator	class	Infrastructure.Composer	internal	[]
src/Infrastructure/Console/AnalysisPreflight.php	Qualimetrix\Infrastructure\Console\AnalysisPreflight	class	Infrastructure.Console	internal	"[{""owner"":""Infrastructure.DependencyInjection"",""relation"":""composition_binding"",""source_fqcn"":""Qualimetrix\\Infrastructure\\DependencyInjection\\Configurator\\OutputConfigurator"",""operations"":[""service_reference"",""service_registration""]},{""owner"":""Infrastructure.DependencyInjection"",""relation"":""composition_binding"",""source_fqcn"":""Qualimetrix\\Infrastructure\\DependencyInjection\\Configurator\\ArchitectureConfigurator"",""operations"":[""service_reference""]}]"
src/Infrastructure/Console/AnalysisReportCommandDefinition.php	Qualimetrix\Infrastructure\Console\AnalysisReportCommandDefinition	class	Infrastructure.Console	internal	[]
src/Infrastructure/Console/AnalysisRuntimeConfigurator.php	Qualimetrix\Infrastructure\Console\AnalysisRuntimeConfigurator	class	Infrastructure.Console	internal	"[{""owner"":""Infrastructure.DependencyInjection"",""relation"":""composition_binding"",""source_fqcn"":""Qualimetrix\\Infrastructure\\DependencyInjection\\Configurator\\OutputConfigurator"",""operations"":[""service_reference"",""service_registration""]}]"
src/Infrastructure/Console/Application.php	Qualimetrix\Infrastructure\Console\Application	class	Infrastructure.Console	internal	[]
src/Infrastructure/Console/ChannelExclusionKeyHints.php	Qualimetrix\Infrastructure\Console\ChannelExclusionKeyHints	class	Infrastructure.Console	internal	[]
src/Infrastructure/Console/ChannelExclusionKeyValidator.php	Qualimetrix\Infrastructure\Console\ChannelExclusionKeyValidator	class	Infrastructure.Console	internal	[]
src/Infrastructure/Console/CheckCommandDefinition.php	Qualimetrix\Infrastructure\Console\CheckCommandDefinition	class	Infrastructure.Console	internal	[]
src/Infrastructure/Console/CheckConfigurationResolvers.php	Qualimetrix\Infrastructure\Console\CheckConfigurationResolvers	class	Infrastructure.Console	internal	"[{""owner"":""Infrastructure.DependencyInjection"",""relation"":""composition_binding"",""source_fqcn"":""Qualimetrix\\Infrastructure\\DependencyInjection\\Configurator\\OutputConfigurator"",""operations"":[""service_reference"",""service_registration""]}]"
src/Infrastructure/Console/CheckResolvedConfiguration.php	Qualimetrix\Infrastructure\Console\CheckResolvedConfiguration	class	Infrastructure.Console	internal	[]
src/Infrastructure/Console/CheckScopeResolver.php	Qualimetrix\Infrastructure\Console\CheckScopeResolver	class	Infrastructure.Console	internal	[]
src/Infrastructure/Console/CliOptionsParser.php	Qualimetrix\Infrastructure\Console\CliOptionsParser	class	Infrastructure.Console	internal	[]
src/Infrastructure/Console/CliSelectorDecoder.php	Qualimetrix\Infrastructure\Console\CliSelectorDecoder	class	Infrastructure.Console	internal	[]
src/Infrastructure/Console/Command/AbstractHookCommand.php	Qualimetrix\Infrastructure\Console\Command\AbstractHookCommand	class	Infrastructure.Console	internal	[]
src/Infrastructure/Console/Command/BaselineCaptureReporter.php	Qualimetrix\Infrastructure\Console\Command\BaselineCaptureReporter	class	Infrastructure.Console	internal	[]
src/Infrastructure/Console/Command/BaselineCleanupCommand.php	Qualimetrix\Infrastructure\Console\Command\BaselineCleanupCommand	class	Infrastructure.Console	internal	"[{""owner"":""Infrastructure.DependencyInjection"",""relation"":""composition_binding"",""source_fqcn"":""Qualimetrix\\Infrastructure\\DependencyInjection\\Configurator\\OutputConfigurator"",""operations"":[""service_registration""]}]"
src/Infrastructure/Console/Command/BaselineCommand.php	Qualimetrix\Infrastructure\Console\Command\BaselineCommand	class	Infrastructure.Console	internal	[]
src/Infrastructure/Console/Command/BaselineCommandDefinition.php	Qualimetrix\Infrastructure\Console\Command\BaselineCommandDefinition	class	Infrastructure.Console	internal	[]
src/Infrastructure/Console/Command/BaselineConfiguredThresholds.php	Qualimetrix\Infrastructure\Console\Command\BaselineConfiguredThresholds	class	Infrastructure.Console	internal	"[{""owner"":""Infrastructure.DependencyInjection"",""relation"":""composition_binding"",""source_fqcn"":""Qualimetrix\\Infrastructure\\DependencyInjection\\Configurator\\OutputConfigurator"",""operations"":[""service_reference"",""service_registration""]}]"
src/Infrastructure/Console/Command/BaselineExplainCommand.php	Qualimetrix\Infrastructure\Console\Command\BaselineExplainCommand	class	Infrastructure.Console	internal	"[{""owner"":""Infrastructure.DependencyInjection"",""relation"":""composition_binding"",""source_fqcn"":""Qualimetrix\\Infrastructure\\DependencyInjection\\Configurator\\OutputConfigurator"",""operations"":[""service_registration""]}]"
src/Infrastructure/Console/Command/BaselineGenerateCommand.php	Qualimetrix\Infrastructure\Console\Command\BaselineGenerateCommand	class	Infrastructure.Console	internal	"[{""owner"":""Infrastructure.DependencyInjection"",""relation"":""composition_binding"",""source_fqcn"":""Qualimetrix\\Infrastructure\\DependencyInjection\\Configurator\\OutputConfigurator"",""operations"":[""service_registration""]}]"
src/Infrastructure/Console/Command/BaselineRenameChannelsCommand.php	Qualimetrix\Infrastructure\Console\Command\BaselineRenameChannelsCommand	class	Infrastructure.Console	internal	"[{""owner"":""Infrastructure.DependencyInjection"",""relation"":""composition_binding"",""source_fqcn"":""Qualimetrix\\Infrastructure\\DependencyInjection\\Configurator\\OutputConfigurator"",""operations"":[""service_registration""]}]"
src/Infrastructure/Console/Command/BaselineRun.php	Qualimetrix\Infrastructure\Console\Command\BaselineRun	class	Infrastructure.Console	internal	"[{""owner"":""Infrastructure.DependencyInjection"",""relation"":""composition_binding"",""source_fqcn"":""Qualimetrix\\Infrastructure\\DependencyInjection\\Configurator\\OutputConfigurator"",""operations"":[""service_alias"",""service_reference"",""service_registration""]}]"
src/Infrastructure/Console/Command/BaselineRunContext.php	Qualimetrix\Infrastructure\Console\Command\BaselineRunContext	class	Infrastructure.Console	internal	[]
src/Infrastructure/Console/Command/BaselineRunInterface.php	Qualimetrix\Infrastructure\Console\Command\BaselineRunInterface	interface	Infrastructure.Console	internal	"[{""owner"":""Infrastructure.DependencyInjection"",""relation"":""composition_binding"",""source_fqcn"":""Qualimetrix\\Infrastructure\\DependencyInjection\\Configurator\\OutputConfigurator"",""operations"":[""service_alias""]}]"
src/Infrastructure/Console/Command/BaselineUpdateCommand.php	Qualimetrix\Infrastructure\Console\Command\BaselineUpdateCommand	class	Infrastructure.Console	internal	"[{""owner"":""Infrastructure.DependencyInjection"",""relation"":""composition_binding"",""source_fqcn"":""Qualimetrix\\Infrastructure\\DependencyInjection\\Configurator\\OutputConfigurator"",""operations"":[""service_registration""]}]"
src/Infrastructure/Console/Command/ChannelRenameReporter.php	Qualimetrix\Infrastructure\Console\Command\ChannelRenameReporter	class	Infrastructure.Console	internal	[]
src/Infrastructure/Console/Command/CheckCommand.php	Qualimetrix\Infrastructure\Console\Command\CheckCommand	class	Infrastructure.Console	internal	"[{""owner"":""Infrastructure.DependencyInjection"",""relation"":""composition_binding"",""source_fqcn"":""Qualimetrix\\Infrastructure\\DependencyInjection\\Configurator\\OutputConfigurator"",""operations"":[""service_registration""]}]"
src/Infrastructure/Console/Command/Debug/LayerAssignmentCommand.php	Qualimetrix\Infrastructure\Console\Command\Debug\LayerAssignmentCommand	class	Infrastructure.Console	internal	[]
src/Infrastructure/Console/Command/DirectivesCommand.php	Qualimetrix\Infrastructure\Console\Command\DirectivesCommand	class	Infrastructure.Console	internal	"[{""owner"":""Infrastructure.DependencyInjection"",""relation"":""composition_binding"",""source_fqcn"":""Qualimetrix\\Infrastructure\\DependencyInjection\\Configurator\\OutputConfigurator"",""operations"":[""service_registration""]}]"
src/Infrastructure/Console/Command/GraphExportCommand.php	Qualimetrix\Infrastructure\Console\Command\GraphExportCommand	class	Infrastructure.Console	internal	"[{""owner"":""Infrastructure.DependencyInjection"",""relation"":""composition_binding"",""source_fqcn"":""Qualimetrix\\Infrastructure\\DependencyInjection\\Configurator\\OutputConfigurator"",""operations"":[""service_registration""]}]"
src/Infrastructure/Console/Command/HookInstallCommand.php	Qualimetrix\Infrastructure\Console\Command\HookInstallCommand	class	Infrastructure.Console	internal	"[{""owner"":""Infrastructure.DependencyInjection"",""relation"":""composition_binding"",""source_fqcn"":""Qualimetrix\\Infrastructure\\DependencyInjection\\Configurator\\OutputConfigurator"",""operations"":[""service_registration""]}]"
src/Infrastructure/Console/Command/HookStatusCommand.php	Qualimetrix\Infrastructure\Console\Command\HookStatusCommand	class	Infrastructure.Console	internal	"[{""owner"":""Infrastructure.DependencyInjection"",""relation"":""composition_binding"",""source_fqcn"":""Qualimetrix\\Infrastructure\\DependencyInjection\\Configurator\\OutputConfigurator"",""operations"":[""service_registration""]}]"
src/Infrastructure/Console/Command/HookUninstallCommand.php	Qualimetrix\Infrastructure\Console\Command\HookUninstallCommand	class	Infrastructure.Console	internal	"[{""owner"":""Infrastructure.DependencyInjection"",""relation"":""composition_binding"",""source_fqcn"":""Qualimetrix\\Infrastructure\\DependencyInjection\\Configurator\\OutputConfigurator"",""operations"":[""service_registration""]}]"
src/Infrastructure/Console/Command/RulesCommand.php	Qualimetrix\Infrastructure\Console\Command\RulesCommand	class	Infrastructure.Console	internal	"[{""owner"":""Infrastructure.DependencyInjection"",""relation"":""composition_binding"",""source_fqcn"":""Qualimetrix\\Infrastructure\\DependencyInjection\\Configurator\\OutputConfigurator"",""operations"":[""service_registration""]}]"
src/Infrastructure/Console/ConfigurationInputAdapter.php	Qualimetrix\Infrastructure\Console\ConfigurationInputAdapter	class	Infrastructure.Console	internal	"[{""owner"":""Infrastructure.DependencyInjection"",""relation"":""composition_binding"",""source_fqcn"":""Qualimetrix\\Infrastructure\\DependencyInjection\\Configurator\\OutputConfigurator"",""operations"":[""service_reference"",""service_registration""]}]"
src/Infrastructure/Console/DirectiveAuditPresenter.php	Qualimetrix\Infrastructure\Console\DirectiveAuditPresenter	class	Infrastructure.Console	internal	[]
src/Infrastructure/Console/DirectiveVerdictTally.php	Qualimetrix\Infrastructure\Console\DirectiveVerdictTally	class	Infrastructure.Console	internal	[]
src/Infrastructure/Console/ErrorStream.php	Qualimetrix\Infrastructure\Console\ErrorStream	class	Infrastructure.Console	internal	"[{""owner"":""Infrastructure.DependencyInjection"",""relation"":""composition_binding"",""source_fqcn"":""Qualimetrix\\Infrastructure\\DependencyInjection\\Configurator\\OutputConfigurator"",""operations"":[""service_reference"",""service_registration""]}]"
src/Infrastructure/Console/ExitCodeResolver.php	Qualimetrix\Infrastructure\Console\ExitCodeResolver	class	Infrastructure.Console	internal	"[{""owner"":""Infrastructure.DependencyInjection"",""relation"":""composition_binding"",""source_fqcn"":""Qualimetrix\\Infrastructure\\DependencyInjection\\Configurator\\OutputConfigurator"",""operations"":[""service_reference"",""service_registration""]}]"
src/Infrastructure/Console/ExitPolicy.php	Qualimetrix\Infrastructure\Console\ExitPolicy	class	Infrastructure.Console	internal	[]
src/Infrastructure/Console/FilteredInputDefinition.php	Qualimetrix\Infrastructure\Console\FilteredInputDefinition	class	Infrastructure.Console	internal	[]
src/Infrastructure/Console/FindingFilterOrchestrator.php	Qualimetrix\Infrastructure\Console\FindingFilterOrchestrator	class	Infrastructure.Console	internal	"[{""owner"":""Infrastructure.DependencyInjection"",""relation"":""composition_binding"",""source_fqcn"":""Qualimetrix\\Infrastructure\\DependencyInjection\\Configurator\\OutputConfigurator"",""operations"":[""service_reference"",""service_registration""]}]"
src/Infrastructure/Console/FormatterContextFactory.php	Qualimetrix\Infrastructure\Console\FormatterContextFactory	class	Infrastructure.Console	internal	"[{""owner"":""Infrastructure.DependencyInjection"",""relation"":""composition_binding"",""source_fqcn"":""Qualimetrix\\Infrastructure\\DependencyInjection\\Configurator\\OutputConfigurator"",""operations"":[""service_reference"",""service_registration""]}]"
src/Infrastructure/Console/Hook/PreCommitHook.php	Qualimetrix\Infrastructure\Console\Hook\PreCommitHook	class	Infrastructure.Console	internal	[]
src/Infrastructure/Console/LayerAssignmentResolver.php	Qualimetrix\Infrastructure\Console\LayerAssignmentResolver	class	Infrastructure.Console	internal	[]
src/Infrastructure/Console/MeasuredAnalysisRun.php	Qualimetrix\Infrastructure\Console\MeasuredAnalysisRun	class	Infrastructure.Console	internal	[]
src/Infrastructure/Console/MeasuredFindingSet.php	Qualimetrix\Infrastructure\Console\MeasuredFindingSet	class	Infrastructure.Console	internal	"[{""owner"":""Infrastructure.DependencyInjection"",""relation"":""composition_binding"",""source_fqcn"":""Qualimetrix\\Infrastructure\\DependencyInjection\\Configurator\\OutputConfigurator"",""operations"":[""service_reference"",""service_registration""]}]"
src/Infrastructure/Console/OutputHelper.php	Qualimetrix\Infrastructure\Console\OutputHelper	class	Infrastructure.Console	internal	[]
src/Infrastructure/Console/PreparedAnalysisInput.php	Qualimetrix\Infrastructure\Console\PreparedAnalysisInput	class	Infrastructure.Console	internal	[]
src/Infrastructure/Console/ProfilePresenter.php	Qualimetrix\Infrastructure\Console\ProfilePresenter	class	Infrastructure.Console	internal	"[{""owner"":""Infrastructure.DependencyInjection"",""relation"":""composition_binding"",""source_fqcn"":""Qualimetrix\\Infrastructure\\DependencyInjection\\Configurator\\OutputConfigurator"",""operations"":[""service_reference"",""service_registration""]}]"
src/Infrastructure/Console/ProfileSummaryRenderer.php	Qualimetrix\Infrastructure\Console\ProfileSummaryRenderer	class	Infrastructure.Console	internal	"[{""owner"":""Infrastructure.DependencyInjection"",""relation"":""composition_binding"",""source_fqcn"":""Qualimetrix\\Infrastructure\\DependencyInjection\\Configurator\\OutputConfigurator"",""operations"":[""service_reference"",""service_registration""]}]"
src/Infrastructure/Console/Progress/ConsoleProgressBar.php	Qualimetrix\Infrastructure\Console\Progress\ConsoleProgressBar	class	Infrastructure.Console	internal	[]
src/Infrastructure/Console/Progress/ProgressConfigurator.php	Qualimetrix\Infrastructure\Console\Progress\ProgressConfigurator	class	Infrastructure.Console	internal	"[{""owner"":""Infrastructure.DependencyInjection"",""relation"":""composition_binding"",""source_fqcn"":""Qualimetrix\\Infrastructure\\DependencyInjection\\Configurator\\OutputConfigurator"",""operations"":[""service_reference"",""service_registration""]}]"
src/Infrastructure/Console/Progress/SwitchableProgressReporter.php	Qualimetrix\Infrastructure\Console\Progress\SwitchableProgressReporter	class	Infrastructure.Console	internal	"[{""owner"":""Infrastructure.DependencyInjection"",""relation"":""composition_binding"",""source_fqcn"":""Qualimetrix\\Infrastructure\\DependencyInjection\\Configurator\\CoreServicesConfigurator"",""operations"":[""service_alias"",""service_registration""]},{""owner"":""Infrastructure.DependencyInjection"",""relation"":""composition_binding"",""source_fqcn"":""Qualimetrix\\Infrastructure\\DependencyInjection\\Configurator\\OutputConfigurator"",""operations"":[""service_reference""]}]"
src/Infrastructure/Console/Refusal/ConsoleExitCode.php	Qualimetrix\Infrastructure\Console\Refusal\ConsoleExitCode	enum	Infrastructure.Console	internal	[]
src/Infrastructure/Console/Refusal/MachineReadableFormats.php	Qualimetrix\Infrastructure\Console\Refusal\MachineReadableFormats	class	Infrastructure.Console	internal	[]
src/Infrastructure/Console/Refusal/RefusalPresenter.php	Qualimetrix\Infrastructure\Console\Refusal\RefusalPresenter	class	Infrastructure.Console	internal	"[{""owner"":""Infrastructure.DependencyInjection"",""relation"":""composition_binding"",""source_fqcn"":""Qualimetrix\\Infrastructure\\DependencyInjection\\Configurator\\OutputConfigurator"",""operations"":[""service_reference"",""service_registration""]},{""owner"":""Infrastructure.DependencyInjection"",""relation"":""composition_binding"",""source_fqcn"":""Qualimetrix\\Infrastructure\\DependencyInjection\\Configurator\\ArchitectureConfigurator"",""operations"":[""service_reference""]}]"
src/Infrastructure/Console/ResolvedCheckScope.php	Qualimetrix\Infrastructure\Console\ResolvedCheckScope	class	Infrastructure.Console	internal	[]
src/Infrastructure/Console/ResultPresenter.php	Qualimetrix\Infrastructure\Console\ResultPresenter	class	Infrastructure.Console	internal	"[{""owner"":""Infrastructure.DependencyInjection"",""relation"":""composition_binding"",""source_fqcn"":""Qualimetrix\\Infrastructure\\DependencyInjection\\Configurator\\OutputConfigurator"",""operations"":[""service_reference"",""service_registration""]}]"
src/Infrastructure/Console/RuleInputValidator.php	Qualimetrix\Infrastructure\Console\RuleInputValidator	class	Infrastructure.Console	internal	"[{""owner"":""Infrastructure.DependencyInjection"",""relation"":""composition_binding"",""source_fqcn"":""Qualimetrix\\Infrastructure\\DependencyInjection\\Configurator\\OutputConfigurator"",""operations"":[""service_reference"",""service_registration""]}]"
src/Infrastructure/Console/RuleListingPresenter.php	Qualimetrix\Infrastructure\Console\RuleListingPresenter	class	Infrastructure.Console	internal	"[{""owner"":""Infrastructure.DependencyInjection"",""relation"":""composition_binding"",""source_fqcn"":""Qualimetrix\\Infrastructure\\DependencyInjection\\Configurator\\OutputConfigurator"",""operations"":[""service_reference"",""service_registration""]}]"
src/Infrastructure/Console/RunningBinaryLocator.php	Qualimetrix\Infrastructure\Console\RunningBinaryLocator	class	Infrastructure.Console	internal	"[{""owner"":""Infrastructure.DependencyInjection"",""relation"":""composition_binding"",""source_fqcn"":""Qualimetrix\\Infrastructure\\DependencyInjection\\Configurator\\OutputConfigurator"",""operations"":[""service_alias"",""service_reference"",""service_registration""]}]"
src/Infrastructure/Console/RunningBinaryLocatorInterface.php	Qualimetrix\Infrastructure\Console\RunningBinaryLocatorInterface	interface	Infrastructure.Console	internal	"[{""owner"":""Infrastructure.DependencyInjection"",""relation"":""composition_binding"",""source_fqcn"":""Qualimetrix\\Infrastructure\\DependencyInjection\\Configurator\\OutputConfigurator"",""operations"":[""service_alias""]}]"
src/Infrastructure/Console/RuntimeConfigurator.php	Qualimetrix\Infrastructure\Console\RuntimeConfigurator	class	Infrastructure.Console	internal	"[{""owner"":""Infrastructure.DependencyInjection"",""relation"":""composition_binding"",""source_fqcn"":""Qualimetrix\\Infrastructure\\DependencyInjection\\Configurator\\OutputConfigurator"",""operations"":[""service_reference"",""service_registration""]}]"
src/Infrastructure/Console/RuntimeLimits.php	Qualimetrix\Infrastructure\Console\RuntimeLimits	class	Infrastructure.Console	internal	[]
src/Infrastructure/Console/RuntimeLimitsController.php	Qualimetrix\Infrastructure\Console\RuntimeLimitsController	class	Infrastructure.Console	internal	"[{""owner"":""Infrastructure.DependencyInjection"",""relation"":""composition_binding"",""source_fqcn"":""Qualimetrix\\Infrastructure\\DependencyInjection\\Configurator\\OutputConfigurator"",""operations"":[""service_reference"",""service_registration""]}]"
src/Infrastructure/Console/RuntimeLoggerConfigurator.php	Qualimetrix\Infrastructure\Console\RuntimeLoggerConfigurator	class	Infrastructure.Console	internal	[]
src/Infrastructure/Console/ScopeWarningChecker.php	Qualimetrix\Infrastructure\Console\ScopeWarningChecker	class	Infrastructure.Console	internal	[]
src/Infrastructure/DependencyInjection/CompilerPass/ChannelDeclarationCompilerPass.php	Qualimetrix\Infrastructure\DependencyInjection\CompilerPass\ChannelDeclarationCompilerPass	class	Infrastructure.DependencyInjection	internal	[]
src/Infrastructure/DependencyInjection/CompilerPass/CollectorCompilerPass.php	Qualimetrix\Infrastructure\DependencyInjection\CompilerPass\CollectorCompilerPass	class	Infrastructure.DependencyInjection	internal	[]
src/Infrastructure/DependencyInjection/CompilerPass/ConfigurationStageCompilerPass.php	Qualimetrix\Infrastructure\DependencyInjection\CompilerPass\ConfigurationStageCompilerPass	class	Infrastructure.DependencyInjection	internal	[]
src/Infrastructure/DependencyInjection/CompilerPass/ConfigurationValidatorCompilerPass.php	Qualimetrix\Infrastructure\DependencyInjection\CompilerPass\ConfigurationValidatorCompilerPass	class	Infrastructure.DependencyInjection	internal	[]
src/Infrastructure/DependencyInjection/CompilerPass/FileSetInspectionParticipantCompilerPass.php	Qualimetrix\Infrastructure\DependencyInjection\CompilerPass\FileSetInspectionParticipantCompilerPass	class	Infrastructure.DependencyInjection	internal	[]
src/Infrastructure/DependencyInjection/CompilerPass/FormatterCompilerPass.php	Qualimetrix\Infrastructure\DependencyInjection\CompilerPass\FormatterCompilerPass	class	Infrastructure.DependencyInjection	internal	[]
src/Infrastructure/DependencyInjection/CompilerPass/GlobalCollectorCompilerPass.php	Qualimetrix\Infrastructure\DependencyInjection\CompilerPass\GlobalCollectorCompilerPass	class	Infrastructure.DependencyInjection	internal	[]
src/Infrastructure/DependencyInjection/CompilerPass/JudgedMetricDeclarationGuard.php	Qualimetrix\Infrastructure\DependencyInjection\CompilerPass\JudgedMetricDeclarationGuard	class	Infrastructure.DependencyInjection	internal	[]
src/Infrastructure/DependencyInjection/CompilerPass/ParallelCollectorClassesCompilerPass.php	Qualimetrix\Infrastructure\DependencyInjection\CompilerPass\ParallelCollectorClassesCompilerPass	class	Infrastructure.DependencyInjection	internal	[]
src/Infrastructure/DependencyInjection/CompilerPass/RuleCompilerPass.php	Qualimetrix\Infrastructure\DependencyInjection\CompilerPass\RuleCompilerPass	class	Infrastructure.DependencyInjection	internal	[]
src/Infrastructure/DependencyInjection/CompilerPass/RuleOptionsCompilerPass.php	Qualimetrix\Infrastructure\DependencyInjection\CompilerPass\RuleOptionsCompilerPass	class	Infrastructure.DependencyInjection	internal	[]
src/Infrastructure/DependencyInjection/CompilerPass/RuleRegistryCompilerPass.php	Qualimetrix\Infrastructure\DependencyInjection\CompilerPass\RuleRegistryCompilerPass	class	Infrastructure.DependencyInjection	internal	[]
src/Infrastructure/DependencyInjection/CompilerPass/ThresholdValidatorMapCompilerPass.php	Qualimetrix\Infrastructure\DependencyInjection\CompilerPass\ThresholdValidatorMapCompilerPass	class	Infrastructure.DependencyInjection	internal	[]
src/Infrastructure/DependencyInjection/Configurator/AnalysisConfigurator.php	Qualimetrix\Infrastructure\DependencyInjection\Configurator\AnalysisConfigurator	class	Infrastructure.DependencyInjection	internal	[]
src/Infrastructure/DependencyInjection/Configurator/ArchitectureConfigurator.php	Qualimetrix\Infrastructure\DependencyInjection\Configurator\ArchitectureConfigurator	class	Infrastructure.DependencyInjection	internal	[]
src/Infrastructure/DependencyInjection/Configurator/CircularDependencyConfigurator.php	Qualimetrix\Infrastructure\DependencyInjection\Configurator\CircularDependencyConfigurator	class	Infrastructure.DependencyInjection	internal	[]
src/Infrastructure/DependencyInjection/Configurator/CodeSmellConfigurator.php	Qualimetrix\Infrastructure\DependencyInjection\Configurator\CodeSmellConfigurator	class	Infrastructure.DependencyInjection	internal	[]
src/Infrastructure/DependencyInjection/Configurator/CohesionConfigurator.php	Qualimetrix\Infrastructure\DependencyInjection\Configurator\CohesionConfigurator	class	Infrastructure.DependencyInjection	internal	[]
src/Infrastructure/DependencyInjection/Configurator/CollectorConfigurator.php	Qualimetrix\Infrastructure\DependencyInjection\Configurator\CollectorConfigurator	class	Infrastructure.DependencyInjection	internal	[]
src/Infrastructure/DependencyInjection/Configurator/ComplexityConfigurator.php	Qualimetrix\Infrastructure\DependencyInjection\Configurator\ComplexityConfigurator	class	Infrastructure.DependencyInjection	internal	[]
src/Infrastructure/DependencyInjection/Configurator/ComputedMetricsConfigurator.php	Qualimetrix\Infrastructure\DependencyInjection\Configurator\ComputedMetricsConfigurator	class	Infrastructure.DependencyInjection	internal	[]
src/Infrastructure/DependencyInjection/Configurator/ConfigurationConfigurator.php	Qualimetrix\Infrastructure\DependencyInjection\Configurator\ConfigurationConfigurator	class	Infrastructure.DependencyInjection	internal	[]
src/Infrastructure/DependencyInjection/Configurator/ContainerConfiguratorInterface.php	Qualimetrix\Infrastructure\DependencyInjection\Configurator\ContainerConfiguratorInterface	interface	Infrastructure.DependencyInjection	internal	[]
src/Infrastructure/DependencyInjection/Configurator/CoreServicesConfigurator.php	Qualimetrix\Infrastructure\DependencyInjection\Configurator\CoreServicesConfigurator	class	Infrastructure.DependencyInjection	internal	[]
src/Infrastructure/DependencyInjection/Configurator/CouplingConfigurator.php	Qualimetrix\Infrastructure\DependencyInjection\Configurator\CouplingConfigurator	class	Infrastructure.DependencyInjection	internal	[]
src/Infrastructure/DependencyInjection/Configurator/DependencyModelConfigurator.php	Qualimetrix\Infrastructure\DependencyInjection\Configurator\DependencyModelConfigurator	class	Infrastructure.DependencyInjection	internal	[]
src/Infrastructure/DependencyInjection/Configurator/DesignConfigurator.php	Qualimetrix\Infrastructure\DependencyInjection\Configurator\DesignConfigurator	class	Infrastructure.DependencyInjection	internal	[]
src/Infrastructure/DependencyInjection/Configurator/DuplicationConfigurator.php	Qualimetrix\Infrastructure\DependencyInjection\Configurator\DuplicationConfigurator	class	Infrastructure.DependencyInjection	internal	[]
src/Infrastructure/DependencyInjection/Configurator/FindingConfigurator.php	Qualimetrix\Infrastructure\DependencyInjection\Configurator\FindingConfigurator	class	Infrastructure.DependencyInjection	internal	[]
src/Infrastructure/DependencyInjection/Configurator/MaintainabilityConfigurator.php	Qualimetrix\Infrastructure\DependencyInjection\Configurator\MaintainabilityConfigurator	class	Infrastructure.DependencyInjection	internal	[]
src/Infrastructure/DependencyInjection/Configurator/MeasurementConfigurator.php	Qualimetrix\Infrastructure\DependencyInjection\Configurator\MeasurementConfigurator	class	Infrastructure.DependencyInjection	internal	[]
src/Infrastructure/DependencyInjection/Configurator/OutputConfigurator.php	Qualimetrix\Infrastructure\DependencyInjection\Configurator\OutputConfigurator	class	Infrastructure.DependencyInjection	internal	[]
src/Infrastructure/DependencyInjection/Configurator/ParserConfigurator.php	Qualimetrix\Infrastructure\DependencyInjection\Configurator\ParserConfigurator	class	Infrastructure.DependencyInjection	internal	[]
src/Infrastructure/DependencyInjection/Configurator/RuleConfigurator.php	Qualimetrix\Infrastructure\DependencyInjection\Configurator\RuleConfigurator	class	Infrastructure.DependencyInjection	internal	[]
src/Infrastructure/DependencyInjection/Configurator/SecurityConfigurator.php	Qualimetrix\Infrastructure\DependencyInjection\Configurator\SecurityConfigurator	class	Infrastructure.DependencyInjection	internal	[]
src/Infrastructure/DependencyInjection/Configurator/SizeConfigurator.php	Qualimetrix\Infrastructure\DependencyInjection\Configurator\SizeConfigurator	class	Infrastructure.DependencyInjection	internal	[]
src/Infrastructure/DependencyInjection/ContainerFactory.php	Qualimetrix\Infrastructure\DependencyInjection\ContainerFactory	class	Infrastructure.DependencyInjection	internal	[]
src/Infrastructure/Git/ChangeStatus.php	Qualimetrix\Infrastructure\Git\ChangeStatus	enum	Infrastructure.Git	internal	[]
src/Infrastructure/Git/ChangedFile.php	Qualimetrix\Infrastructure\Git\ChangedFile	class	Infrastructure.Git	internal	[]
src/Infrastructure/Git/GitClient.php	Qualimetrix\Infrastructure\Git\GitClient	class	Infrastructure.Git	internal	[]
src/Infrastructure/Git/GitRepositoryLocator.php	Qualimetrix\Infrastructure\Git\GitRepositoryLocator	class	Infrastructure.Git	internal	"[{""owner"":""Infrastructure.DependencyInjection"",""relation"":""composition_binding"",""source_fqcn"":""Qualimetrix\\Infrastructure\\DependencyInjection\\Configurator\\OutputConfigurator"",""operations"":[""service_alias"",""service_reference"",""service_registration""]}]"
src/Infrastructure/Git/GitRepositoryLocatorInterface.php	Qualimetrix\Infrastructure\Git\GitRepositoryLocatorInterface	interface	Infrastructure.Git	contract	"[{""owner"":""Infrastructure.Console"",""source_fqcn"":""Qualimetrix\\Infrastructure\\Console\\Command\\AbstractHookCommand""},{""owner"":""Infrastructure.DependencyInjection"",""source_fqcn"":""Qualimetrix\\Infrastructure\\DependencyInjection\\Configurator\\OutputConfigurator""}]"
src/Infrastructure/Git/GitScope.php	Qualimetrix\Infrastructure\Git\GitScope	class	Infrastructure.Git	contract	"[{""owner"":""Infrastructure.Console"",""source_fqcn"":""Qualimetrix\\Infrastructure\\Console\\ResultPresenter""}]"
src/Infrastructure/Git/GitScopeParser.php	Qualimetrix\Infrastructure\Git\GitScopeParser	class	Infrastructure.Git	internal	[]
src/Infrastructure/Git/GitScopeRefusedException.php	Qualimetrix\Infrastructure\Git\GitScopeRefusedException	class	Infrastructure.Git	internal	[]
src/Infrastructure/Git/GitScopeResolution.php	Qualimetrix\Infrastructure\Git\GitScopeResolution	class	Infrastructure.Git	contract	"[{""owner"":""Infrastructure.Console"",""source_fqcn"":""Qualimetrix\\Infrastructure\\Console\\ResolvedCheckScope""},{""owner"":""Infrastructure.Console"",""source_fqcn"":""Qualimetrix\\Infrastructure\\Console\\FindingFilterOrchestrator""}]"
src/Infrastructure/Git/GitScopeResolver.php	Qualimetrix\Infrastructure\Git\GitScopeResolver	class	Infrastructure.Git	contract	"[{""owner"":""Infrastructure.Console"",""source_fqcn"":""Qualimetrix\\Infrastructure\\Console\\CheckScopeResolver""}]"
src/Infrastructure/Git/NameStatusRecord.php	Qualimetrix\Infrastructure\Git\NameStatusRecord	class	Infrastructure.Git	internal	[]
src/Infrastructure/Git/NotAGitRepositoryException.php	Qualimetrix\Infrastructure\Git\NotAGitRepositoryException	class	Infrastructure.Git	internal	[]
src/Infrastructure/Git/ReportingGitScopeQuery.php	Qualimetrix\Infrastructure\Git\ReportingGitScopeQuery	class	Infrastructure.Git	internal	[]
src/Infrastructure/Git/UnresolvedGitReferenceException.php	Qualimetrix\Infrastructure\Git\UnresolvedGitReferenceException	class	Infrastructure.Git	internal	[]
src/Infrastructure/Logging/ConsoleLogger.php	Qualimetrix\Infrastructure\Logging\ConsoleLogger	class	Infrastructure.Logging	internal	[]
src/Infrastructure/Logging/Contract/LoggerFactoryInterface.php	Qualimetrix\Infrastructure\Logging\Contract\LoggerFactoryInterface	interface	Infrastructure.Logging	contract	"[{""owner"":""Infrastructure.Console"",""source_fqcn"":""Qualimetrix\\Infrastructure\\Console\\RuntimeLoggerConfigurator""},{""owner"":""Infrastructure.DependencyInjection"",""source_fqcn"":""Qualimetrix\\Infrastructure\\DependencyInjection\\Configurator\\CoreServicesConfigurator""},{""owner"":""Infrastructure.DependencyInjection"",""source_fqcn"":""Qualimetrix\\Infrastructure\\DependencyInjection\\Configurator\\OutputConfigurator""}]"
src/Infrastructure/Logging/DelegatingLogger.php	Qualimetrix\Infrastructure\Logging\DelegatingLogger	class	Infrastructure.Logging	internal	"[{""owner"":""Infrastructure.DependencyInjection"",""relation"":""composition_binding"",""source_fqcn"":""Qualimetrix\\Infrastructure\\DependencyInjection\\CompilerPass\\RuleOptionsCompilerPass"",""operations"":[""conditional_service_reference""]},{""owner"":""Infrastructure.DependencyInjection"",""relation"":""composition_binding"",""source_fqcn"":""Qualimetrix\\Infrastructure\\DependencyInjection\\Configurator\\AnalysisConfigurator"",""operations"":[""service_reference""]},{""owner"":""Infrastructure.DependencyInjection"",""relation"":""composition_binding"",""source_fqcn"":""Qualimetrix\\Infrastructure\\DependencyInjection\\Configurator\\CollectorConfigurator"",""operations"":[""service_reference""]},{""owner"":""Infrastructure.DependencyInjection"",""relation"":""composition_binding"",""source_fqcn"":""Qualimetrix\\Infrastructure\\DependencyInjection\\Configurator\\CoreServicesConfigurator"",""operations"":[""service_registration""]},{""owner"":""Infrastructure.DependencyInjection"",""relation"":""composition_binding"",""source_fqcn"":""Qualimetrix\\Infrastructure\\DependencyInjection\\Configurator\\DependencyModelConfigurator"",""operations"":[""service_reference""]},{""owner"":""Infrastructure.DependencyInjection"",""relation"":""composition_binding"",""source_fqcn"":""Qualimetrix\\Infrastructure\\DependencyInjection\\Configurator\\OutputConfigurator"",""operations"":[""service_reference""]},{""owner"":""Infrastructure.DependencyInjection"",""relation"":""composition_binding"",""source_fqcn"":""Qualimetrix\\Infrastructure\\DependencyInjection\\Configurator\\ParserConfigurator"",""operations"":[""service_reference""]}]"
src/Infrastructure/Logging/FileLogger.php	Qualimetrix\Infrastructure\Logging\FileLogger	class	Infrastructure.Logging	internal	[]
src/Infrastructure/Logging/LoggerFactory.php	Qualimetrix\Infrastructure\Logging\LoggerFactory	class	Infrastructure.Logging	contract	"[{""owner"":""Infrastructure.DependencyInjection"",""source_fqcn"":""Qualimetrix\\Infrastructure\\DependencyInjection\\Configurator\\CoreServicesConfigurator""}]"
src/Infrastructure/Logging/LoggerHelperTrait.php	Qualimetrix\Infrastructure\Logging\LoggerHelperTrait	trait	Infrastructure.Logging	internal	[]
src/Infrastructure/Logging/LoggerHolder.php	Qualimetrix\Infrastructure\Logging\LoggerHolder	class	Infrastructure.Logging	contract	"[{""owner"":""Infrastructure.Console"",""source_fqcn"":""Qualimetrix\\Infrastructure\\Console\\RuntimeLoggerConfigurator""},{""owner"":""Infrastructure.DependencyInjection"",""source_fqcn"":""Qualimetrix\\Infrastructure\\DependencyInjection\\Configurator\\CoreServicesConfigurator""},{""owner"":""Infrastructure.DependencyInjection"",""source_fqcn"":""Qualimetrix\\Infrastructure\\DependencyInjection\\Configurator\\OutputConfigurator""}]"
src/Infrastructure/Parallel/Configuration/ParallelConfigurationResolver.php	Qualimetrix\Infrastructure\Parallel\Configuration\ParallelConfigurationResolver	class	Infrastructure.Parallel	internal	"[{""owner"":""Infrastructure.DependencyInjection"",""relation"":""composition_binding"",""source_fqcn"":""Qualimetrix\\Infrastructure\\DependencyInjection\\Configurator\\CollectorConfigurator"",""operations"":[""service_alias"",""service_registration""]}]"
src/Infrastructure/Parallel/Contract/ParallelConfiguration.php	Qualimetrix\Infrastructure\Parallel\Contract\ParallelConfiguration	class	Infrastructure.Parallel	contract	"[{""owner"":""Infrastructure.Console"",""source_fqcn"":""Qualimetrix\\Infrastructure\\Console\\RuntimeConfigurator""},{""owner"":""Infrastructure.Console"",""source_fqcn"":""Qualimetrix\\Infrastructure\\Console\\CheckResolvedConfiguration""}]"
src/Infrastructure/Parallel/Contract/ParallelConfigurationResolverInterface.php	Qualimetrix\Infrastructure\Parallel\Contract\ParallelConfigurationResolverInterface	interface	Infrastructure.Parallel	contract	"[{""owner"":""Infrastructure.Console"",""source_fqcn"":""Qualimetrix\\Infrastructure\\Console\\Command\\BaselineRun""},{""owner"":""Infrastructure.Console"",""source_fqcn"":""Qualimetrix\\Infrastructure\\Console\\CheckConfigurationResolvers""},{""owner"":""Infrastructure.DependencyInjection"",""source_fqcn"":""Qualimetrix\\Infrastructure\\DependencyInjection\\Configurator\\CollectorConfigurator""},{""owner"":""Infrastructure.DependencyInjection"",""source_fqcn"":""Qualimetrix\\Infrastructure\\DependencyInjection\\Configurator\\OutputConfigurator""},{""owner"":""Infrastructure.Console"",""source_fqcn"":""Qualimetrix\\Infrastructure\\Console\\AnalysisPreflight""}]"
src/Infrastructure/Parallel/Contract/ParallelConfigurationStoreInterface.php	Qualimetrix\Infrastructure\Parallel\Contract\ParallelConfigurationStoreInterface	interface	Infrastructure.Parallel	contract	"[{""owner"":""Infrastructure.Console"",""source_fqcn"":""Qualimetrix\\Infrastructure\\Console\\RuntimeConfigurator""},{""owner"":""Infrastructure.DependencyInjection"",""source_fqcn"":""Qualimetrix\\Infrastructure\\DependencyInjection\\Configurator\\CollectorConfigurator""},{""owner"":""Infrastructure.DependencyInjection"",""source_fqcn"":""Qualimetrix\\Infrastructure\\DependencyInjection\\Configurator\\DependencyModelConfigurator""},{""owner"":""Infrastructure.DependencyInjection"",""source_fqcn"":""Qualimetrix\\Infrastructure\\DependencyInjection\\Configurator\\OutputConfigurator""}]"
src/Infrastructure/Parallel/FileProcessingTask.php	Qualimetrix\Infrastructure\Parallel\FileProcessingTask	class	Infrastructure.Parallel	internal	[]
src/Infrastructure/Parallel/FileProcessingTaskFactory.php	Qualimetrix\Infrastructure\Parallel\FileProcessingTaskFactory	class	Infrastructure.Parallel	internal	"[{""owner"":""Infrastructure.DependencyInjection"",""relation"":""composition_binding"",""source_fqcn"":""Qualimetrix\\Infrastructure\\DependencyInjection\\CompilerPass\\ParallelCollectorClassesCompilerPass"",""operations"":[""definition_argument_mutation""]},{""owner"":""Infrastructure.DependencyInjection"",""relation"":""composition_binding"",""source_fqcn"":""Qualimetrix\\Infrastructure\\DependencyInjection\\Configurator\\CollectorConfigurator"",""operations"":[""service_reference"",""service_registration""]}]"
src/Infrastructure/Parallel/Runtime/ParallelConfigurationStore.php	Qualimetrix\Infrastructure\Parallel\Runtime\ParallelConfigurationStore	class	Infrastructure.Parallel	internal	"[{""owner"":""Infrastructure.DependencyInjection"",""relation"":""composition_binding"",""source_fqcn"":""Qualimetrix\\Infrastructure\\DependencyInjection\\Configurator\\CollectorConfigurator"",""operations"":[""service_alias"",""service_registration""]}]"
src/Infrastructure/Parallel/Strategy/AmphpParallelStrategy.php	Qualimetrix\Infrastructure\Parallel\Strategy\AmphpParallelStrategy	class	Infrastructure.Parallel	internal	"[{""owner"":""Infrastructure.DependencyInjection"",""relation"":""composition_binding"",""source_fqcn"":""Qualimetrix\\Infrastructure\\DependencyInjection\\Configurator\\CollectorConfigurator"",""operations"":[""service_registration""]}]"
src/Infrastructure/Parallel/Strategy/SequentialStrategy.php	Qualimetrix\Infrastructure\Parallel\Strategy\SequentialStrategy	class	Infrastructure.Parallel	internal	"[{""owner"":""Infrastructure.DependencyInjection"",""relation"":""composition_binding"",""source_fqcn"":""Qualimetrix\\Infrastructure\\DependencyInjection\\Configurator\\CollectorConfigurator"",""operations"":[""service_registration""]}]"
src/Infrastructure/Parallel/Strategy/StrategySelector.php	Qualimetrix\Infrastructure\Parallel\Strategy\StrategySelector	class	Infrastructure.Parallel	internal	"[{""owner"":""Infrastructure.DependencyInjection"",""relation"":""composition_binding"",""source_fqcn"":""Qualimetrix\\Infrastructure\\DependencyInjection\\Configurator\\DependencyModelConfigurator"",""operations"":[""service_alias"",""service_registration""]}]"
src/Infrastructure/Parallel/Strategy/WorkerCountDetector.php	Qualimetrix\Infrastructure\Parallel\Strategy\WorkerCountDetector	class	Infrastructure.Parallel	internal	"[{""owner"":""Infrastructure.DependencyInjection"",""relation"":""composition_binding"",""source_fqcn"":""Qualimetrix\\Infrastructure\\DependencyInjection\\Configurator\\CollectorConfigurator"",""operations"":[""service_registration""]}]"
src/Infrastructure/Parallel/WorkerBootstrap.php	Qualimetrix\Infrastructure\Parallel\WorkerBootstrap	class	Infrastructure.Parallel	internal	[]
src/Infrastructure/Profiler/Contract/ProfileFormat.php	Qualimetrix\Infrastructure\Profiler\Contract\ProfileFormat	enum	Infrastructure.Profiler	contract	"[{""owner"":""Infrastructure.Console"",""source_fqcn"":""Qualimetrix\\Infrastructure\\Console\\ProfilePresenter""}]"
src/Infrastructure/Profiler/Contract/ProfileReportInterface.php	Qualimetrix\Infrastructure\Profiler\Contract\ProfileReportInterface	interface	Infrastructure.Profiler	contract	"[{""owner"":""Infrastructure.Console"",""source_fqcn"":""Qualimetrix\\Infrastructure\\Console\\ProfilePresenter""},{""owner"":""Infrastructure.DependencyInjection"",""source_fqcn"":""Qualimetrix\\Infrastructure\\DependencyInjection\\Configurator\\CoreServicesConfigurator""},{""owner"":""Infrastructure.DependencyInjection"",""source_fqcn"":""Qualimetrix\\Infrastructure\\DependencyInjection\\Configurator\\OutputConfigurator""}]"
src/Infrastructure/Profiler/Contract/ProfileSessionControlInterface.php	Qualimetrix\Infrastructure\Profiler\Contract\ProfileSessionControlInterface	interface	Infrastructure.Profiler	contract	"[{""owner"":""Infrastructure.Console"",""source_fqcn"":""Qualimetrix\\Infrastructure\\Console\\RuntimeConfigurator""},{""owner"":""Infrastructure.DependencyInjection"",""source_fqcn"":""Qualimetrix\\Infrastructure\\DependencyInjection\\Configurator\\CoreServicesConfigurator""},{""owner"":""Infrastructure.DependencyInjection"",""source_fqcn"":""Qualimetrix\\Infrastructure\\DependencyInjection\\Configurator\\OutputConfigurator""}]"
src/Infrastructure/Profiler/Contract/ProfileSummary.php	Qualimetrix\Infrastructure\Profiler\Contract\ProfileSummary	class	Infrastructure.Profiler	contract	"[{""owner"":""Infrastructure.Console"",""source_fqcn"":""Qualimetrix\\Infrastructure\\Console\\ProfileSummaryRenderer""}]"
src/Infrastructure/Profiler/Export/ChromeTracingExporter.php	Qualimetrix\Infrastructure\Profiler\Export\ChromeTracingExporter	class	Infrastructure.Profiler	internal	[]
src/Infrastructure/Profiler/Export/JsonExporter.php	Qualimetrix\Infrastructure\Profiler\Export\JsonExporter	class	Infrastructure.Profiler	internal	[]
src/Infrastructure/Profiler/Export/ProfileExporterInterface.php	Qualimetrix\Infrastructure\Profiler\Export\ProfileExporterInterface	interface	Infrastructure.Profiler	internal	[]
src/Infrastructure/Profiler/ProfileSession.php	Qualimetrix\Infrastructure\Profiler\ProfileSession	class	Infrastructure.Profiler	internal	"[{""owner"":""Infrastructure.DependencyInjection"",""relation"":""composition_binding"",""source_fqcn"":""Qualimetrix\\Infrastructure\\DependencyInjection\\Configurator\\CoreServicesConfigurator"",""operations"":[""service_alias"",""service_registration""]}]"
src/Infrastructure/Profiler/Profiler.php	Qualimetrix\Infrastructure\Profiler\Profiler	class	Infrastructure.Profiler	internal	[]
src/Infrastructure/Profiler/Span.php	Qualimetrix\Infrastructure\Profiler\Span	class	Infrastructure.Profiler	internal	[]
src/Infrastructure/Rule/ChannelUniverse.php	Qualimetrix\Infrastructure\Rule\ChannelUniverse	class	Infrastructure.Rule	internal	"[{""owner"":""Infrastructure.DependencyInjection"",""relation"":""composition_binding"",""source_fqcn"":""Qualimetrix\\Infrastructure\\DependencyInjection\\CompilerPass\\ChannelDeclarationCompilerPass"",""operations"":[""definition_argument_mutation""]},{""owner"":""Infrastructure.DependencyInjection"",""relation"":""composition_binding"",""source_fqcn"":""Qualimetrix\\Infrastructure\\DependencyInjection\\Configurator\\RuleConfigurator"",""operations"":[""service_alias"",""service_registration""]}]"
src/Infrastructure/Rule/ComputedMetricChannelPresentation.php	Qualimetrix\Infrastructure\Rule\ComputedMetricChannelPresentation	class	Infrastructure.Rule	internal	"[{""owner"":""Infrastructure.DependencyInjection"",""relation"":""composition_binding"",""source_fqcn"":""Qualimetrix\\Infrastructure\\DependencyInjection\\Configurator\\RuleConfigurator"",""operations"":[""service_alias"",""service_registration""]}]"
src/Infrastructure/Rule/ConfigurationValidatorRegistry.php	Qualimetrix\Infrastructure\Rule\ConfigurationValidatorRegistry	class	Infrastructure.Rule	internal	"[{""owner"":""Infrastructure.DependencyInjection"",""relation"":""composition_binding"",""source_fqcn"":""Qualimetrix\\Infrastructure\\DependencyInjection\\CompilerPass\\ConfigurationValidatorCompilerPass"",""operations"":[""definition_argument_mutation""]},{""owner"":""Infrastructure.DependencyInjection"",""relation"":""composition_binding"",""source_fqcn"":""Qualimetrix\\Infrastructure\\DependencyInjection\\Configurator\\RuleConfigurator"",""operations"":[""service_registration""]}]"
src/Infrastructure/Rule/Contract/RuleChannelSnapshotFactoryInterface.php	Qualimetrix\Infrastructure\Rule\Contract\RuleChannelSnapshotFactoryInterface	interface	Infrastructure.Rule	contract	"[{""owner"":""Infrastructure.Console"",""source_fqcn"":""Qualimetrix\\Infrastructure\\Console\\RuleInputValidator""},{""owner"":""Infrastructure.DependencyInjection"",""source_fqcn"":""Qualimetrix\\Infrastructure\\DependencyInjection\\Configurator\\OutputConfigurator""},{""owner"":""Infrastructure.DependencyInjection"",""source_fqcn"":""Qualimetrix\\Infrastructure\\DependencyInjection\\Configurator\\RuleConfigurator""}]"
src/Infrastructure/Rule/Exception/ConflictingCliAliasException.php	Qualimetrix\Infrastructure\Rule\Exception\ConflictingCliAliasException	class	Infrastructure.Rule	internal	[]
src/Infrastructure/Rule/KnownRuleNamesAdapter.php	Qualimetrix\Infrastructure\Rule\KnownRuleNamesAdapter	class	Infrastructure.Rule	internal	"[{""owner"":""Infrastructure.DependencyInjection"",""relation"":""composition_binding"",""source_fqcn"":""Qualimetrix\\Infrastructure\\DependencyInjection\\CompilerPass\\ChannelDeclarationCompilerPass"",""operations"":[""definition_argument_mutation""]},{""owner"":""Infrastructure.DependencyInjection"",""relation"":""composition_binding"",""source_fqcn"":""Qualimetrix\\Infrastructure\\DependencyInjection\\Configurator\\RuleConfigurator"",""operations"":[""service_alias"",""service_registration""]}]"
src/Infrastructure/Rule/RuleRegistry.php	Qualimetrix\Infrastructure\Rule\RuleRegistry	class	Infrastructure.Rule	internal	"[{""owner"":""Infrastructure.DependencyInjection"",""relation"":""composition_binding"",""source_fqcn"":""Qualimetrix\\Infrastructure\\DependencyInjection\\CompilerPass\\RuleRegistryCompilerPass"",""operations"":[""definition_argument_mutation""]},{""owner"":""Infrastructure.DependencyInjection"",""relation"":""composition_binding"",""source_fqcn"":""Qualimetrix\\Infrastructure\\DependencyInjection\\Configurator\\RuleConfigurator"",""operations"":[""service_alias"",""service_registration""]}]"
src/Infrastructure/Rule/RuleRegistryInterface.php	Qualimetrix\Infrastructure\Rule\RuleRegistryInterface	interface	Infrastructure.Rule	contract	"[{""owner"":""Infrastructure.Console"",""source_fqcn"":""Qualimetrix\\Infrastructure\\Console\\CheckCommandDefinition""},{""owner"":""Infrastructure.Console"",""source_fqcn"":""Qualimetrix\\Infrastructure\\Console\\Command\\BaselineConfiguredThresholds""},{""owner"":""Infrastructure.Console"",""source_fqcn"":""Qualimetrix\\Infrastructure\\Console\\RuleInputValidator""},{""owner"":""Infrastructure.DependencyInjection"",""source_fqcn"":""Qualimetrix\\Infrastructure\\DependencyInjection\\Configurator\\OutputConfigurator""},{""owner"":""Infrastructure.DependencyInjection"",""source_fqcn"":""Qualimetrix\\Infrastructure\\DependencyInjection\\Configurator\\RuleConfigurator""}]"
src/Infrastructure/Serializer/IgbinarySerializer.php	Qualimetrix\Infrastructure\Serializer\IgbinarySerializer	class	Infrastructure.Serializer	internal	[]
src/Infrastructure/Serializer/PhpSerializer.php	Qualimetrix\Infrastructure\Serializer\PhpSerializer	class	Infrastructure.Serializer	internal	[]
src/Infrastructure/Serializer/SerializerInterface.php	Qualimetrix\Infrastructure\Serializer\SerializerInterface	interface	Infrastructure.Serializer	contract	"[{""owner"":""Infrastructure.Cache"",""source_fqcn"":""Qualimetrix\\Infrastructure\\Cache\\FileCache""}]"
src/Infrastructure/Serializer/SerializerSelector.php	Qualimetrix\Infrastructure\Serializer\SerializerSelector	class	Infrastructure.Serializer	contract	"[{""owner"":""Infrastructure.Cache"",""source_fqcn"":""Qualimetrix\\Infrastructure\\Cache\\FileCache""}]"
src/Reporting/Configuration/OutputFormatResolver.php	Qualimetrix\Reporting\Configuration\OutputFormatResolver	class	Reporting	internal	"[{""owner"":""Infrastructure.DependencyInjection"",""relation"":""composition_binding"",""source_fqcn"":""Qualimetrix\\Infrastructure\\DependencyInjection\\Configurator\\OutputConfigurator"",""operations"":[""service_alias"",""service_registration""]}]"
src/Reporting/Contract/OutputFormat.php	Qualimetrix\Reporting\Contract\OutputFormat	class	Reporting	contract	"[{""owner"":""Infrastructure.Console"",""source_fqcn"":""Qualimetrix\\Infrastructure\\Console\\ResultPresenter""},{""owner"":""Infrastructure.Console"",""source_fqcn"":""Qualimetrix\\Infrastructure\\Console\\CheckResolvedConfiguration""}]"
src/Reporting/Contract/OutputFormatResolverInterface.php	Qualimetrix\Reporting\Contract\OutputFormatResolverInterface	interface	Reporting	contract	"[{""owner"":""Infrastructure.Console"",""source_fqcn"":""Qualimetrix\\Infrastructure\\Console\\CheckConfigurationResolvers""},{""owner"":""Infrastructure.DependencyInjection"",""source_fqcn"":""Qualimetrix\\Infrastructure\\DependencyInjection\\Configurator\\OutputConfigurator""}]"
src/Reporting/CoverageFailure.php	Qualimetrix\Reporting\CoverageFailure	class	Reporting	contract	"[{""owner"":""Infrastructure.Console"",""source_fqcn"":""Qualimetrix\\Infrastructure\\Console\\ResultPresenter""}]"
src/Reporting/DrillDown/DrillDownBinding.php	Qualimetrix\Reporting\DrillDown\DrillDownBinding	class	Reporting	contract	"[{""owner"":""Infrastructure.Console"",""source_fqcn"":""Qualimetrix\\Infrastructure\\Console\\ResultPresenter""}]"
src/Reporting/DrillDown/FindingFilter.php	Qualimetrix\Reporting\DrillDown\FindingFilter	class	Reporting	contract	"[{""owner"":""Infrastructure.Console"",""source_fqcn"":""Qualimetrix\\Infrastructure\\Console\\ResultPresenter""},{""owner"":""Infrastructure.DependencyInjection"",""source_fqcn"":""Qualimetrix\\Infrastructure\\DependencyInjection\\Configurator\\OutputConfigurator""}]"
src/Reporting/FindingProjection/Configuration/ConfiguredFindingExclusionsResolver.php	Qualimetrix\Reporting\FindingProjection\Configuration\ConfiguredFindingExclusionsResolver	class	Reporting	internal	"[{""owner"":""Infrastructure.DependencyInjection"",""relation"":""composition_binding"",""source_fqcn"":""Qualimetrix\\Infrastructure\\DependencyInjection\\Configurator\\OutputConfigurator"",""operations"":[""service_alias"",""service_registration""]}]"
src/Reporting/FindingProjection/Contract/ConfiguredFindingExclusions.php	Qualimetrix\Reporting\FindingProjection\Contract\ConfiguredFindingExclusions	class	Reporting	contract	"[{""owner"":""Infrastructure.Console"",""source_fqcn"":""Qualimetrix\\Infrastructure\\Console\\FindingFilterOrchestrator""},{""owner"":""Infrastructure.Console"",""source_fqcn"":""Qualimetrix\\Infrastructure\\Console\\CheckResolvedConfiguration""}]"
src/Reporting/FindingProjection/Contract/ConfiguredFindingExclusionsResolverInterface.php	Qualimetrix\Reporting\FindingProjection\Contract\ConfiguredFindingExclusionsResolverInterface	interface	Reporting	contract	"[{""owner"":""Infrastructure.Console"",""source_fqcn"":""Qualimetrix\\Infrastructure\\Console\\Command\\BaselineRun""},{""owner"":""Infrastructure.Console"",""source_fqcn"":""Qualimetrix\\Infrastructure\\Console\\CheckConfigurationResolvers""},{""owner"":""Infrastructure.DependencyInjection"",""source_fqcn"":""Qualimetrix\\Infrastructure\\DependencyInjection\\Configurator\\OutputConfigurator""}]"
src/Reporting/FindingProjection/Contract/GitScopeQueryInterface.php	Qualimetrix\Reporting\FindingProjection\Contract\GitScopeQueryInterface	interface	Reporting	contract	"[{""owner"":""Infrastructure.DependencyInjection"",""source_fqcn"":""Qualimetrix\\Infrastructure\\DependencyInjection\\Configurator\\OutputConfigurator""},{""owner"":""Infrastructure.Git"",""source_fqcn"":""Qualimetrix\\Infrastructure\\Git\\ReportingGitScopeQuery""}]"
src/Reporting/FindingProjection/Contract/GitScopeRequest.php	Qualimetrix\Reporting\FindingProjection\Contract\GitScopeRequest	class	Reporting	contract	"[{""owner"":""Infrastructure.Console"",""source_fqcn"":""Qualimetrix\\Infrastructure\\Console\\FindingFilterOrchestrator""},{""owner"":""Infrastructure.Git"",""source_fqcn"":""Qualimetrix\\Infrastructure\\Git\\ReportingGitScopeQuery""}]"
src/Reporting/FindingProjection/Contract/GitScopeResult.php	Qualimetrix\Reporting\FindingProjection\Contract\GitScopeResult	class	Reporting	contract	"[{""owner"":""Infrastructure.Git"",""source_fqcn"":""Qualimetrix\\Infrastructure\\Git\\ReportingGitScopeQuery""}]"
src/Reporting/FindingProjection/DeclaredChannelFileScope.php	Qualimetrix\Reporting\FindingProjection\DeclaredChannelFileScope	class	Reporting	internal	[]
src/Reporting/FindingProjection/DirectiveSuppressorResolver.php	Qualimetrix\Reporting\FindingProjection\DirectiveSuppressorResolver	class	Reporting	internal	[]
src/Reporting/FindingProjection/FindingProjectionOptions.php	Qualimetrix\Reporting\FindingProjection\FindingProjectionOptions	class	Reporting	contract	"[{""owner"":""Infrastructure.Console"",""source_fqcn"":""Qualimetrix\\Infrastructure\\Console\\Command\\BaselineRun""},{""owner"":""Infrastructure.Console"",""source_fqcn"":""Qualimetrix\\Infrastructure\\Console\\MeasuredFindingSet""},{""owner"":""Infrastructure.Console"",""source_fqcn"":""Qualimetrix\\Infrastructure\\Console\\FindingFilterOrchestrator""},{""owner"":""Infrastructure.Console"",""source_fqcn"":""Qualimetrix\\Infrastructure\\Console\\ResultPresenter""}]"
src/Reporting/FindingProjection/FindingProjectionResult.php	Qualimetrix\Reporting\FindingProjection\FindingProjectionResult	class	Reporting	contract	"[{""owner"":""Infrastructure.Console"",""source_fqcn"":""Qualimetrix\\Infrastructure\\Console\\FindingFilterOrchestrator""},{""owner"":""Infrastructure.Console"",""source_fqcn"":""Qualimetrix\\Infrastructure\\Console\\ResultPresenter""}]"
src/Reporting/FindingProjection/FindingProjector.php	Qualimetrix\Reporting\FindingProjection\FindingProjector	class	Reporting	contract	"[{""owner"":""Infrastructure.Console"",""source_fqcn"":""Qualimetrix\\Infrastructure\\Console\\MeasuredFindingSet""},{""owner"":""Infrastructure.Console"",""source_fqcn"":""Qualimetrix\\Infrastructure\\Console\\FindingFilterOrchestrator""}]"
src/Reporting/FindingProjection/InertSuppressor.php	Qualimetrix\Reporting\FindingProjection\InertSuppressor	class	Reporting	internal	[]
src/Reporting/FindingProjection/RuleExclusionLedgerAttributor.php	Qualimetrix\Reporting\FindingProjection\RuleExclusionLedgerAttributor	class	Reporting	internal	[]
src/Reporting/FindingProjection/SuppressedFinding.php	Qualimetrix\Reporting\FindingProjection\SuppressedFinding	class	Reporting	internal	[]
src/Reporting/FindingProjection/SuppressionComposition.php	Qualimetrix\Reporting\FindingProjection\SuppressionComposition	class	Reporting	internal	[]
src/Reporting/FindingProjection/SuppressionCompositionBuilder.php	Qualimetrix\Reporting\FindingProjection\SuppressionCompositionBuilder	class	Reporting	contract	"[{""owner"":""Infrastructure.Console"",""source_fqcn"":""Qualimetrix\\Infrastructure\\Console\\ResultPresenter""}]"
src/Reporting/FindingProjection/SuppressionMechanism.php	Qualimetrix\Reporting\FindingProjection\SuppressionMechanism	enum	Reporting	internal	[]
src/Reporting/FormatterContext.php	Qualimetrix\Reporting\FormatterContext	class	Reporting	contract	"[{""owner"":""Infrastructure.Console"",""source_fqcn"":""Qualimetrix\\Infrastructure\\Console\\FormatterContextFactory""},{""owner"":""Infrastructure.Console"",""source_fqcn"":""Qualimetrix\\Infrastructure\\Console\\ResultPresenter""}]"
src/Reporting/Formatter/AcceptedLevelNarrator.php	Qualimetrix\Reporting\Formatter\AcceptedLevelNarrator	class	Reporting	internal	[]
src/Reporting/Formatter/Ansi/AnsiColor.php	Qualimetrix\Reporting\Formatter\Ansi\AnsiColor	class	Reporting	internal	[]
src/Reporting/Formatter/CheckstyleFormatter.php	Qualimetrix\Reporting\Formatter\CheckstyleFormatter	class	Reporting	internal	[]
src/Reporting/Formatter/CoverageNarrator.php	Qualimetrix\Reporting\Formatter\CoverageNarrator	class	Reporting	internal	[]
src/Reporting/Formatter/Detail/DebtBreakdownRenderer.php	Qualimetrix\Reporting\Formatter\Detail\DebtBreakdownRenderer	class	Reporting	internal	[]
src/Reporting/Formatter/Detail/DetailedFindingRenderer.php	Qualimetrix\Reporting\Formatter\Detail\DetailedFindingRenderer	class	Reporting	internal	[]
src/Reporting/Formatter/Detail/FindingDetailRenderer.php	Qualimetrix\Reporting\Formatter\Detail\FindingDetailRenderer	class	Reporting	internal	[]
src/Reporting/Formatter/FormatOptionKeysInterface.php	Qualimetrix\Reporting\Formatter\FormatOptionKeysInterface	interface	Reporting	internal	[]
src/Reporting/Formatter/FormatterInterface.php	Qualimetrix\Reporting\Formatter\FormatterInterface	interface	Reporting	contract	"[{""owner"":""Infrastructure.Console"",""source_fqcn"":""Qualimetrix\\Infrastructure\\Console\\FormatterContextFactory""},{""owner"":""Infrastructure.DependencyInjection"",""source_fqcn"":""Qualimetrix\\Infrastructure\\DependencyInjection\\ContainerFactory""}]"
src/Reporting/Formatter/FormatterRegistry.php	Qualimetrix\Reporting\Formatter\FormatterRegistry	class	Reporting	internal	[]
src/Reporting/Formatter/FormatterRegistryInterface.php	Qualimetrix\Reporting\Formatter\FormatterRegistryInterface	interface	Reporting	contract	"[{""owner"":""Infrastructure.Console"",""source_fqcn"":""Qualimetrix\\Infrastructure\\Console\\FormatterContextFactory""},{""owner"":""Infrastructure.Console"",""source_fqcn"":""Qualimetrix\\Infrastructure\\Console\\ResultPresenter""},{""owner"":""Infrastructure.DependencyInjection"",""source_fqcn"":""Qualimetrix\\Infrastructure\\DependencyInjection\\Configurator\\OutputConfigurator""}]"
src/Reporting/Formatter/GitLabCodeQualityFormatter.php	Qualimetrix\Reporting\Formatter\GitLabCodeQualityFormatter	class	Reporting	internal	[]
src/Reporting/Formatter/GithubActionsFormatter.php	Qualimetrix\Reporting\Formatter\GithubActionsFormatter	class	Reporting	internal	[]
src/Reporting/Formatter/Health/HealthCoverageNarrator.php	Qualimetrix\Reporting\Formatter\Health\HealthCoverageNarrator	class	Reporting	internal	[]
src/Reporting/Formatter/Health/HealthTextFormatter.php	Qualimetrix\Reporting\Formatter\Health\HealthTextFormatter	class	Reporting	internal	[]
src/Reporting/Formatter/Html/HtmlDebtCalculator.php	Qualimetrix\Reporting\Formatter\Html\HtmlDebtCalculator	class	Reporting	internal	[]
src/Reporting/Formatter/Html/HtmlFindingPartitioner.php	Qualimetrix\Reporting\Formatter\Html\HtmlFindingPartitioner	class	Reporting	internal	[]
src/Reporting/Formatter/Html/HtmlFormatter.php	Qualimetrix\Reporting\Formatter\Html\HtmlFormatter	class	Reporting	internal	[]
src/Reporting/Formatter/Html/HtmlMetricAggregator.php	Qualimetrix\Reporting\Formatter\Html\HtmlMetricAggregator	class	Reporting	internal	[]
src/Reporting/Formatter/Html/HtmlTreeBuilder.php	Qualimetrix\Reporting\Formatter\Html\HtmlTreeBuilder	class	Reporting	internal	[]
src/Reporting/Formatter/Html/HtmlTreeNode.php	Qualimetrix\Reporting\Formatter\Html\HtmlTreeNode	class	Reporting	internal	[]
src/Reporting/Formatter/Json/JsonFindingSection.php	Qualimetrix\Reporting\Formatter\Json\JsonFindingSection	class	Reporting	internal	[]
src/Reporting/Formatter/Json/JsonFormatter.php	Qualimetrix\Reporting\Formatter\Json\JsonFormatter	class	Reporting	internal	[]
src/Reporting/Formatter/Json/JsonHealthSection.php	Qualimetrix\Reporting\Formatter\Json\JsonHealthSection	class	Reporting	internal	[]
src/Reporting/Formatter/Json/JsonOffenderSection.php	Qualimetrix\Reporting\Formatter\Json\JsonOffenderSection	class	Reporting	internal	[]
src/Reporting/Formatter/Json/JsonSanitizer.php	Qualimetrix\Reporting\Formatter\Json\JsonSanitizer	class	Reporting	internal	[]
src/Reporting/Formatter/MetricsJsonFormatter.php	Qualimetrix\Reporting\Formatter\MetricsJsonFormatter	class	Reporting	internal	[]
src/Reporting/Formatter/Ordering/FindingSorter.php	Qualimetrix\Reporting\Formatter\Ordering\FindingSorter	class	Reporting	internal	[]
src/Reporting/Formatter/Sarif/SarifFormatter.php	Qualimetrix\Reporting\Formatter\Sarif\SarifFormatter	class	Reporting	internal	[]
src/Reporting/Formatter/Sarif/SarifRuleCollector.php	Qualimetrix\Reporting\Formatter\Sarif\SarifRuleCollector	class	Reporting	internal	[]
src/Reporting/Formatter/Summary/FindingSummaryRenderer.php	Qualimetrix\Reporting\Formatter\Summary\FindingSummaryRenderer	class	Reporting	internal	[]
src/Reporting/Formatter/Summary/HealthBarRenderer.php	Qualimetrix\Reporting\Formatter\Summary\HealthBarRenderer	class	Reporting	internal	[]
src/Reporting/Formatter/Summary/HintRenderer.php	Qualimetrix\Reporting\Formatter\Summary\HintRenderer	class	Reporting	internal	[]
src/Reporting/Formatter/Summary/OffenderListRenderer.php	Qualimetrix\Reporting\Formatter\Summary\OffenderListRenderer	class	Reporting	internal	[]
src/Reporting/Formatter/Summary/SummaryFormatter.php	Qualimetrix\Reporting\Formatter\Summary\SummaryFormatter	class	Reporting	internal	[]
src/Reporting/Formatter/Summary/TopIssuesRenderer.php	Qualimetrix\Reporting\Formatter\Summary\TopIssuesRenderer	class	Reporting	internal	[]
src/Reporting/Formatter/Suppressed/SuppressedFormatter.php	Qualimetrix\Reporting\Formatter\Suppressed\SuppressedFormatter	class	Reporting	internal	[]
src/Reporting/Formatter/TextFormatter.php	Qualimetrix\Reporting\Formatter\TextFormatter	class	Reporting	internal	[]
src/Reporting/Formatter/TextVerboseFormatter.php	Qualimetrix\Reporting\Formatter\TextVerboseFormatter	class	Reporting	internal	[]
src/Reporting/GraphProjection/Contract/DependencyGraphProjectionInterface.php	Qualimetrix\Reporting\GraphProjection\Contract\DependencyGraphProjectionInterface	interface	Reporting.GraphProjection	contract	"[{""owner"":""Infrastructure.Console"",""source_fqcn"":""Qualimetrix\\Infrastructure\\Console\\Command\\GraphExportCommand""}]"
src/Reporting/GraphProjection/Contract/GraphDirection.php	Qualimetrix\Reporting\GraphProjection\Contract\GraphDirection	enum	Reporting.GraphProjection	contract	"[{""owner"":""Infrastructure.Console"",""source_fqcn"":""Qualimetrix\\Infrastructure\\Console\\Command\\GraphExportCommand""}]"
src/Reporting/GraphProjection/Contract/GraphExportFormat.php	Qualimetrix\Reporting\GraphProjection\Contract\GraphExportFormat	enum	Reporting.GraphProjection	contract	"[{""owner"":""Infrastructure.Console"",""source_fqcn"":""Qualimetrix\\Infrastructure\\Console\\Command\\GraphExportCommand""}]"
src/Reporting/GraphProjection/Contract/GraphProjectionRequest.php	Qualimetrix\Reporting\GraphProjection\Contract\GraphProjectionRequest	class	Reporting.GraphProjection	contract	"[{""owner"":""Infrastructure.Console"",""source_fqcn"":""Qualimetrix\\Infrastructure\\Console\\Command\\GraphExportCommand""}]"
src/Reporting/GraphProjection/DependencyGraphProjector.php	Qualimetrix\Reporting\GraphProjection\DependencyGraphProjector	class	Reporting.GraphProjection	internal	[]
src/Reporting/GraphProjection/DotExporter.php	Qualimetrix\Reporting\GraphProjection\DotExporter	class	Reporting.GraphProjection	internal	[]
src/Reporting/GraphProjection/DotExporterOptions.php	Qualimetrix\Reporting\GraphProjection\DotExporterOptions	class	Reporting.GraphProjection	internal	[]
src/Reporting/GraphProjection/JsonGraphExporter.php	Qualimetrix\Reporting\GraphProjection\JsonGraphExporter	class	Reporting.GraphProjection	internal	[]
src/Reporting/GraphProjection/NamespaceFilter.php	Qualimetrix\Reporting\GraphProjection\NamespaceFilter	class	Reporting.GraphProjection	internal	[]
src/Reporting/GroupBy.php	Qualimetrix\Reporting\GroupBy	enum	Reporting	contract	"[{""owner"":""Infrastructure.Console"",""source_fqcn"":""Qualimetrix\\Infrastructure\\Console\\FormatterContextFactory""}]"
src/Reporting/Health/HealthHintProjector.php	Qualimetrix\Reporting\Health\HealthHintProjector	class	Reporting	internal	[]
src/Reporting/Health/HealthScoreResolver.php	Qualimetrix\Reporting\Health\HealthScoreResolver	class	Reporting	internal	[]
src/Reporting/Health/SummaryEnricher.php	Qualimetrix\Reporting\Health\SummaryEnricher	class	Reporting	contract	"[{""owner"":""Infrastructure.Console"",""source_fqcn"":""Qualimetrix\\Infrastructure\\Console\\ResultPresenter""},{""owner"":""Infrastructure.DependencyInjection"",""source_fqcn"":""Qualimetrix\\Infrastructure\\DependencyInjection\\Configurator\\OutputConfigurator""}]"
src/Reporting/Report.php	Qualimetrix\Reporting\Report	class	Reporting	internal	[]
src/Reporting/ReportBuilder.php	Qualimetrix\Reporting\ReportBuilder	class	Reporting	contract	"[{""owner"":""Infrastructure.Console"",""source_fqcn"":""Qualimetrix\\Infrastructure\\Console\\ResultPresenter""}]"
src/Reporting/ReportCoverage.php	Qualimetrix\Reporting\ReportCoverage	class	Reporting	contract	"[{""owner"":""Infrastructure.Console"",""source_fqcn"":""Qualimetrix\\Infrastructure\\Console\\ExitCodeResolver""},{""owner"":""Infrastructure.Console"",""source_fqcn"":""Qualimetrix\\Infrastructure\\Console\\ResultPresenter""}]"
