target_contract_fqcn	target_owner	consumer_fqcn	consumer_owner	source_path	import_kind
Qualimetrix\Analysis\Configuration\ConfigKeySpelling	Analysis.Configuration	Qualimetrix\Analysis\Evidence\ComputedMetrics\Configuration\ComputedMetricEntryKeyRecognition	Analysis.Evidence.ComputedMetrics	src/Analysis/Evidence/ComputedMetrics/Configuration/ComputedMetricEntryKeyRecognition.php	ast-name
Qualimetrix\Analysis\Configuration\ConfigKeySpelling	Analysis.Configuration	Qualimetrix\Analysis\Finding\Contract\Rule\RuleOptionKeySet	Analysis.Finding	src/Analysis/Finding/Contract/Rule/RuleOptionKeySet.php	ast-name
Qualimetrix\Analysis\Configuration\ConfigKeySpelling	Analysis.Configuration	Qualimetrix\Analysis\Finding\Contract\Rule\RuleOptionSurface	Analysis.Finding	src/Analysis/Finding/Contract/Rule/RuleOptionSurface.php	ast-name
Qualimetrix\Analysis\Configuration\ConfigKeySpelling	Analysis.Configuration	Qualimetrix\Analysis\Finding\Exclusion\ConfiguredSuppression	Analysis.Finding	src/Analysis/Finding/Exclusion/ConfiguredSuppression.php	ast-name
Qualimetrix\Analysis\Configuration\ConfigKeySpelling	Analysis.Configuration	Qualimetrix\Analysis\Finding\RuleConfiguration\RuleOptionKeyRecognition	Analysis.Finding	src/Analysis/Finding/RuleConfiguration/RuleOptionKeyRecognition.php	ast-name
Qualimetrix\Analysis\Configuration\ConfigKeySpelling	Analysis.Configuration	Qualimetrix\Analysis\Finding\RuleConfiguration\RuleOptionThresholdShorthand	Analysis.Finding	src/Analysis/Finding/RuleConfiguration/RuleOptionThresholdShorthand.php	ast-name
Qualimetrix\Analysis\Configuration\ConfigKeySpelling	Analysis.Configuration	Qualimetrix\Analysis\Finding\RuleConfiguration\RuleOptionsFactory	Analysis.Finding	src/Analysis/Finding/RuleConfiguration/RuleOptionsFactory.php	ast-name
Qualimetrix\Analysis\Configuration\ConfigKeySpelling	Analysis.Configuration	Qualimetrix\Analysis\Finding\RuleConfiguration\RuleOptionsParser	Analysis.Finding	src/Analysis/Finding/RuleConfiguration/RuleOptionsParser.php	ast-name
Qualimetrix\Analysis\Configuration\ConfigKeySpelling	Analysis.Configuration	Qualimetrix\Infrastructure\Console\CliOptionsParser	Infrastructure.Console	src/Infrastructure/Console/CliOptionsParser.php	ast-name
Qualimetrix\Analysis\Configuration\ConfigSchema	Analysis.Configuration	Qualimetrix\Analysis\Evidence\Coupling\CouplingAnalysis	Analysis.Evidence.Coupling	src/Analysis/Evidence/Coupling/CouplingAnalysis.php	ast-name
Qualimetrix\Analysis\Configuration\ConfigSchema	Analysis.Configuration	Qualimetrix\Analysis\Finding\Configuration\FindingConfigurationResolver	Analysis.Finding	src/Analysis/Finding/Configuration/FindingConfigurationResolver.php	ast-name
Qualimetrix\Analysis\Configuration\ConfigSchema	Analysis.Configuration	Qualimetrix\Analysis\Run\Configuration\RunConfigurationResolver	Analysis.Run	src/Analysis/Run/Configuration/RunConfigurationResolver.php	ast-name
Qualimetrix\Analysis\Configuration\ConfigSchema	Analysis.Configuration	Qualimetrix\Infrastructure\Cache\CacheConfigurationResolver	Infrastructure.Cache	src/Infrastructure/Cache/CacheConfigurationResolver.php	ast-name
Qualimetrix\Analysis\Configuration\ConfigSchema	Analysis.Configuration	Qualimetrix\Infrastructure\Console\ConfigurationInputAdapter	Infrastructure.Console	src/Infrastructure/Console/ConfigurationInputAdapter.php	ast-name
Qualimetrix\Analysis\Configuration\ConfigSchema	Analysis.Configuration	Qualimetrix\Infrastructure\Console\ExitPolicy	Infrastructure.Console	src/Infrastructure/Console/ExitPolicy.php	ast-name
Qualimetrix\Analysis\Configuration\ConfigSchema	Analysis.Configuration	Qualimetrix\Infrastructure\Console\RuntimeConfigurator	Infrastructure.Console	src/Infrastructure/Console/RuntimeConfigurator.php	ast-name
Qualimetrix\Analysis\Configuration\ConfigSchema	Analysis.Configuration	Qualimetrix\Infrastructure\Console\RuntimeLimits	Infrastructure.Console	src/Infrastructure/Console/RuntimeLimits.php	ast-name
Qualimetrix\Analysis\Configuration\ConfigSchema	Analysis.Configuration	Qualimetrix\Infrastructure\Console\RuntimeLimitsController	Infrastructure.Console	src/Infrastructure/Console/RuntimeLimitsController.php	ast-name
Qualimetrix\Analysis\Configuration\ConfigSchema	Analysis.Configuration	Qualimetrix\Infrastructure\Parallel\Configuration\ParallelConfigurationResolver	Infrastructure.Parallel	src/Infrastructure/Parallel/Configuration/ParallelConfigurationResolver.php	ast-name
Qualimetrix\Analysis\Configuration\ConfigSchema	Analysis.Configuration	Qualimetrix\Reporting\Configuration\OutputFormatResolver	Reporting	src/Reporting/Configuration/OutputFormatResolver.php	ast-name
Qualimetrix\Analysis\Configuration\ConfigSchema	Analysis.Configuration	Qualimetrix\Reporting\FindingProjection\Configuration\ConfiguredFindingExclusionsResolver	Reporting	src/Reporting/FindingProjection/Configuration/ConfiguredFindingExclusionsResolver.php	ast-name
Qualimetrix\Analysis\Configuration\Contract\ConfigurationDocument	Analysis.Configuration	Qualimetrix\Analysis\Evidence\ComputedMetrics\ComputedMetricAnalysis	Analysis.Evidence.ComputedMetrics	src/Analysis/Evidence/ComputedMetrics/ComputedMetricAnalysis.php	ast-name
Qualimetrix\Analysis\Configuration\Contract\ConfigurationDocument	Analysis.Configuration	Qualimetrix\Analysis\Evidence\ComputedMetrics\Configuration\ComputedMetricContributionReader	Analysis.Evidence.ComputedMetrics	src/Analysis/Evidence/ComputedMetrics/Configuration/ComputedMetricContributionReader.php	ast-name
Qualimetrix\Analysis\Configuration\Contract\ConfigurationDocument	Analysis.Configuration	Qualimetrix\Analysis\Evidence\ComputedMetrics\Contract\Configuration\ComputedMetricConfiguratorInterface	Analysis.Evidence.ComputedMetrics	src/Analysis/Evidence/ComputedMetrics/Contract/Configuration/ComputedMetricConfiguratorInterface.php	ast-name
Qualimetrix\Analysis\Configuration\Contract\ConfigurationDocument	Analysis.Configuration	Qualimetrix\Analysis\Evidence\Coupling\Contract\Configuration\CouplingConfiguratorInterface	Analysis.Evidence.Coupling	src/Analysis/Evidence/Coupling/Contract/Configuration/CouplingConfiguratorInterface.php	ast-name
Qualimetrix\Analysis\Configuration\Contract\ConfigurationDocument	Analysis.Configuration	Qualimetrix\Analysis\Evidence\Coupling\CouplingAnalysis	Analysis.Evidence.Coupling	src/Analysis/Evidence/Coupling/CouplingAnalysis.php	ast-name
Qualimetrix\Analysis\Configuration\Contract\ConfigurationDocument	Analysis.Configuration	Qualimetrix\Analysis\Finding\Configuration\FindingConfigurationResolver	Analysis.Finding	src/Analysis/Finding/Configuration/FindingConfigurationResolver.php	ast-name
Qualimetrix\Analysis\Configuration\Contract\ConfigurationDocument	Analysis.Configuration	Qualimetrix\Analysis\Finding\Contract\Configuration\FindingConfigurationResolverInterface	Analysis.Finding	src/Analysis/Finding/Contract/Configuration/FindingConfigurationResolverInterface.php	ast-name
Qualimetrix\Analysis\Configuration\Contract\ConfigurationDocument	Analysis.Configuration	Qualimetrix\Analysis\Policy\Architecture\ArchitecturePolicy	Analysis.Policy.Architecture	src/Analysis/Policy/Architecture/ArchitecturePolicy.php	ast-name
Qualimetrix\Analysis\Configuration\Contract\ConfigurationDocument	Analysis.Configuration	Qualimetrix\Analysis\Policy\Architecture\Contract\ArchitecturePolicyConfiguratorInterface	Analysis.Policy.Architecture	src/Analysis/Policy/Architecture/Contract/ArchitecturePolicyConfiguratorInterface.php	ast-name
Qualimetrix\Analysis\Configuration\Contract\ConfigurationDocument	Analysis.Configuration	Qualimetrix\Analysis\Run\Configuration\RunConfigurationResolver	Analysis.Run	src/Analysis/Run/Configuration/RunConfigurationResolver.php	ast-name
Qualimetrix\Analysis\Configuration\Contract\ConfigurationDocument	Analysis.Configuration	Qualimetrix\Analysis\Run\Contract\Configuration\RunConfigurationResolverInterface	Analysis.Run	src/Analysis/Run/Contract/Configuration/RunConfigurationResolverInterface.php	ast-name
Qualimetrix\Analysis\Configuration\Contract\ConfigurationDocument	Analysis.Configuration	Qualimetrix\Infrastructure\Cache\CacheConfigurationResolver	Infrastructure.Cache	src/Infrastructure/Cache/CacheConfigurationResolver.php	ast-name
Qualimetrix\Analysis\Configuration\Contract\ConfigurationDocument	Analysis.Configuration	Qualimetrix\Infrastructure\Cache\Contract\CacheConfigurationResolverInterface	Infrastructure.Cache	src/Infrastructure/Cache/Contract/CacheConfigurationResolverInterface.php	ast-name
Qualimetrix\Analysis\Configuration\Contract\ConfigurationDocument	Analysis.Configuration	Qualimetrix\Infrastructure\Console\AnalysisRuntimeConfigurator	Infrastructure.Console	src/Infrastructure/Console/AnalysisRuntimeConfigurator.php	ast-name
Qualimetrix\Analysis\Configuration\Contract\ConfigurationDocument	Analysis.Configuration	Qualimetrix\Infrastructure\Console\CheckConfigurationResolvers	Infrastructure.Console	src/Infrastructure/Console/CheckConfigurationResolvers.php	ast-name
Qualimetrix\Analysis\Configuration\Contract\ConfigurationDocument	Analysis.Configuration	Qualimetrix\Infrastructure\Console\ConfigurationInputAdapter	Infrastructure.Console	src/Infrastructure/Console/ConfigurationInputAdapter.php	ast-name
Qualimetrix\Analysis\Configuration\Contract\ConfigurationDocument	Analysis.Configuration	Qualimetrix\Infrastructure\Console\RuleInputValidator	Infrastructure.Console	src/Infrastructure/Console/RuleInputValidator.php	ast-name
Qualimetrix\Analysis\Configuration\Contract\ConfigurationDocument	Analysis.Configuration	Qualimetrix\Infrastructure\Console\RuntimeConfigurator	Infrastructure.Console	src/Infrastructure/Console/RuntimeConfigurator.php	ast-name
Qualimetrix\Analysis\Configuration\Contract\ConfigurationDocument	Analysis.Configuration	Qualimetrix\Infrastructure\Parallel\Configuration\ParallelConfigurationResolver	Infrastructure.Parallel	src/Infrastructure/Parallel/Configuration/ParallelConfigurationResolver.php	ast-name
Qualimetrix\Analysis\Configuration\Contract\ConfigurationDocument	Analysis.Configuration	Qualimetrix\Infrastructure\Parallel\Contract\ParallelConfigurationResolverInterface	Infrastructure.Parallel	src/Infrastructure/Parallel/Contract/ParallelConfigurationResolverInterface.php	ast-name
Qualimetrix\Analysis\Configuration\Contract\ConfigurationDocument	Analysis.Configuration	Qualimetrix\Reporting\Configuration\OutputFormatResolver	Reporting	src/Reporting/Configuration/OutputFormatResolver.php	ast-name
Qualimetrix\Analysis\Configuration\Contract\ConfigurationDocument	Analysis.Configuration	Qualimetrix\Reporting\Contract\OutputFormatResolverInterface	Reporting	src/Reporting/Contract/OutputFormatResolverInterface.php	ast-name
Qualimetrix\Analysis\Configuration\Contract\ConfigurationDocument	Analysis.Configuration	Qualimetrix\Reporting\FindingProjection\Configuration\ConfiguredFindingExclusionsResolver	Reporting	src/Reporting/FindingProjection/Configuration/ConfiguredFindingExclusionsResolver.php	ast-name
Qualimetrix\Analysis\Configuration\Contract\ConfigurationDocument	Analysis.Configuration	Qualimetrix\Reporting\FindingProjection\Contract\ConfiguredFindingExclusionsResolverInterface	Reporting	src/Reporting/FindingProjection/Contract/ConfiguredFindingExclusionsResolverInterface.php	ast-name
Qualimetrix\Analysis\Configuration\Contract\Discovery\ComposerAutoloadPathReaderInterface	Analysis.Configuration	Qualimetrix\Analysis\Run\Configuration\ProjectScopeCoverage	Analysis.Run	src/Analysis/Run/Configuration/ProjectScopeCoverage.php	ast-name
Qualimetrix\Analysis\Configuration\Contract\Discovery\ComposerAutoloadPathReaderInterface	Analysis.Configuration	Qualimetrix\Infrastructure\Console\FindingFilterOrchestrator	Infrastructure.Console	src/Infrastructure/Console/FindingFilterOrchestrator.php	ast-name
Qualimetrix\Analysis\Configuration\Contract\Discovery\ComposerAutoloadPathReaderInterface	Analysis.Configuration	Qualimetrix\Infrastructure\DependencyInjection\Configurator\AnalysisConfigurator	Infrastructure.DependencyInjection	src/Infrastructure/DependencyInjection/Configurator/AnalysisConfigurator.php	ast-name
Qualimetrix\Analysis\Configuration\Contract\Discovery\ComposerAutoloadPathReaderInterface	Analysis.Configuration	Qualimetrix\Infrastructure\DependencyInjection\Configurator\ConfigurationConfigurator	Infrastructure.DependencyInjection	src/Infrastructure/DependencyInjection/Configurator/ConfigurationConfigurator.php	ast-name
Qualimetrix\Analysis\Configuration\Contract\Discovery\ComposerAutoloadPathReaderInterface	Analysis.Configuration	Qualimetrix\Infrastructure\DependencyInjection\Configurator\OutputConfigurator	Infrastructure.DependencyInjection	src/Infrastructure/DependencyInjection/Configurator/OutputConfigurator.php	ast-name
Qualimetrix\Analysis\Configuration\Contract\KnownRuleNamesProviderInterface	Analysis.Configuration	Qualimetrix\Infrastructure\DependencyInjection\Configurator\RuleConfigurator	Infrastructure.DependencyInjection	src/Infrastructure/DependencyInjection/Configurator/RuleConfigurator.php	ast-name
Qualimetrix\Analysis\Configuration\Contract\KnownRuleNamesProviderInterface	Analysis.Configuration	Qualimetrix\Infrastructure\Rule\KnownRuleNamesAdapter	Infrastructure.Rule	src/Infrastructure/Rule/KnownRuleNamesAdapter.php	ast-name
Qualimetrix\Analysis\Configuration\Contract\Pipeline\ConfigurationPipelineInterface	Analysis.Configuration	Qualimetrix\Infrastructure\Console\ConfigurationInputAdapter	Infrastructure.Console	src/Infrastructure/Console/ConfigurationInputAdapter.php	ast-name
Qualimetrix\Analysis\Configuration\Contract\Pipeline\ConfigurationPipelineInterface	Analysis.Configuration	Qualimetrix\Infrastructure\DependencyInjection\Configurator\ConfigurationConfigurator	Infrastructure.DependencyInjection	src/Infrastructure/DependencyInjection/Configurator/ConfigurationConfigurator.php	ast-name
Qualimetrix\Analysis\Configuration\Contract\Pipeline\ConfigurationPipelineInterface	Analysis.Configuration	Qualimetrix\Infrastructure\DependencyInjection\Configurator\OutputConfigurator	Infrastructure.DependencyInjection	src/Infrastructure/DependencyInjection/Configurator/OutputConfigurator.php	ast-name
Qualimetrix\Analysis\Configuration\Contract\Pipeline\ConfigurationResolutionRequest	Analysis.Configuration	Qualimetrix\Infrastructure\Console\ConfigurationInputAdapter	Infrastructure.Console	src/Infrastructure/Console/ConfigurationInputAdapter.php	ast-name
Qualimetrix\Analysis\Configuration\Contract\Refusal\ConfigurationOrigin	Analysis.Configuration	Qualimetrix\Analysis\Finding\RuleConfiguration\RuleOptionsFactory	Analysis.Finding	src/Analysis/Finding/RuleConfiguration/RuleOptionsFactory.php	ast-name
Qualimetrix\Analysis\Configuration\Contract\Refusal\ConfigurationOrigin	Analysis.Configuration	Qualimetrix\Analysis\Run\Configuration\RunConfigurationResolver	Analysis.Run	src/Analysis/Run/Configuration/RunConfigurationResolver.php	ast-name
Qualimetrix\Analysis\Configuration\Contract\Refusal\ConfigurationOrigin	Analysis.Configuration	Qualimetrix\Reporting\FindingProjection\Configuration\ConfiguredFindingExclusionsResolver	Reporting	src/Reporting/FindingProjection/Configuration/ConfiguredFindingExclusionsResolver.php	ast-name
Qualimetrix\Analysis\Configuration\Contract\Refusal\ConfigurationRefusal	Analysis.Configuration	Qualimetrix\Analysis\Evidence\ComputedMetrics\ComputedMetricFormulaValidator	Analysis.Evidence.ComputedMetrics	src/Analysis/Evidence/ComputedMetrics/ComputedMetricFormulaValidator.php	ast-name
Qualimetrix\Analysis\Configuration\Contract\Refusal\ConfigurationRefusal	Analysis.Configuration	Qualimetrix\Analysis\Evidence\ComputedMetrics\ComputedMetricOverrideReader	Analysis.Evidence.ComputedMetrics	src/Analysis/Evidence/ComputedMetrics/ComputedMetricOverrideReader.php	ast-name
Qualimetrix\Analysis\Configuration\Contract\Refusal\ConfigurationRefusal	Analysis.Configuration	Qualimetrix\Analysis\Evidence\ComputedMetrics\ComputedMetricsConfigResolver	Analysis.Evidence.ComputedMetrics	src/Analysis/Evidence/ComputedMetrics/ComputedMetricsConfigResolver.php	ast-name
Qualimetrix\Analysis\Configuration\Contract\Refusal\ConfigurationRefusal	Analysis.Configuration	Qualimetrix\Analysis\Evidence\ComputedMetrics\Configuration\ComputedMetricContributionReader	Analysis.Evidence.ComputedMetrics	src/Analysis/Evidence/ComputedMetrics/Configuration/ComputedMetricContributionReader.php	ast-name
Qualimetrix\Analysis\Configuration\Contract\Refusal\ConfigurationRefusal	Analysis.Configuration	Qualimetrix\Analysis\Evidence\ComputedMetrics\Configuration\ComputedMetricEntryKeyRecognition	Analysis.Evidence.ComputedMetrics	src/Analysis/Evidence/ComputedMetrics/Configuration/ComputedMetricEntryKeyRecognition.php	ast-name
Qualimetrix\Analysis\Configuration\Contract\Refusal\ConfigurationRefusal	Analysis.Configuration	Qualimetrix\Analysis\Evidence\ComputedMetrics\Health\Configuration\HealthFormulaExcluder	Analysis.Evidence.ComputedMetrics.Health	src/Analysis/Evidence/ComputedMetrics/Health/Configuration/HealthFormulaExcluder.php	ast-name
Qualimetrix\Analysis\Configuration\Contract\Refusal\ConfigurationRefusal	Analysis.Configuration	Qualimetrix\Analysis\Evidence\Coupling\ClassCboOptions	Analysis.Evidence.Coupling	src/Analysis/Evidence/Coupling/ClassCboOptions.php	ast-name
Qualimetrix\Analysis\Configuration\Contract\Refusal\ConfigurationRefusal	Analysis.Configuration	Qualimetrix\Analysis\Evidence\Coupling\CouplingAnalysis	Analysis.Evidence.Coupling	src/Analysis/Evidence/Coupling/CouplingAnalysis.php	ast-name
Qualimetrix\Analysis\Configuration\Contract\Refusal\ConfigurationRefusal	Analysis.Configuration	Qualimetrix\Analysis\Evidence\Coupling\DistanceOptions	Analysis.Evidence.Coupling	src/Analysis/Evidence/Coupling/DistanceOptions.php	ast-name
Qualimetrix\Analysis\Configuration\Contract\Refusal\ConfigurationRefusal	Analysis.Configuration	Qualimetrix\Analysis\Finding\Contract\Rule\ThresholdParser	Analysis.Finding	src/Analysis/Finding/Contract/Rule/ThresholdParser.php	ast-name
Qualimetrix\Analysis\Configuration\Contract\Refusal\ConfigurationRefusal	Analysis.Configuration	Qualimetrix\Analysis\Finding\RuleConfiguration\RuleOptionKeyRecognition	Analysis.Finding	src/Analysis/Finding/RuleConfiguration/RuleOptionKeyRecognition.php	ast-name
Qualimetrix\Analysis\Configuration\Contract\Refusal\ConfigurationRefusal	Analysis.Configuration	Qualimetrix\Analysis\Finding\RuleConfiguration\RuleOptionsParser	Analysis.Finding	src/Analysis/Finding/RuleConfiguration/RuleOptionsParser.php	ast-name
Qualimetrix\Analysis\Configuration\Contract\Refusal\ConfigurationRefusal	Analysis.Configuration	Qualimetrix\Analysis\Finding\RuleConfiguration\RuleSuppressionSelectorDecoder	Analysis.Finding	src/Analysis/Finding/RuleConfiguration/RuleSuppressionSelectorDecoder.php	ast-name
Qualimetrix\Analysis\Configuration\Contract\Refusal\ConfigurationRefusal	Analysis.Configuration	Qualimetrix\Analysis\Policy\Architecture\Configuration\AllowValidator	Analysis.Policy.Architecture	src/Analysis/Policy/Architecture/Configuration/AllowValidator.php	ast-name
Qualimetrix\Analysis\Configuration\Contract\Refusal\ConfigurationRefusal	Analysis.Configuration	Qualimetrix\Analysis\Policy\Architecture\Configuration\Allow\AllowAliasExpander	Analysis.Policy.Architecture	src/Analysis/Policy/Architecture/Configuration/Allow/AllowAliasExpander.php	ast-name
Qualimetrix\Analysis\Configuration\Contract\Refusal\ConfigurationRefusal	Analysis.Configuration	Qualimetrix\Analysis\Policy\Architecture\Configuration\ArchitectureConfigurationFactory	Analysis.Policy.Architecture	src/Analysis/Policy/Architecture/Configuration/ArchitectureConfigurationFactory.php	ast-name
Qualimetrix\Analysis\Configuration\Contract\Refusal\ConfigurationRefusal	Analysis.Configuration	Qualimetrix\Analysis\Policy\Architecture\Configuration\CoverageValidator	Analysis.Policy.Architecture	src/Analysis/Policy/Architecture/Configuration/CoverageValidator.php	ast-name
Qualimetrix\Analysis\Configuration\Contract\Refusal\ConfigurationRefusal	Analysis.Configuration	Qualimetrix\Analysis\Policy\Architecture\Configuration\DuplicatePatternRejector	Analysis.Policy.Architecture	src/Analysis/Policy/Architecture/Configuration/DuplicatePatternRejector.php	ast-name
Qualimetrix\Analysis\Configuration\Contract\Refusal\ConfigurationRefusal	Analysis.Configuration	Qualimetrix\Analysis\Policy\Architecture\Configuration\ExactAllowCycleValidator	Analysis.Policy.Architecture	src/Analysis/Policy/Architecture/Configuration/ExactAllowCycleValidator.php	ast-name
Qualimetrix\Analysis\Configuration\Contract\Refusal\ConfigurationRefusal	Analysis.Configuration	Qualimetrix\Analysis\Policy\Architecture\Configuration\ExcludeBlockValidator	Analysis.Policy.Architecture	src/Analysis/Policy/Architecture/Configuration/ExcludeBlockValidator.php	ast-name
Qualimetrix\Analysis\Configuration\Contract\Refusal\ConfigurationRefusal	Analysis.Configuration	Qualimetrix\Analysis\Policy\Architecture\Configuration\LayerCriterionNormalizer	Analysis.Policy.Architecture	src/Analysis/Policy/Architecture/Configuration/LayerCriterionNormalizer.php	ast-name
Qualimetrix\Analysis\Configuration\Contract\Refusal\ConfigurationRefusal	Analysis.Configuration	Qualimetrix\Analysis\Policy\Architecture\Configuration\LayersValidator	Analysis.Policy.Architecture	src/Analysis/Policy/Architecture/Configuration/LayersValidator.php	ast-name
Qualimetrix\Analysis\Configuration\Contract\Refusal\ConfigurationRefusal	Analysis.Configuration	Qualimetrix\Analysis\Policy\Architecture\Configuration\LongFormAllowEntryNormalizer	Analysis.Policy.Architecture	src/Analysis/Policy/Architecture/Configuration/LongFormAllowEntryNormalizer.php	ast-name
Qualimetrix\Analysis\Configuration\Contract\Refusal\ConfigurationRefusal	Analysis.Configuration	Qualimetrix\Analysis\Policy\Architecture\LayerViolation\LayerViolationOptions	Analysis.Policy.Architecture	src/Analysis/Policy/Architecture/LayerViolation/LayerViolationOptions.php	ast-name
Qualimetrix\Analysis\Configuration\Contract\Refusal\ConfigurationRefusal	Analysis.Configuration	Qualimetrix\Analysis\Policy\Architecture\LayerViolation\UnassignedClassOptions	Analysis.Policy.Architecture	src/Analysis/Policy/Architecture/LayerViolation/UnassignedClassOptions.php	ast-name
Qualimetrix\Analysis\Configuration\Contract\Refusal\ConfigurationRefusal	Analysis.Configuration	Qualimetrix\Analysis\Policy\Architecture\Layer\Expansion\LayerExpansionStage	Analysis.Policy.Architecture	src/Analysis/Policy/Architecture/Layer/Expansion/LayerExpansionStage.php	ast-name
Qualimetrix\Analysis\Configuration\Contract\Refusal\ConfigurationRefusal	Analysis.Configuration	Qualimetrix\Analysis\Policy\Architecture\Layer\Expansion\LayerInstantiator	Analysis.Policy.Architecture	src/Analysis/Policy/Architecture/Layer/Expansion/LayerInstantiator.php	ast-name
Qualimetrix\Analysis\Configuration\Contract\Refusal\ConfigurationRefusal	Analysis.Configuration	Qualimetrix\Analysis\Policy\Baseline\BaselineChannelRenamer	Analysis.Policy.Baseline	src/Analysis/Policy/Baseline/BaselineChannelRenamer.php	ast-name
Qualimetrix\Analysis\Configuration\Contract\Refusal\ConfigurationRefusal	Analysis.Configuration	Qualimetrix\Analysis\Policy\Baseline\BaselineLoader	Analysis.Policy.Baseline	src/Analysis/Policy/Baseline/BaselineLoader.php	ast-name
Qualimetrix\Analysis\Configuration\Contract\Refusal\ConfigurationRefusal	Analysis.Configuration	Qualimetrix\Analysis\Policy\Inline\Directive\InlineDirectiveOptions	Analysis.Policy.Inline	src/Analysis/Policy/Inline/Directive/InlineDirectiveOptions.php	ast-name
Qualimetrix\Analysis\Configuration\Contract\Refusal\ConfigurationRefusal	Analysis.Configuration	Qualimetrix\Analysis\Run\Configuration\ProjectScopeCoverage	Analysis.Run	src/Analysis/Run/Configuration/ProjectScopeCoverage.php	ast-name
Qualimetrix\Analysis\Configuration\Contract\Refusal\ConfigurationRefusal	Analysis.Configuration	Qualimetrix\Analysis\Run\Configuration\RunConfigurationResolver	Analysis.Run	src/Analysis/Run/Configuration/RunConfigurationResolver.php	ast-name
Qualimetrix\Analysis\Configuration\Contract\Refusal\ConfigurationRefusal	Analysis.Configuration	Qualimetrix\Infrastructure\Cache\CacheConfigurationResolver	Infrastructure.Cache	src/Infrastructure/Cache/CacheConfigurationResolver.php	ast-name
Qualimetrix\Analysis\Configuration\Contract\Refusal\ConfigurationRefusal	Analysis.Configuration	Qualimetrix\Infrastructure\Console\Application	Infrastructure.Console	src/Infrastructure/Console/Application.php	ast-name
Qualimetrix\Analysis\Configuration\Contract\Refusal\ConfigurationRefusal	Analysis.Configuration	Qualimetrix\Infrastructure\Console\ChannelExclusionKeyValidator	Infrastructure.Console	src/Infrastructure/Console/ChannelExclusionKeyValidator.php	ast-name
Qualimetrix\Analysis\Configuration\Contract\Refusal\ConfigurationRefusal	Analysis.Configuration	Qualimetrix\Infrastructure\Console\CliOptionsParser	Infrastructure.Console	src/Infrastructure/Console/CliOptionsParser.php	ast-name
Qualimetrix\Analysis\Configuration\Contract\Refusal\ConfigurationRefusal	Analysis.Configuration	Qualimetrix\Infrastructure\Console\CliSelectorDecoder	Infrastructure.Console	src/Infrastructure/Console/CliSelectorDecoder.php	ast-name
Qualimetrix\Analysis\Configuration\Contract\Refusal\ConfigurationRefusal	Analysis.Configuration	Qualimetrix\Infrastructure\Console\Command\BaselineCleanupCommand	Infrastructure.Console	src/Infrastructure/Console/Command/BaselineCleanupCommand.php	ast-name
Qualimetrix\Analysis\Configuration\Contract\Refusal\ConfigurationRefusal	Analysis.Configuration	Qualimetrix\Infrastructure\Console\Command\BaselineCommand	Infrastructure.Console	src/Infrastructure/Console/Command/BaselineCommand.php	ast-name
Qualimetrix\Analysis\Configuration\Contract\Refusal\ConfigurationRefusal	Analysis.Configuration	Qualimetrix\Infrastructure\Console\Command\BaselineExplainCommand	Infrastructure.Console	src/Infrastructure/Console/Command/BaselineExplainCommand.php	ast-name
Qualimetrix\Analysis\Configuration\Contract\Refusal\ConfigurationRefusal	Analysis.Configuration	Qualimetrix\Infrastructure\Console\Command\BaselineGenerateCommand	Infrastructure.Console	src/Infrastructure/Console/Command/BaselineGenerateCommand.php	ast-name
Qualimetrix\Analysis\Configuration\Contract\Refusal\ConfigurationRefusal	Analysis.Configuration	Qualimetrix\Infrastructure\Console\Command\BaselineRenameChannelsCommand	Infrastructure.Console	src/Infrastructure/Console/Command/BaselineRenameChannelsCommand.php	ast-name
Qualimetrix\Analysis\Configuration\Contract\Refusal\ConfigurationRefusal	Analysis.Configuration	Qualimetrix\Infrastructure\Console\Command\BaselineRun	Infrastructure.Console	src/Infrastructure/Console/Command/BaselineRun.php	ast-name
Qualimetrix\Analysis\Configuration\Contract\Refusal\ConfigurationRefusal	Analysis.Configuration	Qualimetrix\Infrastructure\Console\Command\CheckCommand	Infrastructure.Console	src/Infrastructure/Console/Command/CheckCommand.php	ast-name
Qualimetrix\Analysis\Configuration\Contract\Refusal\ConfigurationRefusal	Analysis.Configuration	Qualimetrix\Infrastructure\Console\Command\Debug\LayerAssignmentCommand	Infrastructure.Console	src/Infrastructure/Console/Command/Debug/LayerAssignmentCommand.php	ast-name
Qualimetrix\Analysis\Configuration\Contract\Refusal\ConfigurationRefusal	Analysis.Configuration	Qualimetrix\Infrastructure\Console\Command\DirectivesCommand	Infrastructure.Console	src/Infrastructure/Console/Command/DirectivesCommand.php	ast-name
Qualimetrix\Analysis\Configuration\Contract\Refusal\ConfigurationRefusal	Analysis.Configuration	Qualimetrix\Infrastructure\Console\Command\GraphExportCommand	Infrastructure.Console	src/Infrastructure/Console/Command/GraphExportCommand.php	ast-name
Qualimetrix\Analysis\Configuration\Contract\Refusal\ConfigurationRefusal	Analysis.Configuration	Qualimetrix\Infrastructure\Console\Command\RulesCommand	Infrastructure.Console	src/Infrastructure/Console/Command/RulesCommand.php	ast-name
Qualimetrix\Analysis\Configuration\Contract\Refusal\ConfigurationRefusal	Analysis.Configuration	Qualimetrix\Infrastructure\Console\ExitPolicy	Infrastructure.Console	src/Infrastructure/Console/ExitPolicy.php	ast-name
Qualimetrix\Analysis\Configuration\Contract\Refusal\ConfigurationRefusal	Analysis.Configuration	Qualimetrix\Infrastructure\Console\FormatterContextFactory	Infrastructure.Console	src/Infrastructure/Console/FormatterContextFactory.php	ast-name
Qualimetrix\Analysis\Configuration\Contract\Refusal\ConfigurationRefusal	Analysis.Configuration	Qualimetrix\Infrastructure\Console\LayerAssignmentResolver	Infrastructure.Console	src/Infrastructure/Console/LayerAssignmentResolver.php	ast-name
Qualimetrix\Analysis\Configuration\Contract\Refusal\ConfigurationRefusal	Analysis.Configuration	Qualimetrix\Infrastructure\Console\Refusal\RefusalPresenter	Infrastructure.Console	src/Infrastructure/Console/Refusal/RefusalPresenter.php	ast-name
Qualimetrix\Analysis\Configuration\Contract\Refusal\ConfigurationRefusal	Analysis.Configuration	Qualimetrix\Infrastructure\Console\ResultPresenter	Infrastructure.Console	src/Infrastructure/Console/ResultPresenter.php	ast-name
Qualimetrix\Analysis\Configuration\Contract\Refusal\ConfigurationRefusal	Analysis.Configuration	Qualimetrix\Infrastructure\Console\RuleInputValidator	Infrastructure.Console	src/Infrastructure/Console/RuleInputValidator.php	ast-name
Qualimetrix\Analysis\Configuration\Contract\Refusal\ConfigurationRefusal	Analysis.Configuration	Qualimetrix\Infrastructure\Console\RuntimeLimits	Infrastructure.Console	src/Infrastructure/Console/RuntimeLimits.php	ast-name
Qualimetrix\Analysis\Configuration\Contract\Refusal\ConfigurationRefusal	Analysis.Configuration	Qualimetrix\Infrastructure\Console\RuntimeLimitsController	Infrastructure.Console	src/Infrastructure/Console/RuntimeLimitsController.php	ast-name
Qualimetrix\Analysis\Configuration\Contract\Refusal\ConfigurationRefusal	Analysis.Configuration	Qualimetrix\Infrastructure\Console\RuntimeLoggerConfigurator	Infrastructure.Console	src/Infrastructure/Console/RuntimeLoggerConfigurator.php	ast-name
Qualimetrix\Analysis\Configuration\Contract\Refusal\ConfigurationRefusal	Analysis.Configuration	Qualimetrix\Reporting\Configuration\OutputFormatResolver	Reporting	src/Reporting/Configuration/OutputFormatResolver.php	ast-name
Qualimetrix\Analysis\Configuration\Contract\Refusal\ConfigurationRefusal	Analysis.Configuration	Qualimetrix\Reporting\FindingProjection\Configuration\ConfiguredFindingExclusionsResolver	Reporting	src/Reporting/FindingProjection/Configuration/ConfiguredFindingExclusionsResolver.php	ast-name
Qualimetrix\Analysis\Configuration\Contract\Refusal\ConfigurationSource	Analysis.Configuration	Qualimetrix\Analysis\Finding\RuleConfiguration\RuleOptionsFactory	Analysis.Finding	src/Analysis/Finding/RuleConfiguration/RuleOptionsFactory.php	ast-name
Qualimetrix\Analysis\Configuration\Contract\Refusal\ConfigurationSource	Analysis.Configuration	Qualimetrix\Analysis\Run\Configuration\RunConfigurationResolver	Analysis.Run	src/Analysis/Run/Configuration/RunConfigurationResolver.php	ast-name
Qualimetrix\Analysis\Configuration\Contract\Refusal\ConfigurationSource	Analysis.Configuration	Qualimetrix\Reporting\FindingProjection\Configuration\ConfiguredFindingExclusionsResolver	Reporting	src/Reporting/FindingProjection/Configuration/ConfiguredFindingExclusionsResolver.php	ast-name
Qualimetrix\Analysis\Configuration\Contract\Refusal\RefusedPosition	Analysis.Configuration	Qualimetrix\Analysis\Evidence\ComputedMetrics\ComputedMetricFormulaValidator	Analysis.Evidence.ComputedMetrics	src/Analysis/Evidence/ComputedMetrics/ComputedMetricFormulaValidator.php	ast-name
Qualimetrix\Analysis\Configuration\Contract\Refusal\RefusedPosition	Analysis.Configuration	Qualimetrix\Analysis\Evidence\ComputedMetrics\ComputedMetricOverrideReader	Analysis.Evidence.ComputedMetrics	src/Analysis/Evidence/ComputedMetrics/ComputedMetricOverrideReader.php	ast-name
Qualimetrix\Analysis\Configuration\Contract\Refusal\RefusedPosition	Analysis.Configuration	Qualimetrix\Analysis\Evidence\ComputedMetrics\ComputedMetricsConfigResolver	Analysis.Evidence.ComputedMetrics	src/Analysis/Evidence/ComputedMetrics/ComputedMetricsConfigResolver.php	ast-name
Qualimetrix\Analysis\Configuration\Contract\Refusal\RefusedPosition	Analysis.Configuration	Qualimetrix\Analysis\Evidence\ComputedMetrics\Configuration\ComputedMetricContributionReader	Analysis.Evidence.ComputedMetrics	src/Analysis/Evidence/ComputedMetrics/Configuration/ComputedMetricContributionReader.php	ast-name
Qualimetrix\Analysis\Configuration\Contract\Refusal\RefusedPosition	Analysis.Configuration	Qualimetrix\Analysis\Evidence\ComputedMetrics\Configuration\ComputedMetricEntryKeyRecognition	Analysis.Evidence.ComputedMetrics	src/Analysis/Evidence/ComputedMetrics/Configuration/ComputedMetricEntryKeyRecognition.php	ast-name
Qualimetrix\Analysis\Configuration\Contract\Refusal\RefusedPosition	Analysis.Configuration	Qualimetrix\Analysis\Evidence\ComputedMetrics\Health\Configuration\HealthFormulaExcluder	Analysis.Evidence.ComputedMetrics.Health	src/Analysis/Evidence/ComputedMetrics/Health/Configuration/HealthFormulaExcluder.php	ast-name
Qualimetrix\Analysis\Configuration\Contract\Refusal\RefusedPosition	Analysis.Configuration	Qualimetrix\Analysis\Evidence\Coupling\ClassCboOptions	Analysis.Evidence.Coupling	src/Analysis/Evidence/Coupling/ClassCboOptions.php	ast-name
Qualimetrix\Analysis\Configuration\Contract\Refusal\RefusedPosition	Analysis.Configuration	Qualimetrix\Analysis\Evidence\Coupling\CouplingAnalysis	Analysis.Evidence.Coupling	src/Analysis/Evidence/Coupling/CouplingAnalysis.php	ast-name
Qualimetrix\Analysis\Configuration\Contract\Refusal\RefusedPosition	Analysis.Configuration	Qualimetrix\Analysis\Evidence\Coupling\DistanceOptions	Analysis.Evidence.Coupling	src/Analysis/Evidence/Coupling/DistanceOptions.php	ast-name
Qualimetrix\Analysis\Configuration\Contract\Refusal\RefusedPosition	Analysis.Configuration	Qualimetrix\Analysis\Finding\Contract\Rule\ThresholdParser	Analysis.Finding	src/Analysis/Finding/Contract/Rule/ThresholdParser.php	ast-name
Qualimetrix\Analysis\Configuration\Contract\Refusal\RefusedPosition	Analysis.Configuration	Qualimetrix\Analysis\Finding\RuleConfiguration\RuleOptionKeyRecognition	Analysis.Finding	src/Analysis/Finding/RuleConfiguration/RuleOptionKeyRecognition.php	ast-name
Qualimetrix\Analysis\Configuration\Contract\Refusal\RefusedPosition	Analysis.Configuration	Qualimetrix\Analysis\Finding\RuleConfiguration\RuleSuppressionSelectorDecoder	Analysis.Finding	src/Analysis/Finding/RuleConfiguration/RuleSuppressionSelectorDecoder.php	ast-name
Qualimetrix\Analysis\Configuration\Contract\Refusal\RefusedPosition	Analysis.Configuration	Qualimetrix\Analysis\Policy\Architecture\Configuration\AllowValidator	Analysis.Policy.Architecture	src/Analysis/Policy/Architecture/Configuration/AllowValidator.php	ast-name
Qualimetrix\Analysis\Configuration\Contract\Refusal\RefusedPosition	Analysis.Configuration	Qualimetrix\Analysis\Policy\Architecture\Configuration\Allow\AllowAliasExpander	Analysis.Policy.Architecture	src/Analysis/Policy/Architecture/Configuration/Allow/AllowAliasExpander.php	ast-name
Qualimetrix\Analysis\Configuration\Contract\Refusal\RefusedPosition	Analysis.Configuration	Qualimetrix\Analysis\Policy\Architecture\Configuration\ArchitectureConfigurationFactory	Analysis.Policy.Architecture	src/Analysis/Policy/Architecture/Configuration/ArchitectureConfigurationFactory.php	ast-name
Qualimetrix\Analysis\Configuration\Contract\Refusal\RefusedPosition	Analysis.Configuration	Qualimetrix\Analysis\Policy\Architecture\Configuration\CoverageValidator	Analysis.Policy.Architecture	src/Analysis/Policy/Architecture/Configuration/CoverageValidator.php	ast-name
Qualimetrix\Analysis\Configuration\Contract\Refusal\RefusedPosition	Analysis.Configuration	Qualimetrix\Analysis\Policy\Architecture\Configuration\DuplicatePatternRejector	Analysis.Policy.Architecture	src/Analysis/Policy/Architecture/Configuration/DuplicatePatternRejector.php	ast-name
Qualimetrix\Analysis\Configuration\Contract\Refusal\RefusedPosition	Analysis.Configuration	Qualimetrix\Analysis\Policy\Architecture\Configuration\ExcludeBlockValidator	Analysis.Policy.Architecture	src/Analysis/Policy/Architecture/Configuration/ExcludeBlockValidator.php	ast-name
Qualimetrix\Analysis\Configuration\Contract\Refusal\RefusedPosition	Analysis.Configuration	Qualimetrix\Analysis\Policy\Architecture\Configuration\LayerCriterionNormalizer	Analysis.Policy.Architecture	src/Analysis/Policy/Architecture/Configuration/LayerCriterionNormalizer.php	ast-name
Qualimetrix\Analysis\Configuration\Contract\Refusal\RefusedPosition	Analysis.Configuration	Qualimetrix\Analysis\Policy\Architecture\Configuration\LayersValidator	Analysis.Policy.Architecture	src/Analysis/Policy/Architecture/Configuration/LayersValidator.php	ast-name
Qualimetrix\Analysis\Configuration\Contract\Refusal\RefusedPosition	Analysis.Configuration	Qualimetrix\Analysis\Policy\Architecture\Configuration\LongFormAllowEntryNormalizer	Analysis.Policy.Architecture	src/Analysis/Policy/Architecture/Configuration/LongFormAllowEntryNormalizer.php	ast-name
Qualimetrix\Analysis\Configuration\Contract\Refusal\RefusedPosition	Analysis.Configuration	Qualimetrix\Analysis\Policy\Architecture\LayerViolation\LayerViolationOptions	Analysis.Policy.Architecture	src/Analysis/Policy/Architecture/LayerViolation/LayerViolationOptions.php	ast-name
Qualimetrix\Analysis\Configuration\Contract\Refusal\RefusedPosition	Analysis.Configuration	Qualimetrix\Analysis\Policy\Architecture\LayerViolation\UnassignedClassOptions	Analysis.Policy.Architecture	src/Analysis/Policy/Architecture/LayerViolation/UnassignedClassOptions.php	ast-name
Qualimetrix\Analysis\Configuration\Contract\Refusal\RefusedPosition	Analysis.Configuration	Qualimetrix\Analysis\Policy\Architecture\Layer\Expansion\LayerExpansionStage	Analysis.Policy.Architecture	src/Analysis/Policy/Architecture/Layer/Expansion/LayerExpansionStage.php	ast-name
Qualimetrix\Analysis\Configuration\Contract\Refusal\RefusedPosition	Analysis.Configuration	Qualimetrix\Analysis\Policy\Architecture\Layer\Expansion\LayerInstantiator	Analysis.Policy.Architecture	src/Analysis/Policy/Architecture/Layer/Expansion/LayerInstantiator.php	ast-name
Qualimetrix\Analysis\Configuration\Contract\Refusal\RefusedPosition	Analysis.Configuration	Qualimetrix\Analysis\Policy\Inline\Directive\InlineDirectiveOptions	Analysis.Policy.Inline	src/Analysis/Policy/Inline/Directive/InlineDirectiveOptions.php	ast-name
Qualimetrix\Analysis\Configuration\RetiredSuppressionOptions	Analysis.Configuration	Qualimetrix\Analysis\Finding\RuleConfiguration\RuleOptionsFactory	Analysis.Finding	src/Analysis/Finding/RuleConfiguration/RuleOptionsFactory.php	ast-name
Qualimetrix\Analysis\Configuration\RetiredSuppressionOptions	Analysis.Configuration	Qualimetrix\Analysis\Finding\RuleConfiguration\RuleOptionsParser	Analysis.Finding	src/Analysis/Finding/RuleConfiguration/RuleOptionsParser.php	ast-name
Qualimetrix\Analysis\Configuration\RetiredSuppressionOptions	Analysis.Configuration	Qualimetrix\Infrastructure\Console\Command\CheckCommand	Infrastructure.Console	src/Infrastructure/Console/Command/CheckCommand.php	ast-name
Qualimetrix\Analysis\Configuration\SelectorYamlDecoder	Analysis.Configuration	Qualimetrix\Analysis\Run\Configuration\RunConfigurationResolver	Analysis.Run	src/Analysis/Run/Configuration/RunConfigurationResolver.php	ast-name
Qualimetrix\Analysis\Configuration\SelectorYamlDecoder	Analysis.Configuration	Qualimetrix\Reporting\FindingProjection\Configuration\ConfiguredFindingExclusionsResolver	Reporting	src/Reporting/FindingProjection/Configuration/ConfiguredFindingExclusionsResolver.php	ast-name
Qualimetrix\Analysis\Evidence\CircularDependency\Contract\CircularDependencyPreparationInterface	Analysis.Evidence.CircularDependency	Qualimetrix\Analysis\Run\RuleProducerPreparation	Analysis.Run	src/Analysis/Run/RuleProducerPreparation.php	ast-name
Qualimetrix\Analysis\Evidence\CircularDependency\Contract\CircularDependencyPreparationInterface	Analysis.Evidence.CircularDependency	Qualimetrix\Infrastructure\DependencyInjection\Configurator\AnalysisConfigurator	Infrastructure.DependencyInjection	src/Infrastructure/DependencyInjection/Configurator/AnalysisConfigurator.php	ast-name
Qualimetrix\Analysis\Evidence\CircularDependency\Contract\CircularDependencyPreparationInterface	Analysis.Evidence.CircularDependency	Qualimetrix\Infrastructure\DependencyInjection\Configurator\CircularDependencyConfigurator	Infrastructure.DependencyInjection	src/Infrastructure/DependencyInjection/Configurator/CircularDependencyConfigurator.php	ast-name
Qualimetrix\Analysis\Evidence\CircularDependency\Contract\CircularDependencyPreparationInterface	Analysis.Evidence.CircularDependency	Qualimetrix\Reporting\FindingProjection\DeclaredChannelFileScope	Reporting	src/Reporting/FindingProjection/DeclaredChannelFileScope.php	ast-name
Qualimetrix\Analysis\Evidence\Cohesion\Contract\LcomCollectionConfigurableInterface	Analysis.Evidence.Cohesion	Qualimetrix\Infrastructure\DependencyInjection\ContainerFactory	Infrastructure.DependencyInjection	src/Infrastructure/DependencyInjection/ContainerFactory.php	ast-name
Qualimetrix\Analysis\Evidence\Cohesion\Contract\LcomCollectionConfigurableInterface	Analysis.Evidence.Cohesion	Qualimetrix\Infrastructure\Parallel\WorkerBootstrap	Infrastructure.Parallel	src/Infrastructure/Parallel/WorkerBootstrap.php	ast-name
Qualimetrix\Analysis\Evidence\Cohesion\Contract\LcomCollectionConfiguration	Analysis.Evidence.Cohesion	Qualimetrix\Infrastructure\Console\AnalysisRuntimeConfigurator	Infrastructure.Console	src/Infrastructure/Console/AnalysisRuntimeConfigurator.php	ast-name
Qualimetrix\Analysis\Evidence\Cohesion\Contract\LcomCollectionConfiguration	Analysis.Evidence.Cohesion	Qualimetrix\Infrastructure\Parallel\FileProcessingTask	Infrastructure.Parallel	src/Infrastructure/Parallel/FileProcessingTask.php	ast-name
Qualimetrix\Analysis\Evidence\Cohesion\Contract\LcomCollectionConfiguration	Analysis.Evidence.Cohesion	Qualimetrix\Infrastructure\Parallel\WorkerBootstrap	Infrastructure.Parallel	src/Infrastructure/Parallel/WorkerBootstrap.php	ast-name
Qualimetrix\Analysis\Evidence\Cohesion\Contract\LcomCollectionConfigurationResolverInterface	Analysis.Evidence.Cohesion	Qualimetrix\Infrastructure\Console\AnalysisRuntimeConfigurator	Infrastructure.Console	src/Infrastructure/Console/AnalysisRuntimeConfigurator.php	ast-name
Qualimetrix\Analysis\Evidence\Cohesion\Contract\LcomCollectionConfigurationResolverInterface	Analysis.Evidence.Cohesion	Qualimetrix\Infrastructure\DependencyInjection\Configurator\MeasurementConfigurator	Infrastructure.DependencyInjection	src/Infrastructure/DependencyInjection/Configurator/MeasurementConfigurator.php	ast-name
Qualimetrix\Analysis\Evidence\Cohesion\Contract\LcomCollectionConfigurationResolverInterface	Analysis.Evidence.Cohesion	Qualimetrix\Infrastructure\DependencyInjection\Configurator\OutputConfigurator	Infrastructure.DependencyInjection	src/Infrastructure/DependencyInjection/Configurator/OutputConfigurator.php	ast-name
Qualimetrix\Analysis\Evidence\Cohesion\Contract\LcomCollectionConfigurationStoreInterface	Analysis.Evidence.Cohesion	Qualimetrix\Infrastructure\Console\AnalysisRuntimeConfigurator	Infrastructure.Console	src/Infrastructure/Console/AnalysisRuntimeConfigurator.php	ast-name
Qualimetrix\Analysis\Evidence\Cohesion\Contract\LcomCollectionConfigurationStoreInterface	Analysis.Evidence.Cohesion	Qualimetrix\Infrastructure\DependencyInjection\Configurator\DependencyModelConfigurator	Infrastructure.DependencyInjection	src/Infrastructure/DependencyInjection/Configurator/DependencyModelConfigurator.php	ast-name
Qualimetrix\Analysis\Evidence\Cohesion\Contract\LcomCollectionConfigurationStoreInterface	Analysis.Evidence.Cohesion	Qualimetrix\Infrastructure\DependencyInjection\Configurator\MeasurementConfigurator	Infrastructure.DependencyInjection	src/Infrastructure/DependencyInjection/Configurator/MeasurementConfigurator.php	ast-name
Qualimetrix\Analysis\Evidence\Cohesion\Contract\LcomCollectionConfigurationStoreInterface	Analysis.Evidence.Cohesion	Qualimetrix\Infrastructure\DependencyInjection\Configurator\OutputConfigurator	Infrastructure.DependencyInjection	src/Infrastructure/DependencyInjection/Configurator/OutputConfigurator.php	ast-name
Qualimetrix\Analysis\Evidence\Cohesion\Contract\LcomCollectionConfigurationStoreInterface	Analysis.Evidence.Cohesion	Qualimetrix\Infrastructure\Parallel\FileProcessingTaskFactory	Infrastructure.Parallel	src/Infrastructure/Parallel/FileProcessingTaskFactory.php	ast-name
Qualimetrix\Analysis\Evidence\ComputedMetrics\Contract\Configuration\ComputedMetricConfiguratorInterface	Analysis.Evidence.ComputedMetrics	Qualimetrix\Infrastructure\Console\AnalysisRuntimeConfigurator	Infrastructure.Console	src/Infrastructure/Console/AnalysisRuntimeConfigurator.php	ast-name
Qualimetrix\Analysis\Evidence\ComputedMetrics\Contract\Configuration\ComputedMetricConfiguratorInterface	Analysis.Evidence.ComputedMetrics	Qualimetrix\Infrastructure\DependencyInjection\Configurator\OutputConfigurator	Infrastructure.DependencyInjection	src/Infrastructure/DependencyInjection/Configurator/OutputConfigurator.php	ast-name
Qualimetrix\Analysis\Evidence\ComputedMetrics\Contract\Configuration\HealthFormulaExclusionInterface	Analysis.Evidence.ComputedMetrics	Qualimetrix\Analysis\Evidence\ComputedMetrics\Health\Configuration\HealthFormulaExcluder	Analysis.Evidence.ComputedMetrics.Health	src/Analysis/Evidence/ComputedMetrics/Health/Configuration/HealthFormulaExcluder.php	ast-name
Qualimetrix\Analysis\Evidence\ComputedMetrics\Contract\Definition\ComputedMetricDefinition	Analysis.Evidence.ComputedMetrics	Qualimetrix\Analysis\Evidence\ComputedMetrics\Health\Configuration\HealthFormulaExcluder	Analysis.Evidence.ComputedMetrics.Health	src/Analysis/Evidence/ComputedMetrics/Health/Configuration/HealthFormulaExcluder.php	ast-name
Qualimetrix\Analysis\Evidence\ComputedMetrics\Contract\Definition\ComputedMetricDefinitionCatalogInterface	Analysis.Evidence.ComputedMetrics	Qualimetrix\Analysis\Evidence\ComputedMetrics\Health\Contract\DrillDown\HealthScoreDrillDown	Analysis.Evidence.ComputedMetrics.Health	src/Analysis/Evidence/ComputedMetrics/Health/Contract/DrillDown/HealthScoreDrillDown.php	ast-name
Qualimetrix\Analysis\Evidence\ComputedMetrics\Contract\Definition\ComputedMetricDefinitionCatalogInterface	Analysis.Evidence.ComputedMetrics	Qualimetrix\Analysis\Evidence\ComputedMetrics\Health\Contract\DrillDown\WorstClassDrillDown	Analysis.Evidence.ComputedMetrics.Health	src/Analysis/Evidence/ComputedMetrics/Health/Contract/DrillDown/WorstClassDrillDown.php	ast-name
Qualimetrix\Analysis\Evidence\ComputedMetrics\Contract\Definition\ComputedMetricDefinitionCatalogInterface	Analysis.Evidence.ComputedMetrics	Qualimetrix\Analysis\Evidence\ComputedMetrics\Health\Contract\Summary\HealthSummaryBuilder	Analysis.Evidence.ComputedMetrics.Health	src/Analysis/Evidence/ComputedMetrics/Health/Contract/Summary/HealthSummaryBuilder.php	ast-name
Qualimetrix\Analysis\Evidence\ComputedMetrics\Contract\Definition\ComputedMetricDefinitionCatalogInterface	Analysis.Evidence.ComputedMetrics	Qualimetrix\Infrastructure\Rule\ChannelUniverse	Infrastructure.Rule	src/Infrastructure/Rule/ChannelUniverse.php	ast-name
Qualimetrix\Analysis\Evidence\ComputedMetrics\Contract\Definition\ComputedMetricDefinitionCatalogInterface	Analysis.Evidence.ComputedMetrics	Qualimetrix\Infrastructure\Rule\ComputedMetricChannelPresentation	Infrastructure.Rule	src/Infrastructure/Rule/ComputedMetricChannelPresentation.php	ast-name
Qualimetrix\Analysis\Evidence\ComputedMetrics\Contract\Definition\ComputedMetricDefinitionCatalogInterface	Analysis.Evidence.ComputedMetrics	Qualimetrix\Reporting\Formatter\Html\HtmlTreeBuilder	Reporting	src/Reporting/Formatter/Html/HtmlTreeBuilder.php	ast-name
Qualimetrix\Analysis\Evidence\ComputedMetrics\Contract\Definition\HealthDimension	Analysis.Evidence.ComputedMetrics	Qualimetrix\Analysis\Evidence\ComputedMetrics\Health\Configuration\HealthFormulaExcluder	Analysis.Evidence.ComputedMetrics.Health	src/Analysis/Evidence/ComputedMetrics/Health/Configuration/HealthFormulaExcluder.php	ast-name
Qualimetrix\Analysis\Evidence\ComputedMetrics\Contract\Definition\HealthDimension	Analysis.Evidence.ComputedMetrics	Qualimetrix\Analysis\Evidence\ComputedMetrics\Health\Contract\DrillDown\HealthScoreDrillDown	Analysis.Evidence.ComputedMetrics.Health	src/Analysis/Evidence/ComputedMetrics/Health/Contract/DrillDown/HealthScoreDrillDown.php	ast-name
Qualimetrix\Analysis\Evidence\ComputedMetrics\Contract\Definition\HealthDimension	Analysis.Evidence.ComputedMetrics	Qualimetrix\Analysis\Evidence\ComputedMetrics\Health\Contract\DrillDown\WorstClassDrillDown	Analysis.Evidence.ComputedMetrics.Health	src/Analysis/Evidence/ComputedMetrics/Health/Contract/DrillDown/WorstClassDrillDown.php	ast-name
Qualimetrix\Analysis\Evidence\ComputedMetrics\Contract\Definition\HealthDimension	Analysis.Evidence.ComputedMetrics	Qualimetrix\Analysis\Evidence\ComputedMetrics\Health\Contract\Summary\HealthSummaryBuilder	Analysis.Evidence.ComputedMetrics.Health	src/Analysis/Evidence/ComputedMetrics/Health/Contract/Summary/HealthSummaryBuilder.php	ast-name
Qualimetrix\Analysis\Evidence\ComputedMetrics\Contract\Definition\HealthDimension	Analysis.Evidence.ComputedMetrics	Qualimetrix\Reporting\Formatter\Html\HtmlMetricAggregator	Reporting	src/Reporting/Formatter/Html/HtmlMetricAggregator.php	ast-name
Qualimetrix\Analysis\Evidence\ComputedMetrics\Contract\Definition\HealthDimension	Analysis.Evidence.ComputedMetrics	Qualimetrix\Reporting\Formatter\Json\JsonHealthSection	Reporting	src/Reporting/Formatter/Json/JsonHealthSection.php	ast-name
Qualimetrix\Analysis\Evidence\ComputedMetrics\Contract\Definition\HealthDimension	Analysis.Evidence.ComputedMetrics	Qualimetrix\Reporting\Formatter\Summary\HealthBarRenderer	Reporting	src/Reporting/Formatter/Summary/HealthBarRenderer.php	ast-name
Qualimetrix\Analysis\Evidence\ComputedMetrics\Contract\Definition\ResolvedComputedMetricDefinitions	Analysis.Evidence.ComputedMetrics	Qualimetrix\Infrastructure\Console\AnalysisRuntimeConfigurator	Infrastructure.Console	src/Infrastructure/Console/AnalysisRuntimeConfigurator.php	ast-name
Qualimetrix\Analysis\Evidence\ComputedMetrics\Contract\Definition\ResolvedComputedMetricDefinitions	Analysis.Evidence.ComputedMetrics	Qualimetrix\Infrastructure\Console\RuleInputValidator	Infrastructure.Console	src/Infrastructure/Console/RuleInputValidator.php	ast-name
Qualimetrix\Analysis\Evidence\ComputedMetrics\Contract\Definition\ResolvedComputedMetricDefinitions	Analysis.Evidence.ComputedMetrics	Qualimetrix\Infrastructure\Rule\Contract\RuleChannelSnapshotFactoryInterface	Infrastructure.Rule	src/Infrastructure/Rule/Contract/RuleChannelSnapshotFactoryInterface.php	ast-name
Qualimetrix\Analysis\Evidence\ComputedMetrics\Contract\Evaluation\ComputedMetricEvaluator	Analysis.Evidence.ComputedMetrics	Qualimetrix\Analysis\Run\Pipeline\AnalysisPipeline	Analysis.Run	src/Analysis/Run/Pipeline/AnalysisPipeline.php	ast-name
Qualimetrix\Analysis\Evidence\ComputedMetrics\Contract\Evaluation\ComputedMetricExpression	Analysis.Evidence.ComputedMetrics	Qualimetrix\Analysis\Evidence\ComputedMetrics\Health\Configuration\HealthFormulaExcluder	Analysis.Evidence.ComputedMetrics.Health	src/Analysis/Evidence/ComputedMetrics/Health/Configuration/HealthFormulaExcluder.php	ast-name
Qualimetrix\Analysis\Evidence\ComputedMetrics\Contract\Evaluation\ComputedMetricExpression	Analysis.Evidence.ComputedMetrics	Qualimetrix\Analysis\Evidence\ComputedMetrics\Health\Configuration\WeightedHealthFormula	Analysis.Evidence.ComputedMetrics.Health	src/Analysis/Evidence/ComputedMetrics/Health/Configuration/WeightedHealthFormula.php	ast-name
Qualimetrix\Analysis\Evidence\ComputedMetrics\Contract\Finding\ComputedMetricChannelFamily	Analysis.Evidence.ComputedMetrics	Qualimetrix\Infrastructure\DependencyInjection\CompilerPass\ChannelDeclarationCompilerPass	Infrastructure.DependencyInjection	src/Infrastructure/DependencyInjection/CompilerPass/ChannelDeclarationCompilerPass.php	ast-name
Qualimetrix\Analysis\Evidence\ComputedMetrics\Contract\Finding\ComputedMetricChannelFamily	Analysis.Evidence.ComputedMetrics	Qualimetrix\Infrastructure\DependencyInjection\Configurator\ComputedMetricsConfigurator	Infrastructure.DependencyInjection	src/Infrastructure/DependencyInjection/Configurator/ComputedMetricsConfigurator.php	ast-name
Qualimetrix\Analysis\Evidence\ComputedMetrics\Health\Contract\DrillDown\HealthScoreDrillDown	Analysis.Evidence.ComputedMetrics.Health	Qualimetrix\Reporting\Health\HealthScoreResolver	Reporting	src/Reporting/Health/HealthScoreResolver.php	ast-name
Qualimetrix\Analysis\Evidence\ComputedMetrics\Health\Contract\DrillDown\WorstClassDrillDown	Analysis.Evidence.ComputedMetrics.Health	Qualimetrix\Reporting\Formatter\Json\JsonOffenderSection	Reporting	src/Reporting/Formatter/Json/JsonOffenderSection.php	ast-name
Qualimetrix\Analysis\Evidence\ComputedMetrics\Health\Contract\DrillDown\WorstClassDrillDown	Analysis.Evidence.ComputedMetrics.Health	Qualimetrix\Reporting\Formatter\Summary\OffenderListRenderer	Reporting	src/Reporting/Formatter/Summary/OffenderListRenderer.php	ast-name
Qualimetrix\Analysis\Evidence\ComputedMetrics\Health\Contract\Metadata\HealthMetricMetadataCollection	Analysis.Evidence.ComputedMetrics.Health	Qualimetrix\Reporting\Health\HealthHintProjector	Reporting	src/Reporting/Health/HealthHintProjector.php	ast-name
Qualimetrix\Analysis\Evidence\ComputedMetrics\Health\Contract\Metadata\HealthMetricMetadataProviderInterface	Analysis.Evidence.ComputedMetrics.Health	Qualimetrix\Reporting\Health\HealthHintProjector	Reporting	src/Reporting/Health/HealthHintProjector.php	ast-name
Qualimetrix\Analysis\Evidence\ComputedMetrics\Health\Contract\Offender\RankedOffenderLevels	Analysis.Evidence.ComputedMetrics.Health	Qualimetrix\Reporting\DrillDown\DrillDownBinding	Reporting	src/Reporting/DrillDown/DrillDownBinding.php	ast-name
Qualimetrix\Analysis\Evidence\ComputedMetrics\Health\Contract\Offender\WorstOffender	Analysis.Evidence.ComputedMetrics.Health	Qualimetrix\Reporting\DrillDown\FindingFilter	Reporting	src/Reporting/DrillDown/FindingFilter.php	ast-name
Qualimetrix\Analysis\Evidence\ComputedMetrics\Health\Contract\Offender\WorstOffender	Analysis.Evidence.ComputedMetrics.Health	Qualimetrix\Reporting\Formatter\Json\JsonOffenderSection	Reporting	src/Reporting/Formatter/Json/JsonOffenderSection.php	ast-name
Qualimetrix\Analysis\Evidence\ComputedMetrics\Health\Contract\Offender\WorstOffender	Analysis.Evidence.ComputedMetrics.Health	Qualimetrix\Reporting\Formatter\Summary\OffenderListRenderer	Reporting	src/Reporting/Formatter/Summary/OffenderListRenderer.php	ast-name
Qualimetrix\Analysis\Evidence\ComputedMetrics\Health\Contract\Score\DecompositionItem	Analysis.Evidence.ComputedMetrics.Health	Qualimetrix\Reporting\Formatter\Health\HealthTextFormatter	Reporting	src/Reporting/Formatter/Health/HealthTextFormatter.php	ast-name
Qualimetrix\Analysis\Evidence\ComputedMetrics\Health\Contract\Score\DecompositionItem	Analysis.Evidence.ComputedMetrics.Health	Qualimetrix\Reporting\Formatter\Json\JsonHealthSection	Reporting	src/Reporting/Formatter/Json/JsonHealthSection.php	ast-name
Qualimetrix\Analysis\Evidence\ComputedMetrics\Health\Contract\Score\DecompositionItem	Analysis.Evidence.ComputedMetrics.Health	Qualimetrix\Reporting\Formatter\Summary\HealthBarRenderer	Reporting	src/Reporting/Formatter/Summary/HealthBarRenderer.php	ast-name
Qualimetrix\Analysis\Evidence\ComputedMetrics\Health\Contract\Score\HealthContributor	Analysis.Evidence.ComputedMetrics.Health	Qualimetrix\Reporting\Formatter\Json\JsonHealthSection	Reporting	src/Reporting/Formatter/Json/JsonHealthSection.php	ast-name
Qualimetrix\Analysis\Evidence\ComputedMetrics\Health\Contract\Score\HealthCoverage	Analysis.Evidence.ComputedMetrics.Health	Qualimetrix\Reporting\Formatter\Health\HealthCoverageNarrator	Reporting	src/Reporting/Formatter/Health/HealthCoverageNarrator.php	ast-name
Qualimetrix\Analysis\Evidence\ComputedMetrics\Health\Contract\Score\HealthCoverage	Analysis.Evidence.ComputedMetrics.Health	Qualimetrix\Reporting\Formatter\Json\JsonHealthSection	Reporting	src/Reporting/Formatter/Json/JsonHealthSection.php	ast-name
Qualimetrix\Analysis\Evidence\ComputedMetrics\Health\Contract\Score\HealthScore	Analysis.Evidence.ComputedMetrics.Health	Qualimetrix\Reporting\Formatter\Health\HealthTextFormatter	Reporting	src/Reporting/Formatter/Health/HealthTextFormatter.php	ast-name
Qualimetrix\Analysis\Evidence\ComputedMetrics\Health\Contract\Score\HealthScore	Analysis.Evidence.ComputedMetrics.Health	Qualimetrix\Reporting\Formatter\Summary\HealthBarRenderer	Reporting	src/Reporting/Formatter/Summary/HealthBarRenderer.php	ast-name
Qualimetrix\Analysis\Evidence\ComputedMetrics\Health\Contract\Summary\HealthSummary	Analysis.Evidence.ComputedMetrics.Health	Qualimetrix\Reporting\Health\SummaryEnricher	Reporting	src/Reporting/Health/SummaryEnricher.php	ast-name
Qualimetrix\Analysis\Evidence\ComputedMetrics\Health\Contract\Summary\HealthSummaryBuilder	Analysis.Evidence.ComputedMetrics.Health	Qualimetrix\Reporting\Health\SummaryEnricher	Reporting	src/Reporting/Health/SummaryEnricher.php	ast-name
Qualimetrix\Analysis\Evidence\Coupling\Contract\Configuration\CouplingConfiguratorInterface	Analysis.Evidence.Coupling	Qualimetrix\Infrastructure\Console\AnalysisRuntimeConfigurator	Infrastructure.Console	src/Infrastructure/Console/AnalysisRuntimeConfigurator.php	ast-name
Qualimetrix\Analysis\Evidence\Coupling\Contract\Configuration\CouplingConfiguratorInterface	Analysis.Evidence.Coupling	Qualimetrix\Infrastructure\DependencyInjection\Configurator\CouplingConfigurator	Infrastructure.DependencyInjection	src/Infrastructure/DependencyInjection/Configurator/CouplingConfigurator.php	ast-name
Qualimetrix\Analysis\Evidence\Coupling\Contract\Configuration\CouplingConfiguratorInterface	Analysis.Evidence.Coupling	Qualimetrix\Infrastructure\DependencyInjection\Configurator\OutputConfigurator	Infrastructure.DependencyInjection	src/Infrastructure/DependencyInjection/Configurator/OutputConfigurator.php	ast-name
Qualimetrix\Analysis\Evidence\DependencyModel\Contract\Dependency	Analysis.Evidence.DependencyModel	Qualimetrix\Analysis\Policy\Architecture\LayerViolation\LayerRoutingGuidance	Analysis.Policy.Architecture	src/Analysis/Policy/Architecture/LayerViolation/LayerRoutingGuidance.php	ast-name
Qualimetrix\Analysis\Evidence\DependencyModel\Contract\Dependency	Analysis.Evidence.DependencyModel	Qualimetrix\Analysis\Policy\Architecture\LayerViolation\LayerViolationFinding	Analysis.Policy.Architecture	src/Analysis/Policy/Architecture/LayerViolation/LayerViolationFinding.php	ast-name
Qualimetrix\Analysis\Evidence\DependencyModel\Contract\DependencyGraphBuilderInterface	Analysis.Evidence.DependencyModel	Qualimetrix\Analysis\Run\Pipeline\AnalysisPipeline	Analysis.Run	src/Analysis/Run/Pipeline/AnalysisPipeline.php	ast-name
Qualimetrix\Analysis\Evidence\DependencyModel\Contract\DependencyGraphBuilderInterface	Analysis.Evidence.DependencyModel	Qualimetrix\Analysis\Run\Pipeline\DependencyGraphAnalyzer	Analysis.Run	src/Analysis/Run/Pipeline/DependencyGraphAnalyzer.php	ast-name
Qualimetrix\Analysis\Evidence\DependencyModel\Contract\DependencyGraphBuilderInterface	Analysis.Evidence.DependencyModel	Qualimetrix\Infrastructure\Console\LayerAssignmentResolver	Infrastructure.Console	src/Infrastructure/Console/LayerAssignmentResolver.php	ast-name
Qualimetrix\Analysis\Evidence\DependencyModel\Contract\DependencyGraphBuilderInterface	Analysis.Evidence.DependencyModel	Qualimetrix\Infrastructure\DependencyInjection\Configurator\AnalysisConfigurator	Infrastructure.DependencyInjection	src/Infrastructure/DependencyInjection/Configurator/AnalysisConfigurator.php	ast-name
Qualimetrix\Analysis\Evidence\DependencyModel\Contract\DependencyGraphBuilderInterface	Analysis.Evidence.DependencyModel	Qualimetrix\Infrastructure\DependencyInjection\Configurator\ArchitectureConfigurator	Infrastructure.DependencyInjection	src/Infrastructure/DependencyInjection/Configurator/ArchitectureConfigurator.php	ast-name
Qualimetrix\Analysis\Evidence\DependencyModel\Contract\DependencyGraphBuilderInterface	Analysis.Evidence.DependencyModel	Qualimetrix\Infrastructure\DependencyInjection\Configurator\OutputConfigurator	Infrastructure.DependencyInjection	src/Infrastructure/DependencyInjection/Configurator/OutputConfigurator.php	ast-name
Qualimetrix\Analysis\Evidence\DependencyModel\Contract\DependencyGraphInterface	Analysis.Evidence.DependencyModel	Qualimetrix\Analysis\Evidence\CircularDependency\CircularDependencyAnalysis	Analysis.Evidence.CircularDependency	src/Analysis/Evidence/CircularDependency/CircularDependencyAnalysis.php	ast-name
Qualimetrix\Analysis\Evidence\DependencyModel\Contract\DependencyGraphInterface	Analysis.Evidence.DependencyModel	Qualimetrix\Analysis\Evidence\CircularDependency\CircularDependencyDetector	Analysis.Evidence.CircularDependency	src/Analysis/Evidence/CircularDependency/CircularDependencyDetector.php	ast-name
Qualimetrix\Analysis\Evidence\DependencyModel\Contract\DependencyGraphInterface	Analysis.Evidence.DependencyModel	Qualimetrix\Analysis\Evidence\CircularDependency\Contract\CircularDependencyPreparationInterface	Analysis.Evidence.CircularDependency	src/Analysis/Evidence/CircularDependency/Contract/CircularDependencyPreparationInterface.php	ast-name
Qualimetrix\Analysis\Evidence\DependencyModel\Contract\DependencyGraphInterface	Analysis.Evidence.DependencyModel	Qualimetrix\Analysis\Evidence\Coupling\AbstractnessCollector	Analysis.Evidence.Coupling	src/Analysis/Evidence/Coupling/AbstractnessCollector.php	ast-name
Qualimetrix\Analysis\Evidence\DependencyModel\Contract\DependencyGraphInterface	Analysis.Evidence.DependencyModel	Qualimetrix\Analysis\Evidence\Coupling\ClassRankCollector	Analysis.Evidence.Coupling	src/Analysis/Evidence/Coupling/ClassRankCollector.php	ast-name
Qualimetrix\Analysis\Evidence\DependencyModel\Contract\DependencyGraphInterface	Analysis.Evidence.DependencyModel	Qualimetrix\Analysis\Evidence\Coupling\CouplingCollector	Analysis.Evidence.Coupling	src/Analysis/Evidence/Coupling/CouplingCollector.php	ast-name
Qualimetrix\Analysis\Evidence\DependencyModel\Contract\DependencyGraphInterface	Analysis.Evidence.DependencyModel	Qualimetrix\Analysis\Evidence\Coupling\DistanceCollector	Analysis.Evidence.Coupling	src/Analysis/Evidence/Coupling/DistanceCollector.php	ast-name
Qualimetrix\Analysis\Evidence\DependencyModel\Contract\DependencyGraphInterface	Analysis.Evidence.DependencyModel	Qualimetrix\Analysis\Evidence\Coupling\FrameworkClassificationSites	Analysis.Evidence.Coupling	src/Analysis/Evidence/Coupling/FrameworkClassificationSites.php	ast-name
Qualimetrix\Analysis\Evidence\DependencyModel\Contract\DependencyGraphInterface	Analysis.Evidence.DependencyModel	Qualimetrix\Analysis\Evidence\Design\Inheritance\DitGlobalCollector	Analysis.Evidence.Design	src/Analysis/Evidence/Design/Inheritance/DitGlobalCollector.php	ast-name
Qualimetrix\Analysis\Evidence\DependencyModel\Contract\DependencyGraphInterface	Analysis.Evidence.DependencyModel	Qualimetrix\Analysis\Evidence\Design\Inheritance\InheritanceDepthResolver	Analysis.Evidence.Design	src/Analysis/Evidence/Design/Inheritance/InheritanceDepthResolver.php	ast-name
Qualimetrix\Analysis\Evidence\DependencyModel\Contract\DependencyGraphInterface	Analysis.Evidence.DependencyModel	Qualimetrix\Analysis\Evidence\Design\Inheritance\NocCollector	Analysis.Evidence.Design	src/Analysis/Evidence/Design/Inheritance/NocCollector.php	ast-name
Qualimetrix\Analysis\Evidence\DependencyModel\Contract\DependencyGraphInterface	Analysis.Evidence.DependencyModel	Qualimetrix\Analysis\Evidence\Measurement\Aggregation\MeasurementAggregationService	Analysis.Evidence.Measurement	src/Analysis/Evidence/Measurement/Aggregation/MeasurementAggregationService.php	ast-name
Qualimetrix\Analysis\Evidence\DependencyModel\Contract\DependencyGraphInterface	Analysis.Evidence.DependencyModel	Qualimetrix\Analysis\Evidence\Measurement\Contract\GlobalContextCollectorInterface	Analysis.Evidence.Measurement	src/Analysis/Evidence/Measurement/Contract/GlobalContextCollectorInterface.php	ast-name
Qualimetrix\Analysis\Evidence\DependencyModel\Contract\DependencyGraphInterface	Analysis.Evidence.DependencyModel	Qualimetrix\Analysis\Evidence\Measurement\Contract\MeasurementAggregationInterface	Analysis.Evidence.Measurement	src/Analysis/Evidence/Measurement/Contract/MeasurementAggregationInterface.php	ast-name
Qualimetrix\Analysis\Evidence\DependencyModel\Contract\DependencyGraphInterface	Analysis.Evidence.DependencyModel	Qualimetrix\Analysis\Finding\Contract\Rule\AnalysisContext	Analysis.Finding	src/Analysis/Finding/Contract/Rule/AnalysisContext.php	ast-name
Qualimetrix\Analysis\Evidence\DependencyModel\Contract\DependencyGraphInterface	Analysis.Evidence.DependencyModel	Qualimetrix\Analysis\Policy\Architecture\ArchitecturePolicy	Analysis.Policy.Architecture	src/Analysis/Policy/Architecture/ArchitecturePolicy.php	ast-name
Qualimetrix\Analysis\Evidence\DependencyModel\Contract\DependencyGraphInterface	Analysis.Evidence.DependencyModel	Qualimetrix\Analysis\Policy\Architecture\Contract\LayerAssignmentInspectorInterface	Analysis.Policy.Architecture	src/Analysis/Policy/Architecture/Contract/LayerAssignmentInspectorInterface.php	ast-name
Qualimetrix\Analysis\Evidence\DependencyModel\Contract\DependencyGraphInterface	Analysis.Evidence.DependencyModel	Qualimetrix\Analysis\Policy\Architecture\Contract\LayerPolicyPreparationInterface	Analysis.Policy.Architecture	src/Analysis/Policy/Architecture/Contract/LayerPolicyPreparationInterface.php	ast-name
Qualimetrix\Analysis\Evidence\DependencyModel\Contract\DependencyGraphInterface	Analysis.Evidence.DependencyModel	Qualimetrix\Analysis\Policy\Architecture\Layer\ClassContextFactory	Analysis.Policy.Architecture	src/Analysis/Policy/Architecture/Layer/ClassContextFactory.php	ast-name
Qualimetrix\Analysis\Evidence\DependencyModel\Contract\DependencyGraphInterface	Analysis.Evidence.DependencyModel	Qualimetrix\Analysis\Policy\Architecture\Layer\LayerRegistry	Analysis.Policy.Architecture	src/Analysis/Policy/Architecture/Layer/LayerRegistry.php	ast-name
Qualimetrix\Analysis\Evidence\DependencyModel\Contract\DependencyGraphInterface	Analysis.Evidence.DependencyModel	Qualimetrix\Analysis\Run\Contract\Pipeline\DependencyGraphAnalysisResult	Analysis.Run	src/Analysis/Run/Contract/Pipeline/DependencyGraphAnalysisResult.php	ast-name
Qualimetrix\Analysis\Evidence\DependencyModel\Contract\DependencyGraphInterface	Analysis.Evidence.DependencyModel	Qualimetrix\Analysis\Run\Pipeline\AnalysisPipeline	Analysis.Run	src/Analysis/Run/Pipeline/AnalysisPipeline.php	ast-name
Qualimetrix\Analysis\Evidence\DependencyModel\Contract\DependencyGraphInterface	Analysis.Evidence.DependencyModel	Qualimetrix\Analysis\Run\RuleProducerPreparation	Analysis.Run	src/Analysis/Run/RuleProducerPreparation.php	ast-name
Qualimetrix\Analysis\Evidence\DependencyModel\Contract\DependencyGraphInterface	Analysis.Evidence.DependencyModel	Qualimetrix\Reporting\GraphProjection\Contract\DependencyGraphProjectionInterface	Reporting.GraphProjection	src/Reporting/GraphProjection/Contract/DependencyGraphProjectionInterface.php	ast-name
Qualimetrix\Analysis\Evidence\DependencyModel\Contract\DependencyGraphInterface	Analysis.Evidence.DependencyModel	Qualimetrix\Reporting\GraphProjection\DependencyGraphProjector	Reporting.GraphProjection	src/Reporting/GraphProjection/DependencyGraphProjector.php	ast-name
Qualimetrix\Analysis\Evidence\DependencyModel\Contract\DependencyGraphInterface	Analysis.Evidence.DependencyModel	Qualimetrix\Reporting\GraphProjection\DotExporter	Reporting.GraphProjection	src/Reporting/GraphProjection/DotExporter.php	ast-name
Qualimetrix\Analysis\Evidence\DependencyModel\Contract\DependencyGraphInterface	Analysis.Evidence.DependencyModel	Qualimetrix\Reporting\GraphProjection\JsonGraphExporter	Reporting.GraphProjection	src/Reporting/GraphProjection/JsonGraphExporter.php	ast-name
Qualimetrix\Analysis\Evidence\DependencyModel\Contract\DependencyLocationInterface	Analysis.Evidence.DependencyModel	Qualimetrix\Analysis\Finding\Contract\Location	Analysis.Finding	src/Analysis/Finding/Contract/Location.php	ast-name
Qualimetrix\Analysis\Evidence\DependencyModel\Contract\DependencyTraversalParticipantInterface	Analysis.Evidence.DependencyModel	Qualimetrix\Analysis\Evidence\Measurement\FileMeasurement\CompositeCollector	Analysis.Evidence.Measurement	src/Analysis/Evidence/Measurement/FileMeasurement/CompositeCollector.php	ast-name
Qualimetrix\Analysis\Evidence\DependencyModel\Contract\DependencyTraversalParticipantInterface	Analysis.Evidence.DependencyModel	Qualimetrix\Analysis\Run\Pipeline\DependencyGraphAnalyzer	Analysis.Run	src/Analysis/Run/Pipeline/DependencyGraphAnalyzer.php	ast-name
Qualimetrix\Analysis\Evidence\DependencyModel\Contract\DependencyTraversalParticipantInterface	Analysis.Evidence.DependencyModel	Qualimetrix\Infrastructure\DependencyInjection\Configurator\DependencyModelConfigurator	Infrastructure.DependencyInjection	src/Infrastructure/DependencyInjection/Configurator/DependencyModelConfigurator.php	ast-name
Qualimetrix\Analysis\Evidence\DependencyModel\Contract\DependencyTraversalParticipantInterface	Analysis.Evidence.DependencyModel	Qualimetrix\Infrastructure\DependencyInjection\Configurator\MeasurementConfigurator	Infrastructure.DependencyInjection	src/Infrastructure/DependencyInjection/Configurator/MeasurementConfigurator.php	ast-name
Qualimetrix\Analysis\Evidence\DependencyModel\Contract\DependencyTraversalParticipantInterface	Analysis.Evidence.DependencyModel	Qualimetrix\Infrastructure\DependencyInjection\Configurator\OutputConfigurator	Infrastructure.DependencyInjection	src/Infrastructure/DependencyInjection/Configurator/OutputConfigurator.php	ast-name
Qualimetrix\Analysis\Evidence\DependencyModel\Contract\DependencyTraversalParticipantInterface	Analysis.Evidence.DependencyModel	Qualimetrix\Infrastructure\Parallel\FileProcessingTaskFactory	Infrastructure.Parallel	src/Infrastructure/Parallel/FileProcessingTaskFactory.php	ast-name
Qualimetrix\Analysis\Evidence\DependencyModel\Contract\DependencyTraversalParticipantInterface	Analysis.Evidence.DependencyModel	Qualimetrix\Infrastructure\Parallel\WorkerBootstrap	Infrastructure.Parallel	src/Infrastructure/Parallel/WorkerBootstrap.php	ast-name
Qualimetrix\Analysis\Evidence\DependencyModel\Contract\DependencyType	Analysis.Evidence.DependencyModel	Qualimetrix\Analysis\Evidence\Design\Inheritance\InheritanceDepthResolver	Analysis.Evidence.Design	src/Analysis/Evidence/Design/Inheritance/InheritanceDepthResolver.php	ast-name
Qualimetrix\Analysis\Evidence\DependencyModel\Contract\DependencyType	Analysis.Evidence.DependencyModel	Qualimetrix\Analysis\Evidence\Design\Inheritance\NocCollector	Analysis.Evidence.Design	src/Analysis/Evidence/Design/Inheritance/NocCollector.php	ast-name
Qualimetrix\Analysis\Evidence\DependencyModel\Contract\DependencyType	Analysis.Evidence.DependencyModel	Qualimetrix\Analysis\Finding\Contract\Finding	Analysis.Finding	src/Analysis/Finding/Contract/Finding.php	ast-name
Qualimetrix\Analysis\Evidence\DependencyModel\Contract\DependencyType	Analysis.Evidence.DependencyModel	Qualimetrix\Analysis\Policy\Architecture\Configuration\Allow\AllowAliasExpander	Analysis.Policy.Architecture	src/Analysis/Policy/Architecture/Configuration/Allow/AllowAliasExpander.php	ast-name
Qualimetrix\Analysis\Evidence\DependencyModel\Contract\DependencyType	Analysis.Evidence.DependencyModel	Qualimetrix\Analysis\Policy\Architecture\Layer\ClassContextFactory	Analysis.Policy.Architecture	src/Analysis/Policy/Architecture/Layer/ClassContextFactory.php	ast-name
Qualimetrix\Analysis\Evidence\DependencyModel\Contract\DependencyType	Analysis.Evidence.DependencyModel	Qualimetrix\Analysis\Policy\Architecture\Layer\LayerPolicy	Analysis.Policy.Architecture	src/Analysis/Policy/Architecture/Layer/LayerPolicy.php	ast-name
Qualimetrix\Analysis\Evidence\DependencyModel\Contract\DependencyType	Analysis.Evidence.DependencyModel	Qualimetrix\Analysis\Policy\Baseline\BaselineEdge	Analysis.Policy.Baseline	src/Analysis/Policy/Baseline/BaselineEdge.php	ast-name
Qualimetrix\Analysis\Evidence\Design\Inheritance\Contract\ExternalParentSourceInterface	Analysis.Evidence.Design	Qualimetrix\Infrastructure\Composer\DeclaredParentReader	Infrastructure.Composer	src/Infrastructure/Composer/DeclaredParentReader.php	ast-name
Qualimetrix\Analysis\Evidence\Design\Inheritance\Contract\ExternalParentSourceInterface	Analysis.Evidence.Design	Qualimetrix\Infrastructure\DependencyInjection\Configurator\DesignConfigurator	Infrastructure.DependencyInjection	src/Infrastructure/DependencyInjection/Configurator/DesignConfigurator.php	ast-name
Qualimetrix\Analysis\Evidence\Design\Inheritance\Contract\ParentLookup	Analysis.Evidence.Design	Qualimetrix\Infrastructure\Composer\DeclaredParentReader	Infrastructure.Composer	src/Infrastructure/Composer/DeclaredParentReader.php	ast-name
Qualimetrix\Analysis\Evidence\Measurement\Contract\AbstractCollector	Analysis.Evidence.Measurement	Qualimetrix\Analysis\Evidence\CodeSmell\CodeSmellCollector	Analysis.Evidence.CodeSmell	src/Analysis/Evidence/CodeSmell/CodeSmellCollector.php	ast-name
Qualimetrix\Analysis\Evidence\Measurement\Contract\AbstractCollector	Analysis.Evidence.Measurement	Qualimetrix\Analysis\Evidence\CodeSmell\ParameterCountCollector	Analysis.Evidence.CodeSmell	src/Analysis/Evidence/CodeSmell/ParameterCountCollector.php	ast-name
Qualimetrix\Analysis\Evidence\Measurement\Contract\AbstractCollector	Analysis.Evidence.Measurement	Qualimetrix\Analysis\Evidence\CodeSmell\RepeatedExpression\IdenticalSubExpressionCollector	Analysis.Evidence.CodeSmell	src/Analysis/Evidence/CodeSmell/RepeatedExpression/IdenticalSubExpressionCollector.php	ast-name
Qualimetrix\Analysis\Evidence\Measurement\Contract\AbstractCollector	Analysis.Evidence.Measurement	Qualimetrix\Analysis\Evidence\CodeSmell\UnreachableCodeCollector	Analysis.Evidence.CodeSmell	src/Analysis/Evidence/CodeSmell/UnreachableCodeCollector.php	ast-name
Qualimetrix\Analysis\Evidence\Measurement\Contract\AbstractCollector	Analysis.Evidence.Measurement	Qualimetrix\Analysis\Evidence\CodeSmell\UnusedPrivateCollector	Analysis.Evidence.CodeSmell	src/Analysis/Evidence/CodeSmell/UnusedPrivateCollector.php	ast-name
Qualimetrix\Analysis\Evidence\Measurement\Contract\AbstractCollector	Analysis.Evidence.Measurement	Qualimetrix\Analysis\Evidence\Cohesion\LcomCollector	Analysis.Evidence.Cohesion	src/Analysis/Evidence/Cohesion/LcomCollector.php	ast-name
Qualimetrix\Analysis\Evidence\Measurement\Contract\AbstractCollector	Analysis.Evidence.Measurement	Qualimetrix\Analysis\Evidence\Cohesion\TccLccCollector	Analysis.Evidence.Cohesion	src/Analysis/Evidence/Cohesion/TccLccCollector.php	ast-name
Qualimetrix\Analysis\Evidence\Measurement\Contract\AbstractCollector	Analysis.Evidence.Measurement	Qualimetrix\Analysis\Evidence\Complexity\CognitiveComplexityCollector	Analysis.Evidence.Complexity	src/Analysis/Evidence/Complexity/CognitiveComplexityCollector.php	ast-name
Qualimetrix\Analysis\Evidence\Measurement\Contract\AbstractCollector	Analysis.Evidence.Measurement	Qualimetrix\Analysis\Evidence\Complexity\CyclomaticComplexityCollector	Analysis.Evidence.Complexity	src/Analysis/Evidence/Complexity/CyclomaticComplexityCollector.php	ast-name
Qualimetrix\Analysis\Evidence\Measurement\Contract\AbstractCollector	Analysis.Evidence.Measurement	Qualimetrix\Analysis\Evidence\Complexity\NpathComplexityCollector	Analysis.Evidence.Complexity	src/Analysis/Evidence/Complexity/NpathComplexityCollector.php	ast-name
Qualimetrix\Analysis\Evidence\Measurement\Contract\AbstractCollector	Analysis.Evidence.Measurement	Qualimetrix\Analysis\Evidence\Coupling\RfcCollector	Analysis.Evidence.Coupling	src/Analysis/Evidence/Coupling/RfcCollector.php	ast-name
Qualimetrix\Analysis\Evidence\Measurement\Contract\AbstractCollector	Analysis.Evidence.Measurement	Qualimetrix\Analysis\Evidence\Design\Inheritance\InheritanceDepthCollector	Analysis.Evidence.Design	src/Analysis/Evidence/Design/Inheritance/InheritanceDepthCollector.php	ast-name
Qualimetrix\Analysis\Evidence\Measurement\Contract\AbstractCollector	Analysis.Evidence.Measurement	Qualimetrix\Analysis\Evidence\Design\TypeCoverage\TypeCoverageCollector	Analysis.Evidence.Design	src/Analysis/Evidence/Design/TypeCoverage/TypeCoverageCollector.php	ast-name
Qualimetrix\Analysis\Evidence\Measurement\Contract\AbstractCollector	Analysis.Evidence.Measurement	Qualimetrix\Analysis\Evidence\Maintainability\HalsteadCollector	Analysis.Evidence.Maintainability	src/Analysis/Evidence/Maintainability/HalsteadCollector.php	ast-name
Qualimetrix\Analysis\Evidence\Measurement\Contract\AbstractCollector	Analysis.Evidence.Measurement	Qualimetrix\Analysis\Evidence\Security\Credential\HardcodedCredentialsCollector	Analysis.Evidence.Security	src/Analysis/Evidence/Security/Credential/HardcodedCredentialsCollector.php	ast-name
Qualimetrix\Analysis\Evidence\Measurement\Contract\AbstractCollector	Analysis.Evidence.Measurement	Qualimetrix\Analysis\Evidence\Security\SecurityPatternCollector	Analysis.Evidence.Security	src/Analysis/Evidence/Security/SecurityPatternCollector.php	ast-name
Qualimetrix\Analysis\Evidence\Measurement\Contract\AbstractCollector	Analysis.Evidence.Measurement	Qualimetrix\Analysis\Evidence\Security\SensitiveParameterCollector	Analysis.Evidence.Security	src/Analysis/Evidence/Security/SensitiveParameterCollector.php	ast-name
Qualimetrix\Analysis\Evidence\Measurement\Contract\AbstractCollector	Analysis.Evidence.Measurement	Qualimetrix\Analysis\Evidence\Size\ClassCountCollector	Analysis.Evidence.Size	src/Analysis/Evidence/Size/ClassCountCollector.php	ast-name
Qualimetrix\Analysis\Evidence\Measurement\Contract\AbstractCollector	Analysis.Evidence.Measurement	Qualimetrix\Analysis\Evidence\Size\LocCollector	Analysis.Evidence.Size	src/Analysis/Evidence/Size/LocCollector.php	ast-name
Qualimetrix\Analysis\Evidence\Measurement\Contract\AbstractCollector	Analysis.Evidence.Measurement	Qualimetrix\Analysis\Evidence\Size\MethodCountCollector	Analysis.Evidence.Size	src/Analysis/Evidence/Size/MethodCountCollector.php	ast-name
Qualimetrix\Analysis\Evidence\Measurement\Contract\AbstractCollector	Analysis.Evidence.Measurement	Qualimetrix\Analysis\Evidence\Size\MethodStatementCountCollector	Analysis.Evidence.Size	src/Analysis/Evidence/Size/MethodStatementCountCollector.php	ast-name
Qualimetrix\Analysis\Evidence\Measurement\Contract\AggregationStrategy	Analysis.Evidence.Measurement	Qualimetrix\Analysis\Evidence\CodeSmell\ParameterCountCollector	Analysis.Evidence.CodeSmell	src/Analysis/Evidence/CodeSmell/ParameterCountCollector.php	ast-name
Qualimetrix\Analysis\Evidence\Measurement\Contract\AggregationStrategy	Analysis.Evidence.Measurement	Qualimetrix\Analysis\Evidence\CodeSmell\UnreachableCodeCollector	Analysis.Evidence.CodeSmell	src/Analysis/Evidence/CodeSmell/UnreachableCodeCollector.php	ast-name
Qualimetrix\Analysis\Evidence\Measurement\Contract\AggregationStrategy	Analysis.Evidence.Measurement	Qualimetrix\Analysis\Evidence\Cohesion\LcomCollector	Analysis.Evidence.Cohesion	src/Analysis/Evidence/Cohesion/LcomCollector.php	ast-name
Qualimetrix\Analysis\Evidence\Measurement\Contract\AggregationStrategy	Analysis.Evidence.Measurement	Qualimetrix\Analysis\Evidence\Cohesion\TccLccCollector	Analysis.Evidence.Cohesion	src/Analysis/Evidence/Cohesion/TccLccCollector.php	ast-name
Qualimetrix\Analysis\Evidence\Measurement\Contract\AggregationStrategy	Analysis.Evidence.Measurement	Qualimetrix\Analysis\Evidence\Complexity\CognitiveComplexityCollector	Analysis.Evidence.Complexity	src/Analysis/Evidence/Complexity/CognitiveComplexityCollector.php	ast-name
Qualimetrix\Analysis\Evidence\Measurement\Contract\AggregationStrategy	Analysis.Evidence.Measurement	Qualimetrix\Analysis\Evidence\Complexity\CognitiveComplexityRule	Analysis.Evidence.Complexity	src/Analysis/Evidence/Complexity/CognitiveComplexityRule.php	ast-name
Qualimetrix\Analysis\Evidence\Measurement\Contract\AggregationStrategy	Analysis.Evidence.Measurement	Qualimetrix\Analysis\Evidence\Complexity\ComplexityRule	Analysis.Evidence.Complexity	src/Analysis/Evidence/Complexity/ComplexityRule.php	ast-name
Qualimetrix\Analysis\Evidence\Measurement\Contract\AggregationStrategy	Analysis.Evidence.Measurement	Qualimetrix\Analysis\Evidence\Complexity\CyclomaticComplexityCollector	Analysis.Evidence.Complexity	src/Analysis/Evidence/Complexity/CyclomaticComplexityCollector.php	ast-name
Qualimetrix\Analysis\Evidence\Measurement\Contract\AggregationStrategy	Analysis.Evidence.Measurement	Qualimetrix\Analysis\Evidence\Complexity\NpathComplexityCollector	Analysis.Evidence.Complexity	src/Analysis/Evidence/Complexity/NpathComplexityCollector.php	ast-name
Qualimetrix\Analysis\Evidence\Measurement\Contract\AggregationStrategy	Analysis.Evidence.Measurement	Qualimetrix\Analysis\Evidence\Complexity\NpathComplexityRule	Analysis.Evidence.Complexity	src/Analysis/Evidence/Complexity/NpathComplexityRule.php	ast-name
Qualimetrix\Analysis\Evidence\Measurement\Contract\AggregationStrategy	Analysis.Evidence.Measurement	Qualimetrix\Analysis\Evidence\ComputedMetrics\Health\Contract\Summary\HealthSummaryBuilder	Analysis.Evidence.ComputedMetrics.Health	src/Analysis/Evidence/ComputedMetrics/Health/Contract/Summary/HealthSummaryBuilder.php	ast-name
Qualimetrix\Analysis\Evidence\Measurement\Contract\AggregationStrategy	Analysis.Evidence.Measurement	Qualimetrix\Analysis\Evidence\Coupling\AbstractnessCollector	Analysis.Evidence.Coupling	src/Analysis/Evidence/Coupling/AbstractnessCollector.php	ast-name
Qualimetrix\Analysis\Evidence\Measurement\Contract\AggregationStrategy	Analysis.Evidence.Measurement	Qualimetrix\Analysis\Evidence\Coupling\CboRule	Analysis.Evidence.Coupling	src/Analysis/Evidence/Coupling/CboRule.php	ast-name
Qualimetrix\Analysis\Evidence\Measurement\Contract\AggregationStrategy	Analysis.Evidence.Measurement	Qualimetrix\Analysis\Evidence\Coupling\ClassRankCollector	Analysis.Evidence.Coupling	src/Analysis/Evidence/Coupling/ClassRankCollector.php	ast-name
Qualimetrix\Analysis\Evidence\Measurement\Contract\AggregationStrategy	Analysis.Evidence.Measurement	Qualimetrix\Analysis\Evidence\Coupling\CouplingCollector	Analysis.Evidence.Coupling	src/Analysis/Evidence/Coupling/CouplingCollector.php	ast-name
Qualimetrix\Analysis\Evidence\Measurement\Contract\AggregationStrategy	Analysis.Evidence.Measurement	Qualimetrix\Analysis\Evidence\Coupling\DistanceCollector	Analysis.Evidence.Coupling	src/Analysis/Evidence/Coupling/DistanceCollector.php	ast-name
Qualimetrix\Analysis\Evidence\Measurement\Contract\AggregationStrategy	Analysis.Evidence.Measurement	Qualimetrix\Analysis\Evidence\Coupling\DistanceRule	Analysis.Evidence.Coupling	src/Analysis/Evidence/Coupling/DistanceRule.php	ast-name
Qualimetrix\Analysis\Evidence\Measurement\Contract\AggregationStrategy	Analysis.Evidence.Measurement	Qualimetrix\Analysis\Evidence\Coupling\InstabilityRule	Analysis.Evidence.Coupling	src/Analysis/Evidence/Coupling/InstabilityRule.php	ast-name
Qualimetrix\Analysis\Evidence\Measurement\Contract\AggregationStrategy	Analysis.Evidence.Measurement	Qualimetrix\Analysis\Evidence\Coupling\RfcCollector	Analysis.Evidence.Coupling	src/Analysis/Evidence/Coupling/RfcCollector.php	ast-name
Qualimetrix\Analysis\Evidence\Measurement\Contract\AggregationStrategy	Analysis.Evidence.Measurement	Qualimetrix\Analysis\Evidence\Design\Inheritance\DitGlobalCollector	Analysis.Evidence.Design	src/Analysis/Evidence/Design/Inheritance/DitGlobalCollector.php	ast-name
Qualimetrix\Analysis\Evidence\Measurement\Contract\AggregationStrategy	Analysis.Evidence.Measurement	Qualimetrix\Analysis\Evidence\Design\Inheritance\NocCollector	Analysis.Evidence.Design	src/Analysis/Evidence/Design/Inheritance/NocCollector.php	ast-name
Qualimetrix\Analysis\Evidence\Measurement\Contract\AggregationStrategy	Analysis.Evidence.Measurement	Qualimetrix\Analysis\Evidence\Design\TypeCoverage\TypeCoverageCollector	Analysis.Evidence.Design	src/Analysis/Evidence/Design/TypeCoverage/TypeCoverageCollector.php	ast-name
Qualimetrix\Analysis\Evidence\Measurement\Contract\AggregationStrategy	Analysis.Evidence.Measurement	Qualimetrix\Analysis\Evidence\Maintainability\HalsteadCollector	Analysis.Evidence.Maintainability	src/Analysis/Evidence/Maintainability/HalsteadCollector.php	ast-name
Qualimetrix\Analysis\Evidence\Measurement\Contract\AggregationStrategy	Analysis.Evidence.Measurement	Qualimetrix\Analysis\Evidence\Maintainability\MaintainabilityIndexCollector	Analysis.Evidence.Maintainability	src/Analysis/Evidence/Maintainability/MaintainabilityIndexCollector.php	ast-name
Qualimetrix\Analysis\Evidence\Measurement\Contract\AggregationStrategy	Analysis.Evidence.Measurement	Qualimetrix\Analysis\Evidence\Size\ClassCountCollector	Analysis.Evidence.Size	src/Analysis/Evidence/Size/ClassCountCollector.php	ast-name
Qualimetrix\Analysis\Evidence\Measurement\Contract\AggregationStrategy	Analysis.Evidence.Measurement	Qualimetrix\Analysis\Evidence\Size\ClassCountRule	Analysis.Evidence.Size	src/Analysis/Evidence/Size/ClassCountRule.php	ast-name
Qualimetrix\Analysis\Evidence\Measurement\Contract\AggregationStrategy	Analysis.Evidence.Measurement	Qualimetrix\Analysis\Evidence\Size\LocCollector	Analysis.Evidence.Size	src/Analysis/Evidence/Size/LocCollector.php	ast-name
Qualimetrix\Analysis\Evidence\Measurement\Contract\AggregationStrategy	Analysis.Evidence.Measurement	Qualimetrix\Analysis\Evidence\Size\MethodCountCollector	Analysis.Evidence.Size	src/Analysis/Evidence/Size/MethodCountCollector.php	ast-name
Qualimetrix\Analysis\Evidence\Measurement\Contract\AggregationStrategy	Analysis.Evidence.Measurement	Qualimetrix\Analysis\Evidence\Size\MethodStatementCountCollector	Analysis.Evidence.Size	src/Analysis/Evidence/Size/MethodStatementCountCollector.php	ast-name
Qualimetrix\Analysis\Evidence\Measurement\Contract\AggregationStrategy	Analysis.Evidence.Measurement	Qualimetrix\Reporting\Formatter\Html\HtmlMetricAggregator	Reporting	src/Reporting/Formatter/Html/HtmlMetricAggregator.php	ast-name
Qualimetrix\Analysis\Evidence\Measurement\Contract\AggregationStrategy	Analysis.Evidence.Measurement	Qualimetrix\Reporting\Formatter\Html\HtmlTreeBuilder	Reporting	src/Reporting/Formatter/Html/HtmlTreeBuilder.php	ast-name
Qualimetrix\Analysis\Evidence\Measurement\Contract\AggregationStrategy	Analysis.Evidence.Measurement	Qualimetrix\Reporting\Health\SummaryEnricher	Reporting	src/Reporting/Health/SummaryEnricher.php	ast-name
Qualimetrix\Analysis\Evidence\Measurement\Contract\CallableMetricsProviderInterface	Analysis.Evidence.Measurement	Qualimetrix\Analysis\Evidence\CodeSmell\ParameterCountCollector	Analysis.Evidence.CodeSmell	src/Analysis/Evidence/CodeSmell/ParameterCountCollector.php	ast-name
Qualimetrix\Analysis\Evidence\Measurement\Contract\CallableMetricsProviderInterface	Analysis.Evidence.Measurement	Qualimetrix\Analysis\Evidence\CodeSmell\UnreachableCodeCollector	Analysis.Evidence.CodeSmell	src/Analysis/Evidence/CodeSmell/UnreachableCodeCollector.php	ast-name
Qualimetrix\Analysis\Evidence\Measurement\Contract\CallableMetricsProviderInterface	Analysis.Evidence.Measurement	Qualimetrix\Analysis\Evidence\Complexity\CognitiveComplexityCollector	Analysis.Evidence.Complexity	src/Analysis/Evidence/Complexity/CognitiveComplexityCollector.php	ast-name
Qualimetrix\Analysis\Evidence\Measurement\Contract\CallableMetricsProviderInterface	Analysis.Evidence.Measurement	Qualimetrix\Analysis\Evidence\Complexity\CyclomaticComplexityCollector	Analysis.Evidence.Complexity	src/Analysis/Evidence/Complexity/CyclomaticComplexityCollector.php	ast-name
Qualimetrix\Analysis\Evidence\Measurement\Contract\CallableMetricsProviderInterface	Analysis.Evidence.Measurement	Qualimetrix\Analysis\Evidence\Complexity\NpathComplexityCollector	Analysis.Evidence.Complexity	src/Analysis/Evidence/Complexity/NpathComplexityCollector.php	ast-name
Qualimetrix\Analysis\Evidence\Measurement\Contract\CallableMetricsProviderInterface	Analysis.Evidence.Measurement	Qualimetrix\Analysis\Evidence\Maintainability\HalsteadCollector	Analysis.Evidence.Maintainability	src/Analysis/Evidence/Maintainability/HalsteadCollector.php	ast-name
Qualimetrix\Analysis\Evidence\Measurement\Contract\CallableMetricsProviderInterface	Analysis.Evidence.Measurement	Qualimetrix\Analysis\Evidence\Size\MethodStatementCountCollector	Analysis.Evidence.Size	src/Analysis/Evidence/Size/MethodStatementCountCollector.php	ast-name
Qualimetrix\Analysis\Evidence\Measurement\Contract\CallableMetricsProviderInterface	Analysis.Evidence.Measurement	Qualimetrix\Analysis\Run\Collection\FileProcessor	Analysis.Run	src/Analysis/Run/Collection/FileProcessor.php	ast-name
Qualimetrix\Analysis\Evidence\Measurement\Contract\CallableWithMetrics	Analysis.Evidence.Measurement	Qualimetrix\Analysis\Policy\Inline\Extraction\DeclarationControlBindings	Analysis.Policy.Inline	src/Analysis/Policy/Inline/Extraction/DeclarationControlBindings.php	ast-name
Qualimetrix\Analysis\Evidence\Measurement\Contract\CallableWithMetrics	Analysis.Evidence.Measurement	Qualimetrix\Analysis\Run\Collection\FileProcessor	Analysis.Run	src/Analysis/Run/Collection/FileProcessor.php	ast-name
Qualimetrix\Analysis\Evidence\Measurement\Contract\ClassMetricsProviderInterface	Analysis.Evidence.Measurement	Qualimetrix\Analysis\Evidence\CodeSmell\UnusedPrivateCollector	Analysis.Evidence.CodeSmell	src/Analysis/Evidence/CodeSmell/UnusedPrivateCollector.php	ast-name
Qualimetrix\Analysis\Evidence\Measurement\Contract\ClassMetricsProviderInterface	Analysis.Evidence.Measurement	Qualimetrix\Analysis\Evidence\Cohesion\LcomCollector	Analysis.Evidence.Cohesion	src/Analysis/Evidence/Cohesion/LcomCollector.php	ast-name
Qualimetrix\Analysis\Evidence\Measurement\Contract\ClassMetricsProviderInterface	Analysis.Evidence.Measurement	Qualimetrix\Analysis\Evidence\Cohesion\TccLccCollector	Analysis.Evidence.Cohesion	src/Analysis/Evidence/Cohesion/TccLccCollector.php	ast-name
Qualimetrix\Analysis\Evidence\Measurement\Contract\ClassMetricsProviderInterface	Analysis.Evidence.Measurement	Qualimetrix\Analysis\Evidence\Coupling\RfcCollector	Analysis.Evidence.Coupling	src/Analysis/Evidence/Coupling/RfcCollector.php	ast-name
Qualimetrix\Analysis\Evidence\Measurement\Contract\ClassMetricsProviderInterface	Analysis.Evidence.Measurement	Qualimetrix\Analysis\Evidence\Design\Inheritance\InheritanceDepthCollector	Analysis.Evidence.Design	src/Analysis/Evidence/Design/Inheritance/InheritanceDepthCollector.php	ast-name
Qualimetrix\Analysis\Evidence\Measurement\Contract\ClassMetricsProviderInterface	Analysis.Evidence.Measurement	Qualimetrix\Analysis\Evidence\Design\TypeCoverage\TypeCoverageCollector	Analysis.Evidence.Design	src/Analysis/Evidence/Design/TypeCoverage/TypeCoverageCollector.php	ast-name
Qualimetrix\Analysis\Evidence\Measurement\Contract\ClassMetricsProviderInterface	Analysis.Evidence.Measurement	Qualimetrix\Analysis\Evidence\Size\LocCollector	Analysis.Evidence.Size	src/Analysis/Evidence/Size/LocCollector.php	ast-name
Qualimetrix\Analysis\Evidence\Measurement\Contract\ClassMetricsProviderInterface	Analysis.Evidence.Measurement	Qualimetrix\Analysis\Evidence\Size\MethodCountCollector	Analysis.Evidence.Size	src/Analysis/Evidence/Size/MethodCountCollector.php	ast-name
Qualimetrix\Analysis\Evidence\Measurement\Contract\ClassMetricsProviderInterface	Analysis.Evidence.Measurement	Qualimetrix\Analysis\Run\Collection\FileProcessor	Analysis.Run	src/Analysis/Run/Collection/FileProcessor.php	ast-name
Qualimetrix\Analysis\Evidence\Measurement\Contract\ClassWithMetrics	Analysis.Evidence.Measurement	Qualimetrix\Analysis\Run\Collection\CollectionOrchestrator	Analysis.Run	src/Analysis/Run/Collection/CollectionOrchestrator.php	ast-name
Qualimetrix\Analysis\Evidence\Measurement\Contract\CollectionOutput	Analysis.Evidence.Measurement	Qualimetrix\Analysis\Run\Collection\FileProcessor	Analysis.Run	src/Analysis/Run/Collection/FileProcessor.php	ast-name
Qualimetrix\Analysis\Evidence\Measurement\Contract\DeclarationIndexAwareInterface	Analysis.Evidence.Measurement	Qualimetrix\Analysis\Evidence\CodeSmell\CodeSmellVisitor	Analysis.Evidence.CodeSmell	src/Analysis/Evidence/CodeSmell/CodeSmellVisitor.php	ast-name
Qualimetrix\Analysis\Evidence\Measurement\Contract\DeclarationIndexAwareInterface	Analysis.Evidence.Measurement	Qualimetrix\Analysis\Evidence\CodeSmell\ParameterCountVisitor	Analysis.Evidence.CodeSmell	src/Analysis/Evidence/CodeSmell/ParameterCountVisitor.php	ast-name
Qualimetrix\Analysis\Evidence\Measurement\Contract\DeclarationIndexAwareInterface	Analysis.Evidence.Measurement	Qualimetrix\Analysis\Evidence\CodeSmell\RepeatedExpression\IdenticalSubExpressionVisitor	Analysis.Evidence.CodeSmell	src/Analysis/Evidence/CodeSmell/RepeatedExpression/IdenticalSubExpressionVisitor.php	ast-name
Qualimetrix\Analysis\Evidence\Measurement\Contract\DeclarationIndexAwareInterface	Analysis.Evidence.Measurement	Qualimetrix\Analysis\Evidence\CodeSmell\UnreachableCodeVisitor	Analysis.Evidence.CodeSmell	src/Analysis/Evidence/CodeSmell/UnreachableCodeVisitor.php	ast-name
Qualimetrix\Analysis\Evidence\Measurement\Contract\DeclarationIndexAwareInterface	Analysis.Evidence.Measurement	Qualimetrix\Analysis\Evidence\CodeSmell\UnusedPrivateCollector	Analysis.Evidence.CodeSmell	src/Analysis/Evidence/CodeSmell/UnusedPrivateCollector.php	ast-name
Qualimetrix\Analysis\Evidence\Measurement\Contract\DeclarationIndexAwareInterface	Analysis.Evidence.Measurement	Qualimetrix\Analysis\Evidence\Cohesion\LcomCollector	Analysis.Evidence.Cohesion	src/Analysis/Evidence/Cohesion/LcomCollector.php	ast-name
Qualimetrix\Analysis\Evidence\Measurement\Contract\DeclarationIndexAwareInterface	Analysis.Evidence.Measurement	Qualimetrix\Analysis\Evidence\Cohesion\TccLccCollector	Analysis.Evidence.Cohesion	src/Analysis/Evidence/Cohesion/TccLccCollector.php	ast-name
Qualimetrix\Analysis\Evidence\Measurement\Contract\DeclarationIndexAwareInterface	Analysis.Evidence.Measurement	Qualimetrix\Analysis\Evidence\Complexity\CognitiveComplexityVisitor	Analysis.Evidence.Complexity	src/Analysis/Evidence/Complexity/CognitiveComplexityVisitor.php	ast-name
Qualimetrix\Analysis\Evidence\Measurement\Contract\DeclarationIndexAwareInterface	Analysis.Evidence.Measurement	Qualimetrix\Analysis\Evidence\Complexity\CyclomaticComplexityVisitor	Analysis.Evidence.Complexity	src/Analysis/Evidence/Complexity/CyclomaticComplexityVisitor.php	ast-name
Qualimetrix\Analysis\Evidence\Measurement\Contract\DeclarationIndexAwareInterface	Analysis.Evidence.Measurement	Qualimetrix\Analysis\Evidence\Complexity\NpathComplexityVisitor	Analysis.Evidence.Complexity	src/Analysis/Evidence/Complexity/NpathComplexityVisitor.php	ast-name
Qualimetrix\Analysis\Evidence\Measurement\Contract\DeclarationIndexAwareInterface	Analysis.Evidence.Measurement	Qualimetrix\Analysis\Evidence\Coupling\RfcCollector	Analysis.Evidence.Coupling	src/Analysis/Evidence/Coupling/RfcCollector.php	ast-name
Qualimetrix\Analysis\Evidence\Measurement\Contract\DeclarationIndexAwareInterface	Analysis.Evidence.Measurement	Qualimetrix\Analysis\Evidence\Design\Inheritance\InheritanceDepthCollector	Analysis.Evidence.Design	src/Analysis/Evidence/Design/Inheritance/InheritanceDepthCollector.php	ast-name
Qualimetrix\Analysis\Evidence\Measurement\Contract\DeclarationIndexAwareInterface	Analysis.Evidence.Measurement	Qualimetrix\Analysis\Evidence\Design\TypeCoverage\TypeCoverageVisitor	Analysis.Evidence.Design	src/Analysis/Evidence/Design/TypeCoverage/TypeCoverageVisitor.php	ast-name
Qualimetrix\Analysis\Evidence\Measurement\Contract\DeclarationIndexAwareInterface	Analysis.Evidence.Measurement	Qualimetrix\Analysis\Evidence\Maintainability\HalsteadVisitor	Analysis.Evidence.Maintainability	src/Analysis/Evidence/Maintainability/HalsteadVisitor.php	ast-name
Qualimetrix\Analysis\Evidence\Measurement\Contract\DeclarationIndexAwareInterface	Analysis.Evidence.Measurement	Qualimetrix\Analysis\Evidence\Security\Credential\HardcodedCredentialsVisitor	Analysis.Evidence.Security	src/Analysis/Evidence/Security/Credential/HardcodedCredentialsVisitor.php	ast-name
Qualimetrix\Analysis\Evidence\Measurement\Contract\DeclarationIndexAwareInterface	Analysis.Evidence.Measurement	Qualimetrix\Analysis\Evidence\Security\SecurityPatternVisitor	Analysis.Evidence.Security	src/Analysis/Evidence/Security/SecurityPatternVisitor.php	ast-name
Qualimetrix\Analysis\Evidence\Measurement\Contract\DeclarationIndexAwareInterface	Analysis.Evidence.Measurement	Qualimetrix\Analysis\Evidence\Security\SensitiveParameterVisitor	Analysis.Evidence.Security	src/Analysis/Evidence/Security/SensitiveParameterVisitor.php	ast-name
Qualimetrix\Analysis\Evidence\Measurement\Contract\DeclarationIndexAwareInterface	Analysis.Evidence.Measurement	Qualimetrix\Analysis\Evidence\Size\LocCollector	Analysis.Evidence.Size	src/Analysis/Evidence/Size/LocCollector.php	ast-name
Qualimetrix\Analysis\Evidence\Measurement\Contract\DeclarationIndexAwareInterface	Analysis.Evidence.Measurement	Qualimetrix\Analysis\Evidence\Size\MethodCountCollector	Analysis.Evidence.Size	src/Analysis/Evidence/Size/MethodCountCollector.php	ast-name
Qualimetrix\Analysis\Evidence\Measurement\Contract\DeclarationIndexAwareInterface	Analysis.Evidence.Measurement	Qualimetrix\Analysis\Evidence\Size\MethodStatementCountVisitor	Analysis.Evidence.Size	src/Analysis/Evidence/Size/MethodStatementCountVisitor.php	ast-name
Qualimetrix\Analysis\Evidence\Measurement\Contract\DeclarationIndexAwareTrait	Analysis.Evidence.Measurement	Qualimetrix\Analysis\Evidence\CodeSmell\UnusedPrivateCollector	Analysis.Evidence.CodeSmell	src/Analysis/Evidence/CodeSmell/UnusedPrivateCollector.php	ast-name
Qualimetrix\Analysis\Evidence\Measurement\Contract\DeclarationIndexAwareTrait	Analysis.Evidence.Measurement	Qualimetrix\Analysis\Evidence\Cohesion\LcomCollector	Analysis.Evidence.Cohesion	src/Analysis/Evidence/Cohesion/LcomCollector.php	ast-name
Qualimetrix\Analysis\Evidence\Measurement\Contract\DeclarationIndexAwareTrait	Analysis.Evidence.Measurement	Qualimetrix\Analysis\Evidence\Cohesion\TccLccCollector	Analysis.Evidence.Cohesion	src/Analysis/Evidence/Cohesion/TccLccCollector.php	ast-name
Qualimetrix\Analysis\Evidence\Measurement\Contract\DeclarationIndexAwareTrait	Analysis.Evidence.Measurement	Qualimetrix\Analysis\Evidence\Coupling\RfcCollector	Analysis.Evidence.Coupling	src/Analysis/Evidence/Coupling/RfcCollector.php	ast-name
Qualimetrix\Analysis\Evidence\Measurement\Contract\DeclarationIndexAwareTrait	Analysis.Evidence.Measurement	Qualimetrix\Analysis\Evidence\Design\Inheritance\InheritanceDepthCollector	Analysis.Evidence.Design	src/Analysis/Evidence/Design/Inheritance/InheritanceDepthCollector.php	ast-name
Qualimetrix\Analysis\Evidence\Measurement\Contract\DeclarationIndexAwareTrait	Analysis.Evidence.Measurement	Qualimetrix\Analysis\Evidence\Design\TypeCoverage\TypeCoverageVisitor	Analysis.Evidence.Design	src/Analysis/Evidence/Design/TypeCoverage/TypeCoverageVisitor.php	ast-name
Qualimetrix\Analysis\Evidence\Measurement\Contract\DeclarationIndexAwareTrait	Analysis.Evidence.Measurement	Qualimetrix\Analysis\Evidence\Size\LocCollector	Analysis.Evidence.Size	src/Analysis/Evidence/Size/LocCollector.php	ast-name
Qualimetrix\Analysis\Evidence\Measurement\Contract\DeclarationIndexAwareTrait	Analysis.Evidence.Measurement	Qualimetrix\Analysis\Evidence\Size\MethodCountCollector	Analysis.Evidence.Size	src/Analysis/Evidence/Size/MethodCountCollector.php	ast-name
Qualimetrix\Analysis\Evidence\Measurement\Contract\DeclarationRegistrarFactory	Analysis.Evidence.Measurement	Qualimetrix\Analysis\Run\Pipeline\DependencyGraphAnalyzer	Analysis.Run	src/Analysis/Run/Pipeline/DependencyGraphAnalyzer.php	ast-name
Qualimetrix\Analysis\Evidence\Measurement\Contract\DeclarationRegistrarFactory	Analysis.Evidence.Measurement	Qualimetrix\Infrastructure\DependencyInjection\Configurator\MeasurementConfigurator	Infrastructure.DependencyInjection	src/Infrastructure/DependencyInjection/Configurator/MeasurementConfigurator.php	ast-name
Qualimetrix\Analysis\Evidence\Measurement\Contract\DeclarationRegistrarFactory	Analysis.Evidence.Measurement	Qualimetrix\Infrastructure\DependencyInjection\Configurator\OutputConfigurator	Infrastructure.DependencyInjection	src/Infrastructure/DependencyInjection/Configurator/OutputConfigurator.php	ast-name
Qualimetrix\Analysis\Evidence\Measurement\Contract\DeclarationRegistrarFactory	Analysis.Evidence.Measurement	Qualimetrix\Infrastructure\Parallel\WorkerBootstrap	Infrastructure.Parallel	src/Infrastructure/Parallel/WorkerBootstrap.php	ast-name
Qualimetrix\Analysis\Evidence\Measurement\Contract\DeclarationRegistrarInterface	Analysis.Evidence.Measurement	Qualimetrix\Analysis\Run\Pipeline\DependencyGraphAnalyzer	Analysis.Run	src/Analysis/Run/Pipeline/DependencyGraphAnalyzer.php	ast-name
Qualimetrix\Analysis\Evidence\Measurement\Contract\DerivedCollectorInterface	Analysis.Evidence.Measurement	Qualimetrix\Analysis\Evidence\Design\TypeCoverage\TypeCoveragePercentCollector	Analysis.Evidence.Design	src/Analysis/Evidence/Design/TypeCoverage/TypeCoveragePercentCollector.php	ast-name
Qualimetrix\Analysis\Evidence\Measurement\Contract\DerivedCollectorInterface	Analysis.Evidence.Measurement	Qualimetrix\Analysis\Evidence\Maintainability\MaintainabilityIndexCollector	Analysis.Evidence.Maintainability	src/Analysis/Evidence/Maintainability/MaintainabilityIndexCollector.php	ast-name
Qualimetrix\Analysis\Evidence\Measurement\Contract\DerivedCollectorInterface	Analysis.Evidence.Measurement	Qualimetrix\Infrastructure\DependencyInjection\ContainerFactory	Infrastructure.DependencyInjection	src/Infrastructure/DependencyInjection/ContainerFactory.php	ast-name
Qualimetrix\Analysis\Evidence\Measurement\Contract\DerivedMetricExtractorInterface	Analysis.Evidence.Measurement	Qualimetrix\Analysis\Run\Collection\CollectionOrchestrator	Analysis.Run	src/Analysis/Run/Collection/CollectionOrchestrator.php	ast-name
Qualimetrix\Analysis\Evidence\Measurement\Contract\DerivedMetricExtractorInterface	Analysis.Evidence.Measurement	Qualimetrix\Infrastructure\DependencyInjection\Configurator\AnalysisConfigurator	Infrastructure.DependencyInjection	src/Infrastructure/DependencyInjection/Configurator/AnalysisConfigurator.php	ast-name
Qualimetrix\Analysis\Evidence\Measurement\Contract\DerivedMetricExtractorInterface	Analysis.Evidence.Measurement	Qualimetrix\Infrastructure\DependencyInjection\Configurator\MeasurementConfigurator	Infrastructure.DependencyInjection	src/Infrastructure/DependencyInjection/Configurator/MeasurementConfigurator.php	ast-name
Qualimetrix\Analysis\Evidence\Measurement\Contract\FileMeasurementCollectorInterface	Analysis.Evidence.Measurement	Qualimetrix\Analysis\Run\Collection\FileProcessor	Analysis.Run	src/Analysis/Run/Collection/FileProcessor.php	ast-name
Qualimetrix\Analysis\Evidence\Measurement\Contract\FileMeasurementCollectorInterface	Analysis.Evidence.Measurement	Qualimetrix\Infrastructure\DependencyInjection\Configurator\AnalysisConfigurator	Infrastructure.DependencyInjection	src/Infrastructure/DependencyInjection/Configurator/AnalysisConfigurator.php	ast-name
Qualimetrix\Analysis\Evidence\Measurement\Contract\FileMeasurementCollectorInterface	Analysis.Evidence.Measurement	Qualimetrix\Infrastructure\DependencyInjection\Configurator\MeasurementConfigurator	Infrastructure.DependencyInjection	src/Infrastructure/DependencyInjection/Configurator/MeasurementConfigurator.php	ast-name
Qualimetrix\Analysis\Evidence\Measurement\Contract\FileMeasurementCollectorInterface	Analysis.Evidence.Measurement	Qualimetrix\Infrastructure\Parallel\WorkerBootstrap	Infrastructure.Parallel	src/Infrastructure/Parallel/WorkerBootstrap.php	ast-name
Qualimetrix\Analysis\Evidence\Measurement\Contract\GlobalContextCollectorInterface	Analysis.Evidence.Measurement	Qualimetrix\Analysis\Evidence\Coupling\AbstractnessCollector	Analysis.Evidence.Coupling	src/Analysis/Evidence/Coupling/AbstractnessCollector.php	ast-name
Qualimetrix\Analysis\Evidence\Measurement\Contract\GlobalContextCollectorInterface	Analysis.Evidence.Measurement	Qualimetrix\Analysis\Evidence\Coupling\ClassRankCollector	Analysis.Evidence.Coupling	src/Analysis/Evidence/Coupling/ClassRankCollector.php	ast-name
Qualimetrix\Analysis\Evidence\Measurement\Contract\GlobalContextCollectorInterface	Analysis.Evidence.Measurement	Qualimetrix\Analysis\Evidence\Coupling\CouplingCollector	Analysis.Evidence.Coupling	src/Analysis/Evidence/Coupling/CouplingCollector.php	ast-name
Qualimetrix\Analysis\Evidence\Measurement\Contract\GlobalContextCollectorInterface	Analysis.Evidence.Measurement	Qualimetrix\Analysis\Evidence\Coupling\DistanceCollector	Analysis.Evidence.Coupling	src/Analysis/Evidence/Coupling/DistanceCollector.php	ast-name
Qualimetrix\Analysis\Evidence\Measurement\Contract\GlobalContextCollectorInterface	Analysis.Evidence.Measurement	Qualimetrix\Analysis\Evidence\Design\Inheritance\DitGlobalCollector	Analysis.Evidence.Design	src/Analysis/Evidence/Design/Inheritance/DitGlobalCollector.php	ast-name
Qualimetrix\Analysis\Evidence\Measurement\Contract\GlobalContextCollectorInterface	Analysis.Evidence.Measurement	Qualimetrix\Analysis\Evidence\Design\Inheritance\NocCollector	Analysis.Evidence.Design	src/Analysis/Evidence/Design/Inheritance/NocCollector.php	ast-name
Qualimetrix\Analysis\Evidence\Measurement\Contract\GlobalContextCollectorInterface	Analysis.Evidence.Measurement	Qualimetrix\Infrastructure\DependencyInjection\ContainerFactory	Infrastructure.DependencyInjection	src/Infrastructure/DependencyInjection/ContainerFactory.php	ast-name
Qualimetrix\Analysis\Evidence\Measurement\Contract\MeasurementAggregationInterface	Analysis.Evidence.Measurement	Qualimetrix\Analysis\Run\Pipeline\AnalysisPipeline	Analysis.Run	src/Analysis/Run/Pipeline/AnalysisPipeline.php	ast-name
Qualimetrix\Analysis\Evidence\Measurement\Contract\MeasurementAggregationInterface	Analysis.Evidence.Measurement	Qualimetrix\Infrastructure\DependencyInjection\Configurator\AnalysisConfigurator	Infrastructure.DependencyInjection	src/Infrastructure/DependencyInjection/Configurator/AnalysisConfigurator.php	ast-name
Qualimetrix\Analysis\Evidence\Measurement\Contract\MeasurementAggregationInterface	Analysis.Evidence.Measurement	Qualimetrix\Infrastructure\DependencyInjection\Configurator\MeasurementConfigurator	Infrastructure.DependencyInjection	src/Infrastructure/DependencyInjection/Configurator/MeasurementConfigurator.php	ast-name
Qualimetrix\Analysis\Evidence\Measurement\Contract\MetricBag	Analysis.Evidence.Measurement	Qualimetrix\Analysis\Evidence\CodeSmell\CodeSmellCollector	Analysis.Evidence.CodeSmell	src/Analysis/Evidence/CodeSmell/CodeSmellCollector.php	ast-name
Qualimetrix\Analysis\Evidence\Measurement\Contract\MetricBag	Analysis.Evidence.Measurement	Qualimetrix\Analysis\Evidence\CodeSmell\ParameterCountCollector	Analysis.Evidence.CodeSmell	src/Analysis/Evidence/CodeSmell/ParameterCountCollector.php	ast-name
Qualimetrix\Analysis\Evidence\Measurement\Contract\MetricBag	Analysis.Evidence.Measurement	Qualimetrix\Analysis\Evidence\CodeSmell\ParameterCountVisitor	Analysis.Evidence.CodeSmell	src/Analysis/Evidence/CodeSmell/ParameterCountVisitor.php	ast-name
Qualimetrix\Analysis\Evidence\Measurement\Contract\MetricBag	Analysis.Evidence.Measurement	Qualimetrix\Analysis\Evidence\CodeSmell\RepeatedExpression\IdenticalSubExpressionCollector	Analysis.Evidence.CodeSmell	src/Analysis/Evidence/CodeSmell/RepeatedExpression/IdenticalSubExpressionCollector.php	ast-name
Qualimetrix\Analysis\Evidence\Measurement\Contract\MetricBag	Analysis.Evidence.Measurement	Qualimetrix\Analysis\Evidence\CodeSmell\UnreachableCodeCollector	Analysis.Evidence.CodeSmell	src/Analysis/Evidence/CodeSmell/UnreachableCodeCollector.php	ast-name
Qualimetrix\Analysis\Evidence\Measurement\Contract\MetricBag	Analysis.Evidence.Measurement	Qualimetrix\Analysis\Evidence\CodeSmell\UnreachableCodeVisitor	Analysis.Evidence.CodeSmell	src/Analysis/Evidence/CodeSmell/UnreachableCodeVisitor.php	ast-name
Qualimetrix\Analysis\Evidence\Measurement\Contract\MetricBag	Analysis.Evidence.Measurement	Qualimetrix\Analysis\Evidence\CodeSmell\UnusedPrivateCollector	Analysis.Evidence.CodeSmell	src/Analysis/Evidence/CodeSmell/UnusedPrivateCollector.php	ast-name
Qualimetrix\Analysis\Evidence\Measurement\Contract\MetricBag	Analysis.Evidence.Measurement	Qualimetrix\Analysis\Evidence\Cohesion\LcomCollector	Analysis.Evidence.Cohesion	src/Analysis/Evidence/Cohesion/LcomCollector.php	ast-name
Qualimetrix\Analysis\Evidence\Measurement\Contract\MetricBag	Analysis.Evidence.Measurement	Qualimetrix\Analysis\Evidence\Cohesion\LcomRule	Analysis.Evidence.Cohesion	src/Analysis/Evidence/Cohesion/LcomRule.php	ast-name
Qualimetrix\Analysis\Evidence\Measurement\Contract\MetricBag	Analysis.Evidence.Measurement	Qualimetrix\Analysis\Evidence\Cohesion\TccLccCollector	Analysis.Evidence.Cohesion	src/Analysis/Evidence/Cohesion/TccLccCollector.php	ast-name
Qualimetrix\Analysis\Evidence\Measurement\Contract\MetricBag	Analysis.Evidence.Measurement	Qualimetrix\Analysis\Evidence\Complexity\CognitiveComplexityCollector	Analysis.Evidence.Complexity	src/Analysis/Evidence/Complexity/CognitiveComplexityCollector.php	ast-name
Qualimetrix\Analysis\Evidence\Measurement\Contract\MetricBag	Analysis.Evidence.Measurement	Qualimetrix\Analysis\Evidence\Complexity\CognitiveComplexityVisitor	Analysis.Evidence.Complexity	src/Analysis/Evidence/Complexity/CognitiveComplexityVisitor.php	ast-name
Qualimetrix\Analysis\Evidence\Measurement\Contract\MetricBag	Analysis.Evidence.Measurement	Qualimetrix\Analysis\Evidence\Complexity\CyclomaticComplexityCollector	Analysis.Evidence.Complexity	src/Analysis/Evidence/Complexity/CyclomaticComplexityCollector.php	ast-name
Qualimetrix\Analysis\Evidence\Measurement\Contract\MetricBag	Analysis.Evidence.Measurement	Qualimetrix\Analysis\Evidence\Complexity\CyclomaticComplexityVisitor	Analysis.Evidence.Complexity	src/Analysis/Evidence/Complexity/CyclomaticComplexityVisitor.php	ast-name
Qualimetrix\Analysis\Evidence\Measurement\Contract\MetricBag	Analysis.Evidence.Measurement	Qualimetrix\Analysis\Evidence\Complexity\NpathComplexityCollector	Analysis.Evidence.Complexity	src/Analysis/Evidence/Complexity/NpathComplexityCollector.php	ast-name
Qualimetrix\Analysis\Evidence\Measurement\Contract\MetricBag	Analysis.Evidence.Measurement	Qualimetrix\Analysis\Evidence\Complexity\NpathComplexityRule	Analysis.Evidence.Complexity	src/Analysis/Evidence/Complexity/NpathComplexityRule.php	ast-name
Qualimetrix\Analysis\Evidence\Measurement\Contract\MetricBag	Analysis.Evidence.Measurement	Qualimetrix\Analysis\Evidence\Complexity\NpathComplexityVisitor	Analysis.Evidence.Complexity	src/Analysis/Evidence/Complexity/NpathComplexityVisitor.php	ast-name
Qualimetrix\Analysis\Evidence\Measurement\Contract\MetricBag	Analysis.Evidence.Measurement	Qualimetrix\Analysis\Evidence\ComputedMetrics\Contract\Evaluation\ComputedMetricEvaluator	Analysis.Evidence.ComputedMetrics	src/Analysis/Evidence/ComputedMetrics/Contract/Evaluation/ComputedMetricEvaluator.php	ast-name
Qualimetrix\Analysis\Evidence\Measurement\Contract\MetricBag	Analysis.Evidence.Measurement	Qualimetrix\Analysis\Evidence\ComputedMetrics\Health\Contract\DrillDown\HealthScoreDrillDown	Analysis.Evidence.ComputedMetrics.Health	src/Analysis/Evidence/ComputedMetrics/Health/Contract/DrillDown/HealthScoreDrillDown.php	ast-name
Qualimetrix\Analysis\Evidence\Measurement\Contract\MetricBag	Analysis.Evidence.Measurement	Qualimetrix\Analysis\Evidence\ComputedMetrics\Health\Contract\Summary\HealthSummaryBuilder	Analysis.Evidence.ComputedMetrics.Health	src/Analysis/Evidence/ComputedMetrics/Health/Contract/Summary/HealthSummaryBuilder.php	ast-name
Qualimetrix\Analysis\Evidence\Measurement\Contract\MetricBag	Analysis.Evidence.Measurement	Qualimetrix\Analysis\Evidence\Coupling\CouplingCollector	Analysis.Evidence.Coupling	src/Analysis/Evidence/Coupling/CouplingCollector.php	ast-name
Qualimetrix\Analysis\Evidence\Measurement\Contract\MetricBag	Analysis.Evidence.Measurement	Qualimetrix\Analysis\Evidence\Coupling\RfcCollector	Analysis.Evidence.Coupling	src/Analysis/Evidence/Coupling/RfcCollector.php	ast-name
Qualimetrix\Analysis\Evidence\Measurement\Contract\MetricBag	Analysis.Evidence.Measurement	Qualimetrix\Analysis\Evidence\Design\DataClass\DataClassExclusionCheck	Analysis.Evidence.Design	src/Analysis/Evidence/Design/DataClass/DataClassExclusionCheck.php	ast-name
Qualimetrix\Analysis\Evidence\Measurement\Contract\MetricBag	Analysis.Evidence.Measurement	Qualimetrix\Analysis\Evidence\Design\GodClass\GodClassCriteriaEvaluator	Analysis.Evidence.Design	src/Analysis/Evidence/Design/GodClass/GodClassCriteriaEvaluator.php	ast-name
Qualimetrix\Analysis\Evidence\Measurement\Contract\MetricBag	Analysis.Evidence.Measurement	Qualimetrix\Analysis\Evidence\Design\GodClass\GodClassRule	Analysis.Evidence.Design	src/Analysis/Evidence/Design/GodClass/GodClassRule.php	ast-name
Qualimetrix\Analysis\Evidence\Measurement\Contract\MetricBag	Analysis.Evidence.Measurement	Qualimetrix\Analysis\Evidence\Design\Inheritance\InheritanceDepthCollector	Analysis.Evidence.Design	src/Analysis/Evidence/Design/Inheritance/InheritanceDepthCollector.php	ast-name
Qualimetrix\Analysis\Evidence\Measurement\Contract\MetricBag	Analysis.Evidence.Measurement	Qualimetrix\Analysis\Evidence\Design\TypeCoverage\AbstractTypeCoverageRule	Analysis.Evidence.Design	src/Analysis/Evidence/Design/TypeCoverage/AbstractTypeCoverageRule.php	ast-name
Qualimetrix\Analysis\Evidence\Measurement\Contract\MetricBag	Analysis.Evidence.Measurement	Qualimetrix\Analysis\Evidence\Design\TypeCoverage\TypeCoverageCollector	Analysis.Evidence.Design	src/Analysis/Evidence/Design/TypeCoverage/TypeCoverageCollector.php	ast-name
Qualimetrix\Analysis\Evidence\Measurement\Contract\MetricBag	Analysis.Evidence.Measurement	Qualimetrix\Analysis\Evidence\Design\TypeCoverage\TypeCoveragePercentCollector	Analysis.Evidence.Design	src/Analysis/Evidence/Design/TypeCoverage/TypeCoveragePercentCollector.php	ast-name
Qualimetrix\Analysis\Evidence\Measurement\Contract\MetricBag	Analysis.Evidence.Measurement	Qualimetrix\Analysis\Evidence\Design\TypeCoverage\TypeCoverageVisitor	Analysis.Evidence.Design	src/Analysis/Evidence/Design/TypeCoverage/TypeCoverageVisitor.php	ast-name
Qualimetrix\Analysis\Evidence\Measurement\Contract\MetricBag	Analysis.Evidence.Measurement	Qualimetrix\Analysis\Evidence\Maintainability\HalsteadCollector	Analysis.Evidence.Maintainability	src/Analysis/Evidence/Maintainability/HalsteadCollector.php	ast-name
Qualimetrix\Analysis\Evidence\Measurement\Contract\MetricBag	Analysis.Evidence.Measurement	Qualimetrix\Analysis\Evidence\Maintainability\HalsteadVisitor	Analysis.Evidence.Maintainability	src/Analysis/Evidence/Maintainability/HalsteadVisitor.php	ast-name
Qualimetrix\Analysis\Evidence\Measurement\Contract\MetricBag	Analysis.Evidence.Measurement	Qualimetrix\Analysis\Evidence\Maintainability\MaintainabilityIndexCollector	Analysis.Evidence.Maintainability	src/Analysis/Evidence/Maintainability/MaintainabilityIndexCollector.php	ast-name
Qualimetrix\Analysis\Evidence\Measurement\Contract\MetricBag	Analysis.Evidence.Measurement	Qualimetrix\Analysis\Evidence\Security\Credential\HardcodedCredentialsCollector	Analysis.Evidence.Security	src/Analysis/Evidence/Security/Credential/HardcodedCredentialsCollector.php	ast-name
Qualimetrix\Analysis\Evidence\Measurement\Contract\MetricBag	Analysis.Evidence.Measurement	Qualimetrix\Analysis\Evidence\Security\SecurityPatternCollector	Analysis.Evidence.Security	src/Analysis/Evidence/Security/SecurityPatternCollector.php	ast-name
Qualimetrix\Analysis\Evidence\Measurement\Contract\MetricBag	Analysis.Evidence.Measurement	Qualimetrix\Analysis\Evidence\Security\SensitiveParameterCollector	Analysis.Evidence.Security	src/Analysis/Evidence/Security/SensitiveParameterCollector.php	ast-name
Qualimetrix\Analysis\Evidence\Measurement\Contract\MetricBag	Analysis.Evidence.Measurement	Qualimetrix\Analysis\Evidence\Size\ClassCountCollector	Analysis.Evidence.Size	src/Analysis/Evidence/Size/ClassCountCollector.php	ast-name
Qualimetrix\Analysis\Evidence\Measurement\Contract\MetricBag	Analysis.Evidence.Measurement	Qualimetrix\Analysis\Evidence\Size\LocCollector	Analysis.Evidence.Size	src/Analysis/Evidence/Size/LocCollector.php	ast-name
Qualimetrix\Analysis\Evidence\Measurement\Contract\MetricBag	Analysis.Evidence.Measurement	Qualimetrix\Analysis\Evidence\Size\MethodCountCollector	Analysis.Evidence.Size	src/Analysis/Evidence/Size/MethodCountCollector.php	ast-name
Qualimetrix\Analysis\Evidence\Measurement\Contract\MetricBag	Analysis.Evidence.Measurement	Qualimetrix\Analysis\Evidence\Size\MethodStatementCountCollector	Analysis.Evidence.Size	src/Analysis/Evidence/Size/MethodStatementCountCollector.php	ast-name
Qualimetrix\Analysis\Evidence\Measurement\Contract\MetricBag	Analysis.Evidence.Measurement	Qualimetrix\Analysis\Evidence\Size\MethodStatementCountVisitor	Analysis.Evidence.Size	src/Analysis/Evidence/Size/MethodStatementCountVisitor.php	ast-name
Qualimetrix\Analysis\Evidence\Measurement\Contract\MetricBag	Analysis.Evidence.Measurement	Qualimetrix\Analysis\Evidence\Size\PropertyCountRule	Analysis.Evidence.Size	src/Analysis/Evidence/Size/PropertyCountRule.php	ast-name
Qualimetrix\Analysis\Evidence\Measurement\Contract\MetricBag	Analysis.Evidence.Measurement	Qualimetrix\Analysis\Run\Collection\CollectionOrchestrator	Analysis.Run	src/Analysis/Run/Collection/CollectionOrchestrator.php	ast-name
Qualimetrix\Analysis\Evidence\Measurement\Contract\MetricBag	Analysis.Evidence.Measurement	Qualimetrix\Analysis\Run\Contract\Collection\FileProcessingResult	Analysis.Run	src/Analysis/Run/Contract/Collection/FileProcessingResult.php	ast-name
Qualimetrix\Analysis\Evidence\Measurement\Contract\MetricBag	Analysis.Evidence.Measurement	Qualimetrix\Analysis\Run\Contract\Collection\SuccessfulFileProcessing	Analysis.Run	src/Analysis/Run/Contract/Collection/SuccessfulFileProcessing.php	ast-name
Qualimetrix\Analysis\Evidence\Measurement\Contract\MetricCollectorInterface	Analysis.Evidence.Measurement	Qualimetrix\Infrastructure\DependencyInjection\ContainerFactory	Infrastructure.DependencyInjection	src/Infrastructure/DependencyInjection/ContainerFactory.php	ast-name
Qualimetrix\Analysis\Evidence\Measurement\Contract\MetricDefinition	Analysis.Evidence.Measurement	Qualimetrix\Analysis\Evidence\CodeSmell\ParameterCountCollector	Analysis.Evidence.CodeSmell	src/Analysis/Evidence/CodeSmell/ParameterCountCollector.php	ast-name
Qualimetrix\Analysis\Evidence\Measurement\Contract\MetricDefinition	Analysis.Evidence.Measurement	Qualimetrix\Analysis\Evidence\CodeSmell\UnreachableCodeCollector	Analysis.Evidence.CodeSmell	src/Analysis/Evidence/CodeSmell/UnreachableCodeCollector.php	ast-name
Qualimetrix\Analysis\Evidence\Measurement\Contract\MetricDefinition	Analysis.Evidence.Measurement	Qualimetrix\Analysis\Evidence\Cohesion\LcomCollector	Analysis.Evidence.Cohesion	src/Analysis/Evidence/Cohesion/LcomCollector.php	ast-name
Qualimetrix\Analysis\Evidence\Measurement\Contract\MetricDefinition	Analysis.Evidence.Measurement	Qualimetrix\Analysis\Evidence\Cohesion\TccLccCollector	Analysis.Evidence.Cohesion	src/Analysis/Evidence/Cohesion/TccLccCollector.php	ast-name
Qualimetrix\Analysis\Evidence\Measurement\Contract\MetricDefinition	Analysis.Evidence.Measurement	Qualimetrix\Analysis\Evidence\Complexity\CognitiveComplexityCollector	Analysis.Evidence.Complexity	src/Analysis/Evidence/Complexity/CognitiveComplexityCollector.php	ast-name
Qualimetrix\Analysis\Evidence\Measurement\Contract\MetricDefinition	Analysis.Evidence.Measurement	Qualimetrix\Analysis\Evidence\Complexity\CyclomaticComplexityCollector	Analysis.Evidence.Complexity	src/Analysis/Evidence/Complexity/CyclomaticComplexityCollector.php	ast-name
Qualimetrix\Analysis\Evidence\Measurement\Contract\MetricDefinition	Analysis.Evidence.Measurement	Qualimetrix\Analysis\Evidence\Complexity\NpathComplexityCollector	Analysis.Evidence.Complexity	src/Analysis/Evidence/Complexity/NpathComplexityCollector.php	ast-name
Qualimetrix\Analysis\Evidence\Measurement\Contract\MetricDefinition	Analysis.Evidence.Measurement	Qualimetrix\Analysis\Evidence\Coupling\AbstractnessCollector	Analysis.Evidence.Coupling	src/Analysis/Evidence/Coupling/AbstractnessCollector.php	ast-name
Qualimetrix\Analysis\Evidence\Measurement\Contract\MetricDefinition	Analysis.Evidence.Measurement	Qualimetrix\Analysis\Evidence\Coupling\ClassRankCollector	Analysis.Evidence.Coupling	src/Analysis/Evidence/Coupling/ClassRankCollector.php	ast-name
Qualimetrix\Analysis\Evidence\Measurement\Contract\MetricDefinition	Analysis.Evidence.Measurement	Qualimetrix\Analysis\Evidence\Coupling\CouplingCollector	Analysis.Evidence.Coupling	src/Analysis/Evidence/Coupling/CouplingCollector.php	ast-name
Qualimetrix\Analysis\Evidence\Measurement\Contract\MetricDefinition	Analysis.Evidence.Measurement	Qualimetrix\Analysis\Evidence\Coupling\DistanceCollector	Analysis.Evidence.Coupling	src/Analysis/Evidence/Coupling/DistanceCollector.php	ast-name
Qualimetrix\Analysis\Evidence\Measurement\Contract\MetricDefinition	Analysis.Evidence.Measurement	Qualimetrix\Analysis\Evidence\Coupling\RfcCollector	Analysis.Evidence.Coupling	src/Analysis/Evidence/Coupling/RfcCollector.php	ast-name
Qualimetrix\Analysis\Evidence\Measurement\Contract\MetricDefinition	Analysis.Evidence.Measurement	Qualimetrix\Analysis\Evidence\Design\Inheritance\DitGlobalCollector	Analysis.Evidence.Design	src/Analysis/Evidence/Design/Inheritance/DitGlobalCollector.php	ast-name
Qualimetrix\Analysis\Evidence\Measurement\Contract\MetricDefinition	Analysis.Evidence.Measurement	Qualimetrix\Analysis\Evidence\Design\Inheritance\NocCollector	Analysis.Evidence.Design	src/Analysis/Evidence/Design/Inheritance/NocCollector.php	ast-name
Qualimetrix\Analysis\Evidence\Measurement\Contract\MetricDefinition	Analysis.Evidence.Measurement	Qualimetrix\Analysis\Evidence\Design\TypeCoverage\TypeCoverageCollector	Analysis.Evidence.Design	src/Analysis/Evidence/Design/TypeCoverage/TypeCoverageCollector.php	ast-name
Qualimetrix\Analysis\Evidence\Measurement\Contract\MetricDefinition	Analysis.Evidence.Measurement	Qualimetrix\Analysis\Evidence\Design\TypeCoverage\TypeCoveragePercentCollector	Analysis.Evidence.Design	src/Analysis/Evidence/Design/TypeCoverage/TypeCoveragePercentCollector.php	ast-name
Qualimetrix\Analysis\Evidence\Measurement\Contract\MetricDefinition	Analysis.Evidence.Measurement	Qualimetrix\Analysis\Evidence\Maintainability\HalsteadCollector	Analysis.Evidence.Maintainability	src/Analysis/Evidence/Maintainability/HalsteadCollector.php	ast-name
Qualimetrix\Analysis\Evidence\Measurement\Contract\MetricDefinition	Analysis.Evidence.Measurement	Qualimetrix\Analysis\Evidence\Maintainability\MaintainabilityIndexCollector	Analysis.Evidence.Maintainability	src/Analysis/Evidence/Maintainability/MaintainabilityIndexCollector.php	ast-name
Qualimetrix\Analysis\Evidence\Measurement\Contract\MetricDefinition	Analysis.Evidence.Measurement	Qualimetrix\Analysis\Evidence\Size\ClassCountCollector	Analysis.Evidence.Size	src/Analysis/Evidence/Size/ClassCountCollector.php	ast-name
Qualimetrix\Analysis\Evidence\Measurement\Contract\MetricDefinition	Analysis.Evidence.Measurement	Qualimetrix\Analysis\Evidence\Size\LocCollector	Analysis.Evidence.Size	src/Analysis/Evidence/Size/LocCollector.php	ast-name
Qualimetrix\Analysis\Evidence\Measurement\Contract\MetricDefinition	Analysis.Evidence.Measurement	Qualimetrix\Analysis\Evidence\Size\MethodCountCollector	Analysis.Evidence.Size	src/Analysis/Evidence/Size/MethodCountCollector.php	ast-name
Qualimetrix\Analysis\Evidence\Measurement\Contract\MetricDefinition	Analysis.Evidence.Measurement	Qualimetrix\Analysis\Evidence\Size\MethodStatementCountCollector	Analysis.Evidence.Size	src/Analysis/Evidence/Size/MethodStatementCountCollector.php	ast-name
Qualimetrix\Analysis\Evidence\Measurement\Contract\MetricName	Analysis.Evidence.Measurement	Qualimetrix\Analysis\Evidence\CodeSmell\ConstructorOverinjectionRule	Analysis.Evidence.CodeSmell	src/Analysis/Evidence/CodeSmell/ConstructorOverinjectionRule.php	ast-name
Qualimetrix\Analysis\Evidence\Measurement\Contract\MetricName	Analysis.Evidence.Measurement	Qualimetrix\Analysis\Evidence\CodeSmell\LongParameterListRule	Analysis.Evidence.CodeSmell	src/Analysis/Evidence/CodeSmell/LongParameterListRule.php	ast-name
Qualimetrix\Analysis\Evidence\Measurement\Contract\MetricName	Analysis.Evidence.Measurement	Qualimetrix\Analysis\Evidence\CodeSmell\ParameterCountCollector	Analysis.Evidence.CodeSmell	src/Analysis/Evidence/CodeSmell/ParameterCountCollector.php	ast-name
Qualimetrix\Analysis\Evidence\Measurement\Contract\MetricName	Analysis.Evidence.Measurement	Qualimetrix\Analysis\Evidence\CodeSmell\ParameterCountVisitor	Analysis.Evidence.CodeSmell	src/Analysis/Evidence/CodeSmell/ParameterCountVisitor.php	ast-name
Qualimetrix\Analysis\Evidence\Measurement\Contract\MetricName	Analysis.Evidence.Measurement	Qualimetrix\Analysis\Evidence\CodeSmell\UnreachableCodeCollector	Analysis.Evidence.CodeSmell	src/Analysis/Evidence/CodeSmell/UnreachableCodeCollector.php	ast-name
Qualimetrix\Analysis\Evidence\Measurement\Contract\MetricName	Analysis.Evidence.Measurement	Qualimetrix\Analysis\Evidence\CodeSmell\UnreachableCodeRule	Analysis.Evidence.CodeSmell	src/Analysis/Evidence/CodeSmell/UnreachableCodeRule.php	ast-name
Qualimetrix\Analysis\Evidence\Measurement\Contract\MetricName	Analysis.Evidence.Measurement	Qualimetrix\Analysis\Evidence\CodeSmell\UnusedPrivateCollector	Analysis.Evidence.CodeSmell	src/Analysis/Evidence/CodeSmell/UnusedPrivateCollector.php	ast-name
Qualimetrix\Analysis\Evidence\Measurement\Contract\MetricName	Analysis.Evidence.Measurement	Qualimetrix\Analysis\Evidence\CodeSmell\UnusedPrivateRule	Analysis.Evidence.CodeSmell	src/Analysis/Evidence/CodeSmell/UnusedPrivateRule.php	ast-name
Qualimetrix\Analysis\Evidence\Measurement\Contract\MetricName	Analysis.Evidence.Measurement	Qualimetrix\Analysis\Evidence\Cohesion\LcomCollector	Analysis.Evidence.Cohesion	src/Analysis/Evidence/Cohesion/LcomCollector.php	ast-name
Qualimetrix\Analysis\Evidence\Measurement\Contract\MetricName	Analysis.Evidence.Measurement	Qualimetrix\Analysis\Evidence\Cohesion\LcomRule	Analysis.Evidence.Cohesion	src/Analysis/Evidence/Cohesion/LcomRule.php	ast-name
Qualimetrix\Analysis\Evidence\Measurement\Contract\MetricName	Analysis.Evidence.Measurement	Qualimetrix\Analysis\Evidence\Cohesion\TccLccCollector	Analysis.Evidence.Cohesion	src/Analysis/Evidence/Cohesion/TccLccCollector.php	ast-name
Qualimetrix\Analysis\Evidence\Measurement\Contract\MetricName	Analysis.Evidence.Measurement	Qualimetrix\Analysis\Evidence\Complexity\CognitiveComplexityCollector	Analysis.Evidence.Complexity	src/Analysis/Evidence/Complexity/CognitiveComplexityCollector.php	ast-name
Qualimetrix\Analysis\Evidence\Measurement\Contract\MetricName	Analysis.Evidence.Measurement	Qualimetrix\Analysis\Evidence\Complexity\CognitiveComplexityRule	Analysis.Evidence.Complexity	src/Analysis/Evidence/Complexity/CognitiveComplexityRule.php	ast-name
Qualimetrix\Analysis\Evidence\Measurement\Contract\MetricName	Analysis.Evidence.Measurement	Qualimetrix\Analysis\Evidence\Complexity\ComplexityRule	Analysis.Evidence.Complexity	src/Analysis/Evidence/Complexity/ComplexityRule.php	ast-name
Qualimetrix\Analysis\Evidence\Measurement\Contract\MetricName	Analysis.Evidence.Measurement	Qualimetrix\Analysis\Evidence\Complexity\CyclomaticComplexityCollector	Analysis.Evidence.Complexity	src/Analysis/Evidence/Complexity/CyclomaticComplexityCollector.php	ast-name
Qualimetrix\Analysis\Evidence\Measurement\Contract\MetricName	Analysis.Evidence.Measurement	Qualimetrix\Analysis\Evidence\Complexity\NpathComplexityCollector	Analysis.Evidence.Complexity	src/Analysis/Evidence/Complexity/NpathComplexityCollector.php	ast-name
Qualimetrix\Analysis\Evidence\Measurement\Contract\MetricName	Analysis.Evidence.Measurement	Qualimetrix\Analysis\Evidence\Complexity\NpathComplexityRule	Analysis.Evidence.Complexity	src/Analysis/Evidence/Complexity/NpathComplexityRule.php	ast-name
Qualimetrix\Analysis\Evidence\Measurement\Contract\MetricName	Analysis.Evidence.Measurement	Qualimetrix\Analysis\Evidence\Complexity\WmcRule	Analysis.Evidence.Complexity	src/Analysis/Evidence/Complexity/WmcRule.php	ast-name
Qualimetrix\Analysis\Evidence\Measurement\Contract\MetricName	Analysis.Evidence.Measurement	Qualimetrix\Analysis\Evidence\ComputedMetrics\ComputedMetricFormulaValidator	Analysis.Evidence.ComputedMetrics	src/Analysis/Evidence/ComputedMetrics/ComputedMetricFormulaValidator.php	ast-name
Qualimetrix\Analysis\Evidence\Measurement\Contract\MetricName	Analysis.Evidence.Measurement	Qualimetrix\Analysis\Evidence\ComputedMetrics\Contract\Definition\ComputedMetricDefinition	Analysis.Evidence.ComputedMetrics	src/Analysis/Evidence/ComputedMetrics/Contract/Definition/ComputedMetricDefinition.php	ast-name
Qualimetrix\Analysis\Evidence\Measurement\Contract\MetricName	Analysis.Evidence.Measurement	Qualimetrix\Analysis\Evidence\ComputedMetrics\Health\Contract\Summary\HealthSummaryBuilder	Analysis.Evidence.ComputedMetrics.Health	src/Analysis/Evidence/ComputedMetrics/Health/Contract/Summary/HealthSummaryBuilder.php	ast-name
Qualimetrix\Analysis\Evidence\Measurement\Contract\MetricName	Analysis.Evidence.Measurement	Qualimetrix\Analysis\Evidence\ComputedMetrics\Health\Metadata\HealthDecompositionCatalog	Analysis.Evidence.ComputedMetrics.Health	src/Analysis/Evidence/ComputedMetrics/Health/Metadata/HealthDecompositionCatalog.php	ast-name
Qualimetrix\Analysis\Evidence\Measurement\Contract\MetricName	Analysis.Evidence.Measurement	Qualimetrix\Analysis\Evidence\ComputedMetrics\Health\Metadata\MetricHintCatalog	Analysis.Evidence.ComputedMetrics.Health	src/Analysis/Evidence/ComputedMetrics/Health/Metadata/MetricHintCatalog.php	ast-name
Qualimetrix\Analysis\Evidence\Measurement\Contract\MetricName	Analysis.Evidence.Measurement	Qualimetrix\Analysis\Evidence\Coupling\AbstractnessCollector	Analysis.Evidence.Coupling	src/Analysis/Evidence/Coupling/AbstractnessCollector.php	ast-name
Qualimetrix\Analysis\Evidence\Measurement\Contract\MetricName	Analysis.Evidence.Measurement	Qualimetrix\Analysis\Evidence\Coupling\CboRule	Analysis.Evidence.Coupling	src/Analysis/Evidence/Coupling/CboRule.php	ast-name
Qualimetrix\Analysis\Evidence\Measurement\Contract\MetricName	Analysis.Evidence.Measurement	Qualimetrix\Analysis\Evidence\Coupling\ClassRankCollector	Analysis.Evidence.Coupling	src/Analysis/Evidence/Coupling/ClassRankCollector.php	ast-name
Qualimetrix\Analysis\Evidence\Measurement\Contract\MetricName	Analysis.Evidence.Measurement	Qualimetrix\Analysis\Evidence\Coupling\ClassRankRule	Analysis.Evidence.Coupling	src/Analysis/Evidence/Coupling/ClassRankRule.php	ast-name
Qualimetrix\Analysis\Evidence\Measurement\Contract\MetricName	Analysis.Evidence.Measurement	Qualimetrix\Analysis\Evidence\Coupling\CouplingCollector	Analysis.Evidence.Coupling	src/Analysis/Evidence/Coupling/CouplingCollector.php	ast-name
Qualimetrix\Analysis\Evidence\Measurement\Contract\MetricName	Analysis.Evidence.Measurement	Qualimetrix\Analysis\Evidence\Coupling\DistanceCollector	Analysis.Evidence.Coupling	src/Analysis/Evidence/Coupling/DistanceCollector.php	ast-name
Qualimetrix\Analysis\Evidence\Measurement\Contract\MetricName	Analysis.Evidence.Measurement	Qualimetrix\Analysis\Evidence\Coupling\DistanceRule	Analysis.Evidence.Coupling	src/Analysis/Evidence/Coupling/DistanceRule.php	ast-name
Qualimetrix\Analysis\Evidence\Measurement\Contract\MetricName	Analysis.Evidence.Measurement	Qualimetrix\Analysis\Evidence\Coupling\InstabilityRule	Analysis.Evidence.Coupling	src/Analysis/Evidence/Coupling/InstabilityRule.php	ast-name
Qualimetrix\Analysis\Evidence\Measurement\Contract\MetricName	Analysis.Evidence.Measurement	Qualimetrix\Analysis\Evidence\Coupling\RfcCollector	Analysis.Evidence.Coupling	src/Analysis/Evidence/Coupling/RfcCollector.php	ast-name
Qualimetrix\Analysis\Evidence\Measurement\Contract\MetricName	Analysis.Evidence.Measurement	Qualimetrix\Analysis\Evidence\Design\DataClass\DataClassExclusionCheck	Analysis.Evidence.Design	src/Analysis/Evidence/Design/DataClass/DataClassExclusionCheck.php	ast-name
Qualimetrix\Analysis\Evidence\Measurement\Contract\MetricName	Analysis.Evidence.Measurement	Qualimetrix\Analysis\Evidence\Design\DataClass\DataClassRule	Analysis.Evidence.Design	src/Analysis/Evidence/Design/DataClass/DataClassRule.php	ast-name
Qualimetrix\Analysis\Evidence\Measurement\Contract\MetricName	Analysis.Evidence.Measurement	Qualimetrix\Analysis\Evidence\Design\GodClass\GodClassCriteriaEvaluator	Analysis.Evidence.Design	src/Analysis/Evidence/Design/GodClass/GodClassCriteriaEvaluator.php	ast-name
Qualimetrix\Analysis\Evidence\Measurement\Contract\MetricName	Analysis.Evidence.Measurement	Qualimetrix\Analysis\Evidence\Design\GodClass\GodClassRule	Analysis.Evidence.Design	src/Analysis/Evidence/Design/GodClass/GodClassRule.php	ast-name
Qualimetrix\Analysis\Evidence\Measurement\Contract\MetricName	Analysis.Evidence.Measurement	Qualimetrix\Analysis\Evidence\Design\Inheritance\DitGlobalCollector	Analysis.Evidence.Design	src/Analysis/Evidence/Design/Inheritance/DitGlobalCollector.php	ast-name
Qualimetrix\Analysis\Evidence\Measurement\Contract\MetricName	Analysis.Evidence.Measurement	Qualimetrix\Analysis\Evidence\Design\Inheritance\InheritanceDepthCollector	Analysis.Evidence.Design	src/Analysis/Evidence/Design/Inheritance/InheritanceDepthCollector.php	ast-name
Qualimetrix\Analysis\Evidence\Measurement\Contract\MetricName	Analysis.Evidence.Measurement	Qualimetrix\Analysis\Evidence\Design\Inheritance\InheritanceRule	Analysis.Evidence.Design	src/Analysis/Evidence/Design/Inheritance/InheritanceRule.php	ast-name
Qualimetrix\Analysis\Evidence\Measurement\Contract\MetricName	Analysis.Evidence.Measurement	Qualimetrix\Analysis\Evidence\Design\Inheritance\NocCollector	Analysis.Evidence.Design	src/Analysis/Evidence/Design/Inheritance/NocCollector.php	ast-name
Qualimetrix\Analysis\Evidence\Measurement\Contract\MetricName	Analysis.Evidence.Measurement	Qualimetrix\Analysis\Evidence\Design\Inheritance\NocRule	Analysis.Evidence.Design	src/Analysis/Evidence/Design/Inheritance/NocRule.php	ast-name
Qualimetrix\Analysis\Evidence\Measurement\Contract\MetricName	Analysis.Evidence.Measurement	Qualimetrix\Analysis\Evidence\Design\TypeCoverage\ParamTypeCoverageRule	Analysis.Evidence.Design	src/Analysis/Evidence/Design/TypeCoverage/ParamTypeCoverageRule.php	ast-name
Qualimetrix\Analysis\Evidence\Measurement\Contract\MetricName	Analysis.Evidence.Measurement	Qualimetrix\Analysis\Evidence\Design\TypeCoverage\PropertyTypeCoverageRule	Analysis.Evidence.Design	src/Analysis/Evidence/Design/TypeCoverage/PropertyTypeCoverageRule.php	ast-name
Qualimetrix\Analysis\Evidence\Measurement\Contract\MetricName	Analysis.Evidence.Measurement	Qualimetrix\Analysis\Evidence\Design\TypeCoverage\ReturnTypeCoverageRule	Analysis.Evidence.Design	src/Analysis/Evidence/Design/TypeCoverage/ReturnTypeCoverageRule.php	ast-name
Qualimetrix\Analysis\Evidence\Measurement\Contract\MetricName	Analysis.Evidence.Measurement	Qualimetrix\Analysis\Evidence\Design\TypeCoverage\TypeCoverageCollector	Analysis.Evidence.Design	src/Analysis/Evidence/Design/TypeCoverage/TypeCoverageCollector.php	ast-name
Qualimetrix\Analysis\Evidence\Measurement\Contract\MetricName	Analysis.Evidence.Measurement	Qualimetrix\Analysis\Evidence\Design\TypeCoverage\TypeCoveragePercentCollector	Analysis.Evidence.Design	src/Analysis/Evidence/Design/TypeCoverage/TypeCoveragePercentCollector.php	ast-name
Qualimetrix\Analysis\Evidence\Measurement\Contract\MetricName	Analysis.Evidence.Measurement	Qualimetrix\Analysis\Evidence\Maintainability\HalsteadCollector	Analysis.Evidence.Maintainability	src/Analysis/Evidence/Maintainability/HalsteadCollector.php	ast-name
Qualimetrix\Analysis\Evidence\Measurement\Contract\MetricName	Analysis.Evidence.Measurement	Qualimetrix\Analysis\Evidence\Maintainability\HalsteadVisitor	Analysis.Evidence.Maintainability	src/Analysis/Evidence/Maintainability/HalsteadVisitor.php	ast-name
Qualimetrix\Analysis\Evidence\Measurement\Contract\MetricName	Analysis.Evidence.Measurement	Qualimetrix\Analysis\Evidence\Maintainability\MaintainabilityIndexCollector	Analysis.Evidence.Maintainability	src/Analysis/Evidence/Maintainability/MaintainabilityIndexCollector.php	ast-name
Qualimetrix\Analysis\Evidence\Measurement\Contract\MetricName	Analysis.Evidence.Measurement	Qualimetrix\Analysis\Evidence\Maintainability\MaintainabilityRule	Analysis.Evidence.Maintainability	src/Analysis/Evidence/Maintainability/MaintainabilityRule.php	ast-name
Qualimetrix\Analysis\Evidence\Measurement\Contract\MetricName	Analysis.Evidence.Measurement	Qualimetrix\Analysis\Evidence\Prioritization\Impact\ClassRankResolver	Analysis.Evidence.Prioritization	src/Analysis/Evidence/Prioritization/Impact/ClassRankResolver.php	ast-name
Qualimetrix\Analysis\Evidence\Measurement\Contract\MetricName	Analysis.Evidence.Measurement	Qualimetrix\Analysis\Evidence\Security\Credential\HardcodedCredentialsCollector	Analysis.Evidence.Security	src/Analysis/Evidence/Security/Credential/HardcodedCredentialsCollector.php	ast-name
Qualimetrix\Analysis\Evidence\Measurement\Contract\MetricName	Analysis.Evidence.Measurement	Qualimetrix\Analysis\Evidence\Security\HardcodedCredentialsRule	Analysis.Evidence.Security	src/Analysis/Evidence/Security/HardcodedCredentialsRule.php	ast-name
Qualimetrix\Analysis\Evidence\Measurement\Contract\MetricName	Analysis.Evidence.Measurement	Qualimetrix\Analysis\Evidence\Security\SensitiveParameterCollector	Analysis.Evidence.Security	src/Analysis/Evidence/Security/SensitiveParameterCollector.php	ast-name
Qualimetrix\Analysis\Evidence\Measurement\Contract\MetricName	Analysis.Evidence.Measurement	Qualimetrix\Analysis\Evidence\Security\SensitiveParameterRule	Analysis.Evidence.Security	src/Analysis/Evidence/Security/SensitiveParameterRule.php	ast-name
Qualimetrix\Analysis\Evidence\Measurement\Contract\MetricName	Analysis.Evidence.Measurement	Qualimetrix\Analysis\Evidence\Size\ClassCountCollector	Analysis.Evidence.Size	src/Analysis/Evidence/Size/ClassCountCollector.php	ast-name
Qualimetrix\Analysis\Evidence\Measurement\Contract\MetricName	Analysis.Evidence.Measurement	Qualimetrix\Analysis\Evidence\Size\ClassCountRule	Analysis.Evidence.Size	src/Analysis/Evidence/Size/ClassCountRule.php	ast-name
Qualimetrix\Analysis\Evidence\Measurement\Contract\MetricName	Analysis.Evidence.Measurement	Qualimetrix\Analysis\Evidence\Size\LocCollector	Analysis.Evidence.Size	src/Analysis/Evidence/Size/LocCollector.php	ast-name
Qualimetrix\Analysis\Evidence\Measurement\Contract\MetricName	Analysis.Evidence.Measurement	Qualimetrix\Analysis\Evidence\Size\MethodCountCollector	Analysis.Evidence.Size	src/Analysis/Evidence/Size/MethodCountCollector.php	ast-name
Qualimetrix\Analysis\Evidence\Measurement\Contract\MetricName	Analysis.Evidence.Measurement	Qualimetrix\Analysis\Evidence\Size\MethodCountRule	Analysis.Evidence.Size	src/Analysis/Evidence/Size/MethodCountRule.php	ast-name
Qualimetrix\Analysis\Evidence\Measurement\Contract\MetricName	Analysis.Evidence.Measurement	Qualimetrix\Analysis\Evidence\Size\MethodStatementCountCollector	Analysis.Evidence.Size	src/Analysis/Evidence/Size/MethodStatementCountCollector.php	ast-name
Qualimetrix\Analysis\Evidence\Measurement\Contract\MetricName	Analysis.Evidence.Measurement	Qualimetrix\Analysis\Evidence\Size\MethodStatementCountVisitor	Analysis.Evidence.Size	src/Analysis/Evidence/Size/MethodStatementCountVisitor.php	ast-name
Qualimetrix\Analysis\Evidence\Measurement\Contract\MetricName	Analysis.Evidence.Measurement	Qualimetrix\Analysis\Evidence\Size\PropertyCountRule	Analysis.Evidence.Size	src/Analysis/Evidence/Size/PropertyCountRule.php	ast-name
Qualimetrix\Analysis\Evidence\Measurement\Contract\MetricName	Analysis.Evidence.Measurement	Qualimetrix\Infrastructure\DependencyInjection\CompilerPass\JudgedMetricDeclarationGuard	Infrastructure.DependencyInjection	src/Infrastructure/DependencyInjection/CompilerPass/JudgedMetricDeclarationGuard.php	ast-name
Qualimetrix\Analysis\Evidence\Measurement\Contract\MetricName	Analysis.Evidence.Measurement	Qualimetrix\Reporting\Formatter\Health\HealthTextFormatter	Reporting	src/Reporting/Formatter/Health/HealthTextFormatter.php	ast-name
Qualimetrix\Analysis\Evidence\Measurement\Contract\MetricName	Analysis.Evidence.Measurement	Qualimetrix\Reporting\Formatter\Html\HtmlMetricAggregator	Reporting	src/Reporting/Formatter/Html/HtmlMetricAggregator.php	ast-name
Qualimetrix\Analysis\Evidence\Measurement\Contract\MetricName	Analysis.Evidence.Measurement	Qualimetrix\Reporting\Formatter\Html\HtmlTreeBuilder	Reporting	src/Reporting/Formatter/Html/HtmlTreeBuilder.php	ast-name
Qualimetrix\Analysis\Evidence\Measurement\Contract\MetricName	Analysis.Evidence.Measurement	Qualimetrix\Reporting\Health\SummaryEnricher	Reporting	src/Reporting/Health/SummaryEnricher.php	ast-name
Qualimetrix\Analysis\Evidence\Measurement\Contract\MetricRepositoryFactoryInterface	Analysis.Evidence.Measurement	Qualimetrix\Analysis\Run\Pipeline\AnalysisPipeline	Analysis.Run	src/Analysis/Run/Pipeline/AnalysisPipeline.php	ast-name
Qualimetrix\Analysis\Evidence\Measurement\Contract\MetricRepositoryFactoryInterface	Analysis.Evidence.Measurement	Qualimetrix\Infrastructure\Console\LayerAssignmentResolver	Infrastructure.Console	src/Infrastructure/Console/LayerAssignmentResolver.php	ast-name
Qualimetrix\Analysis\Evidence\Measurement\Contract\MetricRepositoryFactoryInterface	Analysis.Evidence.Measurement	Qualimetrix\Infrastructure\DependencyInjection\Configurator\AnalysisConfigurator	Infrastructure.DependencyInjection	src/Infrastructure/DependencyInjection/Configurator/AnalysisConfigurator.php	ast-name
Qualimetrix\Analysis\Evidence\Measurement\Contract\MetricRepositoryFactoryInterface	Analysis.Evidence.Measurement	Qualimetrix\Infrastructure\DependencyInjection\Configurator\ArchitectureConfigurator	Infrastructure.DependencyInjection	src/Infrastructure/DependencyInjection/Configurator/ArchitectureConfigurator.php	ast-name
Qualimetrix\Analysis\Evidence\Measurement\Contract\MetricRepositoryFactoryInterface	Analysis.Evidence.Measurement	Qualimetrix\Infrastructure\DependencyInjection\Configurator\MeasurementConfigurator	Infrastructure.DependencyInjection	src/Infrastructure/DependencyInjection/Configurator/MeasurementConfigurator.php	ast-name
Qualimetrix\Analysis\Evidence\Measurement\Contract\MetricRepositoryInterface	Analysis.Evidence.Measurement	Qualimetrix\Analysis\Evidence\ComputedMetrics\Contract\Evaluation\ComputedMetricEvaluator	Analysis.Evidence.ComputedMetrics	src/Analysis/Evidence/ComputedMetrics/Contract/Evaluation/ComputedMetricEvaluator.php	ast-name
Qualimetrix\Analysis\Evidence\Measurement\Contract\MetricRepositoryInterface	Analysis.Evidence.Measurement	Qualimetrix\Analysis\Evidence\ComputedMetrics\Health\Contract\DrillDown\HealthScoreDrillDown	Analysis.Evidence.ComputedMetrics.Health	src/Analysis/Evidence/ComputedMetrics/Health/Contract/DrillDown/HealthScoreDrillDown.php	ast-name
Qualimetrix\Analysis\Evidence\Measurement\Contract\MetricRepositoryInterface	Analysis.Evidence.Measurement	Qualimetrix\Analysis\Evidence\ComputedMetrics\Health\Contract\DrillDown\WorstClassDrillDown	Analysis.Evidence.ComputedMetrics.Health	src/Analysis/Evidence/ComputedMetrics/Health/Contract/DrillDown/WorstClassDrillDown.php	ast-name
Qualimetrix\Analysis\Evidence\Measurement\Contract\MetricRepositoryInterface	Analysis.Evidence.Measurement	Qualimetrix\Analysis\Evidence\ComputedMetrics\Health\Contract\Summary\HealthSummaryBuilder	Analysis.Evidence.ComputedMetrics.Health	src/Analysis/Evidence/ComputedMetrics/Health/Contract/Summary/HealthSummaryBuilder.php	ast-name
Qualimetrix\Analysis\Evidence\Measurement\Contract\MetricRepositoryInterface	Analysis.Evidence.Measurement	Qualimetrix\Analysis\Evidence\Coupling\AbstractnessCollector	Analysis.Evidence.Coupling	src/Analysis/Evidence/Coupling/AbstractnessCollector.php	ast-name
Qualimetrix\Analysis\Evidence\Measurement\Contract\MetricRepositoryInterface	Analysis.Evidence.Measurement	Qualimetrix\Analysis\Evidence\Coupling\ClassRankCollector	Analysis.Evidence.Coupling	src/Analysis/Evidence/Coupling/ClassRankCollector.php	ast-name
Qualimetrix\Analysis\Evidence\Measurement\Contract\MetricRepositoryInterface	Analysis.Evidence.Measurement	Qualimetrix\Analysis\Evidence\Coupling\CouplingCollector	Analysis.Evidence.Coupling	src/Analysis/Evidence/Coupling/CouplingCollector.php	ast-name
Qualimetrix\Analysis\Evidence\Measurement\Contract\MetricRepositoryInterface	Analysis.Evidence.Measurement	Qualimetrix\Analysis\Evidence\Coupling\DistanceCollector	Analysis.Evidence.Coupling	src/Analysis/Evidence/Coupling/DistanceCollector.php	ast-name
Qualimetrix\Analysis\Evidence\Measurement\Contract\MetricRepositoryInterface	Analysis.Evidence.Measurement	Qualimetrix\Analysis\Evidence\Design\Inheritance\DitGlobalCollector	Analysis.Evidence.Design	src/Analysis/Evidence/Design/Inheritance/DitGlobalCollector.php	ast-name
Qualimetrix\Analysis\Evidence\Measurement\Contract\MetricRepositoryInterface	Analysis.Evidence.Measurement	Qualimetrix\Analysis\Evidence\Design\Inheritance\NocCollector	Analysis.Evidence.Design	src/Analysis/Evidence/Design/Inheritance/NocCollector.php	ast-name
Qualimetrix\Analysis\Evidence\Measurement\Contract\MetricRepositoryInterface	Analysis.Evidence.Measurement	Qualimetrix\Analysis\Evidence\Prioritization\Impact\ClassRankResolver	Analysis.Evidence.Prioritization	src/Analysis/Evidence/Prioritization/Impact/ClassRankResolver.php	ast-name
Qualimetrix\Analysis\Evidence\Measurement\Contract\MetricRepositoryInterface	Analysis.Evidence.Measurement	Qualimetrix\Analysis\Evidence\Prioritization\Impact\ImpactCalculator	Analysis.Evidence.Prioritization	src/Analysis/Evidence/Prioritization/Impact/ImpactCalculator.php	ast-name
Qualimetrix\Analysis\Evidence\Measurement\Contract\MetricRepositoryInterface	Analysis.Evidence.Measurement	Qualimetrix\Analysis\Finding\Contract\Rule\AnalysisContext	Analysis.Finding	src/Analysis/Finding/Contract/Rule/AnalysisContext.php	ast-name
Qualimetrix\Analysis\Evidence\Measurement\Contract\MetricRepositoryInterface	Analysis.Evidence.Measurement	Qualimetrix\Analysis\Policy\Baseline\BoundaryExplanationService	Analysis.Policy.Baseline	src/Analysis/Policy/Baseline/BoundaryExplanationService.php	ast-name
Qualimetrix\Analysis\Evidence\Measurement\Contract\MetricRepositoryInterface	Analysis.Evidence.Measurement	Qualimetrix\Analysis\Policy\Baseline\ExplainedSubject	Analysis.Policy.Baseline	src/Analysis/Policy/Baseline/ExplainedSubject.php	ast-name
Qualimetrix\Analysis\Evidence\Measurement\Contract\MetricRepositoryInterface	Analysis.Evidence.Measurement	Qualimetrix\Analysis\Run\Collection\CollectionOrchestrator	Analysis.Run	src/Analysis/Run/Collection/CollectionOrchestrator.php	ast-name
Qualimetrix\Analysis\Evidence\Measurement\Contract\MetricRepositoryInterface	Analysis.Evidence.Measurement	Qualimetrix\Analysis\Run\Contract\Collection\CollectionOrchestratorInterface	Analysis.Run	src/Analysis/Run/Contract/Collection/CollectionOrchestratorInterface.php	ast-name
Qualimetrix\Analysis\Evidence\Measurement\Contract\MetricRepositoryInterface	Analysis.Evidence.Measurement	Qualimetrix\Analysis\Run\Contract\Pipeline\AnalysisResult	Analysis.Run	src/Analysis/Run/Contract/Pipeline/AnalysisResult.php	ast-name
Qualimetrix\Analysis\Evidence\Measurement\Contract\MetricRepositoryInterface	Analysis.Evidence.Measurement	Qualimetrix\Analysis\Run\Pipeline\AnalysisPipeline	Analysis.Run	src/Analysis/Run/Pipeline/AnalysisPipeline.php	ast-name
Qualimetrix\Analysis\Evidence\Measurement\Contract\MetricRepositoryInterface	Analysis.Evidence.Measurement	Qualimetrix\Infrastructure\Console\LayerAssignmentResolver	Infrastructure.Console	src/Infrastructure/Console/LayerAssignmentResolver.php	ast-name
Qualimetrix\Analysis\Evidence\Measurement\Contract\MetricRepositoryInterface	Analysis.Evidence.Measurement	Qualimetrix\Infrastructure\DependencyInjection\Configurator\MeasurementConfigurator	Infrastructure.DependencyInjection	src/Infrastructure/DependencyInjection/Configurator/MeasurementConfigurator.php	ast-name
Qualimetrix\Analysis\Evidence\Measurement\Contract\MetricRepositoryInterface	Analysis.Evidence.Measurement	Qualimetrix\Reporting\DrillDown\DrillDownBinding	Reporting	src/Reporting/DrillDown/DrillDownBinding.php	ast-name
Qualimetrix\Analysis\Evidence\Measurement\Contract\MetricRepositoryInterface	Analysis.Evidence.Measurement	Qualimetrix\Reporting\Formatter\Html\HtmlTreeBuilder	Reporting	src/Reporting/Formatter/Html/HtmlTreeBuilder.php	ast-name
Qualimetrix\Analysis\Evidence\Measurement\Contract\MetricRepositoryInterface	Analysis.Evidence.Measurement	Qualimetrix\Reporting\Report	Reporting	src/Reporting/Report.php	ast-name
Qualimetrix\Analysis\Evidence\Measurement\Contract\MetricRepositoryInterface	Analysis.Evidence.Measurement	Qualimetrix\Reporting\ReportBuilder	Reporting	src/Reporting/ReportBuilder.php	ast-name
Qualimetrix\Analysis\Evidence\Measurement\Contract\NamespaceMetricProviderInterface	Analysis.Evidence.Measurement	Qualimetrix\Analysis\Evidence\Size\ClassCountCollector	Analysis.Evidence.Size	src/Analysis/Evidence/Size/ClassCountCollector.php	ast-name
Qualimetrix\Analysis\Evidence\Measurement\Contract\NamespaceMetricProviderInterface	Analysis.Evidence.Measurement	Qualimetrix\Analysis\Evidence\Size\LocCollector	Analysis.Evidence.Size	src/Analysis/Evidence/Size/LocCollector.php	ast-name
Qualimetrix\Analysis\Evidence\Measurement\Contract\NamespaceMetricProviderInterface	Analysis.Evidence.Measurement	Qualimetrix\Analysis\Run\Collection\FileProcessor	Analysis.Run	src/Analysis/Run/Collection/FileProcessor.php	ast-name
Qualimetrix\Analysis\Evidence\Measurement\Contract\NamespaceTree	Analysis.Evidence.Measurement	Qualimetrix\Analysis\Evidence\ComputedMetrics\Health\Contract\Summary\HealthSummaryBuilder	Analysis.Evidence.ComputedMetrics.Health	src/Analysis/Evidence/ComputedMetrics/Health/Contract/Summary/HealthSummaryBuilder.php	ast-name
Qualimetrix\Analysis\Evidence\Measurement\Contract\NamespaceTree	Analysis.Evidence.Measurement	Qualimetrix\Analysis\Evidence\Prioritization\Impact\ClassRankResolver	Analysis.Evidence.Prioritization	src/Analysis/Evidence/Prioritization/Impact/ClassRankResolver.php	ast-name
Qualimetrix\Analysis\Evidence\Measurement\Contract\NamespaceTree	Analysis.Evidence.Measurement	Qualimetrix\Analysis\Evidence\Prioritization\Impact\ImpactCalculator	Analysis.Evidence.Prioritization	src/Analysis/Evidence/Prioritization/Impact/ImpactCalculator.php	ast-name
Qualimetrix\Analysis\Evidence\Measurement\Contract\NamespaceTree	Analysis.Evidence.Measurement	Qualimetrix\Analysis\Finding\Contract\Rule\AnalysisContext	Analysis.Finding	src/Analysis/Finding/Contract/Rule/AnalysisContext.php	ast-name
Qualimetrix\Analysis\Evidence\Measurement\Contract\NamespaceTree	Analysis.Evidence.Measurement	Qualimetrix\Analysis\Run\Contract\Pipeline\AnalysisResult	Analysis.Run	src/Analysis/Run/Contract/Pipeline/AnalysisResult.php	ast-name
Qualimetrix\Analysis\Evidence\Measurement\Contract\NamespaceTree	Analysis.Evidence.Measurement	Qualimetrix\Analysis\Run\Pipeline\PreparedRun	Analysis.Run	src/Analysis/Run/Pipeline/PreparedRun.php	ast-name
Qualimetrix\Analysis\Evidence\Measurement\Contract\NamespaceTree	Analysis.Evidence.Measurement	Qualimetrix\Reporting\DrillDown\DrillDownBinding	Reporting	src/Reporting/DrillDown/DrillDownBinding.php	ast-name
Qualimetrix\Analysis\Evidence\Measurement\Contract\NamespaceTree	Analysis.Evidence.Measurement	Qualimetrix\Reporting\Health\SummaryEnricher	Reporting	src/Reporting/Health/SummaryEnricher.php	ast-name
Qualimetrix\Analysis\Evidence\Measurement\Contract\NamespaceTree	Analysis.Evidence.Measurement	Qualimetrix\Reporting\Report	Reporting	src/Reporting/Report.php	ast-name
Qualimetrix\Analysis\Evidence\Measurement\Contract\NamespaceTree	Analysis.Evidence.Measurement	Qualimetrix\Reporting\ReportBuilder	Reporting	src/Reporting/ReportBuilder.php	ast-name
Qualimetrix\Analysis\Evidence\Measurement\Contract\NamespaceWithMetrics	Analysis.Evidence.Measurement	Qualimetrix\Analysis\Evidence\Size\ClassCountCollector	Analysis.Evidence.Size	src/Analysis/Evidence/Size/ClassCountCollector.php	ast-name
Qualimetrix\Analysis\Evidence\Measurement\Contract\NamespaceWithMetrics	Analysis.Evidence.Measurement	Qualimetrix\Analysis\Evidence\Size\LocCollector	Analysis.Evidence.Size	src/Analysis/Evidence/Size/LocCollector.php	ast-name
Qualimetrix\Analysis\Evidence\Measurement\Contract\ParallelSafeCollectorInterface	Analysis.Evidence.Measurement	Qualimetrix\Analysis\Evidence\Design\TypeCoverage\TypeCoveragePercentCollector	Analysis.Evidence.Design	src/Analysis/Evidence/Design/TypeCoverage/TypeCoveragePercentCollector.php	ast-name
Qualimetrix\Analysis\Evidence\Measurement\Contract\ParallelSafeCollectorInterface	Analysis.Evidence.Measurement	Qualimetrix\Analysis\Evidence\Maintainability\MaintainabilityIndexCollector	Analysis.Evidence.Maintainability	src/Analysis/Evidence/Maintainability/MaintainabilityIndexCollector.php	ast-name
Qualimetrix\Analysis\Evidence\Measurement\Contract\ParallelSafeCollectorInterface	Analysis.Evidence.Measurement	Qualimetrix\Infrastructure\Parallel\WorkerBootstrap	Infrastructure.Parallel	src/Infrastructure/Parallel/WorkerBootstrap.php	ast-name
Qualimetrix\Analysis\Evidence\Measurement\Contract\ProjectNamespaceResolverInterface	Analysis.Evidence.Measurement	Qualimetrix\Analysis\Evidence\Coupling\DistanceRule	Analysis.Evidence.Coupling	src/Analysis/Evidence/Coupling/DistanceRule.php	ast-name
Qualimetrix\Analysis\Evidence\Measurement\Contract\ProjectNamespaceResolverInterface	Analysis.Evidence.Measurement	Qualimetrix\Infrastructure\DependencyInjection\Configurator\MeasurementConfigurator	Infrastructure.DependencyInjection	src/Infrastructure/DependencyInjection/Configurator/MeasurementConfigurator.php	ast-name
Qualimetrix\Analysis\Evidence\Measurement\Contract\ResettableVisitorInterface	Analysis.Evidence.Measurement	Qualimetrix\Analysis\Evidence\CodeSmell\CodeSmellVisitor	Analysis.Evidence.CodeSmell	src/Analysis/Evidence/CodeSmell/CodeSmellVisitor.php	ast-name
Qualimetrix\Analysis\Evidence\Measurement\Contract\ResettableVisitorInterface	Analysis.Evidence.Measurement	Qualimetrix\Analysis\Evidence\CodeSmell\ParameterCountVisitor	Analysis.Evidence.CodeSmell	src/Analysis/Evidence/CodeSmell/ParameterCountVisitor.php	ast-name
Qualimetrix\Analysis\Evidence\Measurement\Contract\ResettableVisitorInterface	Analysis.Evidence.Measurement	Qualimetrix\Analysis\Evidence\CodeSmell\RepeatedExpression\IdenticalSubExpressionVisitor	Analysis.Evidence.CodeSmell	src/Analysis/Evidence/CodeSmell/RepeatedExpression/IdenticalSubExpressionVisitor.php	ast-name
Qualimetrix\Analysis\Evidence\Measurement\Contract\ResettableVisitorInterface	Analysis.Evidence.Measurement	Qualimetrix\Analysis\Evidence\CodeSmell\UnreachableCodeVisitor	Analysis.Evidence.CodeSmell	src/Analysis/Evidence/CodeSmell/UnreachableCodeVisitor.php	ast-name
Qualimetrix\Analysis\Evidence\Measurement\Contract\ResettableVisitorInterface	Analysis.Evidence.Measurement	Qualimetrix\Analysis\Evidence\CodeSmell\UnusedPrivateVisitor	Analysis.Evidence.CodeSmell	src/Analysis/Evidence/CodeSmell/UnusedPrivateVisitor.php	ast-name
Qualimetrix\Analysis\Evidence\Measurement\Contract\ResettableVisitorInterface	Analysis.Evidence.Measurement	Qualimetrix\Analysis\Evidence\Cohesion\LcomVisitor	Analysis.Evidence.Cohesion	src/Analysis/Evidence/Cohesion/LcomVisitor.php	ast-name
Qualimetrix\Analysis\Evidence\Measurement\Contract\ResettableVisitorInterface	Analysis.Evidence.Measurement	Qualimetrix\Analysis\Evidence\Cohesion\TccLccVisitor	Analysis.Evidence.Cohesion	src/Analysis/Evidence/Cohesion/TccLccVisitor.php	ast-name
Qualimetrix\Analysis\Evidence\Measurement\Contract\ResettableVisitorInterface	Analysis.Evidence.Measurement	Qualimetrix\Analysis\Evidence\Complexity\CognitiveComplexityVisitor	Analysis.Evidence.Complexity	src/Analysis/Evidence/Complexity/CognitiveComplexityVisitor.php	ast-name
Qualimetrix\Analysis\Evidence\Measurement\Contract\ResettableVisitorInterface	Analysis.Evidence.Measurement	Qualimetrix\Analysis\Evidence\Complexity\CyclomaticComplexityVisitor	Analysis.Evidence.Complexity	src/Analysis/Evidence/Complexity/CyclomaticComplexityVisitor.php	ast-name
Qualimetrix\Analysis\Evidence\Measurement\Contract\ResettableVisitorInterface	Analysis.Evidence.Measurement	Qualimetrix\Analysis\Evidence\Complexity\NpathComplexityVisitor	Analysis.Evidence.Complexity	src/Analysis/Evidence/Complexity/NpathComplexityVisitor.php	ast-name
Qualimetrix\Analysis\Evidence\Measurement\Contract\ResettableVisitorInterface	Analysis.Evidence.Measurement	Qualimetrix\Analysis\Evidence\Coupling\RfcVisitor	Analysis.Evidence.Coupling	src/Analysis/Evidence/Coupling/RfcVisitor.php	ast-name
Qualimetrix\Analysis\Evidence\Measurement\Contract\ResettableVisitorInterface	Analysis.Evidence.Measurement	Qualimetrix\Analysis\Evidence\Design\Inheritance\InheritanceDepthVisitor	Analysis.Evidence.Design	src/Analysis/Evidence/Design/Inheritance/InheritanceDepthVisitor.php	ast-name
Qualimetrix\Analysis\Evidence\Measurement\Contract\ResettableVisitorInterface	Analysis.Evidence.Measurement	Qualimetrix\Analysis\Evidence\Design\TypeCoverage\TypeCoverageVisitor	Analysis.Evidence.Design	src/Analysis/Evidence/Design/TypeCoverage/TypeCoverageVisitor.php	ast-name
Qualimetrix\Analysis\Evidence\Measurement\Contract\ResettableVisitorInterface	Analysis.Evidence.Measurement	Qualimetrix\Analysis\Evidence\Maintainability\HalsteadVisitor	Analysis.Evidence.Maintainability	src/Analysis/Evidence/Maintainability/HalsteadVisitor.php	ast-name
Qualimetrix\Analysis\Evidence\Measurement\Contract\ResettableVisitorInterface	Analysis.Evidence.Measurement	Qualimetrix\Analysis\Evidence\Security\Credential\HardcodedCredentialsVisitor	Analysis.Evidence.Security	src/Analysis/Evidence/Security/Credential/HardcodedCredentialsVisitor.php	ast-name
Qualimetrix\Analysis\Evidence\Measurement\Contract\ResettableVisitorInterface	Analysis.Evidence.Measurement	Qualimetrix\Analysis\Evidence\Security\SecurityPatternVisitor	Analysis.Evidence.Security	src/Analysis/Evidence/Security/SecurityPatternVisitor.php	ast-name
Qualimetrix\Analysis\Evidence\Measurement\Contract\ResettableVisitorInterface	Analysis.Evidence.Measurement	Qualimetrix\Analysis\Evidence\Security\SensitiveParameterVisitor	Analysis.Evidence.Security	src/Analysis/Evidence/Security/SensitiveParameterVisitor.php	ast-name
Qualimetrix\Analysis\Evidence\Measurement\Contract\ResettableVisitorInterface	Analysis.Evidence.Measurement	Qualimetrix\Analysis\Evidence\Size\ClassCountVisitor	Analysis.Evidence.Size	src/Analysis/Evidence/Size/ClassCountVisitor.php	ast-name
Qualimetrix\Analysis\Evidence\Measurement\Contract\ResettableVisitorInterface	Analysis.Evidence.Measurement	Qualimetrix\Analysis\Evidence\Size\LocVisitor	Analysis.Evidence.Size	src/Analysis/Evidence/Size/LocVisitor.php	ast-name
Qualimetrix\Analysis\Evidence\Measurement\Contract\ResettableVisitorInterface	Analysis.Evidence.Measurement	Qualimetrix\Analysis\Evidence\Size\MethodCountVisitor	Analysis.Evidence.Size	src/Analysis/Evidence/Size/MethodCountVisitor.php	ast-name
Qualimetrix\Analysis\Evidence\Measurement\Contract\ResettableVisitorInterface	Analysis.Evidence.Measurement	Qualimetrix\Analysis\Evidence\Size\MethodStatementCountVisitor	Analysis.Evidence.Size	src/Analysis/Evidence/Size/MethodStatementCountVisitor.php	ast-name
Qualimetrix\Analysis\Evidence\Measurement\Contract\VisitorCallableScope	Analysis.Evidence.Measurement	Qualimetrix\Analysis\Evidence\Complexity\CognitiveComplexityVisitor	Analysis.Evidence.Complexity	src/Analysis/Evidence/Complexity/CognitiveComplexityVisitor.php	ast-name
Qualimetrix\Analysis\Evidence\Measurement\Contract\VisitorCallableScope	Analysis.Evidence.Measurement	Qualimetrix\Analysis\Evidence\Complexity\CyclomaticComplexityVisitor	Analysis.Evidence.Complexity	src/Analysis/Evidence/Complexity/CyclomaticComplexityVisitor.php	ast-name
Qualimetrix\Analysis\Evidence\Measurement\Contract\VisitorCallableScope	Analysis.Evidence.Measurement	Qualimetrix\Analysis\Evidence\Complexity\NpathComplexityVisitor	Analysis.Evidence.Complexity	src/Analysis/Evidence/Complexity/NpathComplexityVisitor.php	ast-name
Qualimetrix\Analysis\Evidence\Measurement\Contract\VisitorCallableScope	Analysis.Evidence.Measurement	Qualimetrix\Analysis\Evidence\Maintainability\HalsteadVisitor	Analysis.Evidence.Maintainability	src/Analysis/Evidence/Maintainability/HalsteadVisitor.php	ast-name
Qualimetrix\Analysis\Evidence\Measurement\Contract\VisitorCallableScope	Analysis.Evidence.Measurement	Qualimetrix\Analysis\Evidence\Size\MethodStatementCountVisitor	Analysis.Evidence.Size	src/Analysis/Evidence/Size/MethodStatementCountVisitor.php	ast-name
Qualimetrix\Analysis\Evidence\Measurement\Contract\VisitorMethodTrackingTrait	Analysis.Evidence.Measurement	Qualimetrix\Analysis\Evidence\CodeSmell\CodeSmellVisitor	Analysis.Evidence.CodeSmell	src/Analysis/Evidence/CodeSmell/CodeSmellVisitor.php	ast-name
Qualimetrix\Analysis\Evidence\Measurement\Contract\VisitorMethodTrackingTrait	Analysis.Evidence.Measurement	Qualimetrix\Analysis\Evidence\CodeSmell\ParameterCountVisitor	Analysis.Evidence.CodeSmell	src/Analysis/Evidence/CodeSmell/ParameterCountVisitor.php	ast-name
Qualimetrix\Analysis\Evidence\Measurement\Contract\VisitorMethodTrackingTrait	Analysis.Evidence.Measurement	Qualimetrix\Analysis\Evidence\CodeSmell\RepeatedExpression\IdenticalSubExpressionVisitor	Analysis.Evidence.CodeSmell	src/Analysis/Evidence/CodeSmell/RepeatedExpression/IdenticalSubExpressionVisitor.php	ast-name
Qualimetrix\Analysis\Evidence\Measurement\Contract\VisitorMethodTrackingTrait	Analysis.Evidence.Measurement	Qualimetrix\Analysis\Evidence\CodeSmell\UnreachableCodeVisitor	Analysis.Evidence.CodeSmell	src/Analysis/Evidence/CodeSmell/UnreachableCodeVisitor.php	ast-name
Qualimetrix\Analysis\Evidence\Measurement\Contract\VisitorMethodTrackingTrait	Analysis.Evidence.Measurement	Qualimetrix\Analysis\Evidence\Complexity\CognitiveComplexityVisitor	Analysis.Evidence.Complexity	src/Analysis/Evidence/Complexity/CognitiveComplexityVisitor.php	ast-name
Qualimetrix\Analysis\Evidence\Measurement\Contract\VisitorMethodTrackingTrait	Analysis.Evidence.Measurement	Qualimetrix\Analysis\Evidence\Complexity\CyclomaticComplexityVisitor	Analysis.Evidence.Complexity	src/Analysis/Evidence/Complexity/CyclomaticComplexityVisitor.php	ast-name
Qualimetrix\Analysis\Evidence\Measurement\Contract\VisitorMethodTrackingTrait	Analysis.Evidence.Measurement	Qualimetrix\Analysis\Evidence\Complexity\NpathComplexityVisitor	Analysis.Evidence.Complexity	src/Analysis/Evidence/Complexity/NpathComplexityVisitor.php	ast-name
Qualimetrix\Analysis\Evidence\Measurement\Contract\VisitorMethodTrackingTrait	Analysis.Evidence.Measurement	Qualimetrix\Analysis\Evidence\Maintainability\HalsteadVisitor	Analysis.Evidence.Maintainability	src/Analysis/Evidence/Maintainability/HalsteadVisitor.php	ast-name
Qualimetrix\Analysis\Evidence\Measurement\Contract\VisitorMethodTrackingTrait	Analysis.Evidence.Measurement	Qualimetrix\Analysis\Evidence\Security\Credential\HardcodedCredentialsVisitor	Analysis.Evidence.Security	src/Analysis/Evidence/Security/Credential/HardcodedCredentialsVisitor.php	ast-name
Qualimetrix\Analysis\Evidence\Measurement\Contract\VisitorMethodTrackingTrait	Analysis.Evidence.Measurement	Qualimetrix\Analysis\Evidence\Security\SecurityPatternVisitor	Analysis.Evidence.Security	src/Analysis/Evidence/Security/SecurityPatternVisitor.php	ast-name
Qualimetrix\Analysis\Evidence\Measurement\Contract\VisitorMethodTrackingTrait	Analysis.Evidence.Measurement	Qualimetrix\Analysis\Evidence\Security\SensitiveParameterVisitor	Analysis.Evidence.Security	src/Analysis/Evidence/Security/SensitiveParameterVisitor.php	ast-name
Qualimetrix\Analysis\Evidence\Measurement\Contract\VisitorMethodTrackingTrait	Analysis.Evidence.Measurement	Qualimetrix\Analysis\Evidence\Size\MethodStatementCountVisitor	Analysis.Evidence.Size	src/Analysis/Evidence/Size/MethodStatementCountVisitor.php	ast-name
Qualimetrix\Analysis\Evidence\Prioritization\Debt\DebtCalculator	Analysis.Evidence.Prioritization	Qualimetrix\Reporting\Formatter\Detail\DebtBreakdownRenderer	Reporting	src/Reporting/Formatter/Detail/DebtBreakdownRenderer.php	ast-name
Qualimetrix\Analysis\Evidence\Prioritization\Debt\DebtCalculator	Analysis.Evidence.Prioritization	Qualimetrix\Reporting\Formatter\Detail\DetailedFindingRenderer	Reporting	src/Reporting/Formatter/Detail/DetailedFindingRenderer.php	ast-name
Qualimetrix\Analysis\Evidence\Prioritization\Debt\DebtCalculator	Analysis.Evidence.Prioritization	Qualimetrix\Reporting\Formatter\Html\HtmlDebtCalculator	Reporting	src/Reporting/Formatter/Html/HtmlDebtCalculator.php	ast-name
Qualimetrix\Analysis\Evidence\Prioritization\Debt\DebtCalculator	Analysis.Evidence.Prioritization	Qualimetrix\Reporting\Formatter\Html\HtmlTreeBuilder	Reporting	src/Reporting/Formatter/Html/HtmlTreeBuilder.php	ast-name
Qualimetrix\Analysis\Evidence\Prioritization\Debt\DebtCalculator	Analysis.Evidence.Prioritization	Qualimetrix\Reporting\Formatter\Json\JsonFormatter	Reporting	src/Reporting/Formatter/Json/JsonFormatter.php	ast-name
Qualimetrix\Analysis\Evidence\Prioritization\Debt\DebtCalculator	Analysis.Evidence.Prioritization	Qualimetrix\Reporting\Formatter\TextFormatter	Reporting	src/Reporting/Formatter/TextFormatter.php	ast-name
Qualimetrix\Analysis\Evidence\Prioritization\Debt\DebtCalculator	Analysis.Evidence.Prioritization	Qualimetrix\Reporting\Health\SummaryEnricher	Reporting	src/Reporting/Health/SummaryEnricher.php	ast-name
Qualimetrix\Analysis\Evidence\Prioritization\Debt\DebtSummary	Analysis.Evidence.Prioritization	Qualimetrix\Reporting\Formatter\Detail\DebtBreakdownRenderer	Reporting	src/Reporting/Formatter/Detail/DebtBreakdownRenderer.php	ast-name
Qualimetrix\Analysis\Evidence\Prioritization\Debt\DebtSummary	Analysis.Evidence.Prioritization	Qualimetrix\Reporting\Formatter\Summary\FindingSummaryRenderer	Reporting	src/Reporting/Formatter/Summary/FindingSummaryRenderer.php	ast-name
Qualimetrix\Analysis\Evidence\Prioritization\Debt\DebtSummary	Analysis.Evidence.Prioritization	Qualimetrix\Reporting\Formatter\Summary\TopIssuesRenderer	Reporting	src/Reporting/Formatter/Summary/TopIssuesRenderer.php	ast-name
Qualimetrix\Analysis\Evidence\Prioritization\Debt\RemediationTimeRegistry	Analysis.Evidence.Prioritization	Qualimetrix\Infrastructure\DependencyInjection\CompilerPass\ChannelDeclarationCompilerPass	Infrastructure.DependencyInjection	src/Infrastructure/DependencyInjection/CompilerPass/ChannelDeclarationCompilerPass.php	ast-name
Qualimetrix\Analysis\Evidence\Prioritization\Debt\RemediationTimeRegistry	Analysis.Evidence.Prioritization	Qualimetrix\Reporting\Formatter\Json\JsonFindingSection	Reporting	src/Reporting/Formatter/Json/JsonFindingSection.php	ast-name
Qualimetrix\Analysis\Evidence\Prioritization\Debt\RemediationTimeRegistry	Analysis.Evidence.Prioritization	Qualimetrix\Reporting\Formatter\Summary\FindingSummaryRenderer	Reporting	src/Reporting/Formatter/Summary/FindingSummaryRenderer.php	ast-name
Qualimetrix\Analysis\Evidence\Prioritization\Impact\ImpactCalculator	Analysis.Evidence.Prioritization	Qualimetrix\Reporting\Health\SummaryEnricher	Reporting	src/Reporting/Health/SummaryEnricher.php	ast-name
Qualimetrix\Analysis\Evidence\Prioritization\Impact\RankedIssue	Analysis.Evidence.Prioritization	Qualimetrix\Reporting\Formatter\Summary\TopIssuesRenderer	Reporting	src/Reporting/Formatter/Summary/TopIssuesRenderer.php	ast-name
Qualimetrix\Analysis\Finding\Contract\AcceptedLevel	Analysis.Finding	Qualimetrix\Analysis\Policy\Baseline\BoundaryExplanationService	Analysis.Policy.Baseline	src/Analysis/Policy/Baseline/BoundaryExplanationService.php	ast-name
Qualimetrix\Analysis\Finding\Contract\AcceptedLevel	Analysis.Finding	Qualimetrix\Analysis\Policy\Baseline\EffectiveBoundaryBaselineSource	Analysis.Policy.Baseline	src/Analysis/Policy/Baseline/EffectiveBoundaryBaselineSource.php	ast-name
Qualimetrix\Analysis\Finding\Contract\AcceptedLevel	Analysis.Finding	Qualimetrix\Analysis\Policy\Baseline\Filter\BaselineCeilingStage	Analysis.Policy.Baseline	src/Analysis/Policy/Baseline/Filter/BaselineCeilingStage.php	ast-name
Qualimetrix\Analysis\Finding\Contract\AcceptedLevel	Analysis.Finding	Qualimetrix\Analysis\Policy\Baseline\Filter\GroupCeilingVerdict	Analysis.Policy.Baseline	src/Analysis/Policy/Baseline/Filter/GroupCeilingVerdict.php	ast-name
Qualimetrix\Analysis\Finding\Contract\ChannelDeclaration	Analysis.Finding	Qualimetrix\Analysis\Evidence\CircularDependency\CircularDependencyRule	Analysis.Evidence.CircularDependency	src/Analysis/Evidence/CircularDependency/CircularDependencyRule.php	ast-name
Qualimetrix\Analysis\Finding\Contract\ChannelDeclaration	Analysis.Finding	Qualimetrix\Analysis\Evidence\CodeSmell\AbstractCodeSmellRule	Analysis.Evidence.CodeSmell	src/Analysis/Evidence/CodeSmell/AbstractCodeSmellRule.php	ast-name
Qualimetrix\Analysis\Finding\Contract\ChannelDeclaration	Analysis.Finding	Qualimetrix\Analysis\Evidence\CodeSmell\ConstructorOverinjectionRule	Analysis.Evidence.CodeSmell	src/Analysis/Evidence/CodeSmell/ConstructorOverinjectionRule.php	ast-name
Qualimetrix\Analysis\Finding\Contract\ChannelDeclaration	Analysis.Finding	Qualimetrix\Analysis\Evidence\CodeSmell\IdenticalSubExpressionRule	Analysis.Evidence.CodeSmell	src/Analysis/Evidence/CodeSmell/IdenticalSubExpressionRule.php	ast-name
Qualimetrix\Analysis\Finding\Contract\ChannelDeclaration	Analysis.Finding	Qualimetrix\Analysis\Evidence\CodeSmell\LongParameterListRule	Analysis.Evidence.CodeSmell	src/Analysis/Evidence/CodeSmell/LongParameterListRule.php	ast-name
Qualimetrix\Analysis\Finding\Contract\ChannelDeclaration	Analysis.Finding	Qualimetrix\Analysis\Evidence\CodeSmell\UnreachableCodeRule	Analysis.Evidence.CodeSmell	src/Analysis/Evidence/CodeSmell/UnreachableCodeRule.php	ast-name
Qualimetrix\Analysis\Finding\Contract\ChannelDeclaration	Analysis.Finding	Qualimetrix\Analysis\Evidence\CodeSmell\UnusedPrivateRule	Analysis.Evidence.CodeSmell	src/Analysis/Evidence/CodeSmell/UnusedPrivateRule.php	ast-name
Qualimetrix\Analysis\Finding\Contract\ChannelDeclaration	Analysis.Finding	Qualimetrix\Analysis\Evidence\Cohesion\LcomRule	Analysis.Evidence.Cohesion	src/Analysis/Evidence/Cohesion/LcomRule.php	ast-name
Qualimetrix\Analysis\Finding\Contract\ChannelDeclaration	Analysis.Finding	Qualimetrix\Analysis\Evidence\Complexity\CognitiveComplexityRule	Analysis.Evidence.Complexity	src/Analysis/Evidence/Complexity/CognitiveComplexityRule.php	ast-name
Qualimetrix\Analysis\Finding\Contract\ChannelDeclaration	Analysis.Finding	Qualimetrix\Analysis\Evidence\Complexity\ComplexityRule	Analysis.Evidence.Complexity	src/Analysis/Evidence/Complexity/ComplexityRule.php	ast-name
Qualimetrix\Analysis\Finding\Contract\ChannelDeclaration	Analysis.Finding	Qualimetrix\Analysis\Evidence\Complexity\NpathComplexityRule	Analysis.Evidence.Complexity	src/Analysis/Evidence/Complexity/NpathComplexityRule.php	ast-name
Qualimetrix\Analysis\Finding\Contract\ChannelDeclaration	Analysis.Finding	Qualimetrix\Analysis\Evidence\Complexity\WmcRule	Analysis.Evidence.Complexity	src/Analysis/Evidence/Complexity/WmcRule.php	ast-name
Qualimetrix\Analysis\Finding\Contract\ChannelDeclaration	Analysis.Finding	Qualimetrix\Analysis\Evidence\Coupling\CboRule	Analysis.Evidence.Coupling	src/Analysis/Evidence/Coupling/CboRule.php	ast-name
Qualimetrix\Analysis\Finding\Contract\ChannelDeclaration	Analysis.Finding	Qualimetrix\Analysis\Evidence\Coupling\ClassRankRule	Analysis.Evidence.Coupling	src/Analysis/Evidence/Coupling/ClassRankRule.php	ast-name
Qualimetrix\Analysis\Finding\Contract\ChannelDeclaration	Analysis.Finding	Qualimetrix\Analysis\Evidence\Coupling\DistanceRule	Analysis.Evidence.Coupling	src/Analysis/Evidence/Coupling/DistanceRule.php	ast-name
Qualimetrix\Analysis\Finding\Contract\ChannelDeclaration	Analysis.Finding	Qualimetrix\Analysis\Evidence\Coupling\InstabilityRule	Analysis.Evidence.Coupling	src/Analysis/Evidence/Coupling/InstabilityRule.php	ast-name
Qualimetrix\Analysis\Finding\Contract\ChannelDeclaration	Analysis.Finding	Qualimetrix\Analysis\Evidence\Coupling\UnmatchedFrameworkNamespaceRule	Analysis.Evidence.Coupling	src/Analysis/Evidence/Coupling/UnmatchedFrameworkNamespaceRule.php	ast-name
Qualimetrix\Analysis\Finding\Contract\ChannelDeclaration	Analysis.Finding	Qualimetrix\Analysis\Evidence\Design\DataClass\DataClassRule	Analysis.Evidence.Design	src/Analysis/Evidence/Design/DataClass/DataClassRule.php	ast-name
Qualimetrix\Analysis\Finding\Contract\ChannelDeclaration	Analysis.Finding	Qualimetrix\Analysis\Evidence\Design\GodClass\GodClassRule	Analysis.Evidence.Design	src/Analysis/Evidence/Design/GodClass/GodClassRule.php	ast-name
Qualimetrix\Analysis\Finding\Contract\ChannelDeclaration	Analysis.Finding	Qualimetrix\Analysis\Evidence\Design\Inheritance\InheritanceRule	Analysis.Evidence.Design	src/Analysis/Evidence/Design/Inheritance/InheritanceRule.php	ast-name
Qualimetrix\Analysis\Finding\Contract\ChannelDeclaration	Analysis.Finding	Qualimetrix\Analysis\Evidence\Design\Inheritance\NocRule	Analysis.Evidence.Design	src/Analysis/Evidence/Design/Inheritance/NocRule.php	ast-name
Qualimetrix\Analysis\Finding\Contract\ChannelDeclaration	Analysis.Finding	Qualimetrix\Analysis\Evidence\Design\TypeCoverage\AbstractTypeCoverageRule	Analysis.Evidence.Design	src/Analysis/Evidence/Design/TypeCoverage/AbstractTypeCoverageRule.php	ast-name
Qualimetrix\Analysis\Finding\Contract\ChannelDeclaration	Analysis.Finding	Qualimetrix\Analysis\Evidence\Duplication\CodeDuplicationRule	Analysis.Evidence.Duplication	src/Analysis/Evidence/Duplication/CodeDuplicationRule.php	ast-name
Qualimetrix\Analysis\Finding\Contract\ChannelDeclaration	Analysis.Finding	Qualimetrix\Analysis\Evidence\Maintainability\MaintainabilityRule	Analysis.Evidence.Maintainability	src/Analysis/Evidence/Maintainability/MaintainabilityRule.php	ast-name
Qualimetrix\Analysis\Finding\Contract\ChannelDeclaration	Analysis.Finding	Qualimetrix\Analysis\Evidence\Security\AbstractSecurityPatternRule	Analysis.Evidence.Security	src/Analysis/Evidence/Security/AbstractSecurityPatternRule.php	ast-name
Qualimetrix\Analysis\Finding\Contract\ChannelDeclaration	Analysis.Finding	Qualimetrix\Analysis\Evidence\Security\HardcodedCredentialsRule	Analysis.Evidence.Security	src/Analysis/Evidence/Security/HardcodedCredentialsRule.php	ast-name
Qualimetrix\Analysis\Finding\Contract\ChannelDeclaration	Analysis.Finding	Qualimetrix\Analysis\Evidence\Security\SensitiveParameterRule	Analysis.Evidence.Security	src/Analysis/Evidence/Security/SensitiveParameterRule.php	ast-name
Qualimetrix\Analysis\Finding\Contract\ChannelDeclaration	Analysis.Finding	Qualimetrix\Analysis\Evidence\Size\ClassCountRule	Analysis.Evidence.Size	src/Analysis/Evidence/Size/ClassCountRule.php	ast-name
Qualimetrix\Analysis\Finding\Contract\ChannelDeclaration	Analysis.Finding	Qualimetrix\Analysis\Evidence\Size\MethodCountRule	Analysis.Evidence.Size	src/Analysis/Evidence/Size/MethodCountRule.php	ast-name
Qualimetrix\Analysis\Finding\Contract\ChannelDeclaration	Analysis.Finding	Qualimetrix\Analysis\Evidence\Size\PropertyCountRule	Analysis.Evidence.Size	src/Analysis/Evidence/Size/PropertyCountRule.php	ast-name
Qualimetrix\Analysis\Finding\Contract\ChannelDeclaration	Analysis.Finding	Qualimetrix\Analysis\Policy\Architecture\LayerViolation\LayerDeclarationValidator	Analysis.Policy.Architecture	src/Analysis/Policy/Architecture/LayerViolation/LayerDeclarationValidator.php	ast-name
Qualimetrix\Analysis\Finding\Contract\ChannelDeclaration	Analysis.Finding	Qualimetrix\Analysis\Policy\Architecture\LayerViolation\LayerViolationRule	Analysis.Policy.Architecture	src/Analysis/Policy/Architecture/LayerViolation/LayerViolationRule.php	ast-name
Qualimetrix\Analysis\Finding\Contract\ChannelDeclaration	Analysis.Finding	Qualimetrix\Analysis\Policy\Architecture\LayerViolation\UnassignedClassSummary	Analysis.Policy.Architecture	src/Analysis/Policy/Architecture/LayerViolation/UnassignedClassSummary.php	ast-name
Qualimetrix\Analysis\Finding\Contract\ChannelDeclaration	Analysis.Finding	Qualimetrix\Analysis\Policy\Baseline\BaselineUpdater	Analysis.Policy.Baseline	src/Analysis/Policy/Baseline/BaselineUpdater.php	ast-name
Qualimetrix\Analysis\Finding\Contract\ChannelDeclaration	Analysis.Finding	Qualimetrix\Analysis\Policy\Inline\Directive\InlineDirectiveValidator	Analysis.Policy.Inline	src/Analysis/Policy/Inline/Directive/InlineDirectiveValidator.php	ast-name
Qualimetrix\Analysis\Finding\Contract\ChannelDeclaration	Analysis.Finding	Qualimetrix\Analysis\Policy\Inline\Directive\UnusedDirectiveRule	Analysis.Policy.Inline	src/Analysis/Policy/Inline/Directive/UnusedDirectiveRule.php	ast-name
Qualimetrix\Analysis\Finding\Contract\ChannelDeclaration	Analysis.Finding	Qualimetrix\Analysis\Run\ExcludeBinding\UnmatchedExcludeRule	Analysis.Run	src/Analysis/Run/ExcludeBinding/UnmatchedExcludeRule.php	ast-name
Qualimetrix\Analysis\Finding\Contract\ChannelDeclaration	Analysis.Finding	Qualimetrix\Infrastructure\DependencyInjection\CompilerPass\ChannelDeclarationCompilerPass	Infrastructure.DependencyInjection	src/Infrastructure/DependencyInjection/CompilerPass/ChannelDeclarationCompilerPass.php	ast-name
Qualimetrix\Analysis\Finding\Contract\ChannelDeclaration	Analysis.Finding	Qualimetrix\Infrastructure\DependencyInjection\CompilerPass\JudgedMetricDeclarationGuard	Infrastructure.DependencyInjection	src/Infrastructure/DependencyInjection/CompilerPass/JudgedMetricDeclarationGuard.php	ast-name
Qualimetrix\Analysis\Finding\Contract\ChannelDeclaration	Analysis.Finding	Qualimetrix\Infrastructure\Rule\ChannelUniverse	Infrastructure.Rule	src/Infrastructure/Rule/ChannelUniverse.php	ast-name
Qualimetrix\Analysis\Finding\Contract\ChannelDeclarationRegistryInterface	Analysis.Finding	Qualimetrix\Analysis\Evidence\Prioritization\Debt\RemediationTimeRegistry	Analysis.Evidence.Prioritization	src/Analysis/Evidence/Prioritization/Debt/RemediationTimeRegistry.php	ast-name
Qualimetrix\Analysis\Finding\Contract\ChannelDeclarationRegistryInterface	Analysis.Finding	Qualimetrix\Analysis\Policy\Baseline\BaselineCleaner	Analysis.Policy.Baseline	src/Analysis/Policy/Baseline/BaselineCleaner.php	ast-name
Qualimetrix\Analysis\Finding\Contract\ChannelDeclarationRegistryInterface	Analysis.Finding	Qualimetrix\Analysis\Policy\Baseline\BaselineEntryParser	Analysis.Policy.Baseline	src/Analysis/Policy/Baseline/BaselineEntryParser.php	ast-name
Qualimetrix\Analysis\Finding\Contract\ChannelDeclarationRegistryInterface	Analysis.Finding	Qualimetrix\Analysis\Policy\Baseline\BaselineGenerator	Analysis.Policy.Baseline	src/Analysis/Policy/Baseline/BaselineGenerator.php	ast-name
Qualimetrix\Analysis\Finding\Contract\ChannelDeclarationRegistryInterface	Analysis.Finding	Qualimetrix\Analysis\Policy\Baseline\BaselineUpdater	Analysis.Policy.Baseline	src/Analysis/Policy/Baseline/BaselineUpdater.php	ast-name
Qualimetrix\Analysis\Finding\Contract\ChannelDeclarationRegistryInterface	Analysis.Finding	Qualimetrix\Analysis\Policy\Baseline\Filter\BaselineCeilingStage	Analysis.Policy.Baseline	src/Analysis/Policy/Baseline/Filter/BaselineCeilingStage.php	ast-name
Qualimetrix\Analysis\Finding\Contract\ChannelDeclarationRegistryInterface	Analysis.Finding	Qualimetrix\Analysis\Policy\Inline\Directive\Audit\DirectiveUsage	Analysis.Policy.Inline	src/Analysis/Policy/Inline/Directive/Audit/DirectiveUsage.php	ast-name
Qualimetrix\Analysis\Finding\Contract\ChannelDeclarationRegistryInterface	Analysis.Finding	Qualimetrix\Analysis\Policy\Inline\Directive\Audit\ThresholdDirectiveAudit	Analysis.Policy.Inline	src/Analysis/Policy/Inline/Directive/Audit/ThresholdDirectiveAudit.php	ast-name
Qualimetrix\Analysis\Finding\Contract\ChannelDeclarationRegistryInterface	Analysis.Finding	Qualimetrix\Analysis\Policy\Inline\Directive\DirectiveAddressability	Analysis.Policy.Inline	src/Analysis/Policy/Inline/Directive/DirectiveAddressability.php	ast-name
Qualimetrix\Analysis\Finding\Contract\ChannelDeclarationRegistryInterface	Analysis.Finding	Qualimetrix\Analysis\Policy\Inline\Directive\DirectiveNameHints	Analysis.Policy.Inline	src/Analysis/Policy/Inline/Directive/DirectiveNameHints.php	ast-name
Qualimetrix\Analysis\Finding\Contract\ChannelDeclarationRegistryInterface	Analysis.Finding	Qualimetrix\Analysis\Policy\Inline\Directive\InlineDirectiveValidator	Analysis.Policy.Inline	src/Analysis/Policy/Inline/Directive/InlineDirectiveValidator.php	ast-name
Qualimetrix\Analysis\Finding\Contract\ChannelDeclarationRegistryInterface	Analysis.Finding	Qualimetrix\Infrastructure\Console\Command\BaselineCleanupCommand	Infrastructure.Console	src/Infrastructure/Console/Command/BaselineCleanupCommand.php	ast-name
Qualimetrix\Analysis\Finding\Contract\ChannelDeclarationRegistryInterface	Analysis.Finding	Qualimetrix\Infrastructure\Console\Command\BaselineExplainCommand	Infrastructure.Console	src/Infrastructure/Console/Command/BaselineExplainCommand.php	ast-name
Qualimetrix\Analysis\Finding\Contract\ChannelDeclarationRegistryInterface	Analysis.Finding	Qualimetrix\Infrastructure\Console\Command\RulesCommand	Infrastructure.Console	src/Infrastructure/Console/Command/RulesCommand.php	ast-name
Qualimetrix\Analysis\Finding\Contract\ChannelDeclarationRegistryInterface	Analysis.Finding	Qualimetrix\Infrastructure\Console\ExitCodeResolver	Infrastructure.Console	src/Infrastructure/Console/ExitCodeResolver.php	ast-name
Qualimetrix\Analysis\Finding\Contract\ChannelDeclarationRegistryInterface	Analysis.Finding	Qualimetrix\Infrastructure\DependencyInjection\Configurator\AnalysisConfigurator	Infrastructure.DependencyInjection	src/Infrastructure/DependencyInjection/Configurator/AnalysisConfigurator.php	ast-name
Qualimetrix\Analysis\Finding\Contract\ChannelDeclarationRegistryInterface	Analysis.Finding	Qualimetrix\Infrastructure\DependencyInjection\Configurator\OutputConfigurator	Infrastructure.DependencyInjection	src/Infrastructure/DependencyInjection/Configurator/OutputConfigurator.php	ast-name
Qualimetrix\Analysis\Finding\Contract\ChannelDeclarationRegistryInterface	Analysis.Finding	Qualimetrix\Infrastructure\DependencyInjection\Configurator\RuleConfigurator	Infrastructure.DependencyInjection	src/Infrastructure/DependencyInjection/Configurator/RuleConfigurator.php	ast-name
Qualimetrix\Analysis\Finding\Contract\ChannelDeclarationRegistryInterface	Analysis.Finding	Qualimetrix\Reporting\FindingProjection\FindingProjector	Reporting	src/Reporting/FindingProjection/FindingProjector.php	ast-name
Qualimetrix\Analysis\Finding\Contract\ChannelIdentityInterface	Analysis.Finding	Qualimetrix\Analysis\Policy\Baseline\BaselineMigrator	Analysis.Policy.Baseline	src/Analysis/Policy/Baseline/BaselineMigrator.php	ast-name
Qualimetrix\Analysis\Finding\Contract\ChannelIdentityInterface	Analysis.Finding	Qualimetrix\Analysis\Policy\Baseline\BoundaryExplanationService	Analysis.Policy.Baseline	src/Analysis/Policy/Baseline/BoundaryExplanationService.php	ast-name
Qualimetrix\Analysis\Finding\Contract\ChannelIdentityInterface	Analysis.Finding	Qualimetrix\Analysis\Policy\Inline\Directive\Audit\DirectiveUsage	Analysis.Policy.Inline	src/Analysis/Policy/Inline/Directive/Audit/DirectiveUsage.php	ast-name
Qualimetrix\Analysis\Finding\Contract\ChannelIdentityInterface	Analysis.Finding	Qualimetrix\Analysis\Policy\Inline\Directive\Audit\ThresholdDirectiveAudit	Analysis.Policy.Inline	src/Analysis/Policy/Inline/Directive/Audit/ThresholdDirectiveAudit.php	ast-name
Qualimetrix\Analysis\Finding\Contract\ChannelIdentityInterface	Analysis.Finding	Qualimetrix\Analysis\Policy\Inline\Directive\DirectiveAddressability	Analysis.Policy.Inline	src/Analysis/Policy/Inline/Directive/DirectiveAddressability.php	ast-name
Qualimetrix\Analysis\Finding\Contract\ChannelIdentityInterface	Analysis.Finding	Qualimetrix\Analysis\Policy\Inline\Directive\DirectiveChannelBan	Analysis.Policy.Inline	src/Analysis/Policy/Inline/Directive/DirectiveChannelBan.php	ast-name
Qualimetrix\Analysis\Finding\Contract\ChannelIdentityInterface	Analysis.Finding	Qualimetrix\Analysis\Policy\Inline\Directive\DirectiveNameHints	Analysis.Policy.Inline	src/Analysis/Policy/Inline/Directive/DirectiveNameHints.php	ast-name
Qualimetrix\Analysis\Finding\Contract\ChannelIdentityInterface	Analysis.Finding	Qualimetrix\Analysis\Policy\Inline\Directive\InlineDirectiveValidator	Analysis.Policy.Inline	src/Analysis/Policy/Inline/Directive/InlineDirectiveValidator.php	ast-name
Qualimetrix\Analysis\Finding\Contract\ChannelIdentityInterface	Analysis.Finding	Qualimetrix\Infrastructure\DependencyInjection\Configurator\AnalysisConfigurator	Infrastructure.DependencyInjection	src/Infrastructure/DependencyInjection/Configurator/AnalysisConfigurator.php	ast-name
Qualimetrix\Analysis\Finding\Contract\ChannelIdentityInterface	Analysis.Finding	Qualimetrix\Infrastructure\DependencyInjection\Configurator\FindingConfigurator	Infrastructure.DependencyInjection	src/Infrastructure/DependencyInjection/Configurator/FindingConfigurator.php	ast-name
Qualimetrix\Analysis\Finding\Contract\ChannelIdentityInterface	Analysis.Finding	Qualimetrix\Infrastructure\DependencyInjection\Configurator\RuleConfigurator	Infrastructure.DependencyInjection	src/Infrastructure/DependencyInjection/Configurator/RuleConfigurator.php	ast-name
Qualimetrix\Analysis\Finding\Contract\ChannelPresentation	Analysis.Finding	Qualimetrix\Infrastructure\Rule\ComputedMetricChannelPresentation	Infrastructure.Rule	src/Infrastructure/Rule/ComputedMetricChannelPresentation.php	ast-name
Qualimetrix\Analysis\Finding\Contract\ChannelPresentation	Analysis.Finding	Qualimetrix\Reporting\Formatter\Sarif\SarifRuleCollector	Reporting	src/Reporting/Formatter/Sarif/SarifRuleCollector.php	ast-name
Qualimetrix\Analysis\Finding\Contract\ChannelPresentationInterface	Analysis.Finding	Qualimetrix\Infrastructure\DependencyInjection\Configurator\RuleConfigurator	Infrastructure.DependencyInjection	src/Infrastructure/DependencyInjection/Configurator/RuleConfigurator.php	ast-name
Qualimetrix\Analysis\Finding\Contract\ChannelPresentationInterface	Analysis.Finding	Qualimetrix\Infrastructure\Rule\ComputedMetricChannelPresentation	Infrastructure.Rule	src/Infrastructure/Rule/ComputedMetricChannelPresentation.php	ast-name
Qualimetrix\Analysis\Finding\Contract\ChannelPresentationInterface	Analysis.Finding	Qualimetrix\Reporting\Formatter\Sarif\SarifRuleCollector	Reporting	src/Reporting/Formatter/Sarif/SarifRuleCollector.php	ast-name
Qualimetrix\Analysis\Finding\Contract\ChannelShape	Analysis.Finding	Qualimetrix\Analysis\Evidence\CircularDependency\CircularDependencyRule	Analysis.Evidence.CircularDependency	src/Analysis/Evidence/CircularDependency/CircularDependencyRule.php	ast-name
Qualimetrix\Analysis\Finding\Contract\ChannelShape	Analysis.Finding	Qualimetrix\Analysis\Evidence\CodeSmell\AbstractCodeSmellRule	Analysis.Evidence.CodeSmell	src/Analysis/Evidence/CodeSmell/AbstractCodeSmellRule.php	ast-name
Qualimetrix\Analysis\Finding\Contract\ChannelShape	Analysis.Finding	Qualimetrix\Analysis\Evidence\CodeSmell\ConstructorOverinjectionRule	Analysis.Evidence.CodeSmell	src/Analysis/Evidence/CodeSmell/ConstructorOverinjectionRule.php	ast-name
Qualimetrix\Analysis\Finding\Contract\ChannelShape	Analysis.Finding	Qualimetrix\Analysis\Evidence\CodeSmell\IdenticalSubExpressionRule	Analysis.Evidence.CodeSmell	src/Analysis/Evidence/CodeSmell/IdenticalSubExpressionRule.php	ast-name
Qualimetrix\Analysis\Finding\Contract\ChannelShape	Analysis.Finding	Qualimetrix\Analysis\Evidence\CodeSmell\LongParameterListRule	Analysis.Evidence.CodeSmell	src/Analysis/Evidence/CodeSmell/LongParameterListRule.php	ast-name
Qualimetrix\Analysis\Finding\Contract\ChannelShape	Analysis.Finding	Qualimetrix\Analysis\Evidence\CodeSmell\UnreachableCodeRule	Analysis.Evidence.CodeSmell	src/Analysis/Evidence/CodeSmell/UnreachableCodeRule.php	ast-name
Qualimetrix\Analysis\Finding\Contract\ChannelShape	Analysis.Finding	Qualimetrix\Analysis\Evidence\CodeSmell\UnusedPrivateRule	Analysis.Evidence.CodeSmell	src/Analysis/Evidence/CodeSmell/UnusedPrivateRule.php	ast-name
Qualimetrix\Analysis\Finding\Contract\ChannelShape	Analysis.Finding	Qualimetrix\Analysis\Evidence\Cohesion\LcomRule	Analysis.Evidence.Cohesion	src/Analysis/Evidence/Cohesion/LcomRule.php	ast-name
Qualimetrix\Analysis\Finding\Contract\ChannelShape	Analysis.Finding	Qualimetrix\Analysis\Evidence\Complexity\CognitiveComplexityRule	Analysis.Evidence.Complexity	src/Analysis/Evidence/Complexity/CognitiveComplexityRule.php	ast-name
Qualimetrix\Analysis\Finding\Contract\ChannelShape	Analysis.Finding	Qualimetrix\Analysis\Evidence\Complexity\ComplexityRule	Analysis.Evidence.Complexity	src/Analysis/Evidence/Complexity/ComplexityRule.php	ast-name
Qualimetrix\Analysis\Finding\Contract\ChannelShape	Analysis.Finding	Qualimetrix\Analysis\Evidence\Complexity\NpathComplexityRule	Analysis.Evidence.Complexity	src/Analysis/Evidence/Complexity/NpathComplexityRule.php	ast-name
Qualimetrix\Analysis\Finding\Contract\ChannelShape	Analysis.Finding	Qualimetrix\Analysis\Evidence\Complexity\WmcRule	Analysis.Evidence.Complexity	src/Analysis/Evidence/Complexity/WmcRule.php	ast-name
Qualimetrix\Analysis\Finding\Contract\ChannelShape	Analysis.Finding	Qualimetrix\Analysis\Evidence\ComputedMetrics\ComputedMetricRule	Analysis.Evidence.ComputedMetrics	src/Analysis/Evidence/ComputedMetrics/ComputedMetricRule.php	ast-name
Qualimetrix\Analysis\Finding\Contract\ChannelShape	Analysis.Finding	Qualimetrix\Analysis\Evidence\ComputedMetrics\Contract\Finding\ComputedMetricChannelFamily	Analysis.Evidence.ComputedMetrics	src/Analysis/Evidence/ComputedMetrics/Contract/Finding/ComputedMetricChannelFamily.php	ast-name
Qualimetrix\Analysis\Finding\Contract\ChannelShape	Analysis.Finding	Qualimetrix\Analysis\Evidence\Coupling\CboRule	Analysis.Evidence.Coupling	src/Analysis/Evidence/Coupling/CboRule.php	ast-name
Qualimetrix\Analysis\Finding\Contract\ChannelShape	Analysis.Finding	Qualimetrix\Analysis\Evidence\Coupling\ClassRankRule	Analysis.Evidence.Coupling	src/Analysis/Evidence/Coupling/ClassRankRule.php	ast-name
Qualimetrix\Analysis\Finding\Contract\ChannelShape	Analysis.Finding	Qualimetrix\Analysis\Evidence\Coupling\DistanceRule	Analysis.Evidence.Coupling	src/Analysis/Evidence/Coupling/DistanceRule.php	ast-name
Qualimetrix\Analysis\Finding\Contract\ChannelShape	Analysis.Finding	Qualimetrix\Analysis\Evidence\Coupling\InstabilityRule	Analysis.Evidence.Coupling	src/Analysis/Evidence/Coupling/InstabilityRule.php	ast-name
Qualimetrix\Analysis\Finding\Contract\ChannelShape	Analysis.Finding	Qualimetrix\Analysis\Evidence\Coupling\UnmatchedFrameworkNamespaceRule	Analysis.Evidence.Coupling	src/Analysis/Evidence/Coupling/UnmatchedFrameworkNamespaceRule.php	ast-name
Qualimetrix\Analysis\Finding\Contract\ChannelShape	Analysis.Finding	Qualimetrix\Analysis\Evidence\Design\DataClass\DataClassRule	Analysis.Evidence.Design	src/Analysis/Evidence/Design/DataClass/DataClassRule.php	ast-name
Qualimetrix\Analysis\Finding\Contract\ChannelShape	Analysis.Finding	Qualimetrix\Analysis\Evidence\Design\GodClass\GodClassRule	Analysis.Evidence.Design	src/Analysis/Evidence/Design/GodClass/GodClassRule.php	ast-name
Qualimetrix\Analysis\Finding\Contract\ChannelShape	Analysis.Finding	Qualimetrix\Analysis\Evidence\Design\Inheritance\InheritanceRule	Analysis.Evidence.Design	src/Analysis/Evidence/Design/Inheritance/InheritanceRule.php	ast-name
Qualimetrix\Analysis\Finding\Contract\ChannelShape	Analysis.Finding	Qualimetrix\Analysis\Evidence\Design\Inheritance\NocRule	Analysis.Evidence.Design	src/Analysis/Evidence/Design/Inheritance/NocRule.php	ast-name
Qualimetrix\Analysis\Finding\Contract\ChannelShape	Analysis.Finding	Qualimetrix\Analysis\Evidence\Design\TypeCoverage\AbstractTypeCoverageRule	Analysis.Evidence.Design	src/Analysis/Evidence/Design/TypeCoverage/AbstractTypeCoverageRule.php	ast-name
Qualimetrix\Analysis\Finding\Contract\ChannelShape	Analysis.Finding	Qualimetrix\Analysis\Evidence\Duplication\CodeDuplicationRule	Analysis.Evidence.Duplication	src/Analysis/Evidence/Duplication/CodeDuplicationRule.php	ast-name
Qualimetrix\Analysis\Finding\Contract\ChannelShape	Analysis.Finding	Qualimetrix\Analysis\Evidence\Maintainability\MaintainabilityRule	Analysis.Evidence.Maintainability	src/Analysis/Evidence/Maintainability/MaintainabilityRule.php	ast-name
Qualimetrix\Analysis\Finding\Contract\ChannelShape	Analysis.Finding	Qualimetrix\Analysis\Evidence\Security\AbstractSecurityPatternRule	Analysis.Evidence.Security	src/Analysis/Evidence/Security/AbstractSecurityPatternRule.php	ast-name
Qualimetrix\Analysis\Finding\Contract\ChannelShape	Analysis.Finding	Qualimetrix\Analysis\Evidence\Security\HardcodedCredentialsRule	Analysis.Evidence.Security	src/Analysis/Evidence/Security/HardcodedCredentialsRule.php	ast-name
Qualimetrix\Analysis\Finding\Contract\ChannelShape	Analysis.Finding	Qualimetrix\Analysis\Evidence\Security\SensitiveParameterRule	Analysis.Evidence.Security	src/Analysis/Evidence/Security/SensitiveParameterRule.php	ast-name
Qualimetrix\Analysis\Finding\Contract\ChannelShape	Analysis.Finding	Qualimetrix\Analysis\Evidence\Size\ClassCountRule	Analysis.Evidence.Size	src/Analysis/Evidence/Size/ClassCountRule.php	ast-name
Qualimetrix\Analysis\Finding\Contract\ChannelShape	Analysis.Finding	Qualimetrix\Analysis\Evidence\Size\MethodCountRule	Analysis.Evidence.Size	src/Analysis/Evidence/Size/MethodCountRule.php	ast-name
Qualimetrix\Analysis\Finding\Contract\ChannelShape	Analysis.Finding	Qualimetrix\Analysis\Evidence\Size\PropertyCountRule	Analysis.Evidence.Size	src/Analysis/Evidence/Size/PropertyCountRule.php	ast-name
Qualimetrix\Analysis\Finding\Contract\ChannelShape	Analysis.Finding	Qualimetrix\Analysis\Policy\Architecture\LayerViolation\LayerDeclarationValidator	Analysis.Policy.Architecture	src/Analysis/Policy/Architecture/LayerViolation/LayerDeclarationValidator.php	ast-name
Qualimetrix\Analysis\Finding\Contract\ChannelShape	Analysis.Finding	Qualimetrix\Analysis\Policy\Architecture\LayerViolation\LayerViolationRule	Analysis.Policy.Architecture	src/Analysis/Policy/Architecture/LayerViolation/LayerViolationRule.php	ast-name
Qualimetrix\Analysis\Finding\Contract\ChannelShape	Analysis.Finding	Qualimetrix\Analysis\Policy\Architecture\LayerViolation\UnassignedClassRule	Analysis.Policy.Architecture	src/Analysis/Policy/Architecture/LayerViolation/UnassignedClassRule.php	ast-name
Qualimetrix\Analysis\Finding\Contract\ChannelShape	Analysis.Finding	Qualimetrix\Analysis\Policy\Baseline\BaselineEntry	Analysis.Policy.Baseline	src/Analysis/Policy/Baseline/BaselineEntry.php	ast-name
Qualimetrix\Analysis\Finding\Contract\ChannelShape	Analysis.Finding	Qualimetrix\Analysis\Policy\Baseline\BaselineEntryParser	Analysis.Policy.Baseline	src/Analysis/Policy/Baseline/BaselineEntryParser.php	ast-name
Qualimetrix\Analysis\Finding\Contract\ChannelShape	Analysis.Finding	Qualimetrix\Analysis\Policy\Baseline\BaselineUpdater	Analysis.Policy.Baseline	src/Analysis/Policy/Baseline/BaselineUpdater.php	ast-name
Qualimetrix\Analysis\Finding\Contract\ChannelShape	Analysis.Finding	Qualimetrix\Analysis\Policy\Inline\Directive\InlineDirectiveValidator	Analysis.Policy.Inline	src/Analysis/Policy/Inline/Directive/InlineDirectiveValidator.php	ast-name
Qualimetrix\Analysis\Finding\Contract\ChannelShape	Analysis.Finding	Qualimetrix\Analysis\Policy\Inline\Directive\UnusedDirectiveRule	Analysis.Policy.Inline	src/Analysis/Policy/Inline/Directive/UnusedDirectiveRule.php	ast-name
Qualimetrix\Analysis\Finding\Contract\ChannelShape	Analysis.Finding	Qualimetrix\Analysis\Run\ExcludeBinding\UnmatchedExcludeRule	Analysis.Run	src/Analysis/Run/ExcludeBinding/UnmatchedExcludeRule.php	ast-name
Qualimetrix\Analysis\Finding\Contract\ChannelShape	Analysis.Finding	Qualimetrix\Infrastructure\DependencyInjection\CompilerPass\ChannelDeclarationCompilerPass	Infrastructure.DependencyInjection	src/Infrastructure/DependencyInjection/CompilerPass/ChannelDeclarationCompilerPass.php	ast-name
Qualimetrix\Analysis\Finding\Contract\ChannelShape	Analysis.Finding	Qualimetrix\Infrastructure\DependencyInjection\CompilerPass\JudgedMetricDeclarationGuard	Infrastructure.DependencyInjection	src/Infrastructure/DependencyInjection/CompilerPass/JudgedMetricDeclarationGuard.php	ast-name
Qualimetrix\Analysis\Finding\Contract\ChannelShape	Analysis.Finding	Qualimetrix\Reporting\Formatter\AcceptedLevelNarrator	Reporting	src/Reporting/Formatter/AcceptedLevelNarrator.php	ast-name
Qualimetrix\Analysis\Finding\Contract\ChannelUniverseInterface	Analysis.Finding	Qualimetrix\Infrastructure\Console\ChannelExclusionKeyValidator	Infrastructure.Console	src/Infrastructure/Console/ChannelExclusionKeyValidator.php	ast-name
Qualimetrix\Analysis\Finding\Contract\ChannelUniverseInterface	Analysis.Finding	Qualimetrix\Infrastructure\Console\RuleInputValidator	Infrastructure.Console	src/Infrastructure/Console/RuleInputValidator.php	ast-name
Qualimetrix\Analysis\Finding\Contract\ChannelUniverseInterface	Analysis.Finding	Qualimetrix\Infrastructure\DependencyInjection\Configurator\RuleConfigurator	Infrastructure.DependencyInjection	src/Infrastructure/DependencyInjection/Configurator/RuleConfigurator.php	ast-name
Qualimetrix\Analysis\Finding\Contract\ChannelUniverseInterface	Analysis.Finding	Qualimetrix\Infrastructure\Rule\ChannelUniverse	Infrastructure.Rule	src/Infrastructure/Rule/ChannelUniverse.php	ast-name
Qualimetrix\Analysis\Finding\Contract\ChannelUniverseInterface	Analysis.Finding	Qualimetrix\Infrastructure\Rule\Contract\RuleChannelSnapshotFactoryInterface	Infrastructure.Rule	src/Infrastructure/Rule/Contract/RuleChannelSnapshotFactoryInterface.php	ast-name
Qualimetrix\Analysis\Finding\Contract\ConfigurationValidatorInterface	Analysis.Finding	Qualimetrix\Analysis\Policy\Architecture\LayerViolation\LayerDeclarationValidator	Analysis.Policy.Architecture	src/Analysis/Policy/Architecture/LayerViolation/LayerDeclarationValidator.php	ast-name
Qualimetrix\Analysis\Finding\Contract\ConfigurationValidatorInterface	Analysis.Finding	Qualimetrix\Analysis\Policy\Inline\Directive\InlineDirectiveValidator	Analysis.Policy.Inline	src/Analysis/Policy/Inline/Directive/InlineDirectiveValidator.php	ast-name
Qualimetrix\Analysis\Finding\Contract\Configuration\FindingCliOverrides	Analysis.Finding	Qualimetrix\Infrastructure\Console\RuleInputValidator	Infrastructure.Console	src/Infrastructure/Console/RuleInputValidator.php	ast-name
Qualimetrix\Analysis\Finding\Contract\Configuration\FindingConfiguration	Analysis.Finding	Qualimetrix\Analysis\Evidence\Cohesion\Configuration\LcomCollectionConfigurationResolver	Analysis.Evidence.Cohesion	src/Analysis/Evidence/Cohesion/Configuration/LcomCollectionConfigurationResolver.php	ast-name
Qualimetrix\Analysis\Finding\Contract\Configuration\FindingConfiguration	Analysis.Finding	Qualimetrix\Analysis\Evidence\Cohesion\Contract\LcomCollectionConfigurationResolverInterface	Analysis.Evidence.Cohesion	src/Analysis/Evidence/Cohesion/Contract/LcomCollectionConfigurationResolverInterface.php	ast-name
Qualimetrix\Analysis\Finding\Contract\Configuration\FindingConfiguration	Analysis.Finding	Qualimetrix\Infrastructure\Console\AnalysisRuntimeConfigurator	Infrastructure.Console	src/Infrastructure/Console/AnalysisRuntimeConfigurator.php	ast-name
Qualimetrix\Analysis\Finding\Contract\Configuration\FindingConfiguration	Analysis.Finding	Qualimetrix\Infrastructure\Console\PreparedAnalysisInput	Infrastructure.Console	src/Infrastructure/Console/PreparedAnalysisInput.php	ast-name
Qualimetrix\Analysis\Finding\Contract\Configuration\FindingConfiguration	Analysis.Finding	Qualimetrix\Infrastructure\Console\RuleInputValidator	Infrastructure.Console	src/Infrastructure/Console/RuleInputValidator.php	ast-name
Qualimetrix\Analysis\Finding\Contract\Configuration\FindingConfiguration	Analysis.Finding	Qualimetrix\Infrastructure\Console\RuntimeConfigurator	Infrastructure.Console	src/Infrastructure/Console/RuntimeConfigurator.php	ast-name
Qualimetrix\Analysis\Finding\Contract\Configuration\FindingConfigurationResolverInterface	Analysis.Finding	Qualimetrix\Infrastructure\Console\RuleInputValidator	Infrastructure.Console	src/Infrastructure/Console/RuleInputValidator.php	ast-name
Qualimetrix\Analysis\Finding\Contract\Configuration\FindingConfigurationResolverInterface	Analysis.Finding	Qualimetrix\Infrastructure\DependencyInjection\Configurator\OutputConfigurator	Infrastructure.DependencyInjection	src/Infrastructure/DependencyInjection/Configurator/OutputConfigurator.php	ast-name
Qualimetrix\Analysis\Finding\Contract\Control\ControlScope	Analysis.Finding	Qualimetrix\Analysis\Policy\Inline\Contract\SuppressionExtractor	Analysis.Policy.Inline	src/Analysis/Policy/Inline/Contract/SuppressionExtractor.php	ast-name
Qualimetrix\Analysis\Finding\Contract\Control\ControlScope	Analysis.Finding	Qualimetrix\Analysis\Policy\Inline\Contract\Suppression\Suppression	Analysis.Policy.Inline	src/Analysis/Policy/Inline/Contract/Suppression/Suppression.php	ast-name
Qualimetrix\Analysis\Finding\Contract\Control\ControlScope	Analysis.Finding	Qualimetrix\Analysis\Policy\Inline\Contract\ThresholdOverrideExtractor	Analysis.Policy.Inline	src/Analysis/Policy/Inline/Contract/ThresholdOverrideExtractor.php	ast-name
Qualimetrix\Analysis\Finding\Contract\Control\ControlScope	Analysis.Finding	Qualimetrix\Analysis\Policy\Inline\Extraction\DeclarationControlBindings	Analysis.Policy.Inline	src/Analysis/Policy/Inline/Extraction/DeclarationControlBindings.php	ast-name
Qualimetrix\Analysis\Finding\Contract\Control\ControlScope	Analysis.Finding	Qualimetrix\Analysis\Policy\Inline\Extraction\SourceControlExtractor	Analysis.Policy.Inline	src/Analysis/Policy/Inline/Extraction/SourceControlExtractor.php	ast-name
Qualimetrix\Analysis\Finding\Contract\Filter\ChannelFileScope	Analysis.Finding	Qualimetrix\Reporting\FindingProjection\DeclaredChannelFileScope	Reporting	src/Reporting/FindingProjection/DeclaredChannelFileScope.php	ast-name
Qualimetrix\Analysis\Finding\Contract\Filter\FindingFilterInterface	Analysis.Finding	Qualimetrix\Analysis\Policy\Inline\Suppression\SuppressionFilter	Analysis.Policy.Inline	src/Analysis/Policy/Inline/Suppression/SuppressionFilter.php	ast-name
Qualimetrix\Analysis\Finding\Contract\Filter\FindingFilterInterface	Analysis.Finding	Qualimetrix\Reporting\FindingProjection\FindingProjector	Reporting	src/Reporting/FindingProjection/FindingProjector.php	ast-name
Qualimetrix\Analysis\Finding\Contract\Filter\FindingFilterStage	Analysis.Finding	Qualimetrix\Analysis\Policy\Baseline\Filter\BaselineCeilingStage	Analysis.Policy.Baseline	src/Analysis/Policy/Baseline/Filter/BaselineCeilingStage.php	ast-name
Qualimetrix\Analysis\Finding\Contract\Filter\FindingFilterStage	Analysis.Finding	Qualimetrix\Infrastructure\Console\FindingFilterOrchestrator	Infrastructure.Console	src/Infrastructure/Console/FindingFilterOrchestrator.php	ast-name
Qualimetrix\Analysis\Finding\Contract\Filter\FindingFilterStage	Analysis.Finding	Qualimetrix\Reporting\FindingProjection\FindingProjectionResult	Reporting	src/Reporting/FindingProjection/FindingProjectionResult.php	ast-name
Qualimetrix\Analysis\Finding\Contract\Filter\FindingFilterStage	Analysis.Finding	Qualimetrix\Reporting\FindingProjection\FindingProjector	Reporting	src/Reporting/FindingProjection/FindingProjector.php	ast-name
Qualimetrix\Analysis\Finding\Contract\Filter\FindingFilterStage	Analysis.Finding	Qualimetrix\Reporting\FindingProjection\SuppressionCompositionBuilder	Reporting	src/Reporting/FindingProjection/SuppressionCompositionBuilder.php	ast-name
Qualimetrix\Analysis\Finding\Contract\Filter\FindingFilterStage	Analysis.Finding	Qualimetrix\Reporting\FindingProjection\SuppressionMechanism	Reporting	src/Reporting/FindingProjection/SuppressionMechanism.php	ast-name
Qualimetrix\Analysis\Finding\Contract\Filter\FindingFilterStageInterface	Analysis.Finding	Qualimetrix\Analysis\Policy\Baseline\Filter\BaselineCeilingStage	Analysis.Policy.Baseline	src/Analysis/Policy/Baseline/Filter/BaselineCeilingStage.php	ast-name
Qualimetrix\Analysis\Finding\Contract\Filter\FindingFilterStageResult	Analysis.Finding	Qualimetrix\Analysis\Policy\Baseline\Filter\BaselineCeilingStage	Analysis.Policy.Baseline	src/Analysis/Policy/Baseline/Filter/BaselineCeilingStage.php	ast-name
Qualimetrix\Analysis\Finding\Contract\Filter\FindingFilterStageResult	Analysis.Finding	Qualimetrix\Analysis\Policy\Baseline\Filter\CeilingOutcome	Analysis.Policy.Baseline	src/Analysis/Policy/Baseline/Filter/CeilingOutcome.php	ast-name
Qualimetrix\Analysis\Finding\Contract\Filter\NamespaceExclusionFilter	Analysis.Finding	Qualimetrix\Reporting\FindingProjection\FindingProjector	Reporting	src/Reporting/FindingProjection/FindingProjector.php	ast-name
Qualimetrix\Analysis\Finding\Contract\Filter\PathExclusionFilter	Analysis.Finding	Qualimetrix\Reporting\FindingProjection\FindingProjector	Reporting	src/Reporting/FindingProjection/FindingProjector.php	ast-name
Qualimetrix\Analysis\Finding\Contract\Filter\PredicateFilterStage	Analysis.Finding	Qualimetrix\Reporting\FindingProjection\FindingProjector	Reporting	src/Reporting/FindingProjection/FindingProjector.php	ast-name
Qualimetrix\Analysis\Finding\Contract\Finding	Analysis.Finding	Qualimetrix\Analysis\Evidence\CircularDependency\CircularDependencyRule	Analysis.Evidence.CircularDependency	src/Analysis/Evidence/CircularDependency/CircularDependencyRule.php	ast-name
Qualimetrix\Analysis\Finding\Contract\Finding	Analysis.Finding	Qualimetrix\Analysis\Evidence\CodeSmell\CodeSmellFinding	Analysis.Evidence.CodeSmell	src/Analysis/Evidence/CodeSmell/CodeSmellFinding.php	ast-name
Qualimetrix\Analysis\Finding\Contract\Finding	Analysis.Finding	Qualimetrix\Analysis\Evidence\CodeSmell\ConstructorOverinjectionRule	Analysis.Evidence.CodeSmell	src/Analysis/Evidence/CodeSmell/ConstructorOverinjectionRule.php	ast-name
Qualimetrix\Analysis\Finding\Contract\Finding	Analysis.Finding	Qualimetrix\Analysis\Evidence\CodeSmell\IdenticalSubExpressionRule	Analysis.Evidence.CodeSmell	src/Analysis/Evidence/CodeSmell/IdenticalSubExpressionRule.php	ast-name
Qualimetrix\Analysis\Finding\Contract\Finding	Analysis.Finding	Qualimetrix\Analysis\Evidence\CodeSmell\LongParameterListRule	Analysis.Evidence.CodeSmell	src/Analysis/Evidence/CodeSmell/LongParameterListRule.php	ast-name
Qualimetrix\Analysis\Finding\Contract\Finding	Analysis.Finding	Qualimetrix\Analysis\Evidence\CodeSmell\UnreachableCodeRule	Analysis.Evidence.CodeSmell	src/Analysis/Evidence/CodeSmell/UnreachableCodeRule.php	ast-name
Qualimetrix\Analysis\Finding\Contract\Finding	Analysis.Finding	Qualimetrix\Analysis\Evidence\CodeSmell\UnusedPrivateRule	Analysis.Evidence.CodeSmell	src/Analysis/Evidence/CodeSmell/UnusedPrivateRule.php	ast-name
Qualimetrix\Analysis\Finding\Contract\Finding	Analysis.Finding	Qualimetrix\Analysis\Evidence\Cohesion\LcomRule	Analysis.Evidence.Cohesion	src/Analysis/Evidence/Cohesion/LcomRule.php	ast-name
Qualimetrix\Analysis\Finding\Contract\Finding	Analysis.Finding	Qualimetrix\Analysis\Evidence\Complexity\CognitiveComplexityRule	Analysis.Evidence.Complexity	src/Analysis/Evidence/Complexity/CognitiveComplexityRule.php	ast-name
Qualimetrix\Analysis\Finding\Contract\Finding	Analysis.Finding	Qualimetrix\Analysis\Evidence\Complexity\ComplexityRule	Analysis.Evidence.Complexity	src/Analysis/Evidence/Complexity/ComplexityRule.php	ast-name
Qualimetrix\Analysis\Finding\Contract\Finding	Analysis.Finding	Qualimetrix\Analysis\Evidence\Complexity\NpathComplexityRule	Analysis.Evidence.Complexity	src/Analysis/Evidence/Complexity/NpathComplexityRule.php	ast-name
Qualimetrix\Analysis\Finding\Contract\Finding	Analysis.Finding	Qualimetrix\Analysis\Evidence\Complexity\WmcRule	Analysis.Evidence.Complexity	src/Analysis/Evidence/Complexity/WmcRule.php	ast-name
Qualimetrix\Analysis\Finding\Contract\Finding	Analysis.Finding	Qualimetrix\Analysis\Evidence\ComputedMetrics\Finding\ComputedMetricFindingBuilder	Analysis.Evidence.ComputedMetrics	src/Analysis/Evidence/ComputedMetrics/Finding/ComputedMetricFindingBuilder.php	ast-name
Qualimetrix\Analysis\Finding\Contract\Finding	Analysis.Finding	Qualimetrix\Analysis\Evidence\Coupling\CboRule	Analysis.Evidence.Coupling	src/Analysis/Evidence/Coupling/CboRule.php	ast-name
Qualimetrix\Analysis\Finding\Contract\Finding	Analysis.Finding	Qualimetrix\Analysis\Evidence\Coupling\ClassRankRule	Analysis.Evidence.Coupling	src/Analysis/Evidence/Coupling/ClassRankRule.php	ast-name
Qualimetrix\Analysis\Finding\Contract\Finding	Analysis.Finding	Qualimetrix\Analysis\Evidence\Coupling\DistanceRule	Analysis.Evidence.Coupling	src/Analysis/Evidence/Coupling/DistanceRule.php	ast-name
Qualimetrix\Analysis\Finding\Contract\Finding	Analysis.Finding	Qualimetrix\Analysis\Evidence\Coupling\InstabilityRule	Analysis.Evidence.Coupling	src/Analysis/Evidence/Coupling/InstabilityRule.php	ast-name
Qualimetrix\Analysis\Finding\Contract\Finding	Analysis.Finding	Qualimetrix\Analysis\Evidence\Coupling\UnmatchedFrameworkNamespaceRule	Analysis.Evidence.Coupling	src/Analysis/Evidence/Coupling/UnmatchedFrameworkNamespaceRule.php	ast-name
Qualimetrix\Analysis\Finding\Contract\Finding	Analysis.Finding	Qualimetrix\Analysis\Evidence\Design\DataClass\DataClassRule	Analysis.Evidence.Design	src/Analysis/Evidence/Design/DataClass/DataClassRule.php	ast-name
Qualimetrix\Analysis\Finding\Contract\Finding	Analysis.Finding	Qualimetrix\Analysis\Evidence\Design\GodClass\GodClassRule	Analysis.Evidence.Design	src/Analysis/Evidence/Design/GodClass/GodClassRule.php	ast-name
Qualimetrix\Analysis\Finding\Contract\Finding	Analysis.Finding	Qualimetrix\Analysis\Evidence\Design\Inheritance\InheritanceRule	Analysis.Evidence.Design	src/Analysis/Evidence/Design/Inheritance/InheritanceRule.php	ast-name
Qualimetrix\Analysis\Finding\Contract\Finding	Analysis.Finding	Qualimetrix\Analysis\Evidence\Design\Inheritance\NocRule	Analysis.Evidence.Design	src/Analysis/Evidence/Design/Inheritance/NocRule.php	ast-name
Qualimetrix\Analysis\Finding\Contract\Finding	Analysis.Finding	Qualimetrix\Analysis\Evidence\Design\TypeCoverage\AbstractTypeCoverageRule	Analysis.Evidence.Design	src/Analysis/Evidence/Design/TypeCoverage/AbstractTypeCoverageRule.php	ast-name
Qualimetrix\Analysis\Finding\Contract\Finding	Analysis.Finding	Qualimetrix\Analysis\Evidence\Duplication\CodeDuplicationRule	Analysis.Evidence.Duplication	src/Analysis/Evidence/Duplication/CodeDuplicationRule.php	ast-name
Qualimetrix\Analysis\Finding\Contract\Finding	Analysis.Finding	Qualimetrix\Analysis\Evidence\Maintainability\MaintainabilityRule	Analysis.Evidence.Maintainability	src/Analysis/Evidence/Maintainability/MaintainabilityRule.php	ast-name
Qualimetrix\Analysis\Finding\Contract\Finding	Analysis.Finding	Qualimetrix\Analysis\Evidence\Prioritization\Debt\RemediationTimeRegistry	Analysis.Evidence.Prioritization	src/Analysis/Evidence/Prioritization/Debt/RemediationTimeRegistry.php	ast-name
Qualimetrix\Analysis\Finding\Contract\Finding	Analysis.Finding	Qualimetrix\Analysis\Evidence\Prioritization\Impact\ClassRankResolver	Analysis.Evidence.Prioritization	src/Analysis/Evidence/Prioritization/Impact/ClassRankResolver.php	ast-name
Qualimetrix\Analysis\Finding\Contract\Finding	Analysis.Finding	Qualimetrix\Analysis\Evidence\Prioritization\Impact\RankedIssue	Analysis.Evidence.Prioritization	src/Analysis/Evidence/Prioritization/Impact/RankedIssue.php	ast-name
Qualimetrix\Analysis\Finding\Contract\Finding	Analysis.Finding	Qualimetrix\Analysis\Evidence\Security\HardcodedCredentialsRule	Analysis.Evidence.Security	src/Analysis/Evidence/Security/HardcodedCredentialsRule.php	ast-name
Qualimetrix\Analysis\Finding\Contract\Finding	Analysis.Finding	Qualimetrix\Analysis\Evidence\Security\SecurityPatternFinding	Analysis.Evidence.Security	src/Analysis/Evidence/Security/SecurityPatternFinding.php	ast-name
Qualimetrix\Analysis\Finding\Contract\Finding	Analysis.Finding	Qualimetrix\Analysis\Evidence\Security\SensitiveParameterRule	Analysis.Evidence.Security	src/Analysis/Evidence/Security/SensitiveParameterRule.php	ast-name
Qualimetrix\Analysis\Finding\Contract\Finding	Analysis.Finding	Qualimetrix\Analysis\Evidence\Size\ClassCountRule	Analysis.Evidence.Size	src/Analysis/Evidence/Size/ClassCountRule.php	ast-name
Qualimetrix\Analysis\Finding\Contract\Finding	Analysis.Finding	Qualimetrix\Analysis\Evidence\Size\MethodCountRule	Analysis.Evidence.Size	src/Analysis/Evidence/Size/MethodCountRule.php	ast-name
Qualimetrix\Analysis\Finding\Contract\Finding	Analysis.Finding	Qualimetrix\Analysis\Evidence\Size\PropertyCountRule	Analysis.Evidence.Size	src/Analysis/Evidence/Size/PropertyCountRule.php	ast-name
Qualimetrix\Analysis\Finding\Contract\Finding	Analysis.Finding	Qualimetrix\Analysis\Policy\Architecture\LayerViolation\DeclaredLayerReachability	Analysis.Policy.Architecture	src/Analysis/Policy/Architecture/LayerViolation/DeclaredLayerReachability.php	ast-name
Qualimetrix\Analysis\Finding\Contract\Finding	Analysis.Finding	Qualimetrix\Analysis\Policy\Architecture\LayerViolation\LayerViolationFinding	Analysis.Policy.Architecture	src/Analysis/Policy/Architecture/LayerViolation/LayerViolationFinding.php	ast-name
Qualimetrix\Analysis\Finding\Contract\Finding	Analysis.Finding	Qualimetrix\Analysis\Policy\Architecture\LayerViolation\UnassignedClassSummary	Analysis.Policy.Architecture	src/Analysis/Policy/Architecture/LayerViolation/UnassignedClassSummary.php	ast-name
Qualimetrix\Analysis\Finding\Contract\Finding	Analysis.Finding	Qualimetrix\Analysis\Policy\Architecture\LayerViolation\UnmatchedExcludeDiagnostic	Analysis.Policy.Architecture	src/Analysis/Policy/Architecture/LayerViolation/UnmatchedExcludeDiagnostic.php	ast-name
Qualimetrix\Analysis\Finding\Contract\Finding	Analysis.Finding	Qualimetrix\Analysis\Policy\Baseline\BaselineIdentity	Analysis.Policy.Baseline	src/Analysis/Policy/Baseline/BaselineIdentity.php	ast-name
Qualimetrix\Analysis\Finding\Contract\Finding	Analysis.Finding	Qualimetrix\Analysis\Policy\Baseline\BoundaryExplanationService	Analysis.Policy.Baseline	src/Analysis/Policy/Baseline/BoundaryExplanationService.php	ast-name
Qualimetrix\Analysis\Finding\Contract\Finding	Analysis.Finding	Qualimetrix\Analysis\Policy\Inline\Directive\Audit\DirectiveUsage	Analysis.Policy.Inline	src/Analysis/Policy/Inline/Directive/Audit/DirectiveUsage.php	ast-name
Qualimetrix\Analysis\Finding\Contract\Finding	Analysis.Finding	Qualimetrix\Analysis\Policy\Inline\Directive\Audit\ExecutionFingerprint	Analysis.Policy.Inline	src/Analysis/Policy/Inline/Directive/Audit/ExecutionFingerprint.php	ast-name
Qualimetrix\Analysis\Finding\Contract\Finding	Analysis.Finding	Qualimetrix\Analysis\Policy\Inline\Directive\Audit\StaleDirectiveFinding	Analysis.Policy.Inline	src/Analysis/Policy/Inline/Directive/Audit/StaleDirectiveFinding.php	ast-name
Qualimetrix\Analysis\Finding\Contract\Finding	Analysis.Finding	Qualimetrix\Analysis\Policy\Inline\Directive\Audit\ThresholdDirectiveAudit	Analysis.Policy.Inline	src/Analysis/Policy/Inline/Directive/Audit/ThresholdDirectiveAudit.php	ast-name
Qualimetrix\Analysis\Finding\Contract\Finding	Analysis.Finding	Qualimetrix\Analysis\Policy\Inline\Directive\InlineDirectiveValidator	Analysis.Policy.Inline	src/Analysis/Policy/Inline/Directive/InlineDirectiveValidator.php	ast-name
Qualimetrix\Analysis\Finding\Contract\Finding	Analysis.Finding	Qualimetrix\Analysis\Policy\Inline\Suppression\SuppressionFilter	Analysis.Policy.Inline	src/Analysis/Policy/Inline/Suppression/SuppressionFilter.php	ast-name
Qualimetrix\Analysis\Finding\Contract\Finding	Analysis.Finding	Qualimetrix\Analysis\Run\Contract\Pipeline\AnalysisResult	Analysis.Run	src/Analysis/Run/Contract/Pipeline/AnalysisResult.php	ast-name
Qualimetrix\Analysis\Finding\Contract\Finding	Analysis.Finding	Qualimetrix\Analysis\Run\ExcludeBinding\UnmatchedExcludeAudit	Analysis.Run	src/Analysis/Run/ExcludeBinding/UnmatchedExcludeAudit.php	ast-name
Qualimetrix\Analysis\Finding\Contract\Finding	Analysis.Finding	Qualimetrix\Reporting\DrillDown\FindingFilter	Reporting	src/Reporting/DrillDown/FindingFilter.php	ast-name
Qualimetrix\Analysis\Finding\Contract\Finding	Analysis.Finding	Qualimetrix\Reporting\FindingProjection\DirectiveSuppressorResolver	Reporting	src/Reporting/FindingProjection/DirectiveSuppressorResolver.php	ast-name
Qualimetrix\Analysis\Finding\Contract\Finding	Analysis.Finding	Qualimetrix\Reporting\FindingProjection\FindingProjector	Reporting	src/Reporting/FindingProjection/FindingProjector.php	ast-name
Qualimetrix\Analysis\Finding\Contract\Finding	Analysis.Finding	Qualimetrix\Reporting\FindingProjection\SuppressedFinding	Reporting	src/Reporting/FindingProjection/SuppressedFinding.php	ast-name
Qualimetrix\Analysis\Finding\Contract\Finding	Analysis.Finding	Qualimetrix\Reporting\FindingProjection\SuppressionCompositionBuilder	Reporting	src/Reporting/FindingProjection/SuppressionCompositionBuilder.php	ast-name
Qualimetrix\Analysis\Finding\Contract\Finding	Analysis.Finding	Qualimetrix\Reporting\Formatter\AcceptedLevelNarrator	Reporting	src/Reporting/Formatter/AcceptedLevelNarrator.php	ast-name
Qualimetrix\Analysis\Finding\Contract\Finding	Analysis.Finding	Qualimetrix\Reporting\Formatter\CheckstyleFormatter	Reporting	src/Reporting/Formatter/CheckstyleFormatter.php	ast-name
Qualimetrix\Analysis\Finding\Contract\Finding	Analysis.Finding	Qualimetrix\Reporting\Formatter\Detail\FindingDetailRenderer	Reporting	src/Reporting/Formatter/Detail/FindingDetailRenderer.php	ast-name
Qualimetrix\Analysis\Finding\Contract\Finding	Analysis.Finding	Qualimetrix\Reporting\Formatter\GitLabCodeQualityFormatter	Reporting	src/Reporting/Formatter/GitLabCodeQualityFormatter.php	ast-name
Qualimetrix\Analysis\Finding\Contract\Finding	Analysis.Finding	Qualimetrix\Reporting\Formatter\GithubActionsFormatter	Reporting	src/Reporting/Formatter/GithubActionsFormatter.php	ast-name
Qualimetrix\Analysis\Finding\Contract\Finding	Analysis.Finding	Qualimetrix\Reporting\Formatter\Json\JsonFindingSection	Reporting	src/Reporting/Formatter/Json/JsonFindingSection.php	ast-name
Qualimetrix\Analysis\Finding\Contract\Finding	Analysis.Finding	Qualimetrix\Reporting\Formatter\Ordering\FindingSorter	Reporting	src/Reporting/Formatter/Ordering/FindingSorter.php	ast-name
Qualimetrix\Analysis\Finding\Contract\Finding	Analysis.Finding	Qualimetrix\Reporting\Formatter\Sarif\SarifFormatter	Reporting	src/Reporting/Formatter/Sarif/SarifFormatter.php	ast-name
Qualimetrix\Analysis\Finding\Contract\Finding	Analysis.Finding	Qualimetrix\Reporting\Formatter\Summary\TopIssuesRenderer	Reporting	src/Reporting/Formatter/Summary/TopIssuesRenderer.php	ast-name
Qualimetrix\Analysis\Finding\Contract\Finding	Analysis.Finding	Qualimetrix\Reporting\Formatter\TextFormatter	Reporting	src/Reporting/Formatter/TextFormatter.php	ast-name
Qualimetrix\Analysis\Finding\Contract\Finding	Analysis.Finding	Qualimetrix\Reporting\Report	Reporting	src/Reporting/Report.php	ast-name
Qualimetrix\Analysis\Finding\Contract\Finding	Analysis.Finding	Qualimetrix\Reporting\ReportBuilder	Reporting	src/Reporting/ReportBuilder.php	ast-name
Qualimetrix\Analysis\Finding\Contract\FindingChannel	Analysis.Finding	Qualimetrix\Analysis\Evidence\ComputedMetrics\ComputedMetricOverrideReader	Analysis.Evidence.ComputedMetrics	src/Analysis/Evidence/ComputedMetrics/ComputedMetricOverrideReader.php	ast-name
Qualimetrix\Analysis\Finding\Contract\FindingChannel	Analysis.Finding	Qualimetrix\Analysis\Policy\Baseline\BaselineEntryParser	Analysis.Policy.Baseline	src/Analysis/Policy/Baseline/BaselineEntryParser.php	ast-name
Qualimetrix\Analysis\Finding\Contract\FindingChannel	Analysis.Finding	Qualimetrix\Analysis\Policy\Baseline\BaselineEntryPayload	Analysis.Policy.Baseline	src/Analysis/Policy/Baseline/BaselineEntryPayload.php	ast-name
Qualimetrix\Analysis\Finding\Contract\FindingChannel	Analysis.Finding	Qualimetrix\Analysis\Policy\Baseline\BaselineIdentity	Analysis.Policy.Baseline	src/Analysis/Policy/Baseline/BaselineIdentity.php	ast-name
Qualimetrix\Analysis\Finding\Contract\FindingChannel	Analysis.Finding	Qualimetrix\Analysis\Policy\Baseline\BoundaryExplanationService	Analysis.Policy.Baseline	src/Analysis/Policy/Baseline/BoundaryExplanationService.php	ast-name
Qualimetrix\Analysis\Finding\Contract\FindingChannel	Analysis.Finding	Qualimetrix\Analysis\Policy\Baseline\ChannelRenameMap	Analysis.Policy.Baseline	src/Analysis/Policy/Baseline/ChannelRenameMap.php	ast-name
Qualimetrix\Analysis\Finding\Contract\FindingChannel	Analysis.Finding	Qualimetrix\Analysis\Policy\Baseline\ExplainedSubject	Analysis.Policy.Baseline	src/Analysis/Policy/Baseline/ExplainedSubject.php	ast-name
Qualimetrix\Analysis\Finding\Contract\FindingChannel	Analysis.Finding	Qualimetrix\Analysis\Policy\Inline\Contract\Suppression\SuppressionTarget	Analysis.Policy.Inline	src/Analysis/Policy/Inline/Contract/Suppression/SuppressionTarget.php	ast-name
Qualimetrix\Analysis\Finding\Contract\FindingChannel	Analysis.Finding	Qualimetrix\Analysis\Policy\Inline\Directive\DirectiveAddressability	Analysis.Policy.Inline	src/Analysis/Policy/Inline/Directive/DirectiveAddressability.php	ast-name
Qualimetrix\Analysis\Finding\Contract\FindingChannel	Analysis.Finding	Qualimetrix\Analysis\Policy\Inline\Directive\DirectiveNameHints	Analysis.Policy.Inline	src/Analysis/Policy/Inline/Directive/DirectiveNameHints.php	ast-name
Qualimetrix\Analysis\Finding\Contract\FindingChannel	Analysis.Finding	Qualimetrix\Infrastructure\Console\ChannelExclusionKeyHints	Infrastructure.Console	src/Infrastructure/Console/ChannelExclusionKeyHints.php	ast-name
Qualimetrix\Analysis\Finding\Contract\FindingChannel	Analysis.Finding	Qualimetrix\Infrastructure\Console\ChannelExclusionKeyValidator	Infrastructure.Console	src/Infrastructure/Console/ChannelExclusionKeyValidator.php	ast-name
Qualimetrix\Analysis\Finding\Contract\FindingChannel	Analysis.Finding	Qualimetrix\Infrastructure\Console\Command\BaselineExplainCommand	Infrastructure.Console	src/Infrastructure/Console/Command/BaselineExplainCommand.php	ast-name
Qualimetrix\Analysis\Finding\Contract\FindingChannel	Analysis.Finding	Qualimetrix\Infrastructure\Console\RuleInputValidator	Infrastructure.Console	src/Infrastructure/Console/RuleInputValidator.php	ast-name
Qualimetrix\Analysis\Finding\Contract\FindingChannel	Analysis.Finding	Qualimetrix\Infrastructure\DependencyInjection\CompilerPass\ChannelDeclarationCompilerPass	Infrastructure.DependencyInjection	src/Infrastructure/DependencyInjection/CompilerPass/ChannelDeclarationCompilerPass.php	ast-name
Qualimetrix\Analysis\Finding\Contract\FindingChannel	Analysis.Finding	Qualimetrix\Infrastructure\Rule\ChannelUniverse	Infrastructure.Rule	src/Infrastructure/Rule/ChannelUniverse.php	ast-name
Qualimetrix\Analysis\Finding\Contract\JudgedMetrics	Analysis.Finding	Qualimetrix\Analysis\Evidence\CodeSmell\ConstructorOverinjectionRule	Analysis.Evidence.CodeSmell	src/Analysis/Evidence/CodeSmell/ConstructorOverinjectionRule.php	ast-name
Qualimetrix\Analysis\Finding\Contract\JudgedMetrics	Analysis.Finding	Qualimetrix\Analysis\Evidence\CodeSmell\LongParameterListRule	Analysis.Evidence.CodeSmell	src/Analysis/Evidence/CodeSmell/LongParameterListRule.php	ast-name
Qualimetrix\Analysis\Finding\Contract\JudgedMetrics	Analysis.Finding	Qualimetrix\Analysis\Evidence\CodeSmell\UnreachableCodeRule	Analysis.Evidence.CodeSmell	src/Analysis/Evidence/CodeSmell/UnreachableCodeRule.php	ast-name
Qualimetrix\Analysis\Finding\Contract\JudgedMetrics	Analysis.Finding	Qualimetrix\Analysis\Evidence\CodeSmell\UnusedPrivateRule	Analysis.Evidence.CodeSmell	src/Analysis/Evidence/CodeSmell/UnusedPrivateRule.php	ast-name
Qualimetrix\Analysis\Finding\Contract\JudgedMetrics	Analysis.Finding	Qualimetrix\Analysis\Evidence\Cohesion\LcomRule	Analysis.Evidence.Cohesion	src/Analysis/Evidence/Cohesion/LcomRule.php	ast-name
Qualimetrix\Analysis\Finding\Contract\JudgedMetrics	Analysis.Finding	Qualimetrix\Analysis\Evidence\Complexity\CognitiveComplexityRule	Analysis.Evidence.Complexity	src/Analysis/Evidence/Complexity/CognitiveComplexityRule.php	ast-name
Qualimetrix\Analysis\Finding\Contract\JudgedMetrics	Analysis.Finding	Qualimetrix\Analysis\Evidence\Complexity\ComplexityRule	Analysis.Evidence.Complexity	src/Analysis/Evidence/Complexity/ComplexityRule.php	ast-name
Qualimetrix\Analysis\Finding\Contract\JudgedMetrics	Analysis.Finding	Qualimetrix\Analysis\Evidence\Complexity\NpathComplexityRule	Analysis.Evidence.Complexity	src/Analysis/Evidence/Complexity/NpathComplexityRule.php	ast-name
Qualimetrix\Analysis\Finding\Contract\JudgedMetrics	Analysis.Finding	Qualimetrix\Analysis\Evidence\Complexity\WmcRule	Analysis.Evidence.Complexity	src/Analysis/Evidence/Complexity/WmcRule.php	ast-name
Qualimetrix\Analysis\Finding\Contract\JudgedMetrics	Analysis.Finding	Qualimetrix\Analysis\Evidence\Coupling\CboRule	Analysis.Evidence.Coupling	src/Analysis/Evidence/Coupling/CboRule.php	ast-name
Qualimetrix\Analysis\Finding\Contract\JudgedMetrics	Analysis.Finding	Qualimetrix\Analysis\Evidence\Coupling\DistanceRule	Analysis.Evidence.Coupling	src/Analysis/Evidence/Coupling/DistanceRule.php	ast-name
Qualimetrix\Analysis\Finding\Contract\JudgedMetrics	Analysis.Finding	Qualimetrix\Analysis\Evidence\Coupling\InstabilityRule	Analysis.Evidence.Coupling	src/Analysis/Evidence/Coupling/InstabilityRule.php	ast-name
Qualimetrix\Analysis\Finding\Contract\JudgedMetrics	Analysis.Finding	Qualimetrix\Analysis\Evidence\Design\DataClass\DataClassRule	Analysis.Evidence.Design	src/Analysis/Evidence/Design/DataClass/DataClassRule.php	ast-name
Qualimetrix\Analysis\Finding\Contract\JudgedMetrics	Analysis.Finding	Qualimetrix\Analysis\Evidence\Design\Inheritance\InheritanceRule	Analysis.Evidence.Design	src/Analysis/Evidence/Design/Inheritance/InheritanceRule.php	ast-name
Qualimetrix\Analysis\Finding\Contract\JudgedMetrics	Analysis.Finding	Qualimetrix\Analysis\Evidence\Design\Inheritance\NocRule	Analysis.Evidence.Design	src/Analysis/Evidence/Design/Inheritance/NocRule.php	ast-name
Qualimetrix\Analysis\Finding\Contract\JudgedMetrics	Analysis.Finding	Qualimetrix\Analysis\Evidence\Design\TypeCoverage\AbstractTypeCoverageRule	Analysis.Evidence.Design	src/Analysis/Evidence/Design/TypeCoverage/AbstractTypeCoverageRule.php	ast-name
Qualimetrix\Analysis\Finding\Contract\JudgedMetrics	Analysis.Finding	Qualimetrix\Analysis\Evidence\Maintainability\MaintainabilityRule	Analysis.Evidence.Maintainability	src/Analysis/Evidence/Maintainability/MaintainabilityRule.php	ast-name
Qualimetrix\Analysis\Finding\Contract\JudgedMetrics	Analysis.Finding	Qualimetrix\Analysis\Evidence\Size\ClassCountRule	Analysis.Evidence.Size	src/Analysis/Evidence/Size/ClassCountRule.php	ast-name
Qualimetrix\Analysis\Finding\Contract\JudgedMetrics	Analysis.Finding	Qualimetrix\Analysis\Evidence\Size\MethodCountRule	Analysis.Evidence.Size	src/Analysis/Evidence/Size/MethodCountRule.php	ast-name
Qualimetrix\Analysis\Finding\Contract\JudgedMetrics	Analysis.Finding	Qualimetrix\Analysis\Evidence\Size\PropertyCountRule	Analysis.Evidence.Size	src/Analysis/Evidence/Size/PropertyCountRule.php	ast-name
Qualimetrix\Analysis\Finding\Contract\LevelActivity	Analysis.Finding	Qualimetrix\Analysis\Policy\Inline\Contract\Directive\InlineDirectivePolicyInterface	Analysis.Policy.Inline	src/Analysis/Policy/Inline/Contract/Directive/InlineDirectivePolicyInterface.php	ast-name
Qualimetrix\Analysis\Finding\Contract\LevelActivity	Analysis.Finding	Qualimetrix\Analysis\Policy\Inline\Directive\Audit\DirectiveUsage	Analysis.Policy.Inline	src/Analysis/Policy/Inline/Directive/Audit/DirectiveUsage.php	ast-name
Qualimetrix\Analysis\Finding\Contract\LevelActivity	Analysis.Finding	Qualimetrix\Analysis\Policy\Inline\Directive\Audit\ThresholdDirectiveAudit	Analysis.Policy.Inline	src/Analysis/Policy/Inline/Directive/Audit/ThresholdDirectiveAudit.php	ast-name
Qualimetrix\Analysis\Finding\Contract\LevelActivity	Analysis.Finding	Qualimetrix\Analysis\Policy\Inline\Directive\InlineDirectivePolicy	Analysis.Policy.Inline	src/Analysis/Policy/Inline/Directive/InlineDirectivePolicy.php	ast-name
Qualimetrix\Analysis\Finding\Contract\LevelActivity	Analysis.Finding	Qualimetrix\Analysis\Run\RuleProducerPreparation	Analysis.Run	src/Analysis/Run/RuleProducerPreparation.php	ast-name
Qualimetrix\Analysis\Finding\Contract\Location	Analysis.Finding	Qualimetrix\Analysis\Evidence\CircularDependency\CircularDependencyRule	Analysis.Evidence.CircularDependency	src/Analysis/Evidence/CircularDependency/CircularDependencyRule.php	ast-name
Qualimetrix\Analysis\Finding\Contract\Location	Analysis.Finding	Qualimetrix\Analysis\Evidence\CodeSmell\CodeSmellFinding	Analysis.Evidence.CodeSmell	src/Analysis/Evidence/CodeSmell/CodeSmellFinding.php	ast-name
Qualimetrix\Analysis\Finding\Contract\Location	Analysis.Finding	Qualimetrix\Analysis\Evidence\CodeSmell\ConstructorOverinjectionRule	Analysis.Evidence.CodeSmell	src/Analysis/Evidence/CodeSmell/ConstructorOverinjectionRule.php	ast-name
Qualimetrix\Analysis\Finding\Contract\Location	Analysis.Finding	Qualimetrix\Analysis\Evidence\CodeSmell\IdenticalSubExpressionRule	Analysis.Evidence.CodeSmell	src/Analysis/Evidence/CodeSmell/IdenticalSubExpressionRule.php	ast-name
Qualimetrix\Analysis\Finding\Contract\Location	Analysis.Finding	Qualimetrix\Analysis\Evidence\CodeSmell\LongParameterListRule	Analysis.Evidence.CodeSmell	src/Analysis/Evidence/CodeSmell/LongParameterListRule.php	ast-name
Qualimetrix\Analysis\Finding\Contract\Location	Analysis.Finding	Qualimetrix\Analysis\Evidence\CodeSmell\UnreachableCodeRule	Analysis.Evidence.CodeSmell	src/Analysis/Evidence/CodeSmell/UnreachableCodeRule.php	ast-name
Qualimetrix\Analysis\Finding\Contract\Location	Analysis.Finding	Qualimetrix\Analysis\Evidence\CodeSmell\UnusedPrivateRule	Analysis.Evidence.CodeSmell	src/Analysis/Evidence/CodeSmell/UnusedPrivateRule.php	ast-name
Qualimetrix\Analysis\Finding\Contract\Location	Analysis.Finding	Qualimetrix\Analysis\Evidence\Cohesion\LcomRule	Analysis.Evidence.Cohesion	src/Analysis/Evidence/Cohesion/LcomRule.php	ast-name
Qualimetrix\Analysis\Finding\Contract\Location	Analysis.Finding	Qualimetrix\Analysis\Evidence\Complexity\CognitiveComplexityRule	Analysis.Evidence.Complexity	src/Analysis/Evidence/Complexity/CognitiveComplexityRule.php	ast-name
Qualimetrix\Analysis\Finding\Contract\Location	Analysis.Finding	Qualimetrix\Analysis\Evidence\Complexity\ComplexityRule	Analysis.Evidence.Complexity	src/Analysis/Evidence/Complexity/ComplexityRule.php	ast-name
Qualimetrix\Analysis\Finding\Contract\Location	Analysis.Finding	Qualimetrix\Analysis\Evidence\Complexity\NpathComplexityRule	Analysis.Evidence.Complexity	src/Analysis/Evidence/Complexity/NpathComplexityRule.php	ast-name
Qualimetrix\Analysis\Finding\Contract\Location	Analysis.Finding	Qualimetrix\Analysis\Evidence\Complexity\WmcRule	Analysis.Evidence.Complexity	src/Analysis/Evidence/Complexity/WmcRule.php	ast-name
Qualimetrix\Analysis\Finding\Contract\Location	Analysis.Finding	Qualimetrix\Analysis\Evidence\ComputedMetrics\ComputedMetricRule	Analysis.Evidence.ComputedMetrics	src/Analysis/Evidence/ComputedMetrics/ComputedMetricRule.php	ast-name
Qualimetrix\Analysis\Finding\Contract\Location	Analysis.Finding	Qualimetrix\Analysis\Evidence\ComputedMetrics\Finding\ComputedMetricFindingBuilder	Analysis.Evidence.ComputedMetrics	src/Analysis/Evidence/ComputedMetrics/Finding/ComputedMetricFindingBuilder.php	ast-name
Qualimetrix\Analysis\Finding\Contract\Location	Analysis.Finding	Qualimetrix\Analysis\Evidence\Coupling\CboRule	Analysis.Evidence.Coupling	src/Analysis/Evidence/Coupling/CboRule.php	ast-name
Qualimetrix\Analysis\Finding\Contract\Location	Analysis.Finding	Qualimetrix\Analysis\Evidence\Coupling\ClassRankRule	Analysis.Evidence.Coupling	src/Analysis/Evidence/Coupling/ClassRankRule.php	ast-name
Qualimetrix\Analysis\Finding\Contract\Location	Analysis.Finding	Qualimetrix\Analysis\Evidence\Coupling\DistanceRule	Analysis.Evidence.Coupling	src/Analysis/Evidence/Coupling/DistanceRule.php	ast-name
Qualimetrix\Analysis\Finding\Contract\Location	Analysis.Finding	Qualimetrix\Analysis\Evidence\Coupling\InstabilityRule	Analysis.Evidence.Coupling	src/Analysis/Evidence/Coupling/InstabilityRule.php	ast-name
Qualimetrix\Analysis\Finding\Contract\Location	Analysis.Finding	Qualimetrix\Analysis\Evidence\Coupling\UnmatchedFrameworkNamespaceRule	Analysis.Evidence.Coupling	src/Analysis/Evidence/Coupling/UnmatchedFrameworkNamespaceRule.php	ast-name
Qualimetrix\Analysis\Finding\Contract\Location	Analysis.Finding	Qualimetrix\Analysis\Evidence\Design\DataClass\DataClassRule	Analysis.Evidence.Design	src/Analysis/Evidence/Design/DataClass/DataClassRule.php	ast-name
Qualimetrix\Analysis\Finding\Contract\Location	Analysis.Finding	Qualimetrix\Analysis\Evidence\Design\GodClass\GodClassRule	Analysis.Evidence.Design	src/Analysis/Evidence/Design/GodClass/GodClassRule.php	ast-name
Qualimetrix\Analysis\Finding\Contract\Location	Analysis.Finding	Qualimetrix\Analysis\Evidence\Design\Inheritance\InheritanceRule	Analysis.Evidence.Design	src/Analysis/Evidence/Design/Inheritance/InheritanceRule.php	ast-name
Qualimetrix\Analysis\Finding\Contract\Location	Analysis.Finding	Qualimetrix\Analysis\Evidence\Design\Inheritance\NocRule	Analysis.Evidence.Design	src/Analysis/Evidence/Design/Inheritance/NocRule.php	ast-name
Qualimetrix\Analysis\Finding\Contract\Location	Analysis.Finding	Qualimetrix\Analysis\Evidence\Design\TypeCoverage\AbstractTypeCoverageRule	Analysis.Evidence.Design	src/Analysis/Evidence/Design/TypeCoverage/AbstractTypeCoverageRule.php	ast-name
Qualimetrix\Analysis\Finding\Contract\Location	Analysis.Finding	Qualimetrix\Analysis\Evidence\Duplication\CodeDuplicationRule	Analysis.Evidence.Duplication	src/Analysis/Evidence/Duplication/CodeDuplicationRule.php	ast-name
Qualimetrix\Analysis\Finding\Contract\Location	Analysis.Finding	Qualimetrix\Analysis\Evidence\Maintainability\MaintainabilityRule	Analysis.Evidence.Maintainability	src/Analysis/Evidence/Maintainability/MaintainabilityRule.php	ast-name
Qualimetrix\Analysis\Finding\Contract\Location	Analysis.Finding	Qualimetrix\Analysis\Evidence\Security\HardcodedCredentialsRule	Analysis.Evidence.Security	src/Analysis/Evidence/Security/HardcodedCredentialsRule.php	ast-name
Qualimetrix\Analysis\Finding\Contract\Location	Analysis.Finding	Qualimetrix\Analysis\Evidence\Security\SecurityPatternFinding	Analysis.Evidence.Security	src/Analysis/Evidence/Security/SecurityPatternFinding.php	ast-name
Qualimetrix\Analysis\Finding\Contract\Location	Analysis.Finding	Qualimetrix\Analysis\Evidence\Security\SensitiveParameterRule	Analysis.Evidence.Security	src/Analysis/Evidence/Security/SensitiveParameterRule.php	ast-name
Qualimetrix\Analysis\Finding\Contract\Location	Analysis.Finding	Qualimetrix\Analysis\Evidence\Size\ClassCountRule	Analysis.Evidence.Size	src/Analysis/Evidence/Size/ClassCountRule.php	ast-name
Qualimetrix\Analysis\Finding\Contract\Location	Analysis.Finding	Qualimetrix\Analysis\Evidence\Size\MethodCountRule	Analysis.Evidence.Size	src/Analysis/Evidence/Size/MethodCountRule.php	ast-name
Qualimetrix\Analysis\Finding\Contract\Location	Analysis.Finding	Qualimetrix\Analysis\Evidence\Size\PropertyCountRule	Analysis.Evidence.Size	src/Analysis/Evidence/Size/PropertyCountRule.php	ast-name
Qualimetrix\Analysis\Finding\Contract\Location	Analysis.Finding	Qualimetrix\Analysis\Policy\Architecture\LayerViolation\DeclaredLayerReachability	Analysis.Policy.Architecture	src/Analysis/Policy/Architecture/LayerViolation/DeclaredLayerReachability.php	ast-name
Qualimetrix\Analysis\Finding\Contract\Location	Analysis.Finding	Qualimetrix\Analysis\Policy\Architecture\LayerViolation\LayerViolationFinding	Analysis.Policy.Architecture	src/Analysis/Policy/Architecture/LayerViolation/LayerViolationFinding.php	ast-name
Qualimetrix\Analysis\Finding\Contract\Location	Analysis.Finding	Qualimetrix\Analysis\Policy\Architecture\LayerViolation\UnassignedClassSummary	Analysis.Policy.Architecture	src/Analysis/Policy/Architecture/LayerViolation/UnassignedClassSummary.php	ast-name
Qualimetrix\Analysis\Finding\Contract\Location	Analysis.Finding	Qualimetrix\Analysis\Policy\Architecture\LayerViolation\UnmatchedExcludeDiagnostic	Analysis.Policy.Architecture	src/Analysis/Policy/Architecture/LayerViolation/UnmatchedExcludeDiagnostic.php	ast-name
Qualimetrix\Analysis\Finding\Contract\Location	Analysis.Finding	Qualimetrix\Analysis\Policy\Inline\Directive\Audit\ExecutionFingerprint	Analysis.Policy.Inline	src/Analysis/Policy/Inline/Directive/Audit/ExecutionFingerprint.php	ast-name
Qualimetrix\Analysis\Finding\Contract\Location	Analysis.Finding	Qualimetrix\Analysis\Policy\Inline\Directive\Audit\StaleDirectiveFinding	Analysis.Policy.Inline	src/Analysis/Policy/Inline/Directive/Audit/StaleDirectiveFinding.php	ast-name
Qualimetrix\Analysis\Finding\Contract\Location	Analysis.Finding	Qualimetrix\Analysis\Policy\Inline\Directive\InlineDirectiveValidator	Analysis.Policy.Inline	src/Analysis/Policy/Inline/Directive/InlineDirectiveValidator.php	ast-name
Qualimetrix\Analysis\Finding\Contract\Location	Analysis.Finding	Qualimetrix\Analysis\Run\ExcludeBinding\UnmatchedExcludeAudit	Analysis.Run	src/Analysis/Run/ExcludeBinding/UnmatchedExcludeAudit.php	ast-name
Qualimetrix\Analysis\Finding\Contract\Location	Analysis.Finding	Qualimetrix\Reporting\Formatter\Sarif\SarifFormatter	Reporting	src/Reporting/Formatter/Sarif/SarifFormatter.php	ast-name
Qualimetrix\Analysis\Finding\Contract\OccurrenceKey	Analysis.Finding	Qualimetrix\Analysis\Evidence\CircularDependency\CircularDependencyRule	Analysis.Evidence.CircularDependency	src/Analysis/Evidence/CircularDependency/CircularDependencyRule.php	ast-name
Qualimetrix\Analysis\Finding\Contract\OccurrenceKey	Analysis.Finding	Qualimetrix\Analysis\Evidence\CodeSmell\CodeSmellFinding	Analysis.Evidence.CodeSmell	src/Analysis/Evidence/CodeSmell/CodeSmellFinding.php	ast-name
Qualimetrix\Analysis\Finding\Contract\OccurrenceKey	Analysis.Finding	Qualimetrix\Analysis\Evidence\CodeSmell\IdenticalSubExpressionRule	Analysis.Evidence.CodeSmell	src/Analysis/Evidence/CodeSmell/IdenticalSubExpressionRule.php	ast-name
Qualimetrix\Analysis\Finding\Contract\OccurrenceKey	Analysis.Finding	Qualimetrix\Analysis\Evidence\Coupling\UnmatchedFrameworkNamespaceRule	Analysis.Evidence.Coupling	src/Analysis/Evidence/Coupling/UnmatchedFrameworkNamespaceRule.php	ast-name
Qualimetrix\Analysis\Finding\Contract\OccurrenceKey	Analysis.Finding	Qualimetrix\Analysis\Evidence\Duplication\CodeDuplicationRule	Analysis.Evidence.Duplication	src/Analysis/Evidence/Duplication/CodeDuplicationRule.php	ast-name
Qualimetrix\Analysis\Finding\Contract\OccurrenceKey	Analysis.Finding	Qualimetrix\Analysis\Evidence\Security\HardcodedCredentialsRule	Analysis.Evidence.Security	src/Analysis/Evidence/Security/HardcodedCredentialsRule.php	ast-name
Qualimetrix\Analysis\Finding\Contract\OccurrenceKey	Analysis.Finding	Qualimetrix\Analysis\Evidence\Security\SecurityPatternFinding	Analysis.Evidence.Security	src/Analysis/Evidence/Security/SecurityPatternFinding.php	ast-name
Qualimetrix\Analysis\Finding\Contract\OccurrenceKey	Analysis.Finding	Qualimetrix\Analysis\Evidence\Security\SensitiveParameterRule	Analysis.Evidence.Security	src/Analysis/Evidence/Security/SensitiveParameterRule.php	ast-name
Qualimetrix\Analysis\Finding\Contract\OccurrenceKey	Analysis.Finding	Qualimetrix\Analysis\Policy\Architecture\LayerViolation\LayerViolationFinding	Analysis.Policy.Architecture	src/Analysis/Policy/Architecture/LayerViolation/LayerViolationFinding.php	ast-name
Qualimetrix\Analysis\Finding\Contract\OccurrenceKey	Analysis.Finding	Qualimetrix\Analysis\Policy\Architecture\LayerViolation\UnmatchedExcludeDiagnostic	Analysis.Policy.Architecture	src/Analysis/Policy/Architecture/LayerViolation/UnmatchedExcludeDiagnostic.php	ast-name
Qualimetrix\Analysis\Finding\Contract\OccurrenceKey	Analysis.Finding	Qualimetrix\Analysis\Run\ExcludeBinding\UnmatchedExcludeAudit	Analysis.Run	src/Analysis/Run/ExcludeBinding/UnmatchedExcludeAudit.php	ast-name
Qualimetrix\Analysis\Finding\Contract\ProducerDeclaration	Analysis.Finding	Qualimetrix\Infrastructure\DependencyInjection\CompilerPass\ChannelDeclarationCompilerPass	Infrastructure.DependencyInjection	src/Infrastructure/DependencyInjection/CompilerPass/ChannelDeclarationCompilerPass.php	ast-name
Qualimetrix\Analysis\Finding\Contract\RuleConfigurationInterface	Analysis.Finding	Qualimetrix\Analysis\Evidence\Duplication\DuplicationDetector	Analysis.Evidence.Duplication	src/Analysis/Evidence/Duplication/DuplicationDetector.php	ast-name
Qualimetrix\Analysis\Finding\Contract\RuleConfigurationInterface	Analysis.Finding	Qualimetrix\Analysis\Policy\Inline\Directive\Audit\DirectiveUsage	Analysis.Policy.Inline	src/Analysis/Policy/Inline/Directive/Audit/DirectiveUsage.php	ast-name
Qualimetrix\Analysis\Finding\Contract\RuleConfigurationInterface	Analysis.Finding	Qualimetrix\Analysis\Policy\Inline\Directive\Audit\ThresholdDirectiveAudit	Analysis.Policy.Inline	src/Analysis/Policy/Inline/Directive/Audit/ThresholdDirectiveAudit.php	ast-name
Qualimetrix\Analysis\Finding\Contract\RuleConfigurationInterface	Analysis.Finding	Qualimetrix\Analysis\Run\RuleProducerPreparation	Analysis.Run	src/Analysis/Run/RuleProducerPreparation.php	ast-name
Qualimetrix\Analysis\Finding\Contract\RuleConfigurationInterface	Analysis.Finding	Qualimetrix\Infrastructure\Console\AnalysisRuntimeConfigurator	Infrastructure.Console	src/Infrastructure/Console/AnalysisRuntimeConfigurator.php	ast-name
Qualimetrix\Analysis\Finding\Contract\RuleConfigurationInterface	Analysis.Finding	Qualimetrix\Infrastructure\Console\ResultPresenter	Infrastructure.Console	src/Infrastructure/Console/ResultPresenter.php	ast-name
Qualimetrix\Analysis\Finding\Contract\RuleConfigurationInterface	Analysis.Finding	Qualimetrix\Infrastructure\DependencyInjection\Configurator\AnalysisConfigurator	Infrastructure.DependencyInjection	src/Infrastructure/DependencyInjection/Configurator/AnalysisConfigurator.php	ast-name
Qualimetrix\Analysis\Finding\Contract\RuleConfigurationInterface	Analysis.Finding	Qualimetrix\Infrastructure\DependencyInjection\Configurator\DuplicationConfigurator	Infrastructure.DependencyInjection	src/Infrastructure/DependencyInjection/Configurator/DuplicationConfigurator.php	ast-name
Qualimetrix\Analysis\Finding\Contract\RuleConfigurationInterface	Analysis.Finding	Qualimetrix\Infrastructure\DependencyInjection\Configurator\FindingConfigurator	Infrastructure.DependencyInjection	src/Infrastructure/DependencyInjection/Configurator/FindingConfigurator.php	ast-name
Qualimetrix\Analysis\Finding\Contract\RuleConfigurationInterface	Analysis.Finding	Qualimetrix\Infrastructure\DependencyInjection\Configurator\OutputConfigurator	Infrastructure.DependencyInjection	src/Infrastructure/DependencyInjection/Configurator/OutputConfigurator.php	ast-name
Qualimetrix\Analysis\Finding\Contract\RuleConfigurationInterface	Analysis.Finding	Qualimetrix\Reporting\FindingProjection\RuleExclusionLedgerAttributor	Reporting	src/Reporting/FindingProjection/RuleExclusionLedgerAttributor.php	ast-name
Qualimetrix\Analysis\Finding\Contract\RuleConfigurationInterface	Analysis.Finding	Qualimetrix\Reporting\FindingProjection\SuppressionCompositionBuilder	Reporting	src/Reporting/FindingProjection/SuppressionCompositionBuilder.php	ast-name
Qualimetrix\Analysis\Finding\Contract\RuleExclusionAttribution	Analysis.Finding	Qualimetrix\Reporting\FindingProjection\RuleExclusionLedgerAttributor	Reporting	src/Reporting/FindingProjection/RuleExclusionLedgerAttributor.php	ast-name
Qualimetrix\Analysis\Finding\Contract\RuleExclusionStats	Analysis.Finding	Qualimetrix\Infrastructure\Console\FindingFilterOrchestrator	Infrastructure.Console	src/Infrastructure/Console/FindingFilterOrchestrator.php	ast-name
Qualimetrix\Analysis\Finding\Contract\RuleExecutionInterface	Analysis.Finding	Qualimetrix\Analysis\Policy\Inline\Contract\Directive\ThresholdDirectiveAuditInput	Analysis.Policy.Inline	src/Analysis/Policy/Inline/Contract/Directive/ThresholdDirectiveAuditInput.php	ast-name
Qualimetrix\Analysis\Finding\Contract\RuleExecutionInterface	Analysis.Finding	Qualimetrix\Analysis\Run\Pipeline\AnalysisPipeline	Analysis.Run	src/Analysis/Run/Pipeline/AnalysisPipeline.php	ast-name
Qualimetrix\Analysis\Finding\Contract\RuleExecutionInterface	Analysis.Finding	Qualimetrix\Analysis\Run\RuleProducerPreparation	Analysis.Run	src/Analysis/Run/RuleProducerPreparation.php	ast-name
Qualimetrix\Analysis\Finding\Contract\RuleExecutionInterface	Analysis.Finding	Qualimetrix\Infrastructure\Console\Command\RulesCommand	Infrastructure.Console	src/Infrastructure/Console/Command/RulesCommand.php	ast-name
Qualimetrix\Analysis\Finding\Contract\RuleExecutionInterface	Analysis.Finding	Qualimetrix\Infrastructure\DependencyInjection\Configurator\AnalysisConfigurator	Infrastructure.DependencyInjection	src/Infrastructure/DependencyInjection/Configurator/AnalysisConfigurator.php	ast-name
Qualimetrix\Analysis\Finding\Contract\RuleExecutionInterface	Analysis.Finding	Qualimetrix\Infrastructure\DependencyInjection\Configurator\FindingConfigurator	Infrastructure.DependencyInjection	src/Infrastructure/DependencyInjection/Configurator/FindingConfigurator.php	ast-name
Qualimetrix\Analysis\Finding\Contract\RuleExecutionInterface	Analysis.Finding	Qualimetrix\Infrastructure\DependencyInjection\Configurator\OutputConfigurator	Infrastructure.DependencyInjection	src/Infrastructure/DependencyInjection/Configurator/OutputConfigurator.php	ast-name
Qualimetrix\Analysis\Finding\Contract\RuleExecutionInterface	Analysis.Finding	Qualimetrix\Infrastructure\DependencyInjection\Configurator\RuleConfigurator	Infrastructure.DependencyInjection	src/Infrastructure/DependencyInjection/Configurator/RuleConfigurator.php	ast-name
Qualimetrix\Analysis\Finding\Contract\RuleExecutionResult	Analysis.Finding	Qualimetrix\Analysis\Policy\Inline\Contract\Directive\ThresholdDirectiveAuditInput	Analysis.Policy.Inline	src/Analysis/Policy/Inline/Contract/Directive/ThresholdDirectiveAuditInput.php	ast-name
Qualimetrix\Analysis\Finding\Contract\RuleExecutionResult	Analysis.Finding	Qualimetrix\Analysis\Run\Contract\Pipeline\AnalysisResult	Analysis.Run	src/Analysis/Run/Contract/Pipeline/AnalysisResult.php	ast-name
Qualimetrix\Analysis\Finding\Contract\RuleExecutionResult	Analysis.Finding	Qualimetrix\Analysis\Run\Pipeline\PreparedRun	Analysis.Run	src/Analysis/Run/Pipeline/PreparedRun.php	ast-name
Qualimetrix\Analysis\Finding\Contract\RuleExecutionResult	Analysis.Finding	Qualimetrix\Analysis\Run\RuleProducerPreparation	Analysis.Run	src/Analysis/Run/RuleProducerPreparation.php	ast-name
Qualimetrix\Analysis\Finding\Contract\RuleExecutionResult	Analysis.Finding	Qualimetrix\Reporting\FindingProjection\RuleExclusionLedgerAttributor	Reporting	src/Reporting/FindingProjection/RuleExclusionLedgerAttributor.php	ast-name
Qualimetrix\Analysis\Finding\Contract\RuleExecutionResult	Analysis.Finding	Qualimetrix\Reporting\FindingProjection\SuppressionCompositionBuilder	Reporting	src/Reporting/FindingProjection/SuppressionCompositionBuilder.php	ast-name
Qualimetrix\Analysis\Finding\Contract\Rule\AbstractRule	Analysis.Finding	Qualimetrix\Analysis\Evidence\CircularDependency\CircularDependencyRule	Analysis.Evidence.CircularDependency	src/Analysis/Evidence/CircularDependency/CircularDependencyRule.php	ast-name
Qualimetrix\Analysis\Finding\Contract\Rule\AbstractRule	Analysis.Finding	Qualimetrix\Analysis\Evidence\CodeSmell\AbstractCodeSmellRule	Analysis.Evidence.CodeSmell	src/Analysis/Evidence/CodeSmell/AbstractCodeSmellRule.php	ast-name
Qualimetrix\Analysis\Finding\Contract\Rule\AbstractRule	Analysis.Finding	Qualimetrix\Analysis\Evidence\CodeSmell\ConstructorOverinjectionRule	Analysis.Evidence.CodeSmell	src/Analysis/Evidence/CodeSmell/ConstructorOverinjectionRule.php	ast-name
Qualimetrix\Analysis\Finding\Contract\Rule\AbstractRule	Analysis.Finding	Qualimetrix\Analysis\Evidence\CodeSmell\IdenticalSubExpressionRule	Analysis.Evidence.CodeSmell	src/Analysis/Evidence/CodeSmell/IdenticalSubExpressionRule.php	ast-name
Qualimetrix\Analysis\Finding\Contract\Rule\AbstractRule	Analysis.Finding	Qualimetrix\Analysis\Evidence\CodeSmell\LongParameterListRule	Analysis.Evidence.CodeSmell	src/Analysis/Evidence/CodeSmell/LongParameterListRule.php	ast-name
Qualimetrix\Analysis\Finding\Contract\Rule\AbstractRule	Analysis.Finding	Qualimetrix\Analysis\Evidence\CodeSmell\UnreachableCodeRule	Analysis.Evidence.CodeSmell	src/Analysis/Evidence/CodeSmell/UnreachableCodeRule.php	ast-name
Qualimetrix\Analysis\Finding\Contract\Rule\AbstractRule	Analysis.Finding	Qualimetrix\Analysis\Evidence\CodeSmell\UnusedPrivateRule	Analysis.Evidence.CodeSmell	src/Analysis/Evidence/CodeSmell/UnusedPrivateRule.php	ast-name
Qualimetrix\Analysis\Finding\Contract\Rule\AbstractRule	Analysis.Finding	Qualimetrix\Analysis\Evidence\Cohesion\LcomRule	Analysis.Evidence.Cohesion	src/Analysis/Evidence/Cohesion/LcomRule.php	ast-name
Qualimetrix\Analysis\Finding\Contract\Rule\AbstractRule	Analysis.Finding	Qualimetrix\Analysis\Evidence\Complexity\CognitiveComplexityRule	Analysis.Evidence.Complexity	src/Analysis/Evidence/Complexity/CognitiveComplexityRule.php	ast-name
Qualimetrix\Analysis\Finding\Contract\Rule\AbstractRule	Analysis.Finding	Qualimetrix\Analysis\Evidence\Complexity\ComplexityRule	Analysis.Evidence.Complexity	src/Analysis/Evidence/Complexity/ComplexityRule.php	ast-name
Qualimetrix\Analysis\Finding\Contract\Rule\AbstractRule	Analysis.Finding	Qualimetrix\Analysis\Evidence\Complexity\NpathComplexityRule	Analysis.Evidence.Complexity	src/Analysis/Evidence/Complexity/NpathComplexityRule.php	ast-name
Qualimetrix\Analysis\Finding\Contract\Rule\AbstractRule	Analysis.Finding	Qualimetrix\Analysis\Evidence\Complexity\WmcRule	Analysis.Evidence.Complexity	src/Analysis/Evidence/Complexity/WmcRule.php	ast-name
Qualimetrix\Analysis\Finding\Contract\Rule\AbstractRule	Analysis.Finding	Qualimetrix\Analysis\Evidence\ComputedMetrics\ComputedMetricRule	Analysis.Evidence.ComputedMetrics	src/Analysis/Evidence/ComputedMetrics/ComputedMetricRule.php	ast-name
Qualimetrix\Analysis\Finding\Contract\Rule\AbstractRule	Analysis.Finding	Qualimetrix\Analysis\Evidence\Coupling\CboRule	Analysis.Evidence.Coupling	src/Analysis/Evidence/Coupling/CboRule.php	ast-name
Qualimetrix\Analysis\Finding\Contract\Rule\AbstractRule	Analysis.Finding	Qualimetrix\Analysis\Evidence\Coupling\ClassRankRule	Analysis.Evidence.Coupling	src/Analysis/Evidence/Coupling/ClassRankRule.php	ast-name
Qualimetrix\Analysis\Finding\Contract\Rule\AbstractRule	Analysis.Finding	Qualimetrix\Analysis\Evidence\Coupling\DistanceRule	Analysis.Evidence.Coupling	src/Analysis/Evidence/Coupling/DistanceRule.php	ast-name
Qualimetrix\Analysis\Finding\Contract\Rule\AbstractRule	Analysis.Finding	Qualimetrix\Analysis\Evidence\Coupling\InstabilityRule	Analysis.Evidence.Coupling	src/Analysis/Evidence/Coupling/InstabilityRule.php	ast-name
Qualimetrix\Analysis\Finding\Contract\Rule\AbstractRule	Analysis.Finding	Qualimetrix\Analysis\Evidence\Coupling\UnmatchedFrameworkNamespaceRule	Analysis.Evidence.Coupling	src/Analysis/Evidence/Coupling/UnmatchedFrameworkNamespaceRule.php	ast-name
Qualimetrix\Analysis\Finding\Contract\Rule\AbstractRule	Analysis.Finding	Qualimetrix\Analysis\Evidence\Design\DataClass\DataClassRule	Analysis.Evidence.Design	src/Analysis/Evidence/Design/DataClass/DataClassRule.php	ast-name
Qualimetrix\Analysis\Finding\Contract\Rule\AbstractRule	Analysis.Finding	Qualimetrix\Analysis\Evidence\Design\GodClass\GodClassRule	Analysis.Evidence.Design	src/Analysis/Evidence/Design/GodClass/GodClassRule.php	ast-name
Qualimetrix\Analysis\Finding\Contract\Rule\AbstractRule	Analysis.Finding	Qualimetrix\Analysis\Evidence\Design\Inheritance\InheritanceRule	Analysis.Evidence.Design	src/Analysis/Evidence/Design/Inheritance/InheritanceRule.php	ast-name
Qualimetrix\Analysis\Finding\Contract\Rule\AbstractRule	Analysis.Finding	Qualimetrix\Analysis\Evidence\Design\Inheritance\NocRule	Analysis.Evidence.Design	src/Analysis/Evidence/Design/Inheritance/NocRule.php	ast-name
Qualimetrix\Analysis\Finding\Contract\Rule\AbstractRule	Analysis.Finding	Qualimetrix\Analysis\Evidence\Design\TypeCoverage\AbstractTypeCoverageRule	Analysis.Evidence.Design	src/Analysis/Evidence/Design/TypeCoverage/AbstractTypeCoverageRule.php	ast-name
Qualimetrix\Analysis\Finding\Contract\Rule\AbstractRule	Analysis.Finding	Qualimetrix\Analysis\Evidence\Duplication\CodeDuplicationRule	Analysis.Evidence.Duplication	src/Analysis/Evidence/Duplication/CodeDuplicationRule.php	ast-name
Qualimetrix\Analysis\Finding\Contract\Rule\AbstractRule	Analysis.Finding	Qualimetrix\Analysis\Evidence\Maintainability\MaintainabilityRule	Analysis.Evidence.Maintainability	src/Analysis/Evidence/Maintainability/MaintainabilityRule.php	ast-name
Qualimetrix\Analysis\Finding\Contract\Rule\AbstractRule	Analysis.Finding	Qualimetrix\Analysis\Evidence\Security\AbstractSecurityPatternRule	Analysis.Evidence.Security	src/Analysis/Evidence/Security/AbstractSecurityPatternRule.php	ast-name
Qualimetrix\Analysis\Finding\Contract\Rule\AbstractRule	Analysis.Finding	Qualimetrix\Analysis\Evidence\Security\HardcodedCredentialsRule	Analysis.Evidence.Security	src/Analysis/Evidence/Security/HardcodedCredentialsRule.php	ast-name
Qualimetrix\Analysis\Finding\Contract\Rule\AbstractRule	Analysis.Finding	Qualimetrix\Analysis\Evidence\Security\SensitiveParameterRule	Analysis.Evidence.Security	src/Analysis/Evidence/Security/SensitiveParameterRule.php	ast-name
Qualimetrix\Analysis\Finding\Contract\Rule\AbstractRule	Analysis.Finding	Qualimetrix\Analysis\Evidence\Size\ClassCountRule	Analysis.Evidence.Size	src/Analysis/Evidence/Size/ClassCountRule.php	ast-name
Qualimetrix\Analysis\Finding\Contract\Rule\AbstractRule	Analysis.Finding	Qualimetrix\Analysis\Evidence\Size\MethodCountRule	Analysis.Evidence.Size	src/Analysis/Evidence/Size/MethodCountRule.php	ast-name
Qualimetrix\Analysis\Finding\Contract\Rule\AbstractRule	Analysis.Finding	Qualimetrix\Analysis\Evidence\Size\PropertyCountRule	Analysis.Evidence.Size	src/Analysis/Evidence/Size/PropertyCountRule.php	ast-name
Qualimetrix\Analysis\Finding\Contract\Rule\AbstractRule	Analysis.Finding	Qualimetrix\Analysis\Policy\Architecture\LayerViolation\LayerViolationRule	Analysis.Policy.Architecture	src/Analysis/Policy/Architecture/LayerViolation/LayerViolationRule.php	ast-name
Qualimetrix\Analysis\Finding\Contract\Rule\AbstractRule	Analysis.Finding	Qualimetrix\Analysis\Policy\Architecture\LayerViolation\UnassignedClassRule	Analysis.Policy.Architecture	src/Analysis/Policy/Architecture/LayerViolation/UnassignedClassRule.php	ast-name
Qualimetrix\Analysis\Finding\Contract\Rule\AbstractRule	Analysis.Finding	Qualimetrix\Analysis\Policy\Inline\Directive\UnusedDirectiveRule	Analysis.Policy.Inline	src/Analysis/Policy/Inline/Directive/UnusedDirectiveRule.php	ast-name
Qualimetrix\Analysis\Finding\Contract\Rule\AbstractRule	Analysis.Finding	Qualimetrix\Analysis\Run\ExcludeBinding\UnmatchedExcludeRule	Analysis.Run	src/Analysis/Run/ExcludeBinding/UnmatchedExcludeRule.php	ast-name
Qualimetrix\Analysis\Finding\Contract\Rule\AnalysisContext	Analysis.Finding	Qualimetrix\Analysis\Evidence\CircularDependency\CircularDependencyRule	Analysis.Evidence.CircularDependency	src/Analysis/Evidence/CircularDependency/CircularDependencyRule.php	ast-name
Qualimetrix\Analysis\Finding\Contract\Rule\AnalysisContext	Analysis.Finding	Qualimetrix\Analysis\Evidence\CodeSmell\AbstractCodeSmellRule	Analysis.Evidence.CodeSmell	src/Analysis/Evidence/CodeSmell/AbstractCodeSmellRule.php	ast-name
Qualimetrix\Analysis\Finding\Contract\Rule\AnalysisContext	Analysis.Finding	Qualimetrix\Analysis\Evidence\CodeSmell\ConstructorOverinjectionRule	Analysis.Evidence.CodeSmell	src/Analysis/Evidence/CodeSmell/ConstructorOverinjectionRule.php	ast-name
Qualimetrix\Analysis\Finding\Contract\Rule\AnalysisContext	Analysis.Finding	Qualimetrix\Analysis\Evidence\CodeSmell\IdenticalSubExpressionRule	Analysis.Evidence.CodeSmell	src/Analysis/Evidence/CodeSmell/IdenticalSubExpressionRule.php	ast-name
Qualimetrix\Analysis\Finding\Contract\Rule\AnalysisContext	Analysis.Finding	Qualimetrix\Analysis\Evidence\CodeSmell\LongParameterListRule	Analysis.Evidence.CodeSmell	src/Analysis/Evidence/CodeSmell/LongParameterListRule.php	ast-name
Qualimetrix\Analysis\Finding\Contract\Rule\AnalysisContext	Analysis.Finding	Qualimetrix\Analysis\Evidence\CodeSmell\UnreachableCodeRule	Analysis.Evidence.CodeSmell	src/Analysis/Evidence/CodeSmell/UnreachableCodeRule.php	ast-name
Qualimetrix\Analysis\Finding\Contract\Rule\AnalysisContext	Analysis.Finding	Qualimetrix\Analysis\Evidence\CodeSmell\UnusedPrivateRule	Analysis.Evidence.CodeSmell	src/Analysis/Evidence/CodeSmell/UnusedPrivateRule.php	ast-name
Qualimetrix\Analysis\Finding\Contract\Rule\AnalysisContext	Analysis.Finding	Qualimetrix\Analysis\Evidence\Cohesion\LcomRule	Analysis.Evidence.Cohesion	src/Analysis/Evidence/Cohesion/LcomRule.php	ast-name
Qualimetrix\Analysis\Finding\Contract\Rule\AnalysisContext	Analysis.Finding	Qualimetrix\Analysis\Evidence\Complexity\CognitiveComplexityRule	Analysis.Evidence.Complexity	src/Analysis/Evidence/Complexity/CognitiveComplexityRule.php	ast-name
Qualimetrix\Analysis\Finding\Contract\Rule\AnalysisContext	Analysis.Finding	Qualimetrix\Analysis\Evidence\Complexity\ComplexityRule	Analysis.Evidence.Complexity	src/Analysis/Evidence/Complexity/ComplexityRule.php	ast-name
Qualimetrix\Analysis\Finding\Contract\Rule\AnalysisContext	Analysis.Finding	Qualimetrix\Analysis\Evidence\Complexity\NpathComplexityRule	Analysis.Evidence.Complexity	src/Analysis/Evidence/Complexity/NpathComplexityRule.php	ast-name
Qualimetrix\Analysis\Finding\Contract\Rule\AnalysisContext	Analysis.Finding	Qualimetrix\Analysis\Evidence\Complexity\WmcRule	Analysis.Evidence.Complexity	src/Analysis/Evidence/Complexity/WmcRule.php	ast-name
Qualimetrix\Analysis\Finding\Contract\Rule\AnalysisContext	Analysis.Finding	Qualimetrix\Analysis\Evidence\ComputedMetrics\ComputedMetricRule	Analysis.Evidence.ComputedMetrics	src/Analysis/Evidence/ComputedMetrics/ComputedMetricRule.php	ast-name
Qualimetrix\Analysis\Finding\Contract\Rule\AnalysisContext	Analysis.Finding	Qualimetrix\Analysis\Evidence\Coupling\CboRule	Analysis.Evidence.Coupling	src/Analysis/Evidence/Coupling/CboRule.php	ast-name
Qualimetrix\Analysis\Finding\Contract\Rule\AnalysisContext	Analysis.Finding	Qualimetrix\Analysis\Evidence\Coupling\ClassRankRule	Analysis.Evidence.Coupling	src/Analysis/Evidence/Coupling/ClassRankRule.php	ast-name
Qualimetrix\Analysis\Finding\Contract\Rule\AnalysisContext	Analysis.Finding	Qualimetrix\Analysis\Evidence\Coupling\DistanceRule	Analysis.Evidence.Coupling	src/Analysis/Evidence/Coupling/DistanceRule.php	ast-name
Qualimetrix\Analysis\Finding\Contract\Rule\AnalysisContext	Analysis.Finding	Qualimetrix\Analysis\Evidence\Coupling\InstabilityRule	Analysis.Evidence.Coupling	src/Analysis/Evidence/Coupling/InstabilityRule.php	ast-name
Qualimetrix\Analysis\Finding\Contract\Rule\AnalysisContext	Analysis.Finding	Qualimetrix\Analysis\Evidence\Coupling\UnmatchedFrameworkNamespaceRule	Analysis.Evidence.Coupling	src/Analysis/Evidence/Coupling/UnmatchedFrameworkNamespaceRule.php	ast-name
Qualimetrix\Analysis\Finding\Contract\Rule\AnalysisContext	Analysis.Finding	Qualimetrix\Analysis\Evidence\Design\DataClass\DataClassRule	Analysis.Evidence.Design	src/Analysis/Evidence/Design/DataClass/DataClassRule.php	ast-name
Qualimetrix\Analysis\Finding\Contract\Rule\AnalysisContext	Analysis.Finding	Qualimetrix\Analysis\Evidence\Design\GodClass\GodClassRule	Analysis.Evidence.Design	src/Analysis/Evidence/Design/GodClass/GodClassRule.php	ast-name
Qualimetrix\Analysis\Finding\Contract\Rule\AnalysisContext	Analysis.Finding	Qualimetrix\Analysis\Evidence\Design\Inheritance\InheritanceRule	Analysis.Evidence.Design	src/Analysis/Evidence/Design/Inheritance/InheritanceRule.php	ast-name
Qualimetrix\Analysis\Finding\Contract\Rule\AnalysisContext	Analysis.Finding	Qualimetrix\Analysis\Evidence\Design\Inheritance\NocRule	Analysis.Evidence.Design	src/Analysis/Evidence/Design/Inheritance/NocRule.php	ast-name
Qualimetrix\Analysis\Finding\Contract\Rule\AnalysisContext	Analysis.Finding	Qualimetrix\Analysis\Evidence\Design\TypeCoverage\AbstractTypeCoverageRule	Analysis.Evidence.Design	src/Analysis/Evidence/Design/TypeCoverage/AbstractTypeCoverageRule.php	ast-name
Qualimetrix\Analysis\Finding\Contract\Rule\AnalysisContext	Analysis.Finding	Qualimetrix\Analysis\Evidence\Duplication\CodeDuplicationRule	Analysis.Evidence.Duplication	src/Analysis/Evidence/Duplication/CodeDuplicationRule.php	ast-name
Qualimetrix\Analysis\Finding\Contract\Rule\AnalysisContext	Analysis.Finding	Qualimetrix\Analysis\Evidence\Maintainability\MaintainabilityRule	Analysis.Evidence.Maintainability	src/Analysis/Evidence/Maintainability/MaintainabilityRule.php	ast-name
Qualimetrix\Analysis\Finding\Contract\Rule\AnalysisContext	Analysis.Finding	Qualimetrix\Analysis\Evidence\Security\AbstractSecurityPatternRule	Analysis.Evidence.Security	src/Analysis/Evidence/Security/AbstractSecurityPatternRule.php	ast-name
Qualimetrix\Analysis\Finding\Contract\Rule\AnalysisContext	Analysis.Finding	Qualimetrix\Analysis\Evidence\Security\HardcodedCredentialsRule	Analysis.Evidence.Security	src/Analysis/Evidence/Security/HardcodedCredentialsRule.php	ast-name
Qualimetrix\Analysis\Finding\Contract\Rule\AnalysisContext	Analysis.Finding	Qualimetrix\Analysis\Evidence\Security\SensitiveParameterRule	Analysis.Evidence.Security	src/Analysis/Evidence/Security/SensitiveParameterRule.php	ast-name
Qualimetrix\Analysis\Finding\Contract\Rule\AnalysisContext	Analysis.Finding	Qualimetrix\Analysis\Evidence\Size\ClassCountRule	Analysis.Evidence.Size	src/Analysis/Evidence/Size/ClassCountRule.php	ast-name
Qualimetrix\Analysis\Finding\Contract\Rule\AnalysisContext	Analysis.Finding	Qualimetrix\Analysis\Evidence\Size\MethodCountRule	Analysis.Evidence.Size	src/Analysis/Evidence/Size/MethodCountRule.php	ast-name
Qualimetrix\Analysis\Finding\Contract\Rule\AnalysisContext	Analysis.Finding	Qualimetrix\Analysis\Evidence\Size\PropertyCountRule	Analysis.Evidence.Size	src/Analysis/Evidence/Size/PropertyCountRule.php	ast-name
Qualimetrix\Analysis\Finding\Contract\Rule\AnalysisContext	Analysis.Finding	Qualimetrix\Analysis\Policy\Architecture\LayerViolation\LayerDeclarationValidator	Analysis.Policy.Architecture	src/Analysis/Policy/Architecture/LayerViolation/LayerDeclarationValidator.php	ast-name
Qualimetrix\Analysis\Finding\Contract\Rule\AnalysisContext	Analysis.Finding	Qualimetrix\Analysis\Policy\Architecture\LayerViolation\LayerEvidenceCollector	Analysis.Policy.Architecture	src/Analysis/Policy/Architecture/LayerViolation/LayerEvidenceCollector.php	ast-name
Qualimetrix\Analysis\Finding\Contract\Rule\AnalysisContext	Analysis.Finding	Qualimetrix\Analysis\Policy\Architecture\LayerViolation\LayerViolationRule	Analysis.Policy.Architecture	src/Analysis/Policy/Architecture/LayerViolation/LayerViolationRule.php	ast-name
Qualimetrix\Analysis\Finding\Contract\Rule\AnalysisContext	Analysis.Finding	Qualimetrix\Analysis\Policy\Architecture\LayerViolation\UnassignedClassRule	Analysis.Policy.Architecture	src/Analysis/Policy/Architecture/LayerViolation/UnassignedClassRule.php	ast-name
Qualimetrix\Analysis\Finding\Contract\Rule\AnalysisContext	Analysis.Finding	Qualimetrix\Analysis\Policy\Inline\Contract\Directive\ThresholdDirectiveAuditInput	Analysis.Policy.Inline	src/Analysis/Policy/Inline/Contract/Directive/ThresholdDirectiveAuditInput.php	ast-name
Qualimetrix\Analysis\Finding\Contract\Rule\AnalysisContext	Analysis.Finding	Qualimetrix\Analysis\Policy\Inline\Directive\Audit\ThresholdDirectiveAudit	Analysis.Policy.Inline	src/Analysis/Policy/Inline/Directive/Audit/ThresholdDirectiveAudit.php	ast-name
Qualimetrix\Analysis\Finding\Contract\Rule\AnalysisContext	Analysis.Finding	Qualimetrix\Analysis\Policy\Inline\Directive\InlineDirectiveValidator	Analysis.Policy.Inline	src/Analysis/Policy/Inline/Directive/InlineDirectiveValidator.php	ast-name
Qualimetrix\Analysis\Finding\Contract\Rule\AnalysisContext	Analysis.Finding	Qualimetrix\Analysis\Policy\Inline\Directive\UnusedDirectiveRule	Analysis.Policy.Inline	src/Analysis/Policy/Inline/Directive/UnusedDirectiveRule.php	ast-name
Qualimetrix\Analysis\Finding\Contract\Rule\AnalysisContext	Analysis.Finding	Qualimetrix\Analysis\Run\ExcludeBinding\UnmatchedExcludeRule	Analysis.Run	src/Analysis/Run/ExcludeBinding/UnmatchedExcludeRule.php	ast-name
Qualimetrix\Analysis\Finding\Contract\Rule\AnalysisContext	Analysis.Finding	Qualimetrix\Analysis\Run\Pipeline\AnalysisPipeline	Analysis.Run	src/Analysis/Run/Pipeline/AnalysisPipeline.php	ast-name
Qualimetrix\Analysis\Finding\Contract\Rule\AnalysisContext	Analysis.Finding	Qualimetrix\Analysis\Run\Pipeline\PreparedRun	Analysis.Run	src/Analysis/Run/Pipeline/PreparedRun.php	ast-name
Qualimetrix\Analysis\Finding\Contract\Rule\AnalysisContext	Analysis.Finding	Qualimetrix\Analysis\Run\RuleProducerPreparation	Analysis.Run	src/Analysis/Run/RuleProducerPreparation.php	ast-name
Qualimetrix\Analysis\Finding\Contract\Rule\Attribute\CliAlias	Analysis.Finding	Qualimetrix\Analysis\Evidence\CircularDependency\CircularDependencyRule	Analysis.Evidence.CircularDependency	src/Analysis/Evidence/CircularDependency/CircularDependencyRule.php	ast-name
Qualimetrix\Analysis\Finding\Contract\Rule\Attribute\CliAlias	Analysis.Finding	Qualimetrix\Analysis\Evidence\CodeSmell\ConstructorOverinjectionRule	Analysis.Evidence.CodeSmell	src/Analysis/Evidence/CodeSmell/ConstructorOverinjectionRule.php	ast-name
Qualimetrix\Analysis\Finding\Contract\Rule\Attribute\CliAlias	Analysis.Finding	Qualimetrix\Analysis\Evidence\CodeSmell\LongParameterListRule	Analysis.Evidence.CodeSmell	src/Analysis/Evidence/CodeSmell/LongParameterListRule.php	ast-name
Qualimetrix\Analysis\Finding\Contract\Rule\Attribute\CliAlias	Analysis.Finding	Qualimetrix\Analysis\Evidence\CodeSmell\UnreachableCodeRule	Analysis.Evidence.CodeSmell	src/Analysis/Evidence/CodeSmell/UnreachableCodeRule.php	ast-name
Qualimetrix\Analysis\Finding\Contract\Rule\Attribute\CliAlias	Analysis.Finding	Qualimetrix\Analysis\Evidence\Cohesion\LcomRule	Analysis.Evidence.Cohesion	src/Analysis/Evidence/Cohesion/LcomRule.php	ast-name
Qualimetrix\Analysis\Finding\Contract\Rule\Attribute\CliAlias	Analysis.Finding	Qualimetrix\Analysis\Evidence\Complexity\CognitiveComplexityRule	Analysis.Evidence.Complexity	src/Analysis/Evidence/Complexity/CognitiveComplexityRule.php	ast-name
Qualimetrix\Analysis\Finding\Contract\Rule\Attribute\CliAlias	Analysis.Finding	Qualimetrix\Analysis\Evidence\Complexity\ComplexityRule	Analysis.Evidence.Complexity	src/Analysis/Evidence/Complexity/ComplexityRule.php	ast-name
Qualimetrix\Analysis\Finding\Contract\Rule\Attribute\CliAlias	Analysis.Finding	Qualimetrix\Analysis\Evidence\Complexity\NpathComplexityRule	Analysis.Evidence.Complexity	src/Analysis/Evidence/Complexity/NpathComplexityRule.php	ast-name
Qualimetrix\Analysis\Finding\Contract\Rule\Attribute\CliAlias	Analysis.Finding	Qualimetrix\Analysis\Evidence\Complexity\WmcRule	Analysis.Evidence.Complexity	src/Analysis/Evidence/Complexity/WmcRule.php	ast-name
Qualimetrix\Analysis\Finding\Contract\Rule\Attribute\CliAlias	Analysis.Finding	Qualimetrix\Analysis\Evidence\Coupling\CboRule	Analysis.Evidence.Coupling	src/Analysis/Evidence/Coupling/CboRule.php	ast-name
Qualimetrix\Analysis\Finding\Contract\Rule\Attribute\CliAlias	Analysis.Finding	Qualimetrix\Analysis\Evidence\Coupling\ClassRankRule	Analysis.Evidence.Coupling	src/Analysis/Evidence/Coupling/ClassRankRule.php	ast-name
Qualimetrix\Analysis\Finding\Contract\Rule\Attribute\CliAlias	Analysis.Finding	Qualimetrix\Analysis\Evidence\Coupling\DistanceRule	Analysis.Evidence.Coupling	src/Analysis/Evidence/Coupling/DistanceRule.php	ast-name
Qualimetrix\Analysis\Finding\Contract\Rule\Attribute\CliAlias	Analysis.Finding	Qualimetrix\Analysis\Evidence\Coupling\InstabilityRule	Analysis.Evidence.Coupling	src/Analysis/Evidence/Coupling/InstabilityRule.php	ast-name
Qualimetrix\Analysis\Finding\Contract\Rule\Attribute\CliAlias	Analysis.Finding	Qualimetrix\Analysis\Evidence\Design\DataClass\DataClassRule	Analysis.Evidence.Design	src/Analysis/Evidence/Design/DataClass/DataClassRule.php	ast-name
Qualimetrix\Analysis\Finding\Contract\Rule\Attribute\CliAlias	Analysis.Finding	Qualimetrix\Analysis\Evidence\Design\GodClass\GodClassRule	Analysis.Evidence.Design	src/Analysis/Evidence/Design/GodClass/GodClassRule.php	ast-name
Qualimetrix\Analysis\Finding\Contract\Rule\Attribute\CliAlias	Analysis.Finding	Qualimetrix\Analysis\Evidence\Design\Inheritance\InheritanceRule	Analysis.Evidence.Design	src/Analysis/Evidence/Design/Inheritance/InheritanceRule.php	ast-name
Qualimetrix\Analysis\Finding\Contract\Rule\Attribute\CliAlias	Analysis.Finding	Qualimetrix\Analysis\Evidence\Design\Inheritance\NocRule	Analysis.Evidence.Design	src/Analysis/Evidence/Design/Inheritance/NocRule.php	ast-name
Qualimetrix\Analysis\Finding\Contract\Rule\Attribute\CliAlias	Analysis.Finding	Qualimetrix\Analysis\Evidence\Design\TypeCoverage\ParamTypeCoverageRule	Analysis.Evidence.Design	src/Analysis/Evidence/Design/TypeCoverage/ParamTypeCoverageRule.php	ast-name
Qualimetrix\Analysis\Finding\Contract\Rule\Attribute\CliAlias	Analysis.Finding	Qualimetrix\Analysis\Evidence\Design\TypeCoverage\PropertyTypeCoverageRule	Analysis.Evidence.Design	src/Analysis/Evidence/Design/TypeCoverage/PropertyTypeCoverageRule.php	ast-name
Qualimetrix\Analysis\Finding\Contract\Rule\Attribute\CliAlias	Analysis.Finding	Qualimetrix\Analysis\Evidence\Design\TypeCoverage\ReturnTypeCoverageRule	Analysis.Evidence.Design	src/Analysis/Evidence/Design/TypeCoverage/ReturnTypeCoverageRule.php	ast-name
Qualimetrix\Analysis\Finding\Contract\Rule\Attribute\CliAlias	Analysis.Finding	Qualimetrix\Analysis\Evidence\Maintainability\MaintainabilityRule	Analysis.Evidence.Maintainability	src/Analysis/Evidence/Maintainability/MaintainabilityRule.php	ast-name
Qualimetrix\Analysis\Finding\Contract\Rule\Attribute\CliAlias	Analysis.Finding	Qualimetrix\Analysis\Evidence\Size\ClassCountRule	Analysis.Evidence.Size	src/Analysis/Evidence/Size/ClassCountRule.php	ast-name
Qualimetrix\Analysis\Finding\Contract\Rule\Attribute\CliAlias	Analysis.Finding	Qualimetrix\Analysis\Evidence\Size\MethodCountRule	Analysis.Evidence.Size	src/Analysis/Evidence/Size/MethodCountRule.php	ast-name
Qualimetrix\Analysis\Finding\Contract\Rule\Attribute\CliAlias	Analysis.Finding	Qualimetrix\Analysis\Evidence\Size\PropertyCountRule	Analysis.Evidence.Size	src/Analysis/Evidence/Size/PropertyCountRule.php	ast-name
Qualimetrix\Analysis\Finding\Contract\Rule\Attribute\CliAlias	Analysis.Finding	Qualimetrix\Analysis\Policy\Architecture\LayerViolation\LayerViolationRule	Analysis.Policy.Architecture	src/Analysis/Policy/Architecture/LayerViolation/LayerViolationRule.php	ast-name
Qualimetrix\Analysis\Finding\Contract\Rule\Attribute\CliAlias	Analysis.Finding	Qualimetrix\Analysis\Policy\Architecture\LayerViolation\UnassignedClassRule	Analysis.Policy.Architecture	src/Analysis/Policy/Architecture/LayerViolation/UnassignedClassRule.php	ast-name
Qualimetrix\Analysis\Finding\Contract\Rule\ChannelDeclarationReader	Analysis.Finding	Qualimetrix\Infrastructure\Console\Command\BaselineConfiguredThresholds	Infrastructure.Console	src/Infrastructure/Console/Command/BaselineConfiguredThresholds.php	ast-name
Qualimetrix\Analysis\Finding\Contract\Rule\ChannelDeclarationReader	Analysis.Finding	Qualimetrix\Infrastructure\DependencyInjection\CompilerPass\ChannelDeclarationCompilerPass	Infrastructure.DependencyInjection	src/Infrastructure/DependencyInjection/CompilerPass/ChannelDeclarationCompilerPass.php	ast-name
Qualimetrix\Analysis\Finding\Contract\Rule\ChannelLevelAddressing	Analysis.Finding	Qualimetrix\Analysis\Policy\Inline\Directive\Audit\DirectiveUsage	Analysis.Policy.Inline	src/Analysis/Policy/Inline/Directive/Audit/DirectiveUsage.php	ast-name
Qualimetrix\Analysis\Finding\Contract\Rule\ChannelLevelAddressing	Analysis.Finding	Qualimetrix\Analysis\Policy\Inline\Directive\DirectiveAddressability	Analysis.Policy.Inline	src/Analysis/Policy/Inline/Directive/DirectiveAddressability.php	ast-name
Qualimetrix\Analysis\Finding\Contract\Rule\ChannelLevelAddressing	Analysis.Finding	Qualimetrix\Infrastructure\Console\ChannelExclusionKeyValidator	Infrastructure.Console	src/Infrastructure/Console/ChannelExclusionKeyValidator.php	ast-name
Qualimetrix\Analysis\Finding\Contract\Rule\ChannelLevelAddressing	Analysis.Finding	Qualimetrix\Infrastructure\Console\RuleInputValidator	Infrastructure.Console	src/Infrastructure/Console/RuleInputValidator.php	ast-name
Qualimetrix\Analysis\Finding\Contract\Rule\ChannelLevelSelector	Analysis.Finding	Qualimetrix\Analysis\Policy\Inline\Contract\Suppression\SuppressionTarget	Analysis.Policy.Inline	src/Analysis/Policy/Inline/Contract/Suppression/SuppressionTarget.php	ast-name
Qualimetrix\Analysis\Finding\Contract\Rule\ChannelLevelSelector	Analysis.Finding	Qualimetrix\Analysis\Policy\Inline\Directive\DirectiveAddressability	Analysis.Policy.Inline	src/Analysis/Policy/Inline/Directive/DirectiveAddressability.php	ast-name
Qualimetrix\Analysis\Finding\Contract\Rule\ChannelLevelSelector	Analysis.Finding	Qualimetrix\Infrastructure\Console\ChannelExclusionKeyValidator	Infrastructure.Console	src/Infrastructure/Console/ChannelExclusionKeyValidator.php	ast-name
Qualimetrix\Analysis\Finding\Contract\Rule\ChannelLevelSelector	Analysis.Finding	Qualimetrix\Infrastructure\Console\RuleInputValidator	Infrastructure.Console	src/Infrastructure/Console/RuleInputValidator.php	ast-name
Qualimetrix\Analysis\Finding\Contract\Rule\CliAliasReader	Analysis.Finding	Qualimetrix\Infrastructure\Console\CheckCommandDefinition	Infrastructure.Console	src/Infrastructure/Console/CheckCommandDefinition.php	ast-name
Qualimetrix\Analysis\Finding\Contract\Rule\CliAliasReader	Analysis.Finding	Qualimetrix\Infrastructure\Rule\RuleRegistry	Infrastructure.Rule	src/Infrastructure/Rule/RuleRegistry.php	ast-name
Qualimetrix\Analysis\Finding\Contract\Rule\FrameworkOptionKeys	Analysis.Finding	Qualimetrix\Infrastructure\Console\CliOptionsParser	Infrastructure.Console	src/Infrastructure/Console/CliOptionsParser.php	ast-name
Qualimetrix\Analysis\Finding\Contract\Rule\FrameworkOptionKeys	Analysis.Finding	Qualimetrix\Infrastructure\Console\Command\RulesCommand	Infrastructure.Console	src/Infrastructure/Console/Command/RulesCommand.php	ast-name
Qualimetrix\Analysis\Finding\Contract\Rule\FrameworkOptionKeys	Analysis.Finding	Qualimetrix\Infrastructure\Console\RuleListingPresenter	Infrastructure.Console	src/Infrastructure/Console/RuleListingPresenter.php	ast-name
Qualimetrix\Analysis\Finding\Contract\Rule\HierarchicalRuleInterface	Analysis.Finding	Qualimetrix\Analysis\Evidence\Complexity\CognitiveComplexityRule	Analysis.Evidence.Complexity	src/Analysis/Evidence/Complexity/CognitiveComplexityRule.php	ast-name
Qualimetrix\Analysis\Finding\Contract\Rule\HierarchicalRuleInterface	Analysis.Finding	Qualimetrix\Analysis\Evidence\Complexity\ComplexityRule	Analysis.Evidence.Complexity	src/Analysis/Evidence/Complexity/ComplexityRule.php	ast-name
Qualimetrix\Analysis\Finding\Contract\Rule\HierarchicalRuleInterface	Analysis.Finding	Qualimetrix\Analysis\Evidence\Complexity\NpathComplexityRule	Analysis.Evidence.Complexity	src/Analysis/Evidence/Complexity/NpathComplexityRule.php	ast-name
Qualimetrix\Analysis\Finding\Contract\Rule\HierarchicalRuleInterface	Analysis.Finding	Qualimetrix\Analysis\Evidence\Coupling\CboRule	Analysis.Evidence.Coupling	src/Analysis/Evidence/Coupling/CboRule.php	ast-name
Qualimetrix\Analysis\Finding\Contract\Rule\HierarchicalRuleInterface	Analysis.Finding	Qualimetrix\Analysis\Evidence\Coupling\InstabilityRule	Analysis.Evidence.Coupling	src/Analysis/Evidence/Coupling/InstabilityRule.php	ast-name
Qualimetrix\Analysis\Finding\Contract\Rule\HierarchicalRuleOptionsInterface	Analysis.Finding	Qualimetrix\Analysis\Evidence\Complexity\CognitiveComplexityOptions	Analysis.Evidence.Complexity	src/Analysis/Evidence/Complexity/CognitiveComplexityOptions.php	ast-name
Qualimetrix\Analysis\Finding\Contract\Rule\HierarchicalRuleOptionsInterface	Analysis.Finding	Qualimetrix\Analysis\Evidence\Complexity\ComplexityOptions	Analysis.Evidence.Complexity	src/Analysis/Evidence/Complexity/ComplexityOptions.php	ast-name
Qualimetrix\Analysis\Finding\Contract\Rule\HierarchicalRuleOptionsInterface	Analysis.Finding	Qualimetrix\Analysis\Evidence\Complexity\NpathComplexityOptions	Analysis.Evidence.Complexity	src/Analysis/Evidence/Complexity/NpathComplexityOptions.php	ast-name
Qualimetrix\Analysis\Finding\Contract\Rule\HierarchicalRuleOptionsInterface	Analysis.Finding	Qualimetrix\Analysis\Evidence\Coupling\CboOptions	Analysis.Evidence.Coupling	src/Analysis/Evidence/Coupling/CboOptions.php	ast-name
Qualimetrix\Analysis\Finding\Contract\Rule\HierarchicalRuleOptionsInterface	Analysis.Finding	Qualimetrix\Analysis\Evidence\Coupling\InstabilityOptions	Analysis.Evidence.Coupling	src/Analysis/Evidence/Coupling/InstabilityOptions.php	ast-name
Qualimetrix\Analysis\Finding\Contract\Rule\HierarchicalRuleOptionsInterface	Analysis.Finding	Qualimetrix\Analysis\Policy\Inline\Contract\RuleValidatorMapFactory	Analysis.Policy.Inline	src/Analysis/Policy/Inline/Contract/RuleValidatorMapFactory.php	ast-name
Qualimetrix\Analysis\Finding\Contract\Rule\HierarchicalRuleOptionsInterface	Analysis.Finding	Qualimetrix\Infrastructure\Console\Command\BaselineConfiguredThresholds	Infrastructure.Console	src/Infrastructure/Console/Command/BaselineConfiguredThresholds.php	ast-name
Qualimetrix\Analysis\Finding\Contract\Rule\LevelOptionsInterface	Analysis.Finding	Qualimetrix\Analysis\Evidence\Complexity\ClassCognitiveComplexityOptions	Analysis.Evidence.Complexity	src/Analysis/Evidence/Complexity/ClassCognitiveComplexityOptions.php	ast-name
Qualimetrix\Analysis\Finding\Contract\Rule\LevelOptionsInterface	Analysis.Finding	Qualimetrix\Analysis\Evidence\Complexity\ClassComplexityOptions	Analysis.Evidence.Complexity	src/Analysis/Evidence/Complexity/ClassComplexityOptions.php	ast-name
Qualimetrix\Analysis\Finding\Contract\Rule\LevelOptionsInterface	Analysis.Finding	Qualimetrix\Analysis\Evidence\Complexity\ClassNpathComplexityOptions	Analysis.Evidence.Complexity	src/Analysis/Evidence/Complexity/ClassNpathComplexityOptions.php	ast-name
Qualimetrix\Analysis\Finding\Contract\Rule\LevelOptionsInterface	Analysis.Finding	Qualimetrix\Analysis\Evidence\Complexity\CognitiveComplexityOptions	Analysis.Evidence.Complexity	src/Analysis/Evidence/Complexity/CognitiveComplexityOptions.php	ast-name
Qualimetrix\Analysis\Finding\Contract\Rule\LevelOptionsInterface	Analysis.Finding	Qualimetrix\Analysis\Evidence\Complexity\ComplexityOptions	Analysis.Evidence.Complexity	src/Analysis/Evidence/Complexity/ComplexityOptions.php	ast-name
Qualimetrix\Analysis\Finding\Contract\Rule\LevelOptionsInterface	Analysis.Finding	Qualimetrix\Analysis\Evidence\Complexity\MethodCognitiveComplexityOptions	Analysis.Evidence.Complexity	src/Analysis/Evidence/Complexity/MethodCognitiveComplexityOptions.php	ast-name
Qualimetrix\Analysis\Finding\Contract\Rule\LevelOptionsInterface	Analysis.Finding	Qualimetrix\Analysis\Evidence\Complexity\MethodComplexityOptions	Analysis.Evidence.Complexity	src/Analysis/Evidence/Complexity/MethodComplexityOptions.php	ast-name
Qualimetrix\Analysis\Finding\Contract\Rule\LevelOptionsInterface	Analysis.Finding	Qualimetrix\Analysis\Evidence\Complexity\MethodNpathComplexityOptions	Analysis.Evidence.Complexity	src/Analysis/Evidence/Complexity/MethodNpathComplexityOptions.php	ast-name
Qualimetrix\Analysis\Finding\Contract\Rule\LevelOptionsInterface	Analysis.Finding	Qualimetrix\Analysis\Evidence\Complexity\NpathComplexityOptions	Analysis.Evidence.Complexity	src/Analysis/Evidence/Complexity/NpathComplexityOptions.php	ast-name
Qualimetrix\Analysis\Finding\Contract\Rule\LevelOptionsInterface	Analysis.Finding	Qualimetrix\Analysis\Evidence\Coupling\CboOptions	Analysis.Evidence.Coupling	src/Analysis/Evidence/Coupling/CboOptions.php	ast-name
Qualimetrix\Analysis\Finding\Contract\Rule\LevelOptionsInterface	Analysis.Finding	Qualimetrix\Analysis\Evidence\Coupling\ClassCboOptions	Analysis.Evidence.Coupling	src/Analysis/Evidence/Coupling/ClassCboOptions.php	ast-name
Qualimetrix\Analysis\Finding\Contract\Rule\LevelOptionsInterface	Analysis.Finding	Qualimetrix\Analysis\Evidence\Coupling\ClassInstabilityOptions	Analysis.Evidence.Coupling	src/Analysis/Evidence/Coupling/ClassInstabilityOptions.php	ast-name
Qualimetrix\Analysis\Finding\Contract\Rule\LevelOptionsInterface	Analysis.Finding	Qualimetrix\Analysis\Evidence\Coupling\InstabilityOptions	Analysis.Evidence.Coupling	src/Analysis/Evidence/Coupling/InstabilityOptions.php	ast-name
Qualimetrix\Analysis\Finding\Contract\Rule\LevelOptionsInterface	Analysis.Finding	Qualimetrix\Analysis\Evidence\Coupling\NamespaceCboOptions	Analysis.Evidence.Coupling	src/Analysis/Evidence/Coupling/NamespaceCboOptions.php	ast-name
Qualimetrix\Analysis\Finding\Contract\Rule\LevelOptionsInterface	Analysis.Finding	Qualimetrix\Analysis\Evidence\Coupling\NamespaceInstabilityOptions	Analysis.Evidence.Coupling	src/Analysis/Evidence/Coupling/NamespaceInstabilityOptions.php	ast-name
Qualimetrix\Analysis\Finding\Contract\Rule\LevelOptionsInterface	Analysis.Finding	Qualimetrix\Infrastructure\Console\Command\BaselineConfiguredThresholds	Infrastructure.Console	src/Infrastructure/Console/Command/BaselineConfiguredThresholds.php	ast-name
Qualimetrix\Analysis\Finding\Contract\Rule\NameSelector	Analysis.Finding	Qualimetrix\Analysis\Policy\Inline\Directive\DirectiveChannelBan	Analysis.Policy.Inline	src/Analysis/Policy/Inline/Directive/DirectiveChannelBan.php	ast-name
Qualimetrix\Analysis\Finding\Contract\Rule\NameSelector	Analysis.Finding	Qualimetrix\Analysis\Policy\Inline\Directive\DirectiveNameHints	Analysis.Policy.Inline	src/Analysis/Policy/Inline/Directive/DirectiveNameHints.php	ast-name
Qualimetrix\Analysis\Finding\Contract\Rule\NameSelector	Analysis.Finding	Qualimetrix\Infrastructure\Console\ChannelExclusionKeyHints	Infrastructure.Console	src/Infrastructure/Console/ChannelExclusionKeyHints.php	ast-name
Qualimetrix\Analysis\Finding\Contract\Rule\NameSelector	Analysis.Finding	Qualimetrix\Infrastructure\Rule\ChannelUniverse	Infrastructure.Rule	src/Infrastructure/Rule/ChannelUniverse.php	ast-name
Qualimetrix\Analysis\Finding\Contract\Rule\NoConfiguredBoundary	Analysis.Finding	Qualimetrix\Analysis\Evidence\CodeSmell\LongParameterListOptions	Analysis.Evidence.CodeSmell	src/Analysis/Evidence/CodeSmell/LongParameterListOptions.php	ast-name
Qualimetrix\Analysis\Finding\Contract\Rule\Override\IndependentAxisValidator	Analysis.Finding	Qualimetrix\Analysis\Evidence\Design\DataClass\DataClassOptions	Analysis.Evidence.Design	src/Analysis/Evidence/Design/DataClass/DataClassOptions.php	ast-name
Qualimetrix\Analysis\Finding\Contract\Rule\Override\InvertedOverrideValidator	Analysis.Finding	Qualimetrix\Analysis\Evidence\Design\TypeCoverage\TypeCoverageOptions	Analysis.Evidence.Design	src/Analysis/Evidence/Design/TypeCoverage/TypeCoverageOptions.php	ast-name
Qualimetrix\Analysis\Finding\Contract\Rule\Override\InvertedOverrideValidator	Analysis.Finding	Qualimetrix\Analysis\Evidence\Maintainability\MaintainabilityOptions	Analysis.Evidence.Maintainability	src/Analysis/Evidence/Maintainability/MaintainabilityOptions.php	ast-name
Qualimetrix\Analysis\Finding\Contract\Rule\Override\OverrideValidatorInterface	Analysis.Finding	Qualimetrix\Analysis\Evidence\Design\DataClass\DataClassOptions	Analysis.Evidence.Design	src/Analysis/Evidence/Design/DataClass/DataClassOptions.php	ast-name
Qualimetrix\Analysis\Finding\Contract\Rule\Override\OverrideValidatorInterface	Analysis.Finding	Qualimetrix\Analysis\Evidence\Design\GodClass\GodClassOptions	Analysis.Evidence.Design	src/Analysis/Evidence/Design/GodClass/GodClassOptions.php	ast-name
Qualimetrix\Analysis\Finding\Contract\Rule\Override\OverrideValidatorInterface	Analysis.Finding	Qualimetrix\Analysis\Evidence\Design\TypeCoverage\TypeCoverageOptions	Analysis.Evidence.Design	src/Analysis/Evidence/Design/TypeCoverage/TypeCoverageOptions.php	ast-name
Qualimetrix\Analysis\Finding\Contract\Rule\Override\OverrideValidatorInterface	Analysis.Finding	Qualimetrix\Analysis\Evidence\Maintainability\MaintainabilityOptions	Analysis.Evidence.Maintainability	src/Analysis/Evidence/Maintainability/MaintainabilityOptions.php	ast-name
Qualimetrix\Analysis\Finding\Contract\Rule\Override\OverrideValidatorInterface	Analysis.Finding	Qualimetrix\Analysis\Policy\Inline\Contract\RuleValidatorMapFactory	Analysis.Policy.Inline	src/Analysis/Policy/Inline/Contract/RuleValidatorMapFactory.php	ast-name
Qualimetrix\Analysis\Finding\Contract\Rule\Override\StandardOverrideValidatorTrait	Analysis.Finding	Qualimetrix\Analysis\Evidence\CodeSmell\ConstructorOverinjectionOptions	Analysis.Evidence.CodeSmell	src/Analysis/Evidence/CodeSmell/ConstructorOverinjectionOptions.php	ast-name
Qualimetrix\Analysis\Finding\Contract\Rule\Override\StandardOverrideValidatorTrait	Analysis.Finding	Qualimetrix\Analysis\Evidence\CodeSmell\LongParameterListOptions	Analysis.Evidence.CodeSmell	src/Analysis/Evidence/CodeSmell/LongParameterListOptions.php	ast-name
Qualimetrix\Analysis\Finding\Contract\Rule\Override\StandardOverrideValidatorTrait	Analysis.Finding	Qualimetrix\Analysis\Evidence\CodeSmell\UnreachableCodeOptions	Analysis.Evidence.CodeSmell	src/Analysis/Evidence/CodeSmell/UnreachableCodeOptions.php	ast-name
Qualimetrix\Analysis\Finding\Contract\Rule\Override\StandardOverrideValidatorTrait	Analysis.Finding	Qualimetrix\Analysis\Evidence\Cohesion\LcomOptions	Analysis.Evidence.Cohesion	src/Analysis/Evidence/Cohesion/LcomOptions.php	ast-name
Qualimetrix\Analysis\Finding\Contract\Rule\Override\StandardOverrideValidatorTrait	Analysis.Finding	Qualimetrix\Analysis\Evidence\Complexity\ClassCognitiveComplexityOptions	Analysis.Evidence.Complexity	src/Analysis/Evidence/Complexity/ClassCognitiveComplexityOptions.php	ast-name
Qualimetrix\Analysis\Finding\Contract\Rule\Override\StandardOverrideValidatorTrait	Analysis.Finding	Qualimetrix\Analysis\Evidence\Complexity\ClassComplexityOptions	Analysis.Evidence.Complexity	src/Analysis/Evidence/Complexity/ClassComplexityOptions.php	ast-name
Qualimetrix\Analysis\Finding\Contract\Rule\Override\StandardOverrideValidatorTrait	Analysis.Finding	Qualimetrix\Analysis\Evidence\Complexity\ClassNpathComplexityOptions	Analysis.Evidence.Complexity	src/Analysis/Evidence/Complexity/ClassNpathComplexityOptions.php	ast-name
Qualimetrix\Analysis\Finding\Contract\Rule\Override\StandardOverrideValidatorTrait	Analysis.Finding	Qualimetrix\Analysis\Evidence\Complexity\MethodCognitiveComplexityOptions	Analysis.Evidence.Complexity	src/Analysis/Evidence/Complexity/MethodCognitiveComplexityOptions.php	ast-name
Qualimetrix\Analysis\Finding\Contract\Rule\Override\StandardOverrideValidatorTrait	Analysis.Finding	Qualimetrix\Analysis\Evidence\Complexity\MethodComplexityOptions	Analysis.Evidence.Complexity	src/Analysis/Evidence/Complexity/MethodComplexityOptions.php	ast-name
Qualimetrix\Analysis\Finding\Contract\Rule\Override\StandardOverrideValidatorTrait	Analysis.Finding	Qualimetrix\Analysis\Evidence\Complexity\MethodNpathComplexityOptions	Analysis.Evidence.Complexity	src/Analysis/Evidence/Complexity/MethodNpathComplexityOptions.php	ast-name
Qualimetrix\Analysis\Finding\Contract\Rule\Override\StandardOverrideValidatorTrait	Analysis.Finding	Qualimetrix\Analysis\Evidence\Complexity\WmcOptions	Analysis.Evidence.Complexity	src/Analysis/Evidence/Complexity/WmcOptions.php	ast-name
Qualimetrix\Analysis\Finding\Contract\Rule\Override\StandardOverrideValidatorTrait	Analysis.Finding	Qualimetrix\Analysis\Evidence\Coupling\ClassCboOptions	Analysis.Evidence.Coupling	src/Analysis/Evidence/Coupling/ClassCboOptions.php	ast-name
Qualimetrix\Analysis\Finding\Contract\Rule\Override\StandardOverrideValidatorTrait	Analysis.Finding	Qualimetrix\Analysis\Evidence\Coupling\ClassInstabilityOptions	Analysis.Evidence.Coupling	src/Analysis/Evidence/Coupling/ClassInstabilityOptions.php	ast-name
Qualimetrix\Analysis\Finding\Contract\Rule\Override\StandardOverrideValidatorTrait	Analysis.Finding	Qualimetrix\Analysis\Evidence\Coupling\ClassRankOptions	Analysis.Evidence.Coupling	src/Analysis/Evidence/Coupling/ClassRankOptions.php	ast-name
Qualimetrix\Analysis\Finding\Contract\Rule\Override\StandardOverrideValidatorTrait	Analysis.Finding	Qualimetrix\Analysis\Evidence\Coupling\DistanceOptions	Analysis.Evidence.Coupling	src/Analysis/Evidence/Coupling/DistanceOptions.php	ast-name
Qualimetrix\Analysis\Finding\Contract\Rule\Override\StandardOverrideValidatorTrait	Analysis.Finding	Qualimetrix\Analysis\Evidence\Coupling\NamespaceCboOptions	Analysis.Evidence.Coupling	src/Analysis/Evidence/Coupling/NamespaceCboOptions.php	ast-name
Qualimetrix\Analysis\Finding\Contract\Rule\Override\StandardOverrideValidatorTrait	Analysis.Finding	Qualimetrix\Analysis\Evidence\Coupling\NamespaceInstabilityOptions	Analysis.Evidence.Coupling	src/Analysis/Evidence/Coupling/NamespaceInstabilityOptions.php	ast-name
Qualimetrix\Analysis\Finding\Contract\Rule\Override\StandardOverrideValidatorTrait	Analysis.Finding	Qualimetrix\Analysis\Evidence\Design\Inheritance\InheritanceOptions	Analysis.Evidence.Design	src/Analysis/Evidence/Design/Inheritance/InheritanceOptions.php	ast-name
Qualimetrix\Analysis\Finding\Contract\Rule\Override\StandardOverrideValidatorTrait	Analysis.Finding	Qualimetrix\Analysis\Evidence\Design\Inheritance\NocOptions	Analysis.Evidence.Design	src/Analysis/Evidence/Design/Inheritance/NocOptions.php	ast-name
Qualimetrix\Analysis\Finding\Contract\Rule\Override\StandardOverrideValidatorTrait	Analysis.Finding	Qualimetrix\Analysis\Evidence\Duplication\CodeDuplicationOptions	Analysis.Evidence.Duplication	src/Analysis/Evidence/Duplication/CodeDuplicationOptions.php	ast-name
Qualimetrix\Analysis\Finding\Contract\Rule\Override\StandardOverrideValidatorTrait	Analysis.Finding	Qualimetrix\Analysis\Evidence\Size\ClassCountOptions	Analysis.Evidence.Size	src/Analysis/Evidence/Size/ClassCountOptions.php	ast-name
Qualimetrix\Analysis\Finding\Contract\Rule\Override\StandardOverrideValidatorTrait	Analysis.Finding	Qualimetrix\Analysis\Evidence\Size\MethodCountOptions	Analysis.Evidence.Size	src/Analysis/Evidence/Size/MethodCountOptions.php	ast-name
Qualimetrix\Analysis\Finding\Contract\Rule\Override\StandardOverrideValidatorTrait	Analysis.Finding	Qualimetrix\Analysis\Evidence\Size\PropertyCountOptions	Analysis.Evidence.Size	src/Analysis/Evidence/Size/PropertyCountOptions.php	ast-name
Qualimetrix\Analysis\Finding\Contract\Rule\Override\WarningOnlyValidator	Analysis.Finding	Qualimetrix\Analysis\Evidence\Design\GodClass\GodClassOptions	Analysis.Evidence.Design	src/Analysis/Evidence/Design/GodClass/GodClassOptions.php	ast-name
Qualimetrix\Analysis\Finding\Contract\Rule\ProducerName	Analysis.Finding	Qualimetrix\Infrastructure\DependencyInjection\CompilerPass\ChannelDeclarationCompilerPass	Infrastructure.DependencyInjection	src/Infrastructure/DependencyInjection/CompilerPass/ChannelDeclarationCompilerPass.php	ast-name
Qualimetrix\Analysis\Finding\Contract\Rule\RuleChannelRegistryInterface	Analysis.Finding	Qualimetrix\Infrastructure\Console\AnalysisRuntimeConfigurator	Infrastructure.Console	src/Infrastructure/Console/AnalysisRuntimeConfigurator.php	ast-name
Qualimetrix\Analysis\Finding\Contract\Rule\RuleChannelRegistryInterface	Analysis.Finding	Qualimetrix\Infrastructure\Console\Command\RulesCommand	Infrastructure.Console	src/Infrastructure/Console/Command/RulesCommand.php	ast-name
Qualimetrix\Analysis\Finding\Contract\Rule\RuleChannelRegistryInterface	Analysis.Finding	Qualimetrix\Infrastructure\Console\RuleInputValidator	Infrastructure.Console	src/Infrastructure/Console/RuleInputValidator.php	ast-name
Qualimetrix\Analysis\Finding\Contract\Rule\RuleChannelRegistryInterface	Analysis.Finding	Qualimetrix\Infrastructure\DependencyInjection\Configurator\OutputConfigurator	Infrastructure.DependencyInjection	src/Infrastructure/DependencyInjection/Configurator/OutputConfigurator.php	ast-name
Qualimetrix\Analysis\Finding\Contract\Rule\RuleChannelRegistryInterface	Analysis.Finding	Qualimetrix\Infrastructure\DependencyInjection\Configurator\RuleConfigurator	Infrastructure.DependencyInjection	src/Infrastructure/DependencyInjection/Configurator/RuleConfigurator.php	ast-name
Qualimetrix\Analysis\Finding\Contract\Rule\RuleDocsPageReader	Analysis.Finding	Qualimetrix\Infrastructure\DependencyInjection\CompilerPass\ChannelDeclarationCompilerPass	Infrastructure.DependencyInjection	src/Infrastructure/DependencyInjection/CompilerPass/ChannelDeclarationCompilerPass.php	ast-name
Qualimetrix\Analysis\Finding\Contract\Rule\RuleNameReader	Analysis.Finding	Qualimetrix\Analysis\Policy\Inline\Contract\RuleValidatorMapFactory	Analysis.Policy.Inline	src/Analysis/Policy/Inline/Contract/RuleValidatorMapFactory.php	ast-name
Qualimetrix\Analysis\Finding\Contract\Rule\RuleNameReader	Analysis.Finding	Qualimetrix\Infrastructure\Console\Command\BaselineConfiguredThresholds	Infrastructure.Console	src/Infrastructure/Console/Command/BaselineConfiguredThresholds.php	ast-name
Qualimetrix\Analysis\Finding\Contract\Rule\RuleNameReader	Analysis.Finding	Qualimetrix\Infrastructure\DependencyInjection\CompilerPass\ChannelDeclarationCompilerPass	Infrastructure.DependencyInjection	src/Infrastructure/DependencyInjection/CompilerPass/ChannelDeclarationCompilerPass.php	ast-name
Qualimetrix\Analysis\Finding\Contract\Rule\RuleNameReader	Analysis.Finding	Qualimetrix\Infrastructure\DependencyInjection\CompilerPass\RuleOptionsCompilerPass	Infrastructure.DependencyInjection	src/Infrastructure/DependencyInjection/CompilerPass/RuleOptionsCompilerPass.php	ast-name
Qualimetrix\Analysis\Finding\Contract\Rule\RuleNameReader	Analysis.Finding	Qualimetrix\Infrastructure\DependencyInjection\CompilerPass\RuleRegistryCompilerPass	Infrastructure.DependencyInjection	src/Infrastructure/DependencyInjection/CompilerPass/RuleRegistryCompilerPass.php	ast-name
Qualimetrix\Analysis\Finding\Contract\Rule\RuleNameReader	Analysis.Finding	Qualimetrix\Infrastructure\Rule\RuleRegistry	Infrastructure.Rule	src/Infrastructure/Rule/RuleRegistry.php	ast-name
Qualimetrix\Analysis\Finding\Contract\Rule\RuleOptionKey	Analysis.Finding	Qualimetrix\Analysis\Evidence\CircularDependency\CircularDependencyOptions	Analysis.Evidence.CircularDependency	src/Analysis/Evidence/CircularDependency/CircularDependencyOptions.php	ast-name
Qualimetrix\Analysis\Finding\Contract\Rule\RuleOptionKey	Analysis.Finding	Qualimetrix\Analysis\Evidence\CodeSmell\BooleanArgumentOptions	Analysis.Evidence.CodeSmell	src/Analysis/Evidence/CodeSmell/BooleanArgumentOptions.php	ast-name
Qualimetrix\Analysis\Finding\Contract\Rule\RuleOptionKey	Analysis.Finding	Qualimetrix\Analysis\Evidence\CodeSmell\CodeSmellOptions	Analysis.Evidence.CodeSmell	src/Analysis/Evidence/CodeSmell/CodeSmellOptions.php	ast-name
Qualimetrix\Analysis\Finding\Contract\Rule\RuleOptionKey	Analysis.Finding	Qualimetrix\Analysis\Evidence\CodeSmell\ConstructorOverinjectionOptions	Analysis.Evidence.CodeSmell	src/Analysis/Evidence/CodeSmell/ConstructorOverinjectionOptions.php	ast-name
Qualimetrix\Analysis\Finding\Contract\Rule\RuleOptionKey	Analysis.Finding	Qualimetrix\Analysis\Evidence\CodeSmell\ErrorSuppressionOptions	Analysis.Evidence.CodeSmell	src/Analysis/Evidence/CodeSmell/ErrorSuppressionOptions.php	ast-name
Qualimetrix\Analysis\Finding\Contract\Rule\RuleOptionKey	Analysis.Finding	Qualimetrix\Analysis\Evidence\CodeSmell\IdenticalSubExpressionOptions	Analysis.Evidence.CodeSmell	src/Analysis/Evidence/CodeSmell/IdenticalSubExpressionOptions.php	ast-name
Qualimetrix\Analysis\Finding\Contract\Rule\RuleOptionKey	Analysis.Finding	Qualimetrix\Analysis\Evidence\CodeSmell\LongParameterListOptions	Analysis.Evidence.CodeSmell	src/Analysis/Evidence/CodeSmell/LongParameterListOptions.php	ast-name
Qualimetrix\Analysis\Finding\Contract\Rule\RuleOptionKey	Analysis.Finding	Qualimetrix\Analysis\Evidence\CodeSmell\UnreachableCodeOptions	Analysis.Evidence.CodeSmell	src/Analysis/Evidence/CodeSmell/UnreachableCodeOptions.php	ast-name
Qualimetrix\Analysis\Finding\Contract\Rule\RuleOptionKey	Analysis.Finding	Qualimetrix\Analysis\Evidence\CodeSmell\UnusedPrivateOptions	Analysis.Evidence.CodeSmell	src/Analysis/Evidence/CodeSmell/UnusedPrivateOptions.php	ast-name
Qualimetrix\Analysis\Finding\Contract\Rule\RuleOptionKey	Analysis.Finding	Qualimetrix\Analysis\Evidence\Cohesion\LcomOptions	Analysis.Evidence.Cohesion	src/Analysis/Evidence/Cohesion/LcomOptions.php	ast-name
Qualimetrix\Analysis\Finding\Contract\Rule\RuleOptionKey	Analysis.Finding	Qualimetrix\Analysis\Evidence\Complexity\ClassCognitiveComplexityOptions	Analysis.Evidence.Complexity	src/Analysis/Evidence/Complexity/ClassCognitiveComplexityOptions.php	ast-name
Qualimetrix\Analysis\Finding\Contract\Rule\RuleOptionKey	Analysis.Finding	Qualimetrix\Analysis\Evidence\Complexity\ClassComplexityOptions	Analysis.Evidence.Complexity	src/Analysis/Evidence/Complexity/ClassComplexityOptions.php	ast-name
Qualimetrix\Analysis\Finding\Contract\Rule\RuleOptionKey	Analysis.Finding	Qualimetrix\Analysis\Evidence\Complexity\ClassNpathComplexityOptions	Analysis.Evidence.Complexity	src/Analysis/Evidence/Complexity/ClassNpathComplexityOptions.php	ast-name
Qualimetrix\Analysis\Finding\Contract\Rule\RuleOptionKey	Analysis.Finding	Qualimetrix\Analysis\Evidence\Complexity\CognitiveComplexityOptions	Analysis.Evidence.Complexity	src/Analysis/Evidence/Complexity/CognitiveComplexityOptions.php	ast-name
Qualimetrix\Analysis\Finding\Contract\Rule\RuleOptionKey	Analysis.Finding	Qualimetrix\Analysis\Evidence\Complexity\ComplexityOptions	Analysis.Evidence.Complexity	src/Analysis/Evidence/Complexity/ComplexityOptions.php	ast-name
Qualimetrix\Analysis\Finding\Contract\Rule\RuleOptionKey	Analysis.Finding	Qualimetrix\Analysis\Evidence\Complexity\MethodCognitiveComplexityOptions	Analysis.Evidence.Complexity	src/Analysis/Evidence/Complexity/MethodCognitiveComplexityOptions.php	ast-name
Qualimetrix\Analysis\Finding\Contract\Rule\RuleOptionKey	Analysis.Finding	Qualimetrix\Analysis\Evidence\Complexity\MethodComplexityOptions	Analysis.Evidence.Complexity	src/Analysis/Evidence/Complexity/MethodComplexityOptions.php	ast-name
Qualimetrix\Analysis\Finding\Contract\Rule\RuleOptionKey	Analysis.Finding	Qualimetrix\Analysis\Evidence\Complexity\MethodNpathComplexityOptions	Analysis.Evidence.Complexity	src/Analysis/Evidence/Complexity/MethodNpathComplexityOptions.php	ast-name
Qualimetrix\Analysis\Finding\Contract\Rule\RuleOptionKey	Analysis.Finding	Qualimetrix\Analysis\Evidence\Complexity\NpathComplexityOptions	Analysis.Evidence.Complexity	src/Analysis/Evidence/Complexity/NpathComplexityOptions.php	ast-name
Qualimetrix\Analysis\Finding\Contract\Rule\RuleOptionKey	Analysis.Finding	Qualimetrix\Analysis\Evidence\Complexity\WmcOptions	Analysis.Evidence.Complexity	src/Analysis/Evidence/Complexity/WmcOptions.php	ast-name
Qualimetrix\Analysis\Finding\Contract\Rule\RuleOptionKey	Analysis.Finding	Qualimetrix\Analysis\Evidence\ComputedMetrics\ComputedMetricOverrideReader	Analysis.Evidence.ComputedMetrics	src/Analysis/Evidence/ComputedMetrics/ComputedMetricOverrideReader.php	ast-name
Qualimetrix\Analysis\Finding\Contract\Rule\RuleOptionKey	Analysis.Finding	Qualimetrix\Analysis\Evidence\ComputedMetrics\ComputedMetricRuleOptions	Analysis.Evidence.ComputedMetrics	src/Analysis/Evidence/ComputedMetrics/ComputedMetricRuleOptions.php	ast-name
Qualimetrix\Analysis\Finding\Contract\Rule\RuleOptionKey	Analysis.Finding	Qualimetrix\Analysis\Evidence\ComputedMetrics\ComputedMetricsConfigResolver	Analysis.Evidence.ComputedMetrics	src/Analysis/Evidence/ComputedMetrics/ComputedMetricsConfigResolver.php	ast-name
Qualimetrix\Analysis\Finding\Contract\Rule\RuleOptionKey	Analysis.Finding	Qualimetrix\Analysis\Evidence\Coupling\CboOptions	Analysis.Evidence.Coupling	src/Analysis/Evidence/Coupling/CboOptions.php	ast-name
Qualimetrix\Analysis\Finding\Contract\Rule\RuleOptionKey	Analysis.Finding	Qualimetrix\Analysis\Evidence\Coupling\ClassCboOptions	Analysis.Evidence.Coupling	src/Analysis/Evidence/Coupling/ClassCboOptions.php	ast-name
Qualimetrix\Analysis\Finding\Contract\Rule\RuleOptionKey	Analysis.Finding	Qualimetrix\Analysis\Evidence\Coupling\ClassInstabilityOptions	Analysis.Evidence.Coupling	src/Analysis/Evidence/Coupling/ClassInstabilityOptions.php	ast-name
Qualimetrix\Analysis\Finding\Contract\Rule\RuleOptionKey	Analysis.Finding	Qualimetrix\Analysis\Evidence\Coupling\ClassRankOptions	Analysis.Evidence.Coupling	src/Analysis/Evidence/Coupling/ClassRankOptions.php	ast-name
Qualimetrix\Analysis\Finding\Contract\Rule\RuleOptionKey	Analysis.Finding	Qualimetrix\Analysis\Evidence\Coupling\DistanceOptions	Analysis.Evidence.Coupling	src/Analysis/Evidence/Coupling/DistanceOptions.php	ast-name
Qualimetrix\Analysis\Finding\Contract\Rule\RuleOptionKey	Analysis.Finding	Qualimetrix\Analysis\Evidence\Coupling\InstabilityOptions	Analysis.Evidence.Coupling	src/Analysis/Evidence/Coupling/InstabilityOptions.php	ast-name
Qualimetrix\Analysis\Finding\Contract\Rule\RuleOptionKey	Analysis.Finding	Qualimetrix\Analysis\Evidence\Coupling\NamespaceCboOptions	Analysis.Evidence.Coupling	src/Analysis/Evidence/Coupling/NamespaceCboOptions.php	ast-name
Qualimetrix\Analysis\Finding\Contract\Rule\RuleOptionKey	Analysis.Finding	Qualimetrix\Analysis\Evidence\Coupling\NamespaceInstabilityOptions	Analysis.Evidence.Coupling	src/Analysis/Evidence/Coupling/NamespaceInstabilityOptions.php	ast-name
Qualimetrix\Analysis\Finding\Contract\Rule\RuleOptionKey	Analysis.Finding	Qualimetrix\Analysis\Evidence\Coupling\UnmatchedFrameworkNamespaceOptions	Analysis.Evidence.Coupling	src/Analysis/Evidence/Coupling/UnmatchedFrameworkNamespaceOptions.php	ast-name
Qualimetrix\Analysis\Finding\Contract\Rule\RuleOptionKey	Analysis.Finding	Qualimetrix\Analysis\Evidence\Design\DataClass\DataClassOptions	Analysis.Evidence.Design	src/Analysis/Evidence/Design/DataClass/DataClassOptions.php	ast-name
Qualimetrix\Analysis\Finding\Contract\Rule\RuleOptionKey	Analysis.Finding	Qualimetrix\Analysis\Evidence\Design\GodClass\GodClassOptions	Analysis.Evidence.Design	src/Analysis/Evidence/Design/GodClass/GodClassOptions.php	ast-name
Qualimetrix\Analysis\Finding\Contract\Rule\RuleOptionKey	Analysis.Finding	Qualimetrix\Analysis\Evidence\Design\Inheritance\InheritanceOptions	Analysis.Evidence.Design	src/Analysis/Evidence/Design/Inheritance/InheritanceOptions.php	ast-name
Qualimetrix\Analysis\Finding\Contract\Rule\RuleOptionKey	Analysis.Finding	Qualimetrix\Analysis\Evidence\Design\Inheritance\NocOptions	Analysis.Evidence.Design	src/Analysis/Evidence/Design/Inheritance/NocOptions.php	ast-name
Qualimetrix\Analysis\Finding\Contract\Rule\RuleOptionKey	Analysis.Finding	Qualimetrix\Analysis\Evidence\Design\TypeCoverage\TypeCoverageOptions	Analysis.Evidence.Design	src/Analysis/Evidence/Design/TypeCoverage/TypeCoverageOptions.php	ast-name
Qualimetrix\Analysis\Finding\Contract\Rule\RuleOptionKey	Analysis.Finding	Qualimetrix\Analysis\Evidence\Duplication\CodeDuplicationOptions	Analysis.Evidence.Duplication	src/Analysis/Evidence/Duplication/CodeDuplicationOptions.php	ast-name
Qualimetrix\Analysis\Finding\Contract\Rule\RuleOptionKey	Analysis.Finding	Qualimetrix\Analysis\Evidence\Maintainability\MaintainabilityOptions	Analysis.Evidence.Maintainability	src/Analysis/Evidence/Maintainability/MaintainabilityOptions.php	ast-name
Qualimetrix\Analysis\Finding\Contract\Rule\RuleOptionKey	Analysis.Finding	Qualimetrix\Analysis\Evidence\Security\HardcodedCredentialsOptions	Analysis.Evidence.Security	src/Analysis/Evidence/Security/HardcodedCredentialsOptions.php	ast-name
Qualimetrix\Analysis\Finding\Contract\Rule\RuleOptionKey	Analysis.Finding	Qualimetrix\Analysis\Evidence\Security\SecurityPatternOptions	Analysis.Evidence.Security	src/Analysis/Evidence/Security/SecurityPatternOptions.php	ast-name
Qualimetrix\Analysis\Finding\Contract\Rule\RuleOptionKey	Analysis.Finding	Qualimetrix\Analysis\Evidence\Security\SensitiveParameterOptions	Analysis.Evidence.Security	src/Analysis/Evidence/Security/SensitiveParameterOptions.php	ast-name
Qualimetrix\Analysis\Finding\Contract\Rule\RuleOptionKey	Analysis.Finding	Qualimetrix\Analysis\Evidence\Size\ClassCountOptions	Analysis.Evidence.Size	src/Analysis/Evidence/Size/ClassCountOptions.php	ast-name
Qualimetrix\Analysis\Finding\Contract\Rule\RuleOptionKey	Analysis.Finding	Qualimetrix\Analysis\Evidence\Size\MethodCountOptions	Analysis.Evidence.Size	src/Analysis/Evidence/Size/MethodCountOptions.php	ast-name
Qualimetrix\Analysis\Finding\Contract\Rule\RuleOptionKey	Analysis.Finding	Qualimetrix\Analysis\Evidence\Size\PropertyCountOptions	Analysis.Evidence.Size	src/Analysis/Evidence/Size/PropertyCountOptions.php	ast-name
Qualimetrix\Analysis\Finding\Contract\Rule\RuleOptionKey	Analysis.Finding	Qualimetrix\Analysis\Policy\Architecture\LayerViolation\LayerViolationOptions	Analysis.Policy.Architecture	src/Analysis/Policy/Architecture/LayerViolation/LayerViolationOptions.php	ast-name
Qualimetrix\Analysis\Finding\Contract\Rule\RuleOptionKey	Analysis.Finding	Qualimetrix\Analysis\Policy\Architecture\LayerViolation\UnassignedClassOptions	Analysis.Policy.Architecture	src/Analysis/Policy/Architecture/LayerViolation/UnassignedClassOptions.php	ast-name
Qualimetrix\Analysis\Finding\Contract\Rule\RuleOptionKey	Analysis.Finding	Qualimetrix\Analysis\Policy\Inline\Directive\InlineDirectiveOptions	Analysis.Policy.Inline	src/Analysis/Policy/Inline/Directive/InlineDirectiveOptions.php	ast-name
Qualimetrix\Analysis\Finding\Contract\Rule\RuleOptionKey	Analysis.Finding	Qualimetrix\Analysis\Run\ExcludeBinding\UnmatchedExcludeOptions	Analysis.Run	src/Analysis/Run/ExcludeBinding/UnmatchedExcludeOptions.php	ast-name
Qualimetrix\Analysis\Finding\Contract\Rule\RuleOptionKeySet	Analysis.Finding	Qualimetrix\Analysis\Evidence\CircularDependency\CircularDependencyOptions	Analysis.Evidence.CircularDependency	src/Analysis/Evidence/CircularDependency/CircularDependencyOptions.php	ast-name
Qualimetrix\Analysis\Finding\Contract\Rule\RuleOptionKeySet	Analysis.Finding	Qualimetrix\Analysis\Evidence\CodeSmell\BooleanArgumentOptions	Analysis.Evidence.CodeSmell	src/Analysis/Evidence/CodeSmell/BooleanArgumentOptions.php	ast-name
Qualimetrix\Analysis\Finding\Contract\Rule\RuleOptionKeySet	Analysis.Finding	Qualimetrix\Analysis\Evidence\CodeSmell\CodeSmellOptions	Analysis.Evidence.CodeSmell	src/Analysis/Evidence/CodeSmell/CodeSmellOptions.php	ast-name
Qualimetrix\Analysis\Finding\Contract\Rule\RuleOptionKeySet	Analysis.Finding	Qualimetrix\Analysis\Evidence\CodeSmell\ConstructorOverinjectionOptions	Analysis.Evidence.CodeSmell	src/Analysis/Evidence/CodeSmell/ConstructorOverinjectionOptions.php	ast-name
Qualimetrix\Analysis\Finding\Contract\Rule\RuleOptionKeySet	Analysis.Finding	Qualimetrix\Analysis\Evidence\CodeSmell\ErrorSuppressionOptions	Analysis.Evidence.CodeSmell	src/Analysis/Evidence/CodeSmell/ErrorSuppressionOptions.php	ast-name
Qualimetrix\Analysis\Finding\Contract\Rule\RuleOptionKeySet	Analysis.Finding	Qualimetrix\Analysis\Evidence\CodeSmell\IdenticalSubExpressionOptions	Analysis.Evidence.CodeSmell	src/Analysis/Evidence/CodeSmell/IdenticalSubExpressionOptions.php	ast-name
Qualimetrix\Analysis\Finding\Contract\Rule\RuleOptionKeySet	Analysis.Finding	Qualimetrix\Analysis\Evidence\CodeSmell\LongParameterListOptions	Analysis.Evidence.CodeSmell	src/Analysis/Evidence/CodeSmell/LongParameterListOptions.php	ast-name
Qualimetrix\Analysis\Finding\Contract\Rule\RuleOptionKeySet	Analysis.Finding	Qualimetrix\Analysis\Evidence\CodeSmell\UnreachableCodeOptions	Analysis.Evidence.CodeSmell	src/Analysis/Evidence/CodeSmell/UnreachableCodeOptions.php	ast-name
Qualimetrix\Analysis\Finding\Contract\Rule\RuleOptionKeySet	Analysis.Finding	Qualimetrix\Analysis\Evidence\CodeSmell\UnusedPrivateOptions	Analysis.Evidence.CodeSmell	src/Analysis/Evidence/CodeSmell/UnusedPrivateOptions.php	ast-name
Qualimetrix\Analysis\Finding\Contract\Rule\RuleOptionKeySet	Analysis.Finding	Qualimetrix\Analysis\Evidence\Cohesion\LcomOptions	Analysis.Evidence.Cohesion	src/Analysis/Evidence/Cohesion/LcomOptions.php	ast-name
Qualimetrix\Analysis\Finding\Contract\Rule\RuleOptionKeySet	Analysis.Finding	Qualimetrix\Analysis\Evidence\Complexity\ClassCognitiveComplexityOptions	Analysis.Evidence.Complexity	src/Analysis/Evidence/Complexity/ClassCognitiveComplexityOptions.php	ast-name
Qualimetrix\Analysis\Finding\Contract\Rule\RuleOptionKeySet	Analysis.Finding	Qualimetrix\Analysis\Evidence\Complexity\ClassComplexityOptions	Analysis.Evidence.Complexity	src/Analysis/Evidence/Complexity/ClassComplexityOptions.php	ast-name
Qualimetrix\Analysis\Finding\Contract\Rule\RuleOptionKeySet	Analysis.Finding	Qualimetrix\Analysis\Evidence\Complexity\ClassNpathComplexityOptions	Analysis.Evidence.Complexity	src/Analysis/Evidence/Complexity/ClassNpathComplexityOptions.php	ast-name
Qualimetrix\Analysis\Finding\Contract\Rule\RuleOptionKeySet	Analysis.Finding	Qualimetrix\Analysis\Evidence\Complexity\CognitiveComplexityOptions	Analysis.Evidence.Complexity	src/Analysis/Evidence/Complexity/CognitiveComplexityOptions.php	ast-name
Qualimetrix\Analysis\Finding\Contract\Rule\RuleOptionKeySet	Analysis.Finding	Qualimetrix\Analysis\Evidence\Complexity\ComplexityOptions	Analysis.Evidence.Complexity	src/Analysis/Evidence/Complexity/ComplexityOptions.php	ast-name
Qualimetrix\Analysis\Finding\Contract\Rule\RuleOptionKeySet	Analysis.Finding	Qualimetrix\Analysis\Evidence\Complexity\MethodCognitiveComplexityOptions	Analysis.Evidence.Complexity	src/Analysis/Evidence/Complexity/MethodCognitiveComplexityOptions.php	ast-name
Qualimetrix\Analysis\Finding\Contract\Rule\RuleOptionKeySet	Analysis.Finding	Qualimetrix\Analysis\Evidence\Complexity\MethodComplexityOptions	Analysis.Evidence.Complexity	src/Analysis/Evidence/Complexity/MethodComplexityOptions.php	ast-name
Qualimetrix\Analysis\Finding\Contract\Rule\RuleOptionKeySet	Analysis.Finding	Qualimetrix\Analysis\Evidence\Complexity\MethodNpathComplexityOptions	Analysis.Evidence.Complexity	src/Analysis/Evidence/Complexity/MethodNpathComplexityOptions.php	ast-name
Qualimetrix\Analysis\Finding\Contract\Rule\RuleOptionKeySet	Analysis.Finding	Qualimetrix\Analysis\Evidence\Complexity\NpathComplexityOptions	Analysis.Evidence.Complexity	src/Analysis/Evidence/Complexity/NpathComplexityOptions.php	ast-name
Qualimetrix\Analysis\Finding\Contract\Rule\RuleOptionKeySet	Analysis.Finding	Qualimetrix\Analysis\Evidence\Complexity\WmcOptions	Analysis.Evidence.Complexity	src/Analysis/Evidence/Complexity/WmcOptions.php	ast-name
Qualimetrix\Analysis\Finding\Contract\Rule\RuleOptionKeySet	Analysis.Finding	Qualimetrix\Analysis\Evidence\ComputedMetrics\ComputedMetricRuleOptions	Analysis.Evidence.ComputedMetrics	src/Analysis/Evidence/ComputedMetrics/ComputedMetricRuleOptions.php	ast-name
Qualimetrix\Analysis\Finding\Contract\Rule\RuleOptionKeySet	Analysis.Finding	Qualimetrix\Analysis\Evidence\ComputedMetrics\Configuration\ComputedMetricEntryKeys	Analysis.Evidence.ComputedMetrics	src/Analysis/Evidence/ComputedMetrics/Configuration/ComputedMetricEntryKeys.php	ast-name
Qualimetrix\Analysis\Finding\Contract\Rule\RuleOptionKeySet	Analysis.Finding	Qualimetrix\Analysis\Evidence\Coupling\CboOptions	Analysis.Evidence.Coupling	src/Analysis/Evidence/Coupling/CboOptions.php	ast-name
Qualimetrix\Analysis\Finding\Contract\Rule\RuleOptionKeySet	Analysis.Finding	Qualimetrix\Analysis\Evidence\Coupling\ClassCboOptions	Analysis.Evidence.Coupling	src/Analysis/Evidence/Coupling/ClassCboOptions.php	ast-name
Qualimetrix\Analysis\Finding\Contract\Rule\RuleOptionKeySet	Analysis.Finding	Qualimetrix\Analysis\Evidence\Coupling\ClassInstabilityOptions	Analysis.Evidence.Coupling	src/Analysis/Evidence/Coupling/ClassInstabilityOptions.php	ast-name
Qualimetrix\Analysis\Finding\Contract\Rule\RuleOptionKeySet	Analysis.Finding	Qualimetrix\Analysis\Evidence\Coupling\ClassRankOptions	Analysis.Evidence.Coupling	src/Analysis/Evidence/Coupling/ClassRankOptions.php	ast-name
Qualimetrix\Analysis\Finding\Contract\Rule\RuleOptionKeySet	Analysis.Finding	Qualimetrix\Analysis\Evidence\Coupling\DistanceOptions	Analysis.Evidence.Coupling	src/Analysis/Evidence/Coupling/DistanceOptions.php	ast-name
Qualimetrix\Analysis\Finding\Contract\Rule\RuleOptionKeySet	Analysis.Finding	Qualimetrix\Analysis\Evidence\Coupling\InstabilityOptions	Analysis.Evidence.Coupling	src/Analysis/Evidence/Coupling/InstabilityOptions.php	ast-name
Qualimetrix\Analysis\Finding\Contract\Rule\RuleOptionKeySet	Analysis.Finding	Qualimetrix\Analysis\Evidence\Coupling\NamespaceCboOptions	Analysis.Evidence.Coupling	src/Analysis/Evidence/Coupling/NamespaceCboOptions.php	ast-name
Qualimetrix\Analysis\Finding\Contract\Rule\RuleOptionKeySet	Analysis.Finding	Qualimetrix\Analysis\Evidence\Coupling\NamespaceInstabilityOptions	Analysis.Evidence.Coupling	src/Analysis/Evidence/Coupling/NamespaceInstabilityOptions.php	ast-name
Qualimetrix\Analysis\Finding\Contract\Rule\RuleOptionKeySet	Analysis.Finding	Qualimetrix\Analysis\Evidence\Coupling\UnmatchedFrameworkNamespaceOptions	Analysis.Evidence.Coupling	src/Analysis/Evidence/Coupling/UnmatchedFrameworkNamespaceOptions.php	ast-name
Qualimetrix\Analysis\Finding\Contract\Rule\RuleOptionKeySet	Analysis.Finding	Qualimetrix\Analysis\Evidence\Design\DataClass\DataClassOptions	Analysis.Evidence.Design	src/Analysis/Evidence/Design/DataClass/DataClassOptions.php	ast-name
Qualimetrix\Analysis\Finding\Contract\Rule\RuleOptionKeySet	Analysis.Finding	Qualimetrix\Analysis\Evidence\Design\GodClass\GodClassOptions	Analysis.Evidence.Design	src/Analysis/Evidence/Design/GodClass/GodClassOptions.php	ast-name
Qualimetrix\Analysis\Finding\Contract\Rule\RuleOptionKeySet	Analysis.Finding	Qualimetrix\Analysis\Evidence\Design\Inheritance\InheritanceOptions	Analysis.Evidence.Design	src/Analysis/Evidence/Design/Inheritance/InheritanceOptions.php	ast-name
Qualimetrix\Analysis\Finding\Contract\Rule\RuleOptionKeySet	Analysis.Finding	Qualimetrix\Analysis\Evidence\Design\Inheritance\NocOptions	Analysis.Evidence.Design	src/Analysis/Evidence/Design/Inheritance/NocOptions.php	ast-name
Qualimetrix\Analysis\Finding\Contract\Rule\RuleOptionKeySet	Analysis.Finding	Qualimetrix\Analysis\Evidence\Design\TypeCoverage\TypeCoverageOptions	Analysis.Evidence.Design	src/Analysis/Evidence/Design/TypeCoverage/TypeCoverageOptions.php	ast-name
Qualimetrix\Analysis\Finding\Contract\Rule\RuleOptionKeySet	Analysis.Finding	Qualimetrix\Analysis\Evidence\Duplication\CodeDuplicationOptions	Analysis.Evidence.Duplication	src/Analysis/Evidence/Duplication/CodeDuplicationOptions.php	ast-name
Qualimetrix\Analysis\Finding\Contract\Rule\RuleOptionKeySet	Analysis.Finding	Qualimetrix\Analysis\Evidence\Maintainability\MaintainabilityOptions	Analysis.Evidence.Maintainability	src/Analysis/Evidence/Maintainability/MaintainabilityOptions.php	ast-name
Qualimetrix\Analysis\Finding\Contract\Rule\RuleOptionKeySet	Analysis.Finding	Qualimetrix\Analysis\Evidence\Security\HardcodedCredentialsOptions	Analysis.Evidence.Security	src/Analysis/Evidence/Security/HardcodedCredentialsOptions.php	ast-name
Qualimetrix\Analysis\Finding\Contract\Rule\RuleOptionKeySet	Analysis.Finding	Qualimetrix\Analysis\Evidence\Security\SecurityPatternOptions	Analysis.Evidence.Security	src/Analysis/Evidence/Security/SecurityPatternOptions.php	ast-name
Qualimetrix\Analysis\Finding\Contract\Rule\RuleOptionKeySet	Analysis.Finding	Qualimetrix\Analysis\Evidence\Security\SensitiveParameterOptions	Analysis.Evidence.Security	src/Analysis/Evidence/Security/SensitiveParameterOptions.php	ast-name
Qualimetrix\Analysis\Finding\Contract\Rule\RuleOptionKeySet	Analysis.Finding	Qualimetrix\Analysis\Evidence\Size\ClassCountOptions	Analysis.Evidence.Size	src/Analysis/Evidence/Size/ClassCountOptions.php	ast-name
Qualimetrix\Analysis\Finding\Contract\Rule\RuleOptionKeySet	Analysis.Finding	Qualimetrix\Analysis\Evidence\Size\MethodCountOptions	Analysis.Evidence.Size	src/Analysis/Evidence/Size/MethodCountOptions.php	ast-name
Qualimetrix\Analysis\Finding\Contract\Rule\RuleOptionKeySet	Analysis.Finding	Qualimetrix\Analysis\Evidence\Size\PropertyCountOptions	Analysis.Evidence.Size	src/Analysis/Evidence/Size/PropertyCountOptions.php	ast-name
Qualimetrix\Analysis\Finding\Contract\Rule\RuleOptionKeySet	Analysis.Finding	Qualimetrix\Analysis\Policy\Architecture\LayerViolation\LayerViolationOptions	Analysis.Policy.Architecture	src/Analysis/Policy/Architecture/LayerViolation/LayerViolationOptions.php	ast-name
Qualimetrix\Analysis\Finding\Contract\Rule\RuleOptionKeySet	Analysis.Finding	Qualimetrix\Analysis\Policy\Architecture\LayerViolation\UnassignedClassOptions	Analysis.Policy.Architecture	src/Analysis/Policy/Architecture/LayerViolation/UnassignedClassOptions.php	ast-name
Qualimetrix\Analysis\Finding\Contract\Rule\RuleOptionKeySet	Analysis.Finding	Qualimetrix\Analysis\Policy\Inline\Directive\InlineDirectiveOptions	Analysis.Policy.Inline	src/Analysis/Policy/Inline/Directive/InlineDirectiveOptions.php	ast-name
Qualimetrix\Analysis\Finding\Contract\Rule\RuleOptionKeySet	Analysis.Finding	Qualimetrix\Analysis\Run\ExcludeBinding\UnmatchedExcludeOptions	Analysis.Run	src/Analysis/Run/ExcludeBinding/UnmatchedExcludeOptions.php	ast-name
Qualimetrix\Analysis\Finding\Contract\Rule\RuleOptionShape	Analysis.Finding	Qualimetrix\Analysis\Evidence\CircularDependency\CircularDependencyOptions	Analysis.Evidence.CircularDependency	src/Analysis/Evidence/CircularDependency/CircularDependencyOptions.php	ast-name
Qualimetrix\Analysis\Finding\Contract\Rule\RuleOptionShape	Analysis.Finding	Qualimetrix\Analysis\Evidence\CodeSmell\BooleanArgumentOptions	Analysis.Evidence.CodeSmell	src/Analysis/Evidence/CodeSmell/BooleanArgumentOptions.php	ast-name
Qualimetrix\Analysis\Finding\Contract\Rule\RuleOptionShape	Analysis.Finding	Qualimetrix\Analysis\Evidence\CodeSmell\CodeSmellOptions	Analysis.Evidence.CodeSmell	src/Analysis/Evidence/CodeSmell/CodeSmellOptions.php	ast-name
Qualimetrix\Analysis\Finding\Contract\Rule\RuleOptionShape	Analysis.Finding	Qualimetrix\Analysis\Evidence\CodeSmell\ConstructorOverinjectionOptions	Analysis.Evidence.CodeSmell	src/Analysis/Evidence/CodeSmell/ConstructorOverinjectionOptions.php	ast-name
Qualimetrix\Analysis\Finding\Contract\Rule\RuleOptionShape	Analysis.Finding	Qualimetrix\Analysis\Evidence\CodeSmell\ErrorSuppressionOptions	Analysis.Evidence.CodeSmell	src/Analysis/Evidence/CodeSmell/ErrorSuppressionOptions.php	ast-name
Qualimetrix\Analysis\Finding\Contract\Rule\RuleOptionShape	Analysis.Finding	Qualimetrix\Analysis\Evidence\CodeSmell\IdenticalSubExpressionOptions	Analysis.Evidence.CodeSmell	src/Analysis/Evidence/CodeSmell/IdenticalSubExpressionOptions.php	ast-name
Qualimetrix\Analysis\Finding\Contract\Rule\RuleOptionShape	Analysis.Finding	Qualimetrix\Analysis\Evidence\CodeSmell\LongParameterListOptions	Analysis.Evidence.CodeSmell	src/Analysis/Evidence/CodeSmell/LongParameterListOptions.php	ast-name
Qualimetrix\Analysis\Finding\Contract\Rule\RuleOptionShape	Analysis.Finding	Qualimetrix\Analysis\Evidence\CodeSmell\UnreachableCodeOptions	Analysis.Evidence.CodeSmell	src/Analysis/Evidence/CodeSmell/UnreachableCodeOptions.php	ast-name
Qualimetrix\Analysis\Finding\Contract\Rule\RuleOptionShape	Analysis.Finding	Qualimetrix\Analysis\Evidence\CodeSmell\UnusedPrivateOptions	Analysis.Evidence.CodeSmell	src/Analysis/Evidence/CodeSmell/UnusedPrivateOptions.php	ast-name
Qualimetrix\Analysis\Finding\Contract\Rule\RuleOptionShape	Analysis.Finding	Qualimetrix\Analysis\Evidence\Cohesion\LcomOptions	Analysis.Evidence.Cohesion	src/Analysis/Evidence/Cohesion/LcomOptions.php	ast-name
Qualimetrix\Analysis\Finding\Contract\Rule\RuleOptionShape	Analysis.Finding	Qualimetrix\Analysis\Evidence\Complexity\ClassCognitiveComplexityOptions	Analysis.Evidence.Complexity	src/Analysis/Evidence/Complexity/ClassCognitiveComplexityOptions.php	ast-name
Qualimetrix\Analysis\Finding\Contract\Rule\RuleOptionShape	Analysis.Finding	Qualimetrix\Analysis\Evidence\Complexity\ClassComplexityOptions	Analysis.Evidence.Complexity	src/Analysis/Evidence/Complexity/ClassComplexityOptions.php	ast-name
Qualimetrix\Analysis\Finding\Contract\Rule\RuleOptionShape	Analysis.Finding	Qualimetrix\Analysis\Evidence\Complexity\ClassNpathComplexityOptions	Analysis.Evidence.Complexity	src/Analysis/Evidence/Complexity/ClassNpathComplexityOptions.php	ast-name
Qualimetrix\Analysis\Finding\Contract\Rule\RuleOptionShape	Analysis.Finding	Qualimetrix\Analysis\Evidence\Complexity\CognitiveComplexityOptions	Analysis.Evidence.Complexity	src/Analysis/Evidence/Complexity/CognitiveComplexityOptions.php	ast-name
Qualimetrix\Analysis\Finding\Contract\Rule\RuleOptionShape	Analysis.Finding	Qualimetrix\Analysis\Evidence\Complexity\ComplexityOptions	Analysis.Evidence.Complexity	src/Analysis/Evidence/Complexity/ComplexityOptions.php	ast-name
Qualimetrix\Analysis\Finding\Contract\Rule\RuleOptionShape	Analysis.Finding	Qualimetrix\Analysis\Evidence\Complexity\MethodCognitiveComplexityOptions	Analysis.Evidence.Complexity	src/Analysis/Evidence/Complexity/MethodCognitiveComplexityOptions.php	ast-name
Qualimetrix\Analysis\Finding\Contract\Rule\RuleOptionShape	Analysis.Finding	Qualimetrix\Analysis\Evidence\Complexity\MethodComplexityOptions	Analysis.Evidence.Complexity	src/Analysis/Evidence/Complexity/MethodComplexityOptions.php	ast-name
Qualimetrix\Analysis\Finding\Contract\Rule\RuleOptionShape	Analysis.Finding	Qualimetrix\Analysis\Evidence\Complexity\MethodNpathComplexityOptions	Analysis.Evidence.Complexity	src/Analysis/Evidence/Complexity/MethodNpathComplexityOptions.php	ast-name
Qualimetrix\Analysis\Finding\Contract\Rule\RuleOptionShape	Analysis.Finding	Qualimetrix\Analysis\Evidence\Complexity\NpathComplexityOptions	Analysis.Evidence.Complexity	src/Analysis/Evidence/Complexity/NpathComplexityOptions.php	ast-name
Qualimetrix\Analysis\Finding\Contract\Rule\RuleOptionShape	Analysis.Finding	Qualimetrix\Analysis\Evidence\Complexity\WmcOptions	Analysis.Evidence.Complexity	src/Analysis/Evidence/Complexity/WmcOptions.php	ast-name
Qualimetrix\Analysis\Finding\Contract\Rule\RuleOptionShape	Analysis.Finding	Qualimetrix\Analysis\Evidence\ComputedMetrics\ComputedMetricRuleOptions	Analysis.Evidence.ComputedMetrics	src/Analysis/Evidence/ComputedMetrics/ComputedMetricRuleOptions.php	ast-name
Qualimetrix\Analysis\Finding\Contract\Rule\RuleOptionShape	Analysis.Finding	Qualimetrix\Analysis\Evidence\ComputedMetrics\Configuration\ComputedMetricEntryKeys	Analysis.Evidence.ComputedMetrics	src/Analysis/Evidence/ComputedMetrics/Configuration/ComputedMetricEntryKeys.php	ast-name
Qualimetrix\Analysis\Finding\Contract\Rule\RuleOptionShape	Analysis.Finding	Qualimetrix\Analysis\Evidence\Coupling\CboOptions	Analysis.Evidence.Coupling	src/Analysis/Evidence/Coupling/CboOptions.php	ast-name
Qualimetrix\Analysis\Finding\Contract\Rule\RuleOptionShape	Analysis.Finding	Qualimetrix\Analysis\Evidence\Coupling\ClassCboOptions	Analysis.Evidence.Coupling	src/Analysis/Evidence/Coupling/ClassCboOptions.php	ast-name
Qualimetrix\Analysis\Finding\Contract\Rule\RuleOptionShape	Analysis.Finding	Qualimetrix\Analysis\Evidence\Coupling\ClassInstabilityOptions	Analysis.Evidence.Coupling	src/Analysis/Evidence/Coupling/ClassInstabilityOptions.php	ast-name
Qualimetrix\Analysis\Finding\Contract\Rule\RuleOptionShape	Analysis.Finding	Qualimetrix\Analysis\Evidence\Coupling\ClassRankOptions	Analysis.Evidence.Coupling	src/Analysis/Evidence/Coupling/ClassRankOptions.php	ast-name
Qualimetrix\Analysis\Finding\Contract\Rule\RuleOptionShape	Analysis.Finding	Qualimetrix\Analysis\Evidence\Coupling\DistanceOptions	Analysis.Evidence.Coupling	src/Analysis/Evidence/Coupling/DistanceOptions.php	ast-name
Qualimetrix\Analysis\Finding\Contract\Rule\RuleOptionShape	Analysis.Finding	Qualimetrix\Analysis\Evidence\Coupling\InstabilityOptions	Analysis.Evidence.Coupling	src/Analysis/Evidence/Coupling/InstabilityOptions.php	ast-name
Qualimetrix\Analysis\Finding\Contract\Rule\RuleOptionShape	Analysis.Finding	Qualimetrix\Analysis\Evidence\Coupling\NamespaceCboOptions	Analysis.Evidence.Coupling	src/Analysis/Evidence/Coupling/NamespaceCboOptions.php	ast-name
Qualimetrix\Analysis\Finding\Contract\Rule\RuleOptionShape	Analysis.Finding	Qualimetrix\Analysis\Evidence\Coupling\NamespaceInstabilityOptions	Analysis.Evidence.Coupling	src/Analysis/Evidence/Coupling/NamespaceInstabilityOptions.php	ast-name
Qualimetrix\Analysis\Finding\Contract\Rule\RuleOptionShape	Analysis.Finding	Qualimetrix\Analysis\Evidence\Coupling\UnmatchedFrameworkNamespaceOptions	Analysis.Evidence.Coupling	src/Analysis/Evidence/Coupling/UnmatchedFrameworkNamespaceOptions.php	ast-name
Qualimetrix\Analysis\Finding\Contract\Rule\RuleOptionShape	Analysis.Finding	Qualimetrix\Analysis\Evidence\Design\DataClass\DataClassOptions	Analysis.Evidence.Design	src/Analysis/Evidence/Design/DataClass/DataClassOptions.php	ast-name
Qualimetrix\Analysis\Finding\Contract\Rule\RuleOptionShape	Analysis.Finding	Qualimetrix\Analysis\Evidence\Design\GodClass\GodClassOptions	Analysis.Evidence.Design	src/Analysis/Evidence/Design/GodClass/GodClassOptions.php	ast-name
Qualimetrix\Analysis\Finding\Contract\Rule\RuleOptionShape	Analysis.Finding	Qualimetrix\Analysis\Evidence\Design\Inheritance\InheritanceOptions	Analysis.Evidence.Design	src/Analysis/Evidence/Design/Inheritance/InheritanceOptions.php	ast-name
Qualimetrix\Analysis\Finding\Contract\Rule\RuleOptionShape	Analysis.Finding	Qualimetrix\Analysis\Evidence\Design\Inheritance\NocOptions	Analysis.Evidence.Design	src/Analysis/Evidence/Design/Inheritance/NocOptions.php	ast-name
Qualimetrix\Analysis\Finding\Contract\Rule\RuleOptionShape	Analysis.Finding	Qualimetrix\Analysis\Evidence\Design\TypeCoverage\TypeCoverageOptions	Analysis.Evidence.Design	src/Analysis/Evidence/Design/TypeCoverage/TypeCoverageOptions.php	ast-name
Qualimetrix\Analysis\Finding\Contract\Rule\RuleOptionShape	Analysis.Finding	Qualimetrix\Analysis\Evidence\Duplication\CodeDuplicationOptions	Analysis.Evidence.Duplication	src/Analysis/Evidence/Duplication/CodeDuplicationOptions.php	ast-name
Qualimetrix\Analysis\Finding\Contract\Rule\RuleOptionShape	Analysis.Finding	Qualimetrix\Analysis\Evidence\Maintainability\MaintainabilityOptions	Analysis.Evidence.Maintainability	src/Analysis/Evidence/Maintainability/MaintainabilityOptions.php	ast-name
Qualimetrix\Analysis\Finding\Contract\Rule\RuleOptionShape	Analysis.Finding	Qualimetrix\Analysis\Evidence\Security\HardcodedCredentialsOptions	Analysis.Evidence.Security	src/Analysis/Evidence/Security/HardcodedCredentialsOptions.php	ast-name
Qualimetrix\Analysis\Finding\Contract\Rule\RuleOptionShape	Analysis.Finding	Qualimetrix\Analysis\Evidence\Security\SecurityPatternOptions	Analysis.Evidence.Security	src/Analysis/Evidence/Security/SecurityPatternOptions.php	ast-name
Qualimetrix\Analysis\Finding\Contract\Rule\RuleOptionShape	Analysis.Finding	Qualimetrix\Analysis\Evidence\Security\SensitiveParameterOptions	Analysis.Evidence.Security	src/Analysis/Evidence/Security/SensitiveParameterOptions.php	ast-name
Qualimetrix\Analysis\Finding\Contract\Rule\RuleOptionShape	Analysis.Finding	Qualimetrix\Analysis\Evidence\Size\ClassCountOptions	Analysis.Evidence.Size	src/Analysis/Evidence/Size/ClassCountOptions.php	ast-name
Qualimetrix\Analysis\Finding\Contract\Rule\RuleOptionShape	Analysis.Finding	Qualimetrix\Analysis\Evidence\Size\MethodCountOptions	Analysis.Evidence.Size	src/Analysis/Evidence/Size/MethodCountOptions.php	ast-name
Qualimetrix\Analysis\Finding\Contract\Rule\RuleOptionShape	Analysis.Finding	Qualimetrix\Analysis\Evidence\Size\PropertyCountOptions	Analysis.Evidence.Size	src/Analysis/Evidence/Size/PropertyCountOptions.php	ast-name
Qualimetrix\Analysis\Finding\Contract\Rule\RuleOptionShape	Analysis.Finding	Qualimetrix\Analysis\Policy\Architecture\LayerViolation\LayerViolationOptions	Analysis.Policy.Architecture	src/Analysis/Policy/Architecture/LayerViolation/LayerViolationOptions.php	ast-name
Qualimetrix\Analysis\Finding\Contract\Rule\RuleOptionShape	Analysis.Finding	Qualimetrix\Analysis\Policy\Architecture\LayerViolation\UnassignedClassOptions	Analysis.Policy.Architecture	src/Analysis/Policy/Architecture/LayerViolation/UnassignedClassOptions.php	ast-name
Qualimetrix\Analysis\Finding\Contract\Rule\RuleOptionShape	Analysis.Finding	Qualimetrix\Analysis\Policy\Inline\Directive\InlineDirectiveOptions	Analysis.Policy.Inline	src/Analysis/Policy/Inline/Directive/InlineDirectiveOptions.php	ast-name
Qualimetrix\Analysis\Finding\Contract\Rule\RuleOptionShape	Analysis.Finding	Qualimetrix\Analysis\Run\ExcludeBinding\UnmatchedExcludeOptions	Analysis.Run	src/Analysis/Run/ExcludeBinding/UnmatchedExcludeOptions.php	ast-name
Qualimetrix\Analysis\Finding\Contract\Rule\RuleOptionSurface	Analysis.Finding	Qualimetrix\Infrastructure\Console\Command\RulesCommand	Infrastructure.Console	src/Infrastructure/Console/Command/RulesCommand.php	ast-name
Qualimetrix\Analysis\Finding\Contract\Rule\RuleOptionsInterface	Analysis.Finding	Qualimetrix\Analysis\Evidence\CircularDependency\CircularDependencyOptions	Analysis.Evidence.CircularDependency	src/Analysis/Evidence/CircularDependency/CircularDependencyOptions.php	ast-name
Qualimetrix\Analysis\Finding\Contract\Rule\RuleOptionsInterface	Analysis.Finding	Qualimetrix\Analysis\Evidence\CircularDependency\CircularDependencyRule	Analysis.Evidence.CircularDependency	src/Analysis/Evidence/CircularDependency/CircularDependencyRule.php	ast-name
Qualimetrix\Analysis\Finding\Contract\Rule\RuleOptionsInterface	Analysis.Finding	Qualimetrix\Analysis\Evidence\CodeSmell\BooleanArgumentOptions	Analysis.Evidence.CodeSmell	src/Analysis/Evidence/CodeSmell/BooleanArgumentOptions.php	ast-name
Qualimetrix\Analysis\Finding\Contract\Rule\RuleOptionsInterface	Analysis.Finding	Qualimetrix\Analysis\Evidence\CodeSmell\CodeSmellOptions	Analysis.Evidence.CodeSmell	src/Analysis/Evidence/CodeSmell/CodeSmellOptions.php	ast-name
Qualimetrix\Analysis\Finding\Contract\Rule\RuleOptionsInterface	Analysis.Finding	Qualimetrix\Analysis\Evidence\CodeSmell\ConstructorOverinjectionOptions	Analysis.Evidence.CodeSmell	src/Analysis/Evidence/CodeSmell/ConstructorOverinjectionOptions.php	ast-name
Qualimetrix\Analysis\Finding\Contract\Rule\RuleOptionsInterface	Analysis.Finding	Qualimetrix\Analysis\Evidence\CodeSmell\ErrorSuppressionOptions	Analysis.Evidence.CodeSmell	src/Analysis/Evidence/CodeSmell/ErrorSuppressionOptions.php	ast-name
Qualimetrix\Analysis\Finding\Contract\Rule\RuleOptionsInterface	Analysis.Finding	Qualimetrix\Analysis\Evidence\CodeSmell\IdenticalSubExpressionOptions	Analysis.Evidence.CodeSmell	src/Analysis/Evidence/CodeSmell/IdenticalSubExpressionOptions.php	ast-name
Qualimetrix\Analysis\Finding\Contract\Rule\RuleOptionsInterface	Analysis.Finding	Qualimetrix\Analysis\Evidence\CodeSmell\LongParameterListOptions	Analysis.Evidence.CodeSmell	src/Analysis/Evidence/CodeSmell/LongParameterListOptions.php	ast-name
Qualimetrix\Analysis\Finding\Contract\Rule\RuleOptionsInterface	Analysis.Finding	Qualimetrix\Analysis\Evidence\CodeSmell\UnreachableCodeOptions	Analysis.Evidence.CodeSmell	src/Analysis/Evidence/CodeSmell/UnreachableCodeOptions.php	ast-name
Qualimetrix\Analysis\Finding\Contract\Rule\RuleOptionsInterface	Analysis.Finding	Qualimetrix\Analysis\Evidence\CodeSmell\UnusedPrivateOptions	Analysis.Evidence.CodeSmell	src/Analysis/Evidence/CodeSmell/UnusedPrivateOptions.php	ast-name
Qualimetrix\Analysis\Finding\Contract\Rule\RuleOptionsInterface	Analysis.Finding	Qualimetrix\Analysis\Evidence\Cohesion\LcomOptions	Analysis.Evidence.Cohesion	src/Analysis/Evidence/Cohesion/LcomOptions.php	ast-name
Qualimetrix\Analysis\Finding\Contract\Rule\RuleOptionsInterface	Analysis.Finding	Qualimetrix\Analysis\Evidence\Complexity\WmcOptions	Analysis.Evidence.Complexity	src/Analysis/Evidence/Complexity/WmcOptions.php	ast-name
Qualimetrix\Analysis\Finding\Contract\Rule\RuleOptionsInterface	Analysis.Finding	Qualimetrix\Analysis\Evidence\ComputedMetrics\ComputedMetricRuleOptions	Analysis.Evidence.ComputedMetrics	src/Analysis/Evidence/ComputedMetrics/ComputedMetricRuleOptions.php	ast-name
Qualimetrix\Analysis\Finding\Contract\Rule\RuleOptionsInterface	Analysis.Finding	Qualimetrix\Analysis\Evidence\Coupling\ClassRankOptions	Analysis.Evidence.Coupling	src/Analysis/Evidence/Coupling/ClassRankOptions.php	ast-name
Qualimetrix\Analysis\Finding\Contract\Rule\RuleOptionsInterface	Analysis.Finding	Qualimetrix\Analysis\Evidence\Coupling\DistanceOptions	Analysis.Evidence.Coupling	src/Analysis/Evidence/Coupling/DistanceOptions.php	ast-name
Qualimetrix\Analysis\Finding\Contract\Rule\RuleOptionsInterface	Analysis.Finding	Qualimetrix\Analysis\Evidence\Coupling\DistanceRule	Analysis.Evidence.Coupling	src/Analysis/Evidence/Coupling/DistanceRule.php	ast-name
Qualimetrix\Analysis\Finding\Contract\Rule\RuleOptionsInterface	Analysis.Finding	Qualimetrix\Analysis\Evidence\Coupling\UnmatchedFrameworkNamespaceOptions	Analysis.Evidence.Coupling	src/Analysis/Evidence/Coupling/UnmatchedFrameworkNamespaceOptions.php	ast-name
Qualimetrix\Analysis\Finding\Contract\Rule\RuleOptionsInterface	Analysis.Finding	Qualimetrix\Analysis\Evidence\Coupling\UnmatchedFrameworkNamespaceRule	Analysis.Evidence.Coupling	src/Analysis/Evidence/Coupling/UnmatchedFrameworkNamespaceRule.php	ast-name
Qualimetrix\Analysis\Finding\Contract\Rule\RuleOptionsInterface	Analysis.Finding	Qualimetrix\Analysis\Evidence\Design\DataClass\DataClassOptions	Analysis.Evidence.Design	src/Analysis/Evidence/Design/DataClass/DataClassOptions.php	ast-name
Qualimetrix\Analysis\Finding\Contract\Rule\RuleOptionsInterface	Analysis.Finding	Qualimetrix\Analysis\Evidence\Design\GodClass\GodClassOptions	Analysis.Evidence.Design	src/Analysis/Evidence/Design/GodClass/GodClassOptions.php	ast-name
Qualimetrix\Analysis\Finding\Contract\Rule\RuleOptionsInterface	Analysis.Finding	Qualimetrix\Analysis\Evidence\Design\Inheritance\InheritanceOptions	Analysis.Evidence.Design	src/Analysis/Evidence/Design/Inheritance/InheritanceOptions.php	ast-name
Qualimetrix\Analysis\Finding\Contract\Rule\RuleOptionsInterface	Analysis.Finding	Qualimetrix\Analysis\Evidence\Design\Inheritance\NocOptions	Analysis.Evidence.Design	src/Analysis/Evidence/Design/Inheritance/NocOptions.php	ast-name
Qualimetrix\Analysis\Finding\Contract\Rule\RuleOptionsInterface	Analysis.Finding	Qualimetrix\Analysis\Evidence\Design\TypeCoverage\TypeCoverageOptions	Analysis.Evidence.Design	src/Analysis/Evidence/Design/TypeCoverage/TypeCoverageOptions.php	ast-name
Qualimetrix\Analysis\Finding\Contract\Rule\RuleOptionsInterface	Analysis.Finding	Qualimetrix\Analysis\Evidence\Duplication\CodeDuplicationOptions	Analysis.Evidence.Duplication	src/Analysis/Evidence/Duplication/CodeDuplicationOptions.php	ast-name
Qualimetrix\Analysis\Finding\Contract\Rule\RuleOptionsInterface	Analysis.Finding	Qualimetrix\Analysis\Evidence\Duplication\CodeDuplicationRule	Analysis.Evidence.Duplication	src/Analysis/Evidence/Duplication/CodeDuplicationRule.php	ast-name
Qualimetrix\Analysis\Finding\Contract\Rule\RuleOptionsInterface	Analysis.Finding	Qualimetrix\Analysis\Evidence\Maintainability\MaintainabilityOptions	Analysis.Evidence.Maintainability	src/Analysis/Evidence/Maintainability/MaintainabilityOptions.php	ast-name
Qualimetrix\Analysis\Finding\Contract\Rule\RuleOptionsInterface	Analysis.Finding	Qualimetrix\Analysis\Evidence\Security\HardcodedCredentialsOptions	Analysis.Evidence.Security	src/Analysis/Evidence/Security/HardcodedCredentialsOptions.php	ast-name
Qualimetrix\Analysis\Finding\Contract\Rule\RuleOptionsInterface	Analysis.Finding	Qualimetrix\Analysis\Evidence\Security\SecurityPatternOptions	Analysis.Evidence.Security	src/Analysis/Evidence/Security/SecurityPatternOptions.php	ast-name
Qualimetrix\Analysis\Finding\Contract\Rule\RuleOptionsInterface	Analysis.Finding	Qualimetrix\Analysis\Evidence\Security\SensitiveParameterOptions	Analysis.Evidence.Security	src/Analysis/Evidence/Security/SensitiveParameterOptions.php	ast-name
Qualimetrix\Analysis\Finding\Contract\Rule\RuleOptionsInterface	Analysis.Finding	Qualimetrix\Analysis\Evidence\Size\ClassCountOptions	Analysis.Evidence.Size	src/Analysis/Evidence/Size/ClassCountOptions.php	ast-name
Qualimetrix\Analysis\Finding\Contract\Rule\RuleOptionsInterface	Analysis.Finding	Qualimetrix\Analysis\Evidence\Size\MethodCountOptions	Analysis.Evidence.Size	src/Analysis/Evidence/Size/MethodCountOptions.php	ast-name
Qualimetrix\Analysis\Finding\Contract\Rule\RuleOptionsInterface	Analysis.Finding	Qualimetrix\Analysis\Evidence\Size\PropertyCountOptions	Analysis.Evidence.Size	src/Analysis/Evidence/Size/PropertyCountOptions.php	ast-name
Qualimetrix\Analysis\Finding\Contract\Rule\RuleOptionsInterface	Analysis.Finding	Qualimetrix\Analysis\Policy\Architecture\LayerViolation\LayerViolationOptions	Analysis.Policy.Architecture	src/Analysis/Policy/Architecture/LayerViolation/LayerViolationOptions.php	ast-name
Qualimetrix\Analysis\Finding\Contract\Rule\RuleOptionsInterface	Analysis.Finding	Qualimetrix\Analysis\Policy\Architecture\LayerViolation\LayerViolationRule	Analysis.Policy.Architecture	src/Analysis/Policy/Architecture/LayerViolation/LayerViolationRule.php	ast-name
Qualimetrix\Analysis\Finding\Contract\Rule\RuleOptionsInterface	Analysis.Finding	Qualimetrix\Analysis\Policy\Architecture\LayerViolation\UnassignedClassOptions	Analysis.Policy.Architecture	src/Analysis/Policy/Architecture/LayerViolation/UnassignedClassOptions.php	ast-name
Qualimetrix\Analysis\Finding\Contract\Rule\RuleOptionsInterface	Analysis.Finding	Qualimetrix\Analysis\Policy\Architecture\LayerViolation\UnassignedClassRule	Analysis.Policy.Architecture	src/Analysis/Policy/Architecture/LayerViolation/UnassignedClassRule.php	ast-name
Qualimetrix\Analysis\Finding\Contract\Rule\RuleOptionsInterface	Analysis.Finding	Qualimetrix\Analysis\Policy\Inline\Directive\InlineDirectiveOptions	Analysis.Policy.Inline	src/Analysis/Policy/Inline/Directive/InlineDirectiveOptions.php	ast-name
Qualimetrix\Analysis\Finding\Contract\Rule\RuleOptionsInterface	Analysis.Finding	Qualimetrix\Analysis\Policy\Inline\Directive\InlineDirectiveValidator	Analysis.Policy.Inline	src/Analysis/Policy/Inline/Directive/InlineDirectiveValidator.php	ast-name
Qualimetrix\Analysis\Finding\Contract\Rule\RuleOptionsInterface	Analysis.Finding	Qualimetrix\Analysis\Policy\Inline\Directive\UnusedDirectiveRule	Analysis.Policy.Inline	src/Analysis/Policy/Inline/Directive/UnusedDirectiveRule.php	ast-name
Qualimetrix\Analysis\Finding\Contract\Rule\RuleOptionsInterface	Analysis.Finding	Qualimetrix\Analysis\Run\ExcludeBinding\UnmatchedExcludeAudit	Analysis.Run	src/Analysis/Run/ExcludeBinding/UnmatchedExcludeAudit.php	ast-name
Qualimetrix\Analysis\Finding\Contract\Rule\RuleOptionsInterface	Analysis.Finding	Qualimetrix\Analysis\Run\ExcludeBinding\UnmatchedExcludeOptions	Analysis.Run	src/Analysis/Run/ExcludeBinding/UnmatchedExcludeOptions.php	ast-name
Qualimetrix\Analysis\Finding\Contract\Rule\RuleOptionsInterface	Analysis.Finding	Qualimetrix\Infrastructure\Console\Command\BaselineConfiguredThresholds	Infrastructure.Console	src/Infrastructure/Console/Command/BaselineConfiguredThresholds.php	ast-name
Qualimetrix\Analysis\Finding\Contract\Rule\RuleOptionsInterface	Analysis.Finding	Qualimetrix\Infrastructure\DependencyInjection\CompilerPass\RuleOptionsCompilerPass	Infrastructure.DependencyInjection	src/Infrastructure/DependencyInjection/CompilerPass/RuleOptionsCompilerPass.php	ast-name
Qualimetrix\Analysis\Finding\Contract\Rule\RuleRemediationMinutesReader	Analysis.Finding	Qualimetrix\Analysis\Evidence\Prioritization\Debt\RemediationTimeRegistry	Analysis.Evidence.Prioritization	src/Analysis/Evidence/Prioritization/Debt/RemediationTimeRegistry.php	ast-name
Qualimetrix\Analysis\Finding\Contract\Rule\RuleRemediationMinutesReader	Analysis.Finding	Qualimetrix\Infrastructure\DependencyInjection\CompilerPass\ChannelDeclarationCompilerPass	Infrastructure.DependencyInjection	src/Infrastructure/DependencyInjection/CompilerPass/ChannelDeclarationCompilerPass.php	ast-name
Qualimetrix\Analysis\Finding\Contract\Rule\RuleSelector	Analysis.Finding	Qualimetrix\Analysis\Policy\Inline\Directive\Audit\DirectiveUsage	Analysis.Policy.Inline	src/Analysis/Policy/Inline/Directive/Audit/DirectiveUsage.php	ast-name
Qualimetrix\Analysis\Finding\Contract\Rule\RuleSelector	Analysis.Finding	Qualimetrix\Analysis\Policy\Inline\Directive\Audit\ThresholdDirectiveAudit	Analysis.Policy.Inline	src/Analysis/Policy/Inline/Directive/Audit/ThresholdDirectiveAudit.php	ast-name
Qualimetrix\Analysis\Finding\Contract\Rule\RuleSelector	Analysis.Finding	Qualimetrix\Analysis\Run\FileSetInspection\RuleSelectorProducerGate	Analysis.Run	src/Analysis/Run/FileSetInspection/RuleSelectorProducerGate.php	ast-name
Qualimetrix\Analysis\Finding\Contract\Rule\RuleSelector	Analysis.Finding	Qualimetrix\Analysis\Run\RuleProducerPreparation	Analysis.Run	src/Analysis/Run/RuleProducerPreparation.php	ast-name
Qualimetrix\Analysis\Finding\Contract\Rule\RuleSelector	Analysis.Finding	Qualimetrix\Infrastructure\Console\RuleInputValidator	Infrastructure.Console	src/Infrastructure/Console/RuleInputValidator.php	ast-name
Qualimetrix\Analysis\Finding\Contract\Rule\RuleSelector	Analysis.Finding	Qualimetrix\Infrastructure\DependencyInjection\Configurator\AnalysisConfigurator	Infrastructure.DependencyInjection	src/Infrastructure/DependencyInjection/Configurator/AnalysisConfigurator.php	ast-name
Qualimetrix\Analysis\Finding\Contract\Rule\RuleSelector	Analysis.Finding	Qualimetrix\Infrastructure\DependencyInjection\Configurator\FindingConfigurator	Infrastructure.DependencyInjection	src/Infrastructure/DependencyInjection/Configurator/FindingConfigurator.php	ast-name
Qualimetrix\Analysis\Finding\Contract\Rule\RuleSelector	Analysis.Finding	Qualimetrix\Infrastructure\DependencyInjection\Configurator\OutputConfigurator	Infrastructure.DependencyInjection	src/Infrastructure/DependencyInjection/Configurator/OutputConfigurator.php	ast-name
Qualimetrix\Analysis\Finding\Contract\Rule\RuleSelector	Analysis.Finding	Qualimetrix\Infrastructure\DependencyInjection\Configurator\RuleConfigurator	Infrastructure.DependencyInjection	src/Infrastructure/DependencyInjection/Configurator/RuleConfigurator.php	ast-name
Qualimetrix\Analysis\Finding\Contract\Rule\RuleShapeReader	Analysis.Finding	Qualimetrix\Infrastructure\DependencyInjection\CompilerPass\ChannelDeclarationCompilerPass	Infrastructure.DependencyInjection	src/Infrastructure/DependencyInjection/CompilerPass/ChannelDeclarationCompilerPass.php	ast-name
Qualimetrix\Analysis\Finding\Contract\Rule\ThresholdAwareOptionsInterface	Analysis.Finding	Qualimetrix\Analysis\Evidence\CodeSmell\ConstructorOverinjectionOptions	Analysis.Evidence.CodeSmell	src/Analysis/Evidence/CodeSmell/ConstructorOverinjectionOptions.php	ast-name
Qualimetrix\Analysis\Finding\Contract\Rule\ThresholdAwareOptionsInterface	Analysis.Finding	Qualimetrix\Analysis\Evidence\CodeSmell\LongParameterListOptions	Analysis.Evidence.CodeSmell	src/Analysis/Evidence/CodeSmell/LongParameterListOptions.php	ast-name
Qualimetrix\Analysis\Finding\Contract\Rule\ThresholdAwareOptionsInterface	Analysis.Finding	Qualimetrix\Analysis\Evidence\CodeSmell\UnreachableCodeOptions	Analysis.Evidence.CodeSmell	src/Analysis/Evidence/CodeSmell/UnreachableCodeOptions.php	ast-name
Qualimetrix\Analysis\Finding\Contract\Rule\ThresholdAwareOptionsInterface	Analysis.Finding	Qualimetrix\Analysis\Evidence\Cohesion\LcomOptions	Analysis.Evidence.Cohesion	src/Analysis/Evidence/Cohesion/LcomOptions.php	ast-name
Qualimetrix\Analysis\Finding\Contract\Rule\ThresholdAwareOptionsInterface	Analysis.Finding	Qualimetrix\Analysis\Evidence\Complexity\ClassCognitiveComplexityOptions	Analysis.Evidence.Complexity	src/Analysis/Evidence/Complexity/ClassCognitiveComplexityOptions.php	ast-name
Qualimetrix\Analysis\Finding\Contract\Rule\ThresholdAwareOptionsInterface	Analysis.Finding	Qualimetrix\Analysis\Evidence\Complexity\ClassComplexityOptions	Analysis.Evidence.Complexity	src/Analysis/Evidence/Complexity/ClassComplexityOptions.php	ast-name
Qualimetrix\Analysis\Finding\Contract\Rule\ThresholdAwareOptionsInterface	Analysis.Finding	Qualimetrix\Analysis\Evidence\Complexity\ClassNpathComplexityOptions	Analysis.Evidence.Complexity	src/Analysis/Evidence/Complexity/ClassNpathComplexityOptions.php	ast-name
Qualimetrix\Analysis\Finding\Contract\Rule\ThresholdAwareOptionsInterface	Analysis.Finding	Qualimetrix\Analysis\Evidence\Complexity\MethodCognitiveComplexityOptions	Analysis.Evidence.Complexity	src/Analysis/Evidence/Complexity/MethodCognitiveComplexityOptions.php	ast-name
Qualimetrix\Analysis\Finding\Contract\Rule\ThresholdAwareOptionsInterface	Analysis.Finding	Qualimetrix\Analysis\Evidence\Complexity\MethodComplexityOptions	Analysis.Evidence.Complexity	src/Analysis/Evidence/Complexity/MethodComplexityOptions.php	ast-name
Qualimetrix\Analysis\Finding\Contract\Rule\ThresholdAwareOptionsInterface	Analysis.Finding	Qualimetrix\Analysis\Evidence\Complexity\MethodNpathComplexityOptions	Analysis.Evidence.Complexity	src/Analysis/Evidence/Complexity/MethodNpathComplexityOptions.php	ast-name
Qualimetrix\Analysis\Finding\Contract\Rule\ThresholdAwareOptionsInterface	Analysis.Finding	Qualimetrix\Analysis\Evidence\Complexity\WmcOptions	Analysis.Evidence.Complexity	src/Analysis/Evidence/Complexity/WmcOptions.php	ast-name
Qualimetrix\Analysis\Finding\Contract\Rule\ThresholdAwareOptionsInterface	Analysis.Finding	Qualimetrix\Analysis\Evidence\Coupling\ClassCboOptions	Analysis.Evidence.Coupling	src/Analysis/Evidence/Coupling/ClassCboOptions.php	ast-name
Qualimetrix\Analysis\Finding\Contract\Rule\ThresholdAwareOptionsInterface	Analysis.Finding	Qualimetrix\Analysis\Evidence\Coupling\ClassInstabilityOptions	Analysis.Evidence.Coupling	src/Analysis/Evidence/Coupling/ClassInstabilityOptions.php	ast-name
Qualimetrix\Analysis\Finding\Contract\Rule\ThresholdAwareOptionsInterface	Analysis.Finding	Qualimetrix\Analysis\Evidence\Coupling\ClassRankOptions	Analysis.Evidence.Coupling	src/Analysis/Evidence/Coupling/ClassRankOptions.php	ast-name
Qualimetrix\Analysis\Finding\Contract\Rule\ThresholdAwareOptionsInterface	Analysis.Finding	Qualimetrix\Analysis\Evidence\Coupling\DistanceOptions	Analysis.Evidence.Coupling	src/Analysis/Evidence/Coupling/DistanceOptions.php	ast-name
Qualimetrix\Analysis\Finding\Contract\Rule\ThresholdAwareOptionsInterface	Analysis.Finding	Qualimetrix\Analysis\Evidence\Coupling\NamespaceCboOptions	Analysis.Evidence.Coupling	src/Analysis/Evidence/Coupling/NamespaceCboOptions.php	ast-name
Qualimetrix\Analysis\Finding\Contract\Rule\ThresholdAwareOptionsInterface	Analysis.Finding	Qualimetrix\Analysis\Evidence\Coupling\NamespaceInstabilityOptions	Analysis.Evidence.Coupling	src/Analysis/Evidence/Coupling/NamespaceInstabilityOptions.php	ast-name
Qualimetrix\Analysis\Finding\Contract\Rule\ThresholdAwareOptionsInterface	Analysis.Finding	Qualimetrix\Analysis\Evidence\Design\DataClass\DataClassOptions	Analysis.Evidence.Design	src/Analysis/Evidence/Design/DataClass/DataClassOptions.php	ast-name
Qualimetrix\Analysis\Finding\Contract\Rule\ThresholdAwareOptionsInterface	Analysis.Finding	Qualimetrix\Analysis\Evidence\Design\GodClass\GodClassOptions	Analysis.Evidence.Design	src/Analysis/Evidence/Design/GodClass/GodClassOptions.php	ast-name
Qualimetrix\Analysis\Finding\Contract\Rule\ThresholdAwareOptionsInterface	Analysis.Finding	Qualimetrix\Analysis\Evidence\Design\Inheritance\InheritanceOptions	Analysis.Evidence.Design	src/Analysis/Evidence/Design/Inheritance/InheritanceOptions.php	ast-name
Qualimetrix\Analysis\Finding\Contract\Rule\ThresholdAwareOptionsInterface	Analysis.Finding	Qualimetrix\Analysis\Evidence\Design\Inheritance\NocOptions	Analysis.Evidence.Design	src/Analysis/Evidence/Design/Inheritance/NocOptions.php	ast-name
Qualimetrix\Analysis\Finding\Contract\Rule\ThresholdAwareOptionsInterface	Analysis.Finding	Qualimetrix\Analysis\Evidence\Design\TypeCoverage\TypeCoverageOptions	Analysis.Evidence.Design	src/Analysis/Evidence/Design/TypeCoverage/TypeCoverageOptions.php	ast-name
Qualimetrix\Analysis\Finding\Contract\Rule\ThresholdAwareOptionsInterface	Analysis.Finding	Qualimetrix\Analysis\Evidence\Duplication\CodeDuplicationOptions	Analysis.Evidence.Duplication	src/Analysis/Evidence/Duplication/CodeDuplicationOptions.php	ast-name
Qualimetrix\Analysis\Finding\Contract\Rule\ThresholdAwareOptionsInterface	Analysis.Finding	Qualimetrix\Analysis\Evidence\Maintainability\MaintainabilityOptions	Analysis.Evidence.Maintainability	src/Analysis/Evidence/Maintainability/MaintainabilityOptions.php	ast-name
Qualimetrix\Analysis\Finding\Contract\Rule\ThresholdAwareOptionsInterface	Analysis.Finding	Qualimetrix\Analysis\Evidence\Size\ClassCountOptions	Analysis.Evidence.Size	src/Analysis/Evidence/Size/ClassCountOptions.php	ast-name
Qualimetrix\Analysis\Finding\Contract\Rule\ThresholdAwareOptionsInterface	Analysis.Finding	Qualimetrix\Analysis\Evidence\Size\MethodCountOptions	Analysis.Evidence.Size	src/Analysis/Evidence/Size/MethodCountOptions.php	ast-name
Qualimetrix\Analysis\Finding\Contract\Rule\ThresholdAwareOptionsInterface	Analysis.Finding	Qualimetrix\Analysis\Evidence\Size\PropertyCountOptions	Analysis.Evidence.Size	src/Analysis/Evidence/Size/PropertyCountOptions.php	ast-name
Qualimetrix\Analysis\Finding\Contract\Rule\ThresholdAwareOptionsInterface	Analysis.Finding	Qualimetrix\Analysis\Policy\Inline\Contract\RuleValidatorMapFactory	Analysis.Policy.Inline	src/Analysis/Policy/Inline/Contract/RuleValidatorMapFactory.php	ast-name
Qualimetrix\Analysis\Finding\Contract\Rule\ThresholdAwareOptionsInterface	Analysis.Finding	Qualimetrix\Infrastructure\Console\Command\BaselineConfiguredThresholds	Infrastructure.Console	src/Infrastructure/Console/Command/BaselineConfiguredThresholds.php	ast-name
Qualimetrix\Analysis\Finding\Contract\Rule\ThresholdOverrideSupportReader	Analysis.Finding	Qualimetrix\Infrastructure\DependencyInjection\CompilerPass\ChannelDeclarationCompilerPass	Infrastructure.DependencyInjection	src/Infrastructure/DependencyInjection/CompilerPass/ChannelDeclarationCompilerPass.php	ast-name
Qualimetrix\Analysis\Finding\Contract\Rule\ThresholdParser	Analysis.Finding	Qualimetrix\Analysis\Evidence\CodeSmell\ConstructorOverinjectionOptions	Analysis.Evidence.CodeSmell	src/Analysis/Evidence/CodeSmell/ConstructorOverinjectionOptions.php	ast-name
Qualimetrix\Analysis\Finding\Contract\Rule\ThresholdParser	Analysis.Finding	Qualimetrix\Analysis\Evidence\CodeSmell\LongParameterListOptions	Analysis.Evidence.CodeSmell	src/Analysis/Evidence/CodeSmell/LongParameterListOptions.php	ast-name
Qualimetrix\Analysis\Finding\Contract\Rule\ThresholdParser	Analysis.Finding	Qualimetrix\Analysis\Evidence\CodeSmell\UnreachableCodeOptions	Analysis.Evidence.CodeSmell	src/Analysis/Evidence/CodeSmell/UnreachableCodeOptions.php	ast-name
Qualimetrix\Analysis\Finding\Contract\Rule\ThresholdParser	Analysis.Finding	Qualimetrix\Analysis\Evidence\Cohesion\LcomOptions	Analysis.Evidence.Cohesion	src/Analysis/Evidence/Cohesion/LcomOptions.php	ast-name
Qualimetrix\Analysis\Finding\Contract\Rule\ThresholdParser	Analysis.Finding	Qualimetrix\Analysis\Evidence\Complexity\ClassCognitiveComplexityOptions	Analysis.Evidence.Complexity	src/Analysis/Evidence/Complexity/ClassCognitiveComplexityOptions.php	ast-name
Qualimetrix\Analysis\Finding\Contract\Rule\ThresholdParser	Analysis.Finding	Qualimetrix\Analysis\Evidence\Complexity\ClassComplexityOptions	Analysis.Evidence.Complexity	src/Analysis/Evidence/Complexity/ClassComplexityOptions.php	ast-name
Qualimetrix\Analysis\Finding\Contract\Rule\ThresholdParser	Analysis.Finding	Qualimetrix\Analysis\Evidence\Complexity\ClassNpathComplexityOptions	Analysis.Evidence.Complexity	src/Analysis/Evidence/Complexity/ClassNpathComplexityOptions.php	ast-name
Qualimetrix\Analysis\Finding\Contract\Rule\ThresholdParser	Analysis.Finding	Qualimetrix\Analysis\Evidence\Complexity\CognitiveComplexityOptions	Analysis.Evidence.Complexity	src/Analysis/Evidence/Complexity/CognitiveComplexityOptions.php	ast-name
Qualimetrix\Analysis\Finding\Contract\Rule\ThresholdParser	Analysis.Finding	Qualimetrix\Analysis\Evidence\Complexity\ComplexityOptions	Analysis.Evidence.Complexity	src/Analysis/Evidence/Complexity/ComplexityOptions.php	ast-name
Qualimetrix\Analysis\Finding\Contract\Rule\ThresholdParser	Analysis.Finding	Qualimetrix\Analysis\Evidence\Complexity\MethodCognitiveComplexityOptions	Analysis.Evidence.Complexity	src/Analysis/Evidence/Complexity/MethodCognitiveComplexityOptions.php	ast-name
Qualimetrix\Analysis\Finding\Contract\Rule\ThresholdParser	Analysis.Finding	Qualimetrix\Analysis\Evidence\Complexity\MethodComplexityOptions	Analysis.Evidence.Complexity	src/Analysis/Evidence/Complexity/MethodComplexityOptions.php	ast-name
Qualimetrix\Analysis\Finding\Contract\Rule\ThresholdParser	Analysis.Finding	Qualimetrix\Analysis\Evidence\Complexity\MethodNpathComplexityOptions	Analysis.Evidence.Complexity	src/Analysis/Evidence/Complexity/MethodNpathComplexityOptions.php	ast-name
Qualimetrix\Analysis\Finding\Contract\Rule\ThresholdParser	Analysis.Finding	Qualimetrix\Analysis\Evidence\Complexity\NpathComplexityOptions	Analysis.Evidence.Complexity	src/Analysis/Evidence/Complexity/NpathComplexityOptions.php	ast-name
Qualimetrix\Analysis\Finding\Contract\Rule\ThresholdParser	Analysis.Finding	Qualimetrix\Analysis\Evidence\Complexity\WmcOptions	Analysis.Evidence.Complexity	src/Analysis/Evidence/Complexity/WmcOptions.php	ast-name
Qualimetrix\Analysis\Finding\Contract\Rule\ThresholdParser	Analysis.Finding	Qualimetrix\Analysis\Evidence\Coupling\CboOptions	Analysis.Evidence.Coupling	src/Analysis/Evidence/Coupling/CboOptions.php	ast-name
Qualimetrix\Analysis\Finding\Contract\Rule\ThresholdParser	Analysis.Finding	Qualimetrix\Analysis\Evidence\Coupling\ClassCboOptions	Analysis.Evidence.Coupling	src/Analysis/Evidence/Coupling/ClassCboOptions.php	ast-name
Qualimetrix\Analysis\Finding\Contract\Rule\ThresholdParser	Analysis.Finding	Qualimetrix\Analysis\Evidence\Coupling\ClassInstabilityOptions	Analysis.Evidence.Coupling	src/Analysis/Evidence/Coupling/ClassInstabilityOptions.php	ast-name
Qualimetrix\Analysis\Finding\Contract\Rule\ThresholdParser	Analysis.Finding	Qualimetrix\Analysis\Evidence\Coupling\ClassRankOptions	Analysis.Evidence.Coupling	src/Analysis/Evidence/Coupling/ClassRankOptions.php	ast-name
Qualimetrix\Analysis\Finding\Contract\Rule\ThresholdParser	Analysis.Finding	Qualimetrix\Analysis\Evidence\Coupling\DistanceOptions	Analysis.Evidence.Coupling	src/Analysis/Evidence/Coupling/DistanceOptions.php	ast-name
Qualimetrix\Analysis\Finding\Contract\Rule\ThresholdParser	Analysis.Finding	Qualimetrix\Analysis\Evidence\Coupling\InstabilityOptions	Analysis.Evidence.Coupling	src/Analysis/Evidence/Coupling/InstabilityOptions.php	ast-name
Qualimetrix\Analysis\Finding\Contract\Rule\ThresholdParser	Analysis.Finding	Qualimetrix\Analysis\Evidence\Coupling\NamespaceCboOptions	Analysis.Evidence.Coupling	src/Analysis/Evidence/Coupling/NamespaceCboOptions.php	ast-name
Qualimetrix\Analysis\Finding\Contract\Rule\ThresholdParser	Analysis.Finding	Qualimetrix\Analysis\Evidence\Coupling\NamespaceInstabilityOptions	Analysis.Evidence.Coupling	src/Analysis/Evidence/Coupling/NamespaceInstabilityOptions.php	ast-name
Qualimetrix\Analysis\Finding\Contract\Rule\ThresholdParser	Analysis.Finding	Qualimetrix\Analysis\Evidence\Design\Inheritance\InheritanceOptions	Analysis.Evidence.Design	src/Analysis/Evidence/Design/Inheritance/InheritanceOptions.php	ast-name
Qualimetrix\Analysis\Finding\Contract\Rule\ThresholdParser	Analysis.Finding	Qualimetrix\Analysis\Evidence\Design\Inheritance\NocOptions	Analysis.Evidence.Design	src/Analysis/Evidence/Design/Inheritance/NocOptions.php	ast-name
Qualimetrix\Analysis\Finding\Contract\Rule\ThresholdParser	Analysis.Finding	Qualimetrix\Analysis\Evidence\Design\TypeCoverage\TypeCoverageOptions	Analysis.Evidence.Design	src/Analysis/Evidence/Design/TypeCoverage/TypeCoverageOptions.php	ast-name
Qualimetrix\Analysis\Finding\Contract\Rule\ThresholdParser	Analysis.Finding	Qualimetrix\Analysis\Evidence\Duplication\CodeDuplicationOptions	Analysis.Evidence.Duplication	src/Analysis/Evidence/Duplication/CodeDuplicationOptions.php	ast-name
Qualimetrix\Analysis\Finding\Contract\Rule\ThresholdParser	Analysis.Finding	Qualimetrix\Analysis\Evidence\Maintainability\MaintainabilityOptions	Analysis.Evidence.Maintainability	src/Analysis/Evidence/Maintainability/MaintainabilityOptions.php	ast-name
Qualimetrix\Analysis\Finding\Contract\Rule\ThresholdParser	Analysis.Finding	Qualimetrix\Analysis\Evidence\Size\ClassCountOptions	Analysis.Evidence.Size	src/Analysis/Evidence/Size/ClassCountOptions.php	ast-name
Qualimetrix\Analysis\Finding\Contract\Rule\ThresholdParser	Analysis.Finding	Qualimetrix\Analysis\Evidence\Size\MethodCountOptions	Analysis.Evidence.Size	src/Analysis/Evidence/Size/MethodCountOptions.php	ast-name
Qualimetrix\Analysis\Finding\Contract\Rule\ThresholdParser	Analysis.Finding	Qualimetrix\Analysis\Evidence\Size\PropertyCountOptions	Analysis.Evidence.Size	src/Analysis/Evidence/Size/PropertyCountOptions.php	ast-name
Qualimetrix\Analysis\Finding\Contract\Severity	Analysis.Finding	Qualimetrix\Analysis\Evidence\CircularDependency\CircularDependencyOptions	Analysis.Evidence.CircularDependency	src/Analysis/Evidence/CircularDependency/CircularDependencyOptions.php	ast-name
Qualimetrix\Analysis\Finding\Contract\Severity	Analysis.Finding	Qualimetrix\Analysis\Evidence\CodeSmell\AbstractCodeSmellRule	Analysis.Evidence.CodeSmell	src/Analysis/Evidence/CodeSmell/AbstractCodeSmellRule.php	ast-name
Qualimetrix\Analysis\Finding\Contract\Severity	Analysis.Finding	Qualimetrix\Analysis\Evidence\CodeSmell\BooleanArgumentOptions	Analysis.Evidence.CodeSmell	src/Analysis/Evidence/CodeSmell/BooleanArgumentOptions.php	ast-name
Qualimetrix\Analysis\Finding\Contract\Severity	Analysis.Finding	Qualimetrix\Analysis\Evidence\CodeSmell\BooleanArgumentRule	Analysis.Evidence.CodeSmell	src/Analysis/Evidence/CodeSmell/BooleanArgumentRule.php	ast-name
Qualimetrix\Analysis\Finding\Contract\Severity	Analysis.Finding	Qualimetrix\Analysis\Evidence\CodeSmell\CodeSmellFinding	Analysis.Evidence.CodeSmell	src/Analysis/Evidence/CodeSmell/CodeSmellFinding.php	ast-name
Qualimetrix\Analysis\Finding\Contract\Severity	Analysis.Finding	Qualimetrix\Analysis\Evidence\CodeSmell\CodeSmellOptions	Analysis.Evidence.CodeSmell	src/Analysis/Evidence/CodeSmell/CodeSmellOptions.php	ast-name
Qualimetrix\Analysis\Finding\Contract\Severity	Analysis.Finding	Qualimetrix\Analysis\Evidence\CodeSmell\ConstructorOverinjectionOptions	Analysis.Evidence.CodeSmell	src/Analysis/Evidence/CodeSmell/ConstructorOverinjectionOptions.php	ast-name
Qualimetrix\Analysis\Finding\Contract\Severity	Analysis.Finding	Qualimetrix\Analysis\Evidence\CodeSmell\ConstructorOverinjectionRule	Analysis.Evidence.CodeSmell	src/Analysis/Evidence/CodeSmell/ConstructorOverinjectionRule.php	ast-name
Qualimetrix\Analysis\Finding\Contract\Severity	Analysis.Finding	Qualimetrix\Analysis\Evidence\CodeSmell\DebugCodeRule	Analysis.Evidence.CodeSmell	src/Analysis/Evidence/CodeSmell/DebugCodeRule.php	ast-name
Qualimetrix\Analysis\Finding\Contract\Severity	Analysis.Finding	Qualimetrix\Analysis\Evidence\CodeSmell\EmptyCatchRule	Analysis.Evidence.CodeSmell	src/Analysis/Evidence/CodeSmell/EmptyCatchRule.php	ast-name
Qualimetrix\Analysis\Finding\Contract\Severity	Analysis.Finding	Qualimetrix\Analysis\Evidence\CodeSmell\ErrorSuppressionOptions	Analysis.Evidence.CodeSmell	src/Analysis/Evidence/CodeSmell/ErrorSuppressionOptions.php	ast-name
Qualimetrix\Analysis\Finding\Contract\Severity	Analysis.Finding	Qualimetrix\Analysis\Evidence\CodeSmell\ErrorSuppressionRule	Analysis.Evidence.CodeSmell	src/Analysis/Evidence/CodeSmell/ErrorSuppressionRule.php	ast-name
Qualimetrix\Analysis\Finding\Contract\Severity	Analysis.Finding	Qualimetrix\Analysis\Evidence\CodeSmell\EvalRule	Analysis.Evidence.CodeSmell	src/Analysis/Evidence/CodeSmell/EvalRule.php	ast-name
Qualimetrix\Analysis\Finding\Contract\Severity	Analysis.Finding	Qualimetrix\Analysis\Evidence\CodeSmell\GotoRule	Analysis.Evidence.CodeSmell	src/Analysis/Evidence/CodeSmell/GotoRule.php	ast-name
Qualimetrix\Analysis\Finding\Contract\Severity	Analysis.Finding	Qualimetrix\Analysis\Evidence\CodeSmell\IdenticalSubExpressionOptions	Analysis.Evidence.CodeSmell	src/Analysis/Evidence/CodeSmell/IdenticalSubExpressionOptions.php	ast-name
Qualimetrix\Analysis\Finding\Contract\Severity	Analysis.Finding	Qualimetrix\Analysis\Evidence\CodeSmell\IdenticalSubExpressionRule	Analysis.Evidence.CodeSmell	src/Analysis/Evidence/CodeSmell/IdenticalSubExpressionRule.php	ast-name
Qualimetrix\Analysis\Finding\Contract\Severity	Analysis.Finding	Qualimetrix\Analysis\Evidence\CodeSmell\LongParameterListOptions	Analysis.Evidence.CodeSmell	src/Analysis/Evidence/CodeSmell/LongParameterListOptions.php	ast-name
Qualimetrix\Analysis\Finding\Contract\Severity	Analysis.Finding	Qualimetrix\Analysis\Evidence\CodeSmell\LongParameterListRule	Analysis.Evidence.CodeSmell	src/Analysis/Evidence/CodeSmell/LongParameterListRule.php	ast-name
Qualimetrix\Analysis\Finding\Contract\Severity	Analysis.Finding	Qualimetrix\Analysis\Evidence\CodeSmell\UnreachableCodeOptions	Analysis.Evidence.CodeSmell	src/Analysis/Evidence/CodeSmell/UnreachableCodeOptions.php	ast-name
Qualimetrix\Analysis\Finding\Contract\Severity	Analysis.Finding	Qualimetrix\Analysis\Evidence\CodeSmell\UnreachableCodeRule	Analysis.Evidence.CodeSmell	src/Analysis/Evidence/CodeSmell/UnreachableCodeRule.php	ast-name
Qualimetrix\Analysis\Finding\Contract\Severity	Analysis.Finding	Qualimetrix\Analysis\Evidence\CodeSmell\UnusedPrivateOptions	Analysis.Evidence.CodeSmell	src/Analysis/Evidence/CodeSmell/UnusedPrivateOptions.php	ast-name
Qualimetrix\Analysis\Finding\Contract\Severity	Analysis.Finding	Qualimetrix\Analysis\Evidence\CodeSmell\UnusedPrivateRule	Analysis.Evidence.CodeSmell	src/Analysis/Evidence/CodeSmell/UnusedPrivateRule.php	ast-name
Qualimetrix\Analysis\Finding\Contract\Severity	Analysis.Finding	Qualimetrix\Analysis\Evidence\Cohesion\LcomOptions	Analysis.Evidence.Cohesion	src/Analysis/Evidence/Cohesion/LcomOptions.php	ast-name
Qualimetrix\Analysis\Finding\Contract\Severity	Analysis.Finding	Qualimetrix\Analysis\Evidence\Cohesion\LcomRule	Analysis.Evidence.Cohesion	src/Analysis/Evidence/Cohesion/LcomRule.php	ast-name
Qualimetrix\Analysis\Finding\Contract\Severity	Analysis.Finding	Qualimetrix\Analysis\Evidence\Complexity\ClassCognitiveComplexityOptions	Analysis.Evidence.Complexity	src/Analysis/Evidence/Complexity/ClassCognitiveComplexityOptions.php	ast-name
Qualimetrix\Analysis\Finding\Contract\Severity	Analysis.Finding	Qualimetrix\Analysis\Evidence\Complexity\ClassComplexityOptions	Analysis.Evidence.Complexity	src/Analysis/Evidence/Complexity/ClassComplexityOptions.php	ast-name
Qualimetrix\Analysis\Finding\Contract\Severity	Analysis.Finding	Qualimetrix\Analysis\Evidence\Complexity\ClassNpathComplexityOptions	Analysis.Evidence.Complexity	src/Analysis/Evidence/Complexity/ClassNpathComplexityOptions.php	ast-name
Qualimetrix\Analysis\Finding\Contract\Severity	Analysis.Finding	Qualimetrix\Analysis\Evidence\Complexity\CognitiveComplexityOptions	Analysis.Evidence.Complexity	src/Analysis/Evidence/Complexity/CognitiveComplexityOptions.php	ast-name
Qualimetrix\Analysis\Finding\Contract\Severity	Analysis.Finding	Qualimetrix\Analysis\Evidence\Complexity\CognitiveComplexityRule	Analysis.Evidence.Complexity	src/Analysis/Evidence/Complexity/CognitiveComplexityRule.php	ast-name
Qualimetrix\Analysis\Finding\Contract\Severity	Analysis.Finding	Qualimetrix\Analysis\Evidence\Complexity\ComplexityOptions	Analysis.Evidence.Complexity	src/Analysis/Evidence/Complexity/ComplexityOptions.php	ast-name
Qualimetrix\Analysis\Finding\Contract\Severity	Analysis.Finding	Qualimetrix\Analysis\Evidence\Complexity\ComplexityRule	Analysis.Evidence.Complexity	src/Analysis/Evidence/Complexity/ComplexityRule.php	ast-name
Qualimetrix\Analysis\Finding\Contract\Severity	Analysis.Finding	Qualimetrix\Analysis\Evidence\Complexity\MethodCognitiveComplexityOptions	Analysis.Evidence.Complexity	src/Analysis/Evidence/Complexity/MethodCognitiveComplexityOptions.php	ast-name
Qualimetrix\Analysis\Finding\Contract\Severity	Analysis.Finding	Qualimetrix\Analysis\Evidence\Complexity\MethodComplexityOptions	Analysis.Evidence.Complexity	src/Analysis/Evidence/Complexity/MethodComplexityOptions.php	ast-name
Qualimetrix\Analysis\Finding\Contract\Severity	Analysis.Finding	Qualimetrix\Analysis\Evidence\Complexity\MethodNpathComplexityOptions	Analysis.Evidence.Complexity	src/Analysis/Evidence/Complexity/MethodNpathComplexityOptions.php	ast-name
Qualimetrix\Analysis\Finding\Contract\Severity	Analysis.Finding	Qualimetrix\Analysis\Evidence\Complexity\NpathComplexityOptions	Analysis.Evidence.Complexity	src/Analysis/Evidence/Complexity/NpathComplexityOptions.php	ast-name
Qualimetrix\Analysis\Finding\Contract\Severity	Analysis.Finding	Qualimetrix\Analysis\Evidence\Complexity\NpathComplexityRule	Analysis.Evidence.Complexity	src/Analysis/Evidence/Complexity/NpathComplexityRule.php	ast-name
Qualimetrix\Analysis\Finding\Contract\Severity	Analysis.Finding	Qualimetrix\Analysis\Evidence\Complexity\WmcOptions	Analysis.Evidence.Complexity	src/Analysis/Evidence/Complexity/WmcOptions.php	ast-name
Qualimetrix\Analysis\Finding\Contract\Severity	Analysis.Finding	Qualimetrix\Analysis\Evidence\Complexity\WmcRule	Analysis.Evidence.Complexity	src/Analysis/Evidence/Complexity/WmcRule.php	ast-name
Qualimetrix\Analysis\Finding\Contract\Severity	Analysis.Finding	Qualimetrix\Analysis\Evidence\ComputedMetrics\ComputedMetricRuleOptions	Analysis.Evidence.ComputedMetrics	src/Analysis/Evidence/ComputedMetrics/ComputedMetricRuleOptions.php	ast-name
Qualimetrix\Analysis\Finding\Contract\Severity	Analysis.Finding	Qualimetrix\Analysis\Evidence\ComputedMetrics\Finding\ComputedMetricFindingBuilder	Analysis.Evidence.ComputedMetrics	src/Analysis/Evidence/ComputedMetrics/Finding/ComputedMetricFindingBuilder.php	ast-name
Qualimetrix\Analysis\Finding\Contract\Severity	Analysis.Finding	Qualimetrix\Analysis\Evidence\Coupling\CboOptions	Analysis.Evidence.Coupling	src/Analysis/Evidence/Coupling/CboOptions.php	ast-name
Qualimetrix\Analysis\Finding\Contract\Severity	Analysis.Finding	Qualimetrix\Analysis\Evidence\Coupling\CboRule	Analysis.Evidence.Coupling	src/Analysis/Evidence/Coupling/CboRule.php	ast-name
Qualimetrix\Analysis\Finding\Contract\Severity	Analysis.Finding	Qualimetrix\Analysis\Evidence\Coupling\ClassCboOptions	Analysis.Evidence.Coupling	src/Analysis/Evidence/Coupling/ClassCboOptions.php	ast-name
Qualimetrix\Analysis\Finding\Contract\Severity	Analysis.Finding	Qualimetrix\Analysis\Evidence\Coupling\ClassInstabilityOptions	Analysis.Evidence.Coupling	src/Analysis/Evidence/Coupling/ClassInstabilityOptions.php	ast-name
Qualimetrix\Analysis\Finding\Contract\Severity	Analysis.Finding	Qualimetrix\Analysis\Evidence\Coupling\ClassRankOptions	Analysis.Evidence.Coupling	src/Analysis/Evidence/Coupling/ClassRankOptions.php	ast-name
Qualimetrix\Analysis\Finding\Contract\Severity	Analysis.Finding	Qualimetrix\Analysis\Evidence\Coupling\ClassRankRule	Analysis.Evidence.Coupling	src/Analysis/Evidence/Coupling/ClassRankRule.php	ast-name
Qualimetrix\Analysis\Finding\Contract\Severity	Analysis.Finding	Qualimetrix\Analysis\Evidence\Coupling\DistanceOptions	Analysis.Evidence.Coupling	src/Analysis/Evidence/Coupling/DistanceOptions.php	ast-name
Qualimetrix\Analysis\Finding\Contract\Severity	Analysis.Finding	Qualimetrix\Analysis\Evidence\Coupling\DistanceRule	Analysis.Evidence.Coupling	src/Analysis/Evidence/Coupling/DistanceRule.php	ast-name
Qualimetrix\Analysis\Finding\Contract\Severity	Analysis.Finding	Qualimetrix\Analysis\Evidence\Coupling\InstabilityOptions	Analysis.Evidence.Coupling	src/Analysis/Evidence/Coupling/InstabilityOptions.php	ast-name
Qualimetrix\Analysis\Finding\Contract\Severity	Analysis.Finding	Qualimetrix\Analysis\Evidence\Coupling\InstabilityRule	Analysis.Evidence.Coupling	src/Analysis/Evidence/Coupling/InstabilityRule.php	ast-name
Qualimetrix\Analysis\Finding\Contract\Severity	Analysis.Finding	Qualimetrix\Analysis\Evidence\Coupling\NamespaceCboOptions	Analysis.Evidence.Coupling	src/Analysis/Evidence/Coupling/NamespaceCboOptions.php	ast-name
Qualimetrix\Analysis\Finding\Contract\Severity	Analysis.Finding	Qualimetrix\Analysis\Evidence\Coupling\NamespaceInstabilityOptions	Analysis.Evidence.Coupling	src/Analysis/Evidence/Coupling/NamespaceInstabilityOptions.php	ast-name
Qualimetrix\Analysis\Finding\Contract\Severity	Analysis.Finding	Qualimetrix\Analysis\Evidence\Coupling\UnmatchedFrameworkNamespaceOptions	Analysis.Evidence.Coupling	src/Analysis/Evidence/Coupling/UnmatchedFrameworkNamespaceOptions.php	ast-name
Qualimetrix\Analysis\Finding\Contract\Severity	Analysis.Finding	Qualimetrix\Analysis\Evidence\Coupling\UnmatchedFrameworkNamespaceRule	Analysis.Evidence.Coupling	src/Analysis/Evidence/Coupling/UnmatchedFrameworkNamespaceRule.php	ast-name
Qualimetrix\Analysis\Finding\Contract\Severity	Analysis.Finding	Qualimetrix\Analysis\Evidence\Design\DataClass\DataClassOptions	Analysis.Evidence.Design	src/Analysis/Evidence/Design/DataClass/DataClassOptions.php	ast-name
Qualimetrix\Analysis\Finding\Contract\Severity	Analysis.Finding	Qualimetrix\Analysis\Evidence\Design\DataClass\DataClassRule	Analysis.Evidence.Design	src/Analysis/Evidence/Design/DataClass/DataClassRule.php	ast-name
Qualimetrix\Analysis\Finding\Contract\Severity	Analysis.Finding	Qualimetrix\Analysis\Evidence\Design\GodClass\GodClassOptions	Analysis.Evidence.Design	src/Analysis/Evidence/Design/GodClass/GodClassOptions.php	ast-name
Qualimetrix\Analysis\Finding\Contract\Severity	Analysis.Finding	Qualimetrix\Analysis\Evidence\Design\GodClass\GodClassRule	Analysis.Evidence.Design	src/Analysis/Evidence/Design/GodClass/GodClassRule.php	ast-name
Qualimetrix\Analysis\Finding\Contract\Severity	Analysis.Finding	Qualimetrix\Analysis\Evidence\Design\Inheritance\InheritanceOptions	Analysis.Evidence.Design	src/Analysis/Evidence/Design/Inheritance/InheritanceOptions.php	ast-name
Qualimetrix\Analysis\Finding\Contract\Severity	Analysis.Finding	Qualimetrix\Analysis\Evidence\Design\Inheritance\InheritanceRule	Analysis.Evidence.Design	src/Analysis/Evidence/Design/Inheritance/InheritanceRule.php	ast-name
Qualimetrix\Analysis\Finding\Contract\Severity	Analysis.Finding	Qualimetrix\Analysis\Evidence\Design\Inheritance\NocOptions	Analysis.Evidence.Design	src/Analysis/Evidence/Design/Inheritance/NocOptions.php	ast-name
Qualimetrix\Analysis\Finding\Contract\Severity	Analysis.Finding	Qualimetrix\Analysis\Evidence\Design\Inheritance\NocRule	Analysis.Evidence.Design	src/Analysis/Evidence/Design/Inheritance/NocRule.php	ast-name
Qualimetrix\Analysis\Finding\Contract\Severity	Analysis.Finding	Qualimetrix\Analysis\Evidence\Design\TypeCoverage\AbstractTypeCoverageRule	Analysis.Evidence.Design	src/Analysis/Evidence/Design/TypeCoverage/AbstractTypeCoverageRule.php	ast-name
Qualimetrix\Analysis\Finding\Contract\Severity	Analysis.Finding	Qualimetrix\Analysis\Evidence\Design\TypeCoverage\TypeCoverageOptions	Analysis.Evidence.Design	src/Analysis/Evidence/Design/TypeCoverage/TypeCoverageOptions.php	ast-name
Qualimetrix\Analysis\Finding\Contract\Severity	Analysis.Finding	Qualimetrix\Analysis\Evidence\Duplication\CodeDuplicationOptions	Analysis.Evidence.Duplication	src/Analysis/Evidence/Duplication/CodeDuplicationOptions.php	ast-name
Qualimetrix\Analysis\Finding\Contract\Severity	Analysis.Finding	Qualimetrix\Analysis\Evidence\Duplication\CodeDuplicationRule	Analysis.Evidence.Duplication	src/Analysis/Evidence/Duplication/CodeDuplicationRule.php	ast-name
Qualimetrix\Analysis\Finding\Contract\Severity	Analysis.Finding	Qualimetrix\Analysis\Evidence\Maintainability\MaintainabilityOptions	Analysis.Evidence.Maintainability	src/Analysis/Evidence/Maintainability/MaintainabilityOptions.php	ast-name
Qualimetrix\Analysis\Finding\Contract\Severity	Analysis.Finding	Qualimetrix\Analysis\Evidence\Maintainability\MaintainabilityRule	Analysis.Evidence.Maintainability	src/Analysis/Evidence/Maintainability/MaintainabilityRule.php	ast-name
Qualimetrix\Analysis\Finding\Contract\Severity	Analysis.Finding	Qualimetrix\Analysis\Evidence\Prioritization\Impact\ImpactCalculator	Analysis.Evidence.Prioritization	src/Analysis/Evidence/Prioritization/Impact/ImpactCalculator.php	ast-name
Qualimetrix\Analysis\Finding\Contract\Severity	Analysis.Finding	Qualimetrix\Analysis\Evidence\Security\AbstractSecurityPatternRule	Analysis.Evidence.Security	src/Analysis/Evidence/Security/AbstractSecurityPatternRule.php	ast-name
Qualimetrix\Analysis\Finding\Contract\Severity	Analysis.Finding	Qualimetrix\Analysis\Evidence\Security\HardcodedCredentialsOptions	Analysis.Evidence.Security	src/Analysis/Evidence/Security/HardcodedCredentialsOptions.php	ast-name
Qualimetrix\Analysis\Finding\Contract\Severity	Analysis.Finding	Qualimetrix\Analysis\Evidence\Security\SecurityPatternFinding	Analysis.Evidence.Security	src/Analysis/Evidence/Security/SecurityPatternFinding.php	ast-name
Qualimetrix\Analysis\Finding\Contract\Severity	Analysis.Finding	Qualimetrix\Analysis\Evidence\Security\SecurityPatternOptions	Analysis.Evidence.Security	src/Analysis/Evidence/Security/SecurityPatternOptions.php	ast-name
Qualimetrix\Analysis\Finding\Contract\Severity	Analysis.Finding	Qualimetrix\Analysis\Evidence\Security\SensitiveParameterOptions	Analysis.Evidence.Security	src/Analysis/Evidence/Security/SensitiveParameterOptions.php	ast-name
Qualimetrix\Analysis\Finding\Contract\Severity	Analysis.Finding	Qualimetrix\Analysis\Evidence\Size\ClassCountOptions	Analysis.Evidence.Size	src/Analysis/Evidence/Size/ClassCountOptions.php	ast-name
Qualimetrix\Analysis\Finding\Contract\Severity	Analysis.Finding	Qualimetrix\Analysis\Evidence\Size\ClassCountRule	Analysis.Evidence.Size	src/Analysis/Evidence/Size/ClassCountRule.php	ast-name
Qualimetrix\Analysis\Finding\Contract\Severity	Analysis.Finding	Qualimetrix\Analysis\Evidence\Size\MethodCountOptions	Analysis.Evidence.Size	src/Analysis/Evidence/Size/MethodCountOptions.php	ast-name
Qualimetrix\Analysis\Finding\Contract\Severity	Analysis.Finding	Qualimetrix\Analysis\Evidence\Size\MethodCountRule	Analysis.Evidence.Size	src/Analysis/Evidence/Size/MethodCountRule.php	ast-name
Qualimetrix\Analysis\Finding\Contract\Severity	Analysis.Finding	Qualimetrix\Analysis\Evidence\Size\PropertyCountOptions	Analysis.Evidence.Size	src/Analysis/Evidence/Size/PropertyCountOptions.php	ast-name
Qualimetrix\Analysis\Finding\Contract\Severity	Analysis.Finding	Qualimetrix\Analysis\Evidence\Size\PropertyCountRule	Analysis.Evidence.Size	src/Analysis/Evidence/Size/PropertyCountRule.php	ast-name
Qualimetrix\Analysis\Finding\Contract\Severity	Analysis.Finding	Qualimetrix\Analysis\Policy\Architecture\LayerViolation\DeclaredLayerReachability	Analysis.Policy.Architecture	src/Analysis/Policy/Architecture/LayerViolation/DeclaredLayerReachability.php	ast-name
Qualimetrix\Analysis\Finding\Contract\Severity	Analysis.Finding	Qualimetrix\Analysis\Policy\Architecture\LayerViolation\LayerViolationFinding	Analysis.Policy.Architecture	src/Analysis/Policy/Architecture/LayerViolation/LayerViolationFinding.php	ast-name
Qualimetrix\Analysis\Finding\Contract\Severity	Analysis.Finding	Qualimetrix\Analysis\Policy\Architecture\LayerViolation\LayerViolationOptions	Analysis.Policy.Architecture	src/Analysis/Policy/Architecture/LayerViolation/LayerViolationOptions.php	ast-name
Qualimetrix\Analysis\Finding\Contract\Severity	Analysis.Finding	Qualimetrix\Analysis\Policy\Architecture\LayerViolation\UnassignedClassOptions	Analysis.Policy.Architecture	src/Analysis/Policy/Architecture/LayerViolation/UnassignedClassOptions.php	ast-name
Qualimetrix\Analysis\Finding\Contract\Severity	Analysis.Finding	Qualimetrix\Analysis\Policy\Architecture\LayerViolation\UnassignedClassSummary	Analysis.Policy.Architecture	src/Analysis/Policy/Architecture/LayerViolation/UnassignedClassSummary.php	ast-name
Qualimetrix\Analysis\Finding\Contract\Severity	Analysis.Finding	Qualimetrix\Analysis\Policy\Architecture\LayerViolation\UnmatchedExcludeDiagnostic	Analysis.Policy.Architecture	src/Analysis/Policy/Architecture/LayerViolation/UnmatchedExcludeDiagnostic.php	ast-name
Qualimetrix\Analysis\Finding\Contract\Severity	Analysis.Finding	Qualimetrix\Analysis\Policy\Inline\Directive\Audit\DirectiveUsage	Analysis.Policy.Inline	src/Analysis/Policy/Inline/Directive/Audit/DirectiveUsage.php	ast-name
Qualimetrix\Analysis\Finding\Contract\Severity	Analysis.Finding	Qualimetrix\Analysis\Policy\Inline\Directive\Audit\StaleDirectiveFinding	Analysis.Policy.Inline	src/Analysis/Policy/Inline/Directive/Audit/StaleDirectiveFinding.php	ast-name
Qualimetrix\Analysis\Finding\Contract\Severity	Analysis.Finding	Qualimetrix\Analysis\Policy\Inline\Directive\InlineDirectiveOptions	Analysis.Policy.Inline	src/Analysis/Policy/Inline/Directive/InlineDirectiveOptions.php	ast-name
Qualimetrix\Analysis\Finding\Contract\Severity	Analysis.Finding	Qualimetrix\Analysis\Policy\Inline\Directive\InlineDirectivePolicy	Analysis.Policy.Inline	src/Analysis/Policy/Inline/Directive/InlineDirectivePolicy.php	ast-name
Qualimetrix\Analysis\Finding\Contract\Severity	Analysis.Finding	Qualimetrix\Analysis\Policy\Inline\Directive\InlineDirectiveValidator	Analysis.Policy.Inline	src/Analysis/Policy/Inline/Directive/InlineDirectiveValidator.php	ast-name
Qualimetrix\Analysis\Finding\Contract\Severity	Analysis.Finding	Qualimetrix\Analysis\Run\Contract\Pipeline\AnalysisResult	Analysis.Run	src/Analysis/Run/Contract/Pipeline/AnalysisResult.php	ast-name
Qualimetrix\Analysis\Finding\Contract\Severity	Analysis.Finding	Qualimetrix\Analysis\Run\ExcludeBinding\UnmatchedExcludeAudit	Analysis.Run	src/Analysis/Run/ExcludeBinding/UnmatchedExcludeAudit.php	ast-name
Qualimetrix\Analysis\Finding\Contract\Severity	Analysis.Finding	Qualimetrix\Analysis\Run\ExcludeBinding\UnmatchedExcludeOptions	Analysis.Run	src/Analysis/Run/ExcludeBinding/UnmatchedExcludeOptions.php	ast-name
Qualimetrix\Analysis\Finding\Contract\Severity	Analysis.Finding	Qualimetrix\Infrastructure\Console\ExitCodeResolver	Infrastructure.Console	src/Infrastructure/Console/ExitCodeResolver.php	ast-name
Qualimetrix\Analysis\Finding\Contract\Severity	Analysis.Finding	Qualimetrix\Infrastructure\Console\ExitPolicy	Infrastructure.Console	src/Infrastructure/Console/ExitPolicy.php	ast-name
Qualimetrix\Analysis\Finding\Contract\Severity	Analysis.Finding	Qualimetrix\Reporting\Formatter\CheckstyleFormatter	Reporting	src/Reporting/Formatter/CheckstyleFormatter.php	ast-name
Qualimetrix\Analysis\Finding\Contract\Severity	Analysis.Finding	Qualimetrix\Reporting\Formatter\Detail\FindingDetailRenderer	Reporting	src/Reporting/Formatter/Detail/FindingDetailRenderer.php	ast-name
Qualimetrix\Analysis\Finding\Contract\Severity	Analysis.Finding	Qualimetrix\Reporting\Formatter\GitLabCodeQualityFormatter	Reporting	src/Reporting/Formatter/GitLabCodeQualityFormatter.php	ast-name
Qualimetrix\Analysis\Finding\Contract\Severity	Analysis.Finding	Qualimetrix\Reporting\Formatter\GithubActionsFormatter	Reporting	src/Reporting/Formatter/GithubActionsFormatter.php	ast-name
Qualimetrix\Analysis\Finding\Contract\Severity	Analysis.Finding	Qualimetrix\Reporting\Formatter\Json\JsonFormatter	Reporting	src/Reporting/Formatter/Json/JsonFormatter.php	ast-name
Qualimetrix\Analysis\Finding\Contract\Severity	Analysis.Finding	Qualimetrix\Reporting\Formatter\Ordering\FindingSorter	Reporting	src/Reporting/Formatter/Ordering/FindingSorter.php	ast-name
Qualimetrix\Analysis\Finding\Contract\Severity	Analysis.Finding	Qualimetrix\Reporting\Formatter\Sarif\SarifRuleCollector	Reporting	src/Reporting/Formatter/Sarif/SarifRuleCollector.php	ast-name
Qualimetrix\Analysis\Finding\Contract\Severity	Analysis.Finding	Qualimetrix\Reporting\Formatter\Summary\FindingSummaryRenderer	Reporting	src/Reporting/Formatter/Summary/FindingSummaryRenderer.php	ast-name
Qualimetrix\Analysis\Finding\Contract\Severity	Analysis.Finding	Qualimetrix\Reporting\Formatter\Summary\TopIssuesRenderer	Reporting	src/Reporting/Formatter/Summary/TopIssuesRenderer.php	ast-name
Qualimetrix\Analysis\Finding\Contract\Severity	Analysis.Finding	Qualimetrix\Reporting\Formatter\TextFormatter	Reporting	src/Reporting/Formatter/TextFormatter.php	ast-name
Qualimetrix\Analysis\Finding\Contract\Severity	Analysis.Finding	Qualimetrix\Reporting\Report	Reporting	src/Reporting/Report.php	ast-name
Qualimetrix\Analysis\Finding\Contract\Severity	Analysis.Finding	Qualimetrix\Reporting\ReportBuilder	Reporting	src/Reporting/ReportBuilder.php	ast-name
Qualimetrix\Analysis\Finding\Contract\Threshold\ThresholdOverride	Analysis.Finding	Qualimetrix\Analysis\Policy\Baseline\BoundaryExplanationService	Analysis.Policy.Baseline	src/Analysis/Policy/Baseline/BoundaryExplanationService.php	ast-name
Qualimetrix\Analysis\Finding\Contract\Threshold\ThresholdOverride	Analysis.Finding	Qualimetrix\Analysis\Policy\Baseline\EffectiveBoundary	Analysis.Policy.Baseline	src/Analysis/Policy/Baseline/EffectiveBoundary.php	ast-name
Qualimetrix\Analysis\Finding\Contract\Threshold\ThresholdOverride	Analysis.Finding	Qualimetrix\Analysis\Policy\Inline\Contract\ThresholdOverrideExtractor	Analysis.Policy.Inline	src/Analysis/Policy/Inline/Contract/ThresholdOverrideExtractor.php	ast-name
Qualimetrix\Analysis\Finding\Contract\Threshold\ThresholdOverride	Analysis.Finding	Qualimetrix\Analysis\Policy\Inline\Directive\Audit\ThresholdDirectiveAudit	Analysis.Policy.Inline	src/Analysis/Policy/Inline/Directive/Audit/ThresholdDirectiveAudit.php	ast-name
Qualimetrix\Analysis\Finding\Contract\Threshold\ThresholdOverride	Analysis.Finding	Qualimetrix\Analysis\Policy\Inline\Directive\DirectiveAddressability	Analysis.Policy.Inline	src/Analysis/Policy/Inline/Directive/DirectiveAddressability.php	ast-name
Qualimetrix\Analysis\Finding\Contract\Threshold\ThresholdOverride	Analysis.Finding	Qualimetrix\Analysis\Policy\Inline\Directive\InlineDirectivePolicy	Analysis.Policy.Inline	src/Analysis/Policy/Inline/Directive/InlineDirectivePolicy.php	ast-name
Qualimetrix\Analysis\Finding\Contract\Threshold\ThresholdOverride	Analysis.Finding	Qualimetrix\Analysis\Policy\Inline\Directive\InlineDirectiveValidator	Analysis.Policy.Inline	src/Analysis/Policy/Inline/Directive/InlineDirectiveValidator.php	ast-name
Qualimetrix\Analysis\Finding\Contract\Threshold\ThresholdOverride	Analysis.Finding	Qualimetrix\Infrastructure\Console\Command\BaselineExplainCommand	Infrastructure.Console	src/Infrastructure/Console/Command/BaselineExplainCommand.php	ast-name
Qualimetrix\Analysis\Finding\Exclusion\ConfiguredSuppression	Analysis.Finding	Qualimetrix\Infrastructure\Console\CliOptionsParser	Infrastructure.Console	src/Infrastructure/Console/CliOptionsParser.php	ast-name
Qualimetrix\Analysis\Finding\Exclusion\ConfiguredSuppression	Analysis.Finding	Qualimetrix\Infrastructure\Console\RuleInputValidator	Infrastructure.Console	src/Infrastructure/Console/RuleInputValidator.php	ast-name
Qualimetrix\Analysis\Finding\RuleConfiguration\RuleOptionsFactory	Analysis.Finding	Qualimetrix\Infrastructure\Console\Command\BaselineConfiguredThresholds	Infrastructure.Console	src/Infrastructure/Console/Command/BaselineConfiguredThresholds.php	ast-name
Qualimetrix\Analysis\Finding\RuleConfiguration\RuleOptionsFactory	Analysis.Finding	Qualimetrix\Infrastructure\DependencyInjection\CompilerPass\RuleOptionsCompilerPass	Infrastructure.DependencyInjection	src/Infrastructure/DependencyInjection/CompilerPass/RuleOptionsCompilerPass.php	ast-name
Qualimetrix\Analysis\Finding\RuleConfiguration\RuleOptionsFactory	Analysis.Finding	Qualimetrix\Infrastructure\DependencyInjection\Configurator\ComputedMetricsConfigurator	Infrastructure.DependencyInjection	src/Infrastructure/DependencyInjection/Configurator/ComputedMetricsConfigurator.php	ast-name
Qualimetrix\Analysis\Finding\RuleConfiguration\RuleOptionsFactory	Analysis.Finding	Qualimetrix\Infrastructure\DependencyInjection\Configurator\FindingConfigurator	Infrastructure.DependencyInjection	src/Infrastructure/DependencyInjection/Configurator/FindingConfigurator.php	ast-name
Qualimetrix\Analysis\Finding\RuleConfiguration\RuleOptionsFactory	Analysis.Finding	Qualimetrix\Infrastructure\DependencyInjection\Configurator\OutputConfigurator	Infrastructure.DependencyInjection	src/Infrastructure/DependencyInjection/Configurator/OutputConfigurator.php	ast-name
Qualimetrix\Analysis\Finding\RuleConfiguration\RuleOptionsParser	Analysis.Finding	Qualimetrix\Infrastructure\Console\CliOptionsParser	Infrastructure.Console	src/Infrastructure/Console/CliOptionsParser.php	ast-name
Qualimetrix\Analysis\Finding\RuleConfiguration\RuleOptionsParserFactory	Analysis.Finding	Qualimetrix\Infrastructure\Console\RuleInputValidator	Infrastructure.Console	src/Infrastructure/Console/RuleInputValidator.php	ast-name
Qualimetrix\Analysis\Finding\SuppressionBinding\UnboundSuppressionAudit	Analysis.Finding	Qualimetrix\Infrastructure\Console\FindingFilterOrchestrator	Infrastructure.Console	src/Infrastructure/Console/FindingFilterOrchestrator.php	ast-name
Qualimetrix\Analysis\Finding\SuppressionBinding\ValueScopeJudgement	Analysis.Finding	Qualimetrix\Infrastructure\Console\FindingFilterOrchestrator	Infrastructure.Console	src/Infrastructure/Console/FindingFilterOrchestrator.php	ast-name
Qualimetrix\Analysis\Policy\Architecture\Contract\ArchitecturePolicyConfiguratorInterface	Analysis.Policy.Architecture	Qualimetrix\Infrastructure\Console\AnalysisRuntimeConfigurator	Infrastructure.Console	src/Infrastructure/Console/AnalysisRuntimeConfigurator.php	ast-name
Qualimetrix\Analysis\Policy\Architecture\Contract\ArchitecturePolicyConfiguratorInterface	Analysis.Policy.Architecture	Qualimetrix\Infrastructure\DependencyInjection\Configurator\ArchitectureConfigurator	Infrastructure.DependencyInjection	src/Infrastructure/DependencyInjection/Configurator/ArchitectureConfigurator.php	ast-name
Qualimetrix\Analysis\Policy\Architecture\Contract\ArchitecturePolicyConfiguratorInterface	Analysis.Policy.Architecture	Qualimetrix\Infrastructure\DependencyInjection\Configurator\OutputConfigurator	Infrastructure.DependencyInjection	src/Infrastructure/DependencyInjection/Configurator/OutputConfigurator.php	ast-name
Qualimetrix\Analysis\Policy\Architecture\Contract\LayerAssignmentInspectorInterface	Analysis.Policy.Architecture	Qualimetrix\Infrastructure\Console\LayerAssignmentResolver	Infrastructure.Console	src/Infrastructure/Console/LayerAssignmentResolver.php	ast-name
Qualimetrix\Analysis\Policy\Architecture\Contract\LayerAssignmentInspectorInterface	Analysis.Policy.Architecture	Qualimetrix\Infrastructure\DependencyInjection\Configurator\ArchitectureConfigurator	Infrastructure.DependencyInjection	src/Infrastructure/DependencyInjection/Configurator/ArchitectureConfigurator.php	ast-name
Qualimetrix\Analysis\Policy\Architecture\Contract\LayerAssignmentMatch	Analysis.Policy.Architecture	Qualimetrix\Infrastructure\Console\Command\Debug\LayerAssignmentCommand	Infrastructure.Console	src/Infrastructure/Console/Command/Debug/LayerAssignmentCommand.php	ast-name
Qualimetrix\Analysis\Policy\Architecture\Contract\LayerPolicyPreparationInterface	Analysis.Policy.Architecture	Qualimetrix\Analysis\Run\RuleProducerPreparation	Analysis.Run	src/Analysis/Run/RuleProducerPreparation.php	ast-name
Qualimetrix\Analysis\Policy\Architecture\Contract\LayerPolicyPreparationInterface	Analysis.Policy.Architecture	Qualimetrix\Infrastructure\DependencyInjection\Configurator\AnalysisConfigurator	Infrastructure.DependencyInjection	src/Infrastructure/DependencyInjection/Configurator/AnalysisConfigurator.php	ast-name
Qualimetrix\Analysis\Policy\Architecture\Contract\LayerPolicyPreparationInterface	Analysis.Policy.Architecture	Qualimetrix\Infrastructure\DependencyInjection\Configurator\ArchitectureConfigurator	Infrastructure.DependencyInjection	src/Infrastructure/DependencyInjection/Configurator/ArchitectureConfigurator.php	ast-name
Qualimetrix\Analysis\Policy\Architecture\Contract\LayerPolicyPreparationInterface	Analysis.Policy.Architecture	Qualimetrix\Reporting\FindingProjection\DeclaredChannelFileScope	Reporting	src/Reporting/FindingProjection/DeclaredChannelFileScope.php	ast-name
Qualimetrix\Analysis\Policy\Architecture\Contract\ResolvedArchitecturePolicyInterface	Analysis.Policy.Architecture	Qualimetrix\Infrastructure\Console\AnalysisRuntimeConfigurator	Infrastructure.Console	src/Infrastructure/Console/AnalysisRuntimeConfigurator.php	ast-name
Qualimetrix\Analysis\Policy\Baseline\Baseline	Analysis.Policy.Baseline	Qualimetrix\Infrastructure\Console\Command\BaselineExplainCommand	Infrastructure.Console	src/Infrastructure/Console/Command/BaselineExplainCommand.php	ast-name
Qualimetrix\Analysis\Policy\Baseline\Baseline	Analysis.Policy.Baseline	Qualimetrix\Infrastructure\Console\Command\BaselineGenerateCommand	Infrastructure.Console	src/Infrastructure/Console/Command/BaselineGenerateCommand.php	ast-name
Qualimetrix\Analysis\Policy\Baseline\Baseline	Analysis.Policy.Baseline	Qualimetrix\Infrastructure\Console\Command\BaselineUpdateCommand	Infrastructure.Console	src/Infrastructure/Console/Command/BaselineUpdateCommand.php	ast-name
Qualimetrix\Analysis\Policy\Baseline\BaselineCapture	Analysis.Policy.Baseline	Qualimetrix\Infrastructure\Console\Command\BaselineCaptureReporter	Infrastructure.Console	src/Infrastructure/Console/Command/BaselineCaptureReporter.php	ast-name
Qualimetrix\Analysis\Policy\Baseline\BaselineChannelRenamer	Analysis.Policy.Baseline	Qualimetrix\Infrastructure\Console\Command\BaselineRenameChannelsCommand	Infrastructure.Console	src/Infrastructure/Console/Command/BaselineRenameChannelsCommand.php	ast-name
Qualimetrix\Analysis\Policy\Baseline\BaselineChannelRenamer	Analysis.Policy.Baseline	Qualimetrix\Infrastructure\DependencyInjection\Configurator\OutputConfigurator	Infrastructure.DependencyInjection	src/Infrastructure/DependencyInjection/Configurator/OutputConfigurator.php	ast-name
Qualimetrix\Analysis\Policy\Baseline\BaselineCleaner	Analysis.Policy.Baseline	Qualimetrix\Infrastructure\Console\Command\BaselineCleanupCommand	Infrastructure.Console	src/Infrastructure/Console/Command/BaselineCleanupCommand.php	ast-name
Qualimetrix\Analysis\Policy\Baseline\BaselineCleaner	Analysis.Policy.Baseline	Qualimetrix\Infrastructure\DependencyInjection\Configurator\OutputConfigurator	Infrastructure.DependencyInjection	src/Infrastructure/DependencyInjection/Configurator/OutputConfigurator.php	ast-name
Qualimetrix\Analysis\Policy\Baseline\BaselineCleanupCandidate	Analysis.Policy.Baseline	Qualimetrix\Infrastructure\Console\Command\BaselineCleanupCommand	Infrastructure.Console	src/Infrastructure/Console/Command/BaselineCleanupCommand.php	ast-name
Qualimetrix\Analysis\Policy\Baseline\BaselineCleanupReason	Analysis.Policy.Baseline	Qualimetrix\Infrastructure\Console\Command\BaselineCleanupCommand	Infrastructure.Console	src/Infrastructure/Console/Command/BaselineCleanupCommand.php	ast-name
Qualimetrix\Analysis\Policy\Baseline\BaselineConflictException	Analysis.Policy.Baseline	Qualimetrix\Infrastructure\Console\Command\BaselineCommand	Infrastructure.Console	src/Infrastructure/Console/Command/BaselineCommand.php	ast-name
Qualimetrix\Analysis\Policy\Baseline\BaselineEntry	Analysis.Policy.Baseline	Qualimetrix\Infrastructure\Console\Command\BaselineGenerateCommand	Infrastructure.Console	src/Infrastructure/Console/Command/BaselineGenerateCommand.php	ast-name
Qualimetrix\Analysis\Policy\Baseline\BaselineEntryMode	Analysis.Policy.Baseline	Qualimetrix\Infrastructure\Console\Command\BaselineGenerateCommand	Infrastructure.Console	src/Infrastructure/Console/Command/BaselineGenerateCommand.php	ast-name
Qualimetrix\Analysis\Policy\Baseline\BaselineGenerator	Analysis.Policy.Baseline	Qualimetrix\Infrastructure\Console\Command\BaselineGenerateCommand	Infrastructure.Console	src/Infrastructure/Console/Command/BaselineGenerateCommand.php	ast-name
Qualimetrix\Analysis\Policy\Baseline\BaselineGenerator	Analysis.Policy.Baseline	Qualimetrix\Infrastructure\DependencyInjection\Configurator\OutputConfigurator	Infrastructure.DependencyInjection	src/Infrastructure/DependencyInjection/Configurator/OutputConfigurator.php	ast-name
Qualimetrix\Analysis\Policy\Baseline\BaselineLoader	Analysis.Policy.Baseline	Qualimetrix\Infrastructure\Console\Command\BaselineCleanupCommand	Infrastructure.Console	src/Infrastructure/Console/Command/BaselineCleanupCommand.php	ast-name
Qualimetrix\Analysis\Policy\Baseline\BaselineLoader	Analysis.Policy.Baseline	Qualimetrix\Infrastructure\Console\Command\BaselineCommand	Infrastructure.Console	src/Infrastructure/Console/Command/BaselineCommand.php	ast-name
Qualimetrix\Analysis\Policy\Baseline\BaselineLoader	Analysis.Policy.Baseline	Qualimetrix\Infrastructure\Console\Command\BaselineExplainCommand	Infrastructure.Console	src/Infrastructure/Console/Command/BaselineExplainCommand.php	ast-name
Qualimetrix\Analysis\Policy\Baseline\BaselineLoader	Analysis.Policy.Baseline	Qualimetrix\Infrastructure\Console\Command\BaselineUpdateCommand	Infrastructure.Console	src/Infrastructure/Console/Command/BaselineUpdateCommand.php	ast-name
Qualimetrix\Analysis\Policy\Baseline\BaselineLoader	Analysis.Policy.Baseline	Qualimetrix\Infrastructure\DependencyInjection\Configurator\OutputConfigurator	Infrastructure.DependencyInjection	src/Infrastructure/DependencyInjection/Configurator/OutputConfigurator.php	ast-name
Qualimetrix\Analysis\Policy\Baseline\BaselineLoader	Analysis.Policy.Baseline	Qualimetrix\Reporting\FindingProjection\FindingProjector	Reporting	src/Reporting/FindingProjection/FindingProjector.php	ast-name
Qualimetrix\Analysis\Policy\Baseline\BaselineUpdateDisposition	Analysis.Policy.Baseline	Qualimetrix\Infrastructure\Console\Command\BaselineUpdateCommand	Infrastructure.Console	src/Infrastructure/Console/Command/BaselineUpdateCommand.php	ast-name
Qualimetrix\Analysis\Policy\Baseline\BaselineUpdateResult	Analysis.Policy.Baseline	Qualimetrix\Infrastructure\Console\Command\BaselineUpdateCommand	Infrastructure.Console	src/Infrastructure/Console/Command/BaselineUpdateCommand.php	ast-name
Qualimetrix\Analysis\Policy\Baseline\BaselineUpdater	Analysis.Policy.Baseline	Qualimetrix\Infrastructure\Console\Command\BaselineUpdateCommand	Infrastructure.Console	src/Infrastructure/Console/Command/BaselineUpdateCommand.php	ast-name
Qualimetrix\Analysis\Policy\Baseline\BaselineUpdater	Analysis.Policy.Baseline	Qualimetrix\Infrastructure\DependencyInjection\Configurator\OutputConfigurator	Infrastructure.DependencyInjection	src/Infrastructure/DependencyInjection/Configurator/OutputConfigurator.php	ast-name
Qualimetrix\Analysis\Policy\Baseline\BaselineWriter	Analysis.Policy.Baseline	Qualimetrix\Infrastructure\Console\Command\BaselineCleanupCommand	Infrastructure.Console	src/Infrastructure/Console/Command/BaselineCleanupCommand.php	ast-name
Qualimetrix\Analysis\Policy\Baseline\BaselineWriter	Analysis.Policy.Baseline	Qualimetrix\Infrastructure\Console\Command\BaselineGenerateCommand	Infrastructure.Console	src/Infrastructure/Console/Command/BaselineGenerateCommand.php	ast-name
Qualimetrix\Analysis\Policy\Baseline\BaselineWriter	Analysis.Policy.Baseline	Qualimetrix\Infrastructure\Console\Command\BaselineUpdateCommand	Infrastructure.Console	src/Infrastructure/Console/Command/BaselineUpdateCommand.php	ast-name
Qualimetrix\Analysis\Policy\Baseline\BaselineWriter	Analysis.Policy.Baseline	Qualimetrix\Infrastructure\DependencyInjection\Configurator\OutputConfigurator	Infrastructure.DependencyInjection	src/Infrastructure/DependencyInjection/Configurator/OutputConfigurator.php	ast-name
Qualimetrix\Analysis\Policy\Baseline\BoundaryExplanation	Analysis.Policy.Baseline	Qualimetrix\Infrastructure\Console\Command\BaselineExplainCommand	Infrastructure.Console	src/Infrastructure/Console/Command/BaselineExplainCommand.php	ast-name
Qualimetrix\Analysis\Policy\Baseline\BoundaryExplanationService	Analysis.Policy.Baseline	Qualimetrix\Infrastructure\Console\Command\BaselineExplainCommand	Infrastructure.Console	src/Infrastructure/Console/Command/BaselineExplainCommand.php	ast-name
Qualimetrix\Analysis\Policy\Baseline\BoundaryExplanationService	Analysis.Policy.Baseline	Qualimetrix\Infrastructure\DependencyInjection\Configurator\OutputConfigurator	Infrastructure.DependencyInjection	src/Infrastructure/DependencyInjection/Configurator/OutputConfigurator.php	ast-name
Qualimetrix\Analysis\Policy\Baseline\BoundaryExplanationStatus	Analysis.Policy.Baseline	Qualimetrix\Infrastructure\Console\Command\BaselineExplainCommand	Infrastructure.Console	src/Infrastructure/Console/Command/BaselineExplainCommand.php	ast-name
Qualimetrix\Analysis\Policy\Baseline\ChannelRenameMap	Analysis.Policy.Baseline	Qualimetrix\Infrastructure\Console\Command\BaselineRenameChannelsCommand	Infrastructure.Console	src/Infrastructure/Console/Command/BaselineRenameChannelsCommand.php	ast-name
Qualimetrix\Analysis\Policy\Baseline\ChannelRenameRefusal	Analysis.Policy.Baseline	Qualimetrix\Infrastructure\Console\Command\BaselineRenameChannelsCommand	Infrastructure.Console	src/Infrastructure/Console/Command/BaselineRenameChannelsCommand.php	ast-name
Qualimetrix\Analysis\Policy\Baseline\ChannelRenameReport	Analysis.Policy.Baseline	Qualimetrix\Infrastructure\Console\Command\BaselineRenameChannelsCommand	Infrastructure.Console	src/Infrastructure/Console/Command/BaselineRenameChannelsCommand.php	ast-name
Qualimetrix\Analysis\Policy\Baseline\ChannelRenameReport	Analysis.Policy.Baseline	Qualimetrix\Infrastructure\Console\Command\ChannelRenameReporter	Infrastructure.Console	src/Infrastructure/Console/Command/ChannelRenameReporter.php	ast-name
Qualimetrix\Analysis\Policy\Baseline\EffectiveBoundary	Analysis.Policy.Baseline	Qualimetrix\Infrastructure\Console\Command\BaselineExplainCommand	Infrastructure.Console	src/Infrastructure/Console/Command/BaselineExplainCommand.php	ast-name
Qualimetrix\Analysis\Policy\Baseline\EffectiveBoundaryBaselineSource	Analysis.Policy.Baseline	Qualimetrix\Infrastructure\Console\Command\BaselineExplainCommand	Infrastructure.Console	src/Infrastructure/Console/Command/BaselineExplainCommand.php	ast-name
Qualimetrix\Analysis\Policy\Baseline\EntrySelector	Analysis.Policy.Baseline	Qualimetrix\Infrastructure\Console\Command\BaselineCleanupCommand	Infrastructure.Console	src/Infrastructure/Console/Command/BaselineCleanupCommand.php	ast-name
Qualimetrix\Analysis\Policy\Baseline\Filter\BaselineCeilingStage	Analysis.Policy.Baseline	Qualimetrix\Reporting\FindingProjection\FindingProjector	Reporting	src/Reporting/FindingProjection/FindingProjector.php	ast-name
Qualimetrix\Analysis\Policy\Baseline\RunScope	Analysis.Policy.Baseline	Qualimetrix\Infrastructure\Console\Command\BaselineCommand	Infrastructure.Console	src/Infrastructure/Console/Command/BaselineCommand.php	ast-name
Qualimetrix\Analysis\Policy\Baseline\RunScope	Analysis.Policy.Baseline	Qualimetrix\Infrastructure\Console\Command\BaselineRun	Infrastructure.Console	src/Infrastructure/Console/Command/BaselineRun.php	ast-name
Qualimetrix\Analysis\Policy\Baseline\RunScope	Analysis.Policy.Baseline	Qualimetrix\Infrastructure\Console\Command\BaselineRunContext	Infrastructure.Console	src/Infrastructure/Console/Command/BaselineRunContext.php	ast-name
Qualimetrix\Analysis\Policy\Baseline\RunScope	Analysis.Policy.Baseline	Qualimetrix\Infrastructure\Console\FindingFilterOrchestrator	Infrastructure.Console	src/Infrastructure/Console/FindingFilterOrchestrator.php	ast-name
Qualimetrix\Analysis\Policy\Inline\Contract\AnnotationSuppressionInterface	Analysis.Policy.Inline	Qualimetrix\Infrastructure\DependencyInjection\Configurator\OutputConfigurator	Infrastructure.DependencyInjection	src/Infrastructure/DependencyInjection/Configurator/OutputConfigurator.php	ast-name
Qualimetrix\Analysis\Policy\Inline\Contract\AnnotationSuppressionInterface	Analysis.Policy.Inline	Qualimetrix\Reporting\FindingProjection\FindingProjector	Reporting	src/Reporting/FindingProjection/FindingProjector.php	ast-name
Qualimetrix\Analysis\Policy\Inline\Contract\Directive\DirectiveEffect	Analysis.Policy.Inline	Qualimetrix\Infrastructure\Console\Command\DirectivesCommand	Infrastructure.Console	src/Infrastructure/Console/Command/DirectivesCommand.php	ast-name
Qualimetrix\Analysis\Policy\Inline\Contract\Directive\DirectiveEffect	Analysis.Policy.Inline	Qualimetrix\Infrastructure\Console\DirectiveAuditPresenter	Infrastructure.Console	src/Infrastructure/Console/DirectiveAuditPresenter.php	ast-name
Qualimetrix\Analysis\Policy\Inline\Contract\Directive\DirectiveEffect	Analysis.Policy.Inline	Qualimetrix\Infrastructure\Console\DirectiveVerdictTally	Infrastructure.Console	src/Infrastructure/Console/DirectiveVerdictTally.php	ast-name
Qualimetrix\Analysis\Policy\Inline\Contract\Directive\DirectiveSite	Analysis.Policy.Inline	Qualimetrix\Infrastructure\Console\DirectiveAuditPresenter	Infrastructure.Console	src/Infrastructure/Console/DirectiveAuditPresenter.php	ast-name
Qualimetrix\Analysis\Policy\Inline\Contract\Directive\DirectiveSweepScope	Analysis.Policy.Inline	Qualimetrix\Analysis\Run\Contract\Pipeline\DirectiveAuditInterface	Analysis.Run	src/Analysis/Run/Contract/Pipeline/DirectiveAuditInterface.php	ast-name
Qualimetrix\Analysis\Policy\Inline\Contract\Directive\DirectiveSweepScope	Analysis.Policy.Inline	Qualimetrix\Analysis\Run\Contract\Pipeline\DirectiveAuditReport	Analysis.Run	src/Analysis/Run/Contract/Pipeline/DirectiveAuditReport.php	ast-name
Qualimetrix\Analysis\Policy\Inline\Contract\Directive\DirectiveSweepScope	Analysis.Policy.Inline	Qualimetrix\Analysis\Run\Pipeline\AnalysisPipeline	Analysis.Run	src/Analysis/Run/Pipeline/AnalysisPipeline.php	ast-name
Qualimetrix\Analysis\Policy\Inline\Contract\Directive\DirectiveSweepScope	Analysis.Policy.Inline	Qualimetrix\Analysis\Run\RuleProducerPreparation	Analysis.Run	src/Analysis/Run/RuleProducerPreparation.php	ast-name
Qualimetrix\Analysis\Policy\Inline\Contract\Directive\DirectiveSweepScope	Analysis.Policy.Inline	Qualimetrix\Infrastructure\Console\Command\DirectivesCommand	Infrastructure.Console	src/Infrastructure/Console/Command/DirectivesCommand.php	ast-name
Qualimetrix\Analysis\Policy\Inline\Contract\Directive\DirectiveSweepScope	Analysis.Policy.Inline	Qualimetrix\Infrastructure\Console\DirectiveAuditPresenter	Infrastructure.Console	src/Infrastructure/Console/DirectiveAuditPresenter.php	ast-name
Qualimetrix\Analysis\Policy\Inline\Contract\Directive\DirectiveUnmeasurableReason	Analysis.Policy.Inline	Qualimetrix\Infrastructure\Console\DirectiveAuditPresenter	Infrastructure.Console	src/Infrastructure/Console/DirectiveAuditPresenter.php	ast-name
Qualimetrix\Analysis\Policy\Inline\Contract\Directive\DirectiveVerdict	Analysis.Policy.Inline	Qualimetrix\Analysis\Run\Pipeline\AnalysisPipeline	Analysis.Run	src/Analysis/Run/Pipeline/AnalysisPipeline.php	ast-name
Qualimetrix\Analysis\Policy\Inline\Contract\Directive\DirectiveVerdict	Analysis.Policy.Inline	Qualimetrix\Infrastructure\Console\DirectiveAuditPresenter	Infrastructure.Console	src/Infrastructure/Console/DirectiveAuditPresenter.php	ast-name
Qualimetrix\Analysis\Policy\Inline\Contract\Directive\DirectiveVerdict	Analysis.Policy.Inline	Qualimetrix\Infrastructure\Console\DirectiveVerdictTally	Infrastructure.Console	src/Infrastructure/Console/DirectiveVerdictTally.php	ast-name
Qualimetrix\Analysis\Policy\Inline\Contract\Directive\InlineDirectivePolicyInterface	Analysis.Policy.Inline	Qualimetrix\Analysis\Run\RuleProducerPreparation	Analysis.Run	src/Analysis/Run/RuleProducerPreparation.php	ast-name
Qualimetrix\Analysis\Policy\Inline\Contract\Directive\InlineDirectivePolicyInterface	Analysis.Policy.Inline	Qualimetrix\Infrastructure\DependencyInjection\Configurator\AnalysisConfigurator	Infrastructure.DependencyInjection	src/Infrastructure/DependencyInjection/Configurator/AnalysisConfigurator.php	ast-name
Qualimetrix\Analysis\Policy\Inline\Contract\Directive\ThresholdDirectiveAuditInput	Analysis.Policy.Inline	Qualimetrix\Analysis\Run\RuleProducerPreparation	Analysis.Run	src/Analysis/Run/RuleProducerPreparation.php	ast-name
Qualimetrix\Analysis\Policy\Inline\Contract\Directive\ThresholdDirectiveAuditInterface	Analysis.Policy.Inline	Qualimetrix\Analysis\Run\RuleProducerPreparation	Analysis.Run	src/Analysis/Run/RuleProducerPreparation.php	ast-name
Qualimetrix\Analysis\Policy\Inline\Contract\Directive\ThresholdDirectiveAuditInterface	Analysis.Policy.Inline	Qualimetrix\Infrastructure\DependencyInjection\Configurator\AnalysisConfigurator	Infrastructure.DependencyInjection	src/Infrastructure/DependencyInjection/Configurator/AnalysisConfigurator.php	ast-name
Qualimetrix\Analysis\Policy\Inline\Contract\RuleValidatorMapFactory	Analysis.Policy.Inline	Qualimetrix\Infrastructure\DependencyInjection\CompilerPass\ThresholdValidatorMapCompilerPass	Infrastructure.DependencyInjection	src/Infrastructure/DependencyInjection/CompilerPass/ThresholdValidatorMapCompilerPass.php	ast-name
Qualimetrix\Analysis\Policy\Inline\Contract\RuleValidatorMapFactory	Analysis.Policy.Inline	Qualimetrix\Infrastructure\Parallel\WorkerBootstrap	Infrastructure.Parallel	src/Infrastructure/Parallel/WorkerBootstrap.php	ast-name
Qualimetrix\Analysis\Policy\Inline\Contract\SourceControlExtractorInterface	Analysis.Policy.Inline	Qualimetrix\Analysis\Run\Collection\FileProcessor	Analysis.Run	src/Analysis/Run/Collection/FileProcessor.php	ast-name
Qualimetrix\Analysis\Policy\Inline\Contract\SourceControlExtractorInterface	Analysis.Policy.Inline	Qualimetrix\Infrastructure\Parallel\WorkerBootstrap	Infrastructure.Parallel	src/Infrastructure/Parallel/WorkerBootstrap.php	ast-name
Qualimetrix\Analysis\Policy\Inline\Contract\SuppressionExtractor	Analysis.Policy.Inline	Qualimetrix\Infrastructure\DependencyInjection\Configurator\AnalysisConfigurator	Infrastructure.DependencyInjection	src/Infrastructure/DependencyInjection/Configurator/AnalysisConfigurator.php	ast-name
Qualimetrix\Analysis\Policy\Inline\Contract\SuppressionExtractor	Analysis.Policy.Inline	Qualimetrix\Infrastructure\Parallel\WorkerBootstrap	Infrastructure.Parallel	src/Infrastructure/Parallel/WorkerBootstrap.php	ast-name
Qualimetrix\Analysis\Policy\Inline\Contract\ThresholdOverrideExtractor	Analysis.Policy.Inline	Qualimetrix\Infrastructure\DependencyInjection\CompilerPass\ThresholdValidatorMapCompilerPass	Infrastructure.DependencyInjection	src/Infrastructure/DependencyInjection/CompilerPass/ThresholdValidatorMapCompilerPass.php	ast-name
Qualimetrix\Analysis\Policy\Inline\Contract\ThresholdOverrideExtractor	Analysis.Policy.Inline	Qualimetrix\Infrastructure\DependencyInjection\Configurator\AnalysisConfigurator	Infrastructure.DependencyInjection	src/Infrastructure/DependencyInjection/Configurator/AnalysisConfigurator.php	ast-name
Qualimetrix\Analysis\Policy\Inline\Contract\ThresholdOverrideExtractor	Analysis.Policy.Inline	Qualimetrix\Infrastructure\Parallel\WorkerBootstrap	Infrastructure.Parallel	src/Infrastructure/Parallel/WorkerBootstrap.php	ast-name
Qualimetrix\Analysis\Run\Configuration\ProjectScopeCoverage	Analysis.Run	Qualimetrix\Infrastructure\Console\CheckScopeResolver	Infrastructure.Console	src/Infrastructure/Console/CheckScopeResolver.php	ast-name
Qualimetrix\Analysis\Run\Configuration\ProjectScopeCoverage	Analysis.Run	Qualimetrix\Infrastructure\Console\FindingFilterOrchestrator	Infrastructure.Console	src/Infrastructure/Console/FindingFilterOrchestrator.php	ast-name
Qualimetrix\Analysis\Run\Configuration\ProjectScopeCoverage	Analysis.Run	Qualimetrix\Infrastructure\DependencyInjection\Configurator\AnalysisConfigurator	Infrastructure.DependencyInjection	src/Infrastructure/DependencyInjection/Configurator/AnalysisConfigurator.php	ast-name
Qualimetrix\Analysis\Run\Configuration\ProjectScopeCoverage	Analysis.Run	Qualimetrix\Infrastructure\DependencyInjection\Configurator\OutputConfigurator	Infrastructure.DependencyInjection	src/Infrastructure/DependencyInjection/Configurator/OutputConfigurator.php	ast-name
Qualimetrix\Analysis\Run\Contract\Collection\CollectionOrchestratorInterface	Analysis.Run	Qualimetrix\Infrastructure\Console\LayerAssignmentResolver	Infrastructure.Console	src/Infrastructure/Console/LayerAssignmentResolver.php	ast-name
Qualimetrix\Analysis\Run\Contract\Collection\CollectionOrchestratorInterface	Analysis.Run	Qualimetrix\Infrastructure\DependencyInjection\Configurator\AnalysisConfigurator	Infrastructure.DependencyInjection	src/Infrastructure/DependencyInjection/Configurator/AnalysisConfigurator.php	ast-name
Qualimetrix\Analysis\Run\Contract\Collection\CollectionOrchestratorInterface	Analysis.Run	Qualimetrix\Infrastructure\DependencyInjection\Configurator\ArchitectureConfigurator	Infrastructure.DependencyInjection	src/Infrastructure/DependencyInjection/Configurator/ArchitectureConfigurator.php	ast-name
Qualimetrix\Analysis\Run\Contract\Collection\CollectionPhaseOutput	Analysis.Run	Qualimetrix\Infrastructure\Console\LayerAssignmentResolver	Infrastructure.Console	src/Infrastructure/Console/LayerAssignmentResolver.php	ast-name
Qualimetrix\Analysis\Run\Contract\Collection\FileProcessingFailureKind	Analysis.Run	Qualimetrix\Infrastructure\Parallel\Strategy\AmphpParallelStrategy	Infrastructure.Parallel	src/Infrastructure/Parallel/Strategy/AmphpParallelStrategy.php	ast-name
Qualimetrix\Analysis\Run\Contract\Collection\FileProcessingResult	Analysis.Run	Qualimetrix\Infrastructure\Parallel\FileProcessingTask	Infrastructure.Parallel	src/Infrastructure/Parallel/FileProcessingTask.php	ast-name
Qualimetrix\Analysis\Run\Contract\Collection\FileProcessingResult	Analysis.Run	Qualimetrix\Infrastructure\Parallel\Strategy\AmphpParallelStrategy	Infrastructure.Parallel	src/Infrastructure/Parallel/Strategy/AmphpParallelStrategy.php	ast-name
Qualimetrix\Analysis\Run\Contract\Collection\FileProcessorInterface	Analysis.Run	Qualimetrix\Infrastructure\DependencyInjection\Configurator\AnalysisConfigurator	Infrastructure.DependencyInjection	src/Infrastructure/DependencyInjection/Configurator/AnalysisConfigurator.php	ast-name
Qualimetrix\Analysis\Run\Contract\Collection\FileProcessorInterface	Analysis.Run	Qualimetrix\Infrastructure\Parallel\WorkerBootstrap	Infrastructure.Parallel	src/Infrastructure/Parallel/WorkerBootstrap.php	ast-name
Qualimetrix\Analysis\Run\Contract\Collection\Strategy\ExecutionStrategyInterface	Analysis.Run	Qualimetrix\Infrastructure\Parallel\Strategy\AmphpParallelStrategy	Infrastructure.Parallel	src/Infrastructure/Parallel/Strategy/AmphpParallelStrategy.php	ast-name
Qualimetrix\Analysis\Run\Contract\Collection\Strategy\ExecutionStrategyInterface	Analysis.Run	Qualimetrix\Infrastructure\Parallel\Strategy\SequentialStrategy	Infrastructure.Parallel	src/Infrastructure/Parallel/Strategy/SequentialStrategy.php	ast-name
Qualimetrix\Analysis\Run\Contract\Collection\Strategy\ExecutionStrategyInterface	Analysis.Run	Qualimetrix\Infrastructure\Parallel\Strategy\StrategySelector	Infrastructure.Parallel	src/Infrastructure/Parallel/Strategy/StrategySelector.php	ast-name
Qualimetrix\Analysis\Run\Contract\Collection\Strategy\ParallelCapableInterface	Analysis.Run	Qualimetrix\Infrastructure\Parallel\Strategy\AmphpParallelStrategy	Infrastructure.Parallel	src/Infrastructure/Parallel/Strategy/AmphpParallelStrategy.php	ast-name
Qualimetrix\Analysis\Run\Contract\Collection\Strategy\StrategySelectorInterface	Analysis.Run	Qualimetrix\Infrastructure\DependencyInjection\Configurator\AnalysisConfigurator	Infrastructure.DependencyInjection	src/Infrastructure/DependencyInjection/Configurator/AnalysisConfigurator.php	ast-name
Qualimetrix\Analysis\Run\Contract\Collection\Strategy\StrategySelectorInterface	Analysis.Run	Qualimetrix\Infrastructure\DependencyInjection\Configurator\DependencyModelConfigurator	Infrastructure.DependencyInjection	src/Infrastructure/DependencyInjection/Configurator/DependencyModelConfigurator.php	ast-name
Qualimetrix\Analysis\Run\Contract\Collection\Strategy\StrategySelectorInterface	Analysis.Run	Qualimetrix\Infrastructure\Parallel\Strategy\StrategySelector	Infrastructure.Parallel	src/Infrastructure/Parallel/Strategy/StrategySelector.php	ast-name
Qualimetrix\Analysis\Run\Contract\Configuration\GeneratedFilePolicy	Analysis.Run	Qualimetrix\Infrastructure\Console\Command\Debug\LayerAssignmentCommand	Infrastructure.Console	src/Infrastructure/Console/Command/Debug/LayerAssignmentCommand.php	ast-name
Qualimetrix\Analysis\Run\Contract\Configuration\RunConfiguration	Analysis.Run	Qualimetrix\Infrastructure\Console\AnalysisPreflight	Infrastructure.Console	src/Infrastructure/Console/AnalysisPreflight.php	ast-name
Qualimetrix\Analysis\Run\Contract\Configuration\RunConfiguration	Analysis.Run	Qualimetrix\Infrastructure\Console\CheckResolvedConfiguration	Infrastructure.Console	src/Infrastructure/Console/CheckResolvedConfiguration.php	ast-name
Qualimetrix\Analysis\Run\Contract\Configuration\RunConfiguration	Analysis.Run	Qualimetrix\Infrastructure\Console\CheckScopeResolver	Infrastructure.Console	src/Infrastructure/Console/CheckScopeResolver.php	ast-name
Qualimetrix\Analysis\Run\Contract\Configuration\RunConfiguration	Analysis.Run	Qualimetrix\Infrastructure\Console\Command\CheckCommand	Infrastructure.Console	src/Infrastructure/Console/Command/CheckCommand.php	ast-name
Qualimetrix\Analysis\Run\Contract\Configuration\RunConfiguration	Analysis.Run	Qualimetrix\Infrastructure\Console\MeasuredFindingSet	Infrastructure.Console	src/Infrastructure/Console/MeasuredFindingSet.php	ast-name
Qualimetrix\Analysis\Run\Contract\Configuration\RunConfiguration	Analysis.Run	Qualimetrix\Infrastructure\Console\PreparedAnalysisInput	Infrastructure.Console	src/Infrastructure/Console/PreparedAnalysisInput.php	ast-name
Qualimetrix\Analysis\Run\Contract\Configuration\RunConfiguration	Analysis.Run	Qualimetrix\Infrastructure\Console\RuntimeConfigurator	Infrastructure.Console	src/Infrastructure/Console/RuntimeConfigurator.php	ast-name
Qualimetrix\Analysis\Run\Contract\Configuration\RunConfiguration	Analysis.Run	Qualimetrix\Infrastructure\Git\GitScopeResolver	Infrastructure.Git	src/Infrastructure/Git/GitScopeResolver.php	ast-name
Qualimetrix\Analysis\Run\Contract\Configuration\RunConfigurationResolverInterface	Analysis.Run	Qualimetrix\Infrastructure\Console\AnalysisPreflight	Infrastructure.Console	src/Infrastructure/Console/AnalysisPreflight.php	ast-name
Qualimetrix\Analysis\Run\Contract\Configuration\RunConfigurationResolverInterface	Analysis.Run	Qualimetrix\Infrastructure\Console\CheckConfigurationResolvers	Infrastructure.Console	src/Infrastructure/Console/CheckConfigurationResolvers.php	ast-name
Qualimetrix\Analysis\Run\Contract\Configuration\RunConfigurationResolverInterface	Analysis.Run	Qualimetrix\Infrastructure\Console\Command\BaselineRun	Infrastructure.Console	src/Infrastructure/Console/Command/BaselineRun.php	ast-name
Qualimetrix\Analysis\Run\Contract\Configuration\RunConfigurationResolverInterface	Analysis.Run	Qualimetrix\Infrastructure\DependencyInjection\Configurator\OutputConfigurator	Infrastructure.DependencyInjection	src/Infrastructure/DependencyInjection/Configurator/OutputConfigurator.php	ast-name
Qualimetrix\Analysis\Run\Contract\Discovery\FileDiscoveryFactoryInterface	Analysis.Run	Qualimetrix\Infrastructure\Console\AnalysisPreflight	Infrastructure.Console	src/Infrastructure/Console/AnalysisPreflight.php	ast-name
Qualimetrix\Analysis\Run\Contract\Discovery\FileDiscoveryFactoryInterface	Analysis.Run	Qualimetrix\Infrastructure\Console\LayerAssignmentResolver	Infrastructure.Console	src/Infrastructure/Console/LayerAssignmentResolver.php	ast-name
Qualimetrix\Analysis\Run\Contract\Discovery\FileDiscoveryFactoryInterface	Analysis.Run	Qualimetrix\Infrastructure\Console\MeasuredFindingSet	Infrastructure.Console	src/Infrastructure/Console/MeasuredFindingSet.php	ast-name
Qualimetrix\Analysis\Run\Contract\Discovery\FileDiscoveryFactoryInterface	Analysis.Run	Qualimetrix\Infrastructure\DependencyInjection\Configurator\AnalysisConfigurator	Infrastructure.DependencyInjection	src/Infrastructure/DependencyInjection/Configurator/AnalysisConfigurator.php	ast-name
Qualimetrix\Analysis\Run\Contract\Discovery\FileDiscoveryFactoryInterface	Analysis.Run	Qualimetrix\Infrastructure\DependencyInjection\Configurator\ArchitectureConfigurator	Infrastructure.DependencyInjection	src/Infrastructure/DependencyInjection/Configurator/ArchitectureConfigurator.php	ast-name
Qualimetrix\Analysis\Run\Contract\Discovery\FileDiscoveryFactoryInterface	Analysis.Run	Qualimetrix\Infrastructure\DependencyInjection\Configurator\OutputConfigurator	Infrastructure.DependencyInjection	src/Infrastructure/DependencyInjection/Configurator/OutputConfigurator.php	ast-name
Qualimetrix\Analysis\Run\Contract\Discovery\FileDiscoveryFactoryInterface	Analysis.Run	Qualimetrix\Infrastructure\Git\GitScopeResolver	Infrastructure.Git	src/Infrastructure/Git/GitScopeResolver.php	ast-name
Qualimetrix\Analysis\Run\Contract\Discovery\FileDiscoveryInterface	Analysis.Run	Qualimetrix\Infrastructure\Console\Command\CheckCommand	Infrastructure.Console	src/Infrastructure/Console/Command/CheckCommand.php	ast-name
Qualimetrix\Analysis\Run\Contract\Discovery\FileDiscoveryInterface	Analysis.Run	Qualimetrix\Infrastructure\Console\MeasuredFindingSet	Infrastructure.Console	src/Infrastructure/Console/MeasuredFindingSet.php	ast-name
Qualimetrix\Analysis\Run\Contract\Discovery\FileDiscoveryInterface	Analysis.Run	Qualimetrix\Infrastructure\Console\PreparedAnalysisInput	Infrastructure.Console	src/Infrastructure/Console/PreparedAnalysisInput.php	ast-name
Qualimetrix\Analysis\Run\Contract\Discovery\FileDiscoveryInterface	Analysis.Run	Qualimetrix\Infrastructure\DependencyInjection\Configurator\AnalysisConfigurator	Infrastructure.DependencyInjection	src/Infrastructure/DependencyInjection/Configurator/AnalysisConfigurator.php	ast-name
Qualimetrix\Analysis\Run\Contract\Discovery\FileDiscoveryInterface	Analysis.Run	Qualimetrix\Infrastructure\DependencyInjection\Configurator\OutputConfigurator	Infrastructure.DependencyInjection	src/Infrastructure/DependencyInjection/Configurator/OutputConfigurator.php	ast-name
Qualimetrix\Analysis\Run\Contract\Discovery\FileDiscoveryInterface	Analysis.Run	Qualimetrix\Infrastructure\Git\GitScopeResolution	Infrastructure.Git	src/Infrastructure/Git/GitScopeResolution.php	ast-name
Qualimetrix\Analysis\Run\Contract\Discovery\GeneratedFileFilterInterface	Analysis.Run	Qualimetrix\Infrastructure\Console\LayerAssignmentResolver	Infrastructure.Console	src/Infrastructure/Console/LayerAssignmentResolver.php	ast-name
Qualimetrix\Analysis\Run\Contract\Discovery\GeneratedFileFilterInterface	Analysis.Run	Qualimetrix\Infrastructure\DependencyInjection\Configurator\AnalysisConfigurator	Infrastructure.DependencyInjection	src/Infrastructure/DependencyInjection/Configurator/AnalysisConfigurator.php	ast-name
Qualimetrix\Analysis\Run\Contract\Discovery\GeneratedFileFilterInterface	Analysis.Run	Qualimetrix\Infrastructure\DependencyInjection\Configurator\ArchitectureConfigurator	Infrastructure.DependencyInjection	src/Infrastructure/DependencyInjection/Configurator/ArchitectureConfigurator.php	ast-name
Qualimetrix\Analysis\Run\Contract\FileSetInspectionParticipantInterface	Analysis.Run	Qualimetrix\Analysis\Evidence\Duplication\DuplicationDetector	Analysis.Evidence.Duplication	src/Analysis/Evidence/Duplication/DuplicationDetector.php	ast-name
Qualimetrix\Analysis\Run\Contract\FileSetInspectionParticipantInterface	Analysis.Run	Qualimetrix\Infrastructure\DependencyInjection\CompilerPass\FileSetInspectionParticipantCompilerPass	Infrastructure.DependencyInjection	src/Infrastructure/DependencyInjection/CompilerPass/FileSetInspectionParticipantCompilerPass.php	ast-name
Qualimetrix\Analysis\Run\Contract\FileSetInspectionParticipantInterface	Analysis.Run	Qualimetrix\Infrastructure\DependencyInjection\ContainerFactory	Infrastructure.DependencyInjection	src/Infrastructure/DependencyInjection/ContainerFactory.php	ast-name
Qualimetrix\Analysis\Run\Contract\Pipeline\AnalysisCoverage	Analysis.Run	Qualimetrix\Infrastructure\Console\ResultPresenter	Infrastructure.Console	src/Infrastructure/Console/ResultPresenter.php	ast-name
Qualimetrix\Analysis\Run\Contract\Pipeline\AnalysisFailure	Analysis.Run	Qualimetrix\Infrastructure\Console\ResultPresenter	Infrastructure.Console	src/Infrastructure/Console/ResultPresenter.php	ast-name
Qualimetrix\Analysis\Run\Contract\Pipeline\AnalysisFailureKind	Analysis.Run	Qualimetrix\Infrastructure\Console\ResultPresenter	Infrastructure.Console	src/Infrastructure/Console/ResultPresenter.php	ast-name
Qualimetrix\Analysis\Run\Contract\Pipeline\AnalysisPipelineInterface	Analysis.Run	Qualimetrix\Infrastructure\Console\Command\CheckCommand	Infrastructure.Console	src/Infrastructure/Console/Command/CheckCommand.php	ast-name
Qualimetrix\Analysis\Run\Contract\Pipeline\AnalysisPipelineInterface	Analysis.Run	Qualimetrix\Infrastructure\Console\MeasuredFindingSet	Infrastructure.Console	src/Infrastructure/Console/MeasuredFindingSet.php	ast-name
Qualimetrix\Analysis\Run\Contract\Pipeline\AnalysisPipelineInterface	Analysis.Run	Qualimetrix\Infrastructure\DependencyInjection\Configurator\AnalysisConfigurator	Infrastructure.DependencyInjection	src/Infrastructure/DependencyInjection/Configurator/AnalysisConfigurator.php	ast-name
Qualimetrix\Analysis\Run\Contract\Pipeline\AnalysisPipelineInterface	Analysis.Run	Qualimetrix\Infrastructure\DependencyInjection\Configurator\OutputConfigurator	Infrastructure.DependencyInjection	src/Infrastructure/DependencyInjection/Configurator/OutputConfigurator.php	ast-name
Qualimetrix\Analysis\Run\Contract\Pipeline\AnalysisResult	Analysis.Run	Qualimetrix\Infrastructure\Console\Command\BaselineRunContext	Infrastructure.Console	src/Infrastructure/Console/Command/BaselineRunContext.php	ast-name
Qualimetrix\Analysis\Run\Contract\Pipeline\AnalysisResult	Analysis.Run	Qualimetrix\Infrastructure\Console\Command\CheckCommand	Infrastructure.Console	src/Infrastructure/Console/Command/CheckCommand.php	ast-name
Qualimetrix\Analysis\Run\Contract\Pipeline\AnalysisResult	Analysis.Run	Qualimetrix\Infrastructure\Console\FindingFilterOrchestrator	Infrastructure.Console	src/Infrastructure/Console/FindingFilterOrchestrator.php	ast-name
Qualimetrix\Analysis\Run\Contract\Pipeline\AnalysisResult	Analysis.Run	Qualimetrix\Infrastructure\Console\MeasuredAnalysisRun	Infrastructure.Console	src/Infrastructure/Console/MeasuredAnalysisRun.php	ast-name
Qualimetrix\Analysis\Run\Contract\Pipeline\AnalysisResult	Analysis.Run	Qualimetrix\Infrastructure\Console\ResultPresenter	Infrastructure.Console	src/Infrastructure/Console/ResultPresenter.php	ast-name
Qualimetrix\Analysis\Run\Contract\Pipeline\DependencyGraphAnalysisResult	Analysis.Run	Qualimetrix\Infrastructure\Console\Command\GraphExportCommand	Infrastructure.Console	src/Infrastructure/Console/Command/GraphExportCommand.php	ast-name
Qualimetrix\Analysis\Run\Contract\Pipeline\DependencyGraphAnalyzerInterface	Analysis.Run	Qualimetrix\Infrastructure\Console\Command\GraphExportCommand	Infrastructure.Console	src/Infrastructure/Console/Command/GraphExportCommand.php	ast-name
Qualimetrix\Analysis\Run\Contract\Pipeline\DependencyGraphAnalyzerInterface	Analysis.Run	Qualimetrix\Infrastructure\DependencyInjection\Configurator\OutputConfigurator	Infrastructure.DependencyInjection	src/Infrastructure/DependencyInjection/Configurator/OutputConfigurator.php	ast-name
Qualimetrix\Analysis\Run\Contract\Pipeline\DirectiveAuditInterface	Analysis.Run	Qualimetrix\Infrastructure\Console\Command\DirectivesCommand	Infrastructure.Console	src/Infrastructure/Console/Command/DirectivesCommand.php	ast-name
Qualimetrix\Analysis\Run\Contract\Pipeline\DirectiveAuditInterface	Analysis.Run	Qualimetrix\Infrastructure\DependencyInjection\Configurator\AnalysisConfigurator	Infrastructure.DependencyInjection	src/Infrastructure/DependencyInjection/Configurator/AnalysisConfigurator.php	ast-name
Qualimetrix\Analysis\Run\Contract\Pipeline\DirectiveAuditInterface	Analysis.Run	Qualimetrix\Infrastructure\DependencyInjection\Configurator\OutputConfigurator	Infrastructure.DependencyInjection	src/Infrastructure/DependencyInjection/Configurator/OutputConfigurator.php	ast-name
Qualimetrix\Analysis\Run\Contract\Pipeline\DirectiveAuditReport	Analysis.Run	Qualimetrix\Infrastructure\Console\Command\DirectivesCommand	Infrastructure.Console	src/Infrastructure/Console/Command/DirectivesCommand.php	ast-name
Qualimetrix\Analysis\Run\Contract\Pipeline\DirectiveAuditReport	Analysis.Run	Qualimetrix\Infrastructure\Console\DirectiveAuditPresenter	Infrastructure.Console	src/Infrastructure/Console/DirectiveAuditPresenter.php	ast-name
Qualimetrix\Analysis\Run\Contract\Pipeline\IncompleteAnalysisException	Analysis.Run	Qualimetrix\Infrastructure\Console\Command\BaselineCommand	Infrastructure.Console	src/Infrastructure/Console/Command/BaselineCommand.php	ast-name
Qualimetrix\Analysis\Run\Contract\Pipeline\IncompleteAnalysisException	Analysis.Run	Qualimetrix\Infrastructure\Console\Command\BaselineRun	Infrastructure.Console	src/Infrastructure/Console/Command/BaselineRun.php	ast-name
Qualimetrix\Analysis\Run\Contract\Pipeline\IncompleteAnalysisException	Analysis.Run	Qualimetrix\Infrastructure\Console\Command\GraphExportCommand	Infrastructure.Console	src/Infrastructure/Console/Command/GraphExportCommand.php	ast-name
Qualimetrix\Analysis\Run\Contract\Progress\ProgressReporterInterface	Analysis.Run	Qualimetrix\Infrastructure\Console\Progress\ConsoleProgressBar	Infrastructure.Console	src/Infrastructure/Console/Progress/ConsoleProgressBar.php	ast-name
Qualimetrix\Analysis\Run\Contract\Progress\ProgressReporterInterface	Analysis.Run	Qualimetrix\Infrastructure\Console\Progress\SwitchableProgressReporter	Infrastructure.Console	src/Infrastructure/Console/Progress/SwitchableProgressReporter.php	ast-name
Qualimetrix\Analysis\Run\Contract\Progress\ProgressReporterInterface	Analysis.Run	Qualimetrix\Infrastructure\DependencyInjection\Configurator\AnalysisConfigurator	Infrastructure.DependencyInjection	src/Infrastructure/DependencyInjection/Configurator/AnalysisConfigurator.php	ast-name
Qualimetrix\Analysis\Run\Contract\Progress\ProgressReporterInterface	Analysis.Run	Qualimetrix\Infrastructure\DependencyInjection\Configurator\CoreServicesConfigurator	Infrastructure.DependencyInjection	src/Infrastructure/DependencyInjection/Configurator/CoreServicesConfigurator.php	ast-name
Qualimetrix\Core\Ast\FileParserInterface	Core.Neutral	Qualimetrix\Analysis\Run\Collection\FileProcessor	Analysis.Run	src/Analysis/Run/Collection/FileProcessor.php	ast-name
Qualimetrix\Core\Ast\FileParserInterface	Core.Neutral	Qualimetrix\Analysis\Run\Pipeline\DependencyGraphAnalyzer	Analysis.Run	src/Analysis/Run/Pipeline/DependencyGraphAnalyzer.php	ast-name
Qualimetrix\Core\Ast\FileParserInterface	Core.Neutral	Qualimetrix\Infrastructure\Ast\CachedFileParser	Infrastructure.Ast	src/Infrastructure/Ast/CachedFileParser.php	ast-name
Qualimetrix\Core\Ast\FileParserInterface	Core.Neutral	Qualimetrix\Infrastructure\Ast\FileParserFactory	Infrastructure.Ast	src/Infrastructure/Ast/FileParserFactory.php	ast-name
Qualimetrix\Core\Ast\FileParserInterface	Core.Neutral	Qualimetrix\Infrastructure\Ast\PhpFileParser	Infrastructure.Ast	src/Infrastructure/Ast/PhpFileParser.php	ast-name
Qualimetrix\Core\Ast\FileParserInterface	Core.Neutral	Qualimetrix\Infrastructure\DependencyInjection\Configurator\AnalysisConfigurator	Infrastructure.DependencyInjection	src/Infrastructure/DependencyInjection/Configurator/AnalysisConfigurator.php	ast-name
Qualimetrix\Core\Ast\FileParserInterface	Core.Neutral	Qualimetrix\Infrastructure\DependencyInjection\Configurator\OutputConfigurator	Infrastructure.DependencyInjection	src/Infrastructure/DependencyInjection/Configurator/OutputConfigurator.php	ast-name
Qualimetrix\Core\Ast\FileParserInterface	Core.Neutral	Qualimetrix\Infrastructure\DependencyInjection\Configurator\ParserConfigurator	Infrastructure.DependencyInjection	src/Infrastructure/DependencyInjection/Configurator/ParserConfigurator.php	ast-name
Qualimetrix\Core\Exception\ParseException	Core.Neutral	Qualimetrix\Analysis\Run\Collection\FileProcessor	Analysis.Run	src/Analysis/Run/Collection/FileProcessor.php	ast-name
Qualimetrix\Core\Exception\ParseException	Core.Neutral	Qualimetrix\Analysis\Run\Pipeline\DependencyGraphAnalyzer	Analysis.Run	src/Analysis/Run/Pipeline/DependencyGraphAnalyzer.php	ast-name
Qualimetrix\Core\Exception\ParseException	Core.Neutral	Qualimetrix\Infrastructure\Ast\PhpFileParser	Infrastructure.Ast	src/Infrastructure/Ast/PhpFileParser.php	ast-name
Qualimetrix\Core\Observation\WorseDirection	Core.Neutral	Qualimetrix\Analysis\Evidence\CircularDependency\CircularDependencyRule	Analysis.Evidence.CircularDependency	src/Analysis/Evidence/CircularDependency/CircularDependencyRule.php	ast-name
Qualimetrix\Core\Observation\WorseDirection	Core.Neutral	Qualimetrix\Analysis\Evidence\CodeSmell\ConstructorOverinjectionRule	Analysis.Evidence.CodeSmell	src/Analysis/Evidence/CodeSmell/ConstructorOverinjectionRule.php	ast-name
Qualimetrix\Core\Observation\WorseDirection	Core.Neutral	Qualimetrix\Analysis\Evidence\CodeSmell\LongParameterListRule	Analysis.Evidence.CodeSmell	src/Analysis/Evidence/CodeSmell/LongParameterListRule.php	ast-name
Qualimetrix\Core\Observation\WorseDirection	Core.Neutral	Qualimetrix\Analysis\Evidence\CodeSmell\UnreachableCodeRule	Analysis.Evidence.CodeSmell	src/Analysis/Evidence/CodeSmell/UnreachableCodeRule.php	ast-name
Qualimetrix\Core\Observation\WorseDirection	Core.Neutral	Qualimetrix\Analysis\Evidence\CodeSmell\UnusedPrivateRule	Analysis.Evidence.CodeSmell	src/Analysis/Evidence/CodeSmell/UnusedPrivateRule.php	ast-name
Qualimetrix\Core\Observation\WorseDirection	Core.Neutral	Qualimetrix\Analysis\Evidence\Cohesion\LcomRule	Analysis.Evidence.Cohesion	src/Analysis/Evidence/Cohesion/LcomRule.php	ast-name
Qualimetrix\Core\Observation\WorseDirection	Core.Neutral	Qualimetrix\Analysis\Evidence\Complexity\CognitiveComplexityRule	Analysis.Evidence.Complexity	src/Analysis/Evidence/Complexity/CognitiveComplexityRule.php	ast-name
Qualimetrix\Core\Observation\WorseDirection	Core.Neutral	Qualimetrix\Analysis\Evidence\Complexity\ComplexityRule	Analysis.Evidence.Complexity	src/Analysis/Evidence/Complexity/ComplexityRule.php	ast-name
Qualimetrix\Core\Observation\WorseDirection	Core.Neutral	Qualimetrix\Analysis\Evidence\Complexity\NpathComplexityRule	Analysis.Evidence.Complexity	src/Analysis/Evidence/Complexity/NpathComplexityRule.php	ast-name
Qualimetrix\Core\Observation\WorseDirection	Core.Neutral	Qualimetrix\Analysis\Evidence\Complexity\WmcRule	Analysis.Evidence.Complexity	src/Analysis/Evidence/Complexity/WmcRule.php	ast-name
Qualimetrix\Core\Observation\WorseDirection	Core.Neutral	Qualimetrix\Analysis\Evidence\Coupling\CboRule	Analysis.Evidence.Coupling	src/Analysis/Evidence/Coupling/CboRule.php	ast-name
Qualimetrix\Core\Observation\WorseDirection	Core.Neutral	Qualimetrix\Analysis\Evidence\Coupling\DistanceRule	Analysis.Evidence.Coupling	src/Analysis/Evidence/Coupling/DistanceRule.php	ast-name
Qualimetrix\Core\Observation\WorseDirection	Core.Neutral	Qualimetrix\Analysis\Evidence\Coupling\InstabilityRule	Analysis.Evidence.Coupling	src/Analysis/Evidence/Coupling/InstabilityRule.php	ast-name
Qualimetrix\Core\Observation\WorseDirection	Core.Neutral	Qualimetrix\Analysis\Evidence\Design\DataClass\DataClassRule	Analysis.Evidence.Design	src/Analysis/Evidence/Design/DataClass/DataClassRule.php	ast-name
Qualimetrix\Core\Observation\WorseDirection	Core.Neutral	Qualimetrix\Analysis\Evidence\Design\GodClass\GodClassRule	Analysis.Evidence.Design	src/Analysis/Evidence/Design/GodClass/GodClassRule.php	ast-name
Qualimetrix\Core\Observation\WorseDirection	Core.Neutral	Qualimetrix\Analysis\Evidence\Design\Inheritance\InheritanceRule	Analysis.Evidence.Design	src/Analysis/Evidence/Design/Inheritance/InheritanceRule.php	ast-name
Qualimetrix\Core\Observation\WorseDirection	Core.Neutral	Qualimetrix\Analysis\Evidence\Design\Inheritance\NocRule	Analysis.Evidence.Design	src/Analysis/Evidence/Design/Inheritance/NocRule.php	ast-name
Qualimetrix\Core\Observation\WorseDirection	Core.Neutral	Qualimetrix\Analysis\Evidence\Design\TypeCoverage\AbstractTypeCoverageRule	Analysis.Evidence.Design	src/Analysis/Evidence/Design/TypeCoverage/AbstractTypeCoverageRule.php	ast-name
Qualimetrix\Core\Observation\WorseDirection	Core.Neutral	Qualimetrix\Analysis\Evidence\Duplication\CodeDuplicationRule	Analysis.Evidence.Duplication	src/Analysis/Evidence/Duplication/CodeDuplicationRule.php	ast-name
Qualimetrix\Core\Observation\WorseDirection	Core.Neutral	Qualimetrix\Analysis\Evidence\Maintainability\MaintainabilityRule	Analysis.Evidence.Maintainability	src/Analysis/Evidence/Maintainability/MaintainabilityRule.php	ast-name
Qualimetrix\Core\Observation\WorseDirection	Core.Neutral	Qualimetrix\Analysis\Evidence\Size\ClassCountRule	Analysis.Evidence.Size	src/Analysis/Evidence/Size/ClassCountRule.php	ast-name
Qualimetrix\Core\Observation\WorseDirection	Core.Neutral	Qualimetrix\Analysis\Evidence\Size\MethodCountRule	Analysis.Evidence.Size	src/Analysis/Evidence/Size/MethodCountRule.php	ast-name
Qualimetrix\Core\Observation\WorseDirection	Core.Neutral	Qualimetrix\Analysis\Evidence\Size\PropertyCountRule	Analysis.Evidence.Size	src/Analysis/Evidence/Size/PropertyCountRule.php	ast-name
Qualimetrix\Core\Observation\WorseDirection	Core.Neutral	Qualimetrix\Analysis\Finding\Contract\ChannelDeclaration	Analysis.Finding	src/Analysis/Finding/Contract/ChannelDeclaration.php	ast-name
Qualimetrix\Core\Observation\WorseDirection	Core.Neutral	Qualimetrix\Analysis\Policy\Architecture\LayerViolation\UnassignedClassSummary	Analysis.Policy.Architecture	src/Analysis/Policy/Architecture/LayerViolation/UnassignedClassSummary.php	ast-name
Qualimetrix\Core\Observation\WorseDirection	Core.Neutral	Qualimetrix\Analysis\Policy\Baseline\Filter\BaselineCeilingStage	Analysis.Policy.Baseline	src/Analysis/Policy/Baseline/Filter/BaselineCeilingStage.php	ast-name
Qualimetrix\Core\Observation\WorseDirection	Core.Neutral	Qualimetrix\Analysis\Policy\Baseline\GroupAcceptance	Analysis.Policy.Baseline	src/Analysis/Policy/Baseline/GroupAcceptance.php	ast-name
Qualimetrix\Core\Observation\WorseDirection	Core.Neutral	Qualimetrix\Infrastructure\Rule\ChannelUniverse	Infrastructure.Rule	src/Infrastructure/Rule/ChannelUniverse.php	ast-name
Qualimetrix\Core\Path\AbsolutePath	Core.Path	Qualimetrix\Analysis\Configuration\Contract\ConfigurationDocument	Analysis.Configuration	src/Analysis/Configuration/Contract/ConfigurationDocument.php	ast-name
Qualimetrix\Core\Path\AbsolutePath	Core.Path	Qualimetrix\Analysis\Configuration\Contract\Pipeline\ConfigurationResolutionRequest	Analysis.Configuration	src/Analysis/Configuration/Contract/Pipeline/ConfigurationResolutionRequest.php	ast-name
Qualimetrix\Core\Path\AbsolutePath	Core.Path	Qualimetrix\Analysis\Evidence\Duplication\DuplicationDetector	Analysis.Evidence.Duplication	src/Analysis/Evidence/Duplication/DuplicationDetector.php	ast-name
Qualimetrix\Core\Path\AbsolutePath	Core.Path	Qualimetrix\Analysis\Evidence\Duplication\HashIndexBuilder	Analysis.Evidence.Duplication	src/Analysis/Evidence/Duplication/HashIndexBuilder.php	ast-name
Qualimetrix\Core\Path\AbsolutePath	Core.Path	Qualimetrix\Analysis\Evidence\Measurement\Namespace_\ProjectNamespaceResolver	Analysis.Evidence.Measurement	src/Analysis/Evidence/Measurement/Namespace_/ProjectNamespaceResolver.php	ast-name
Qualimetrix\Core\Path\AbsolutePath	Core.Path	Qualimetrix\Analysis\Policy\Baseline\BaselineWriter	Analysis.Policy.Baseline	src/Analysis/Policy/Baseline/BaselineWriter.php	ast-name
Qualimetrix\Core\Path\AbsolutePath	Core.Path	Qualimetrix\Analysis\Policy\Baseline\RunScope	Analysis.Policy.Baseline	src/Analysis/Policy/Baseline/RunScope.php	ast-name
Qualimetrix\Core\Path\AbsolutePath	Core.Path	Qualimetrix\Analysis\Run\Collection\CollectionOrchestrator	Analysis.Run	src/Analysis/Run/Collection/CollectionOrchestrator.php	ast-name
Qualimetrix\Core\Path\AbsolutePath	Core.Path	Qualimetrix\Analysis\Run\Collection\FileProcessor	Analysis.Run	src/Analysis/Run/Collection/FileProcessor.php	ast-name
Qualimetrix\Core\Path\AbsolutePath	Core.Path	Qualimetrix\Analysis\Run\Configuration\ProjectScopeCoverage	Analysis.Run	src/Analysis/Run/Configuration/ProjectScopeCoverage.php	ast-name
Qualimetrix\Core\Path\AbsolutePath	Core.Path	Qualimetrix\Analysis\Run\Configuration\RunConfigurationResolver	Analysis.Run	src/Analysis/Run/Configuration/RunConfigurationResolver.php	ast-name
Qualimetrix\Core\Path\AbsolutePath	Core.Path	Qualimetrix\Analysis\Run\Contract\Collection\CollectionOrchestratorInterface	Analysis.Run	src/Analysis/Run/Contract/Collection/CollectionOrchestratorInterface.php	ast-name
Qualimetrix\Core\Path\AbsolutePath	Core.Path	Qualimetrix\Analysis\Run\Contract\Collection\FileProcessorInterface	Analysis.Run	src/Analysis/Run/Contract/Collection/FileProcessorInterface.php	ast-name
Qualimetrix\Core\Path\AbsolutePath	Core.Path	Qualimetrix\Analysis\Run\Contract\Collection\Strategy\StrategySelectorInterface	Analysis.Run	src/Analysis/Run/Contract/Collection/Strategy/StrategySelectorInterface.php	ast-name
Qualimetrix\Core\Path\AbsolutePath	Core.Path	Qualimetrix\Analysis\Run\Contract\Configuration\RunConfiguration	Analysis.Run	src/Analysis/Run/Contract/Configuration/RunConfiguration.php	ast-name
Qualimetrix\Core\Path\AbsolutePath	Core.Path	Qualimetrix\Analysis\Run\Contract\Discovery\FileDiscoveryFactoryInterface	Analysis.Run	src/Analysis/Run/Contract/Discovery/FileDiscoveryFactoryInterface.php	ast-name
Qualimetrix\Core\Path\AbsolutePath	Core.Path	Qualimetrix\Analysis\Run\Contract\Discovery\FileDiscoveryInterface	Analysis.Run	src/Analysis/Run/Contract/Discovery/FileDiscoveryInterface.php	ast-name
Qualimetrix\Core\Path\AbsolutePath	Core.Path	Qualimetrix\Analysis\Run\Contract\FileSetInspectionParticipantInterface	Analysis.Run	src/Analysis/Run/Contract/FileSetInspectionParticipantInterface.php	ast-name
Qualimetrix\Core\Path\AbsolutePath	Core.Path	Qualimetrix\Analysis\Run\Contract\Pipeline\DependencyGraphAnalyzerInterface	Analysis.Run	src/Analysis/Run/Contract/Pipeline/DependencyGraphAnalyzerInterface.php	ast-name
Qualimetrix\Core\Path\AbsolutePath	Core.Path	Qualimetrix\Analysis\Run\Discovery\DirectoryPruner	Analysis.Run	src/Analysis/Run/Discovery/DirectoryPruner.php	ast-name
Qualimetrix\Core\Path\AbsolutePath	Core.Path	Qualimetrix\Analysis\Run\Discovery\FileDiscoveryFactory	Analysis.Run	src/Analysis/Run/Discovery/FileDiscoveryFactory.php	ast-name
Qualimetrix\Core\Path\AbsolutePath	Core.Path	Qualimetrix\Analysis\Run\Discovery\FinderFileDiscovery	Analysis.Run	src/Analysis/Run/Discovery/FinderFileDiscovery.php	ast-name
Qualimetrix\Core\Path\AbsolutePath	Core.Path	Qualimetrix\Analysis\Run\ExcludeBinding\ExcludeBindingProbe	Analysis.Run	src/Analysis/Run/ExcludeBinding/ExcludeBindingProbe.php	ast-name
Qualimetrix\Core\Path\AbsolutePath	Core.Path	Qualimetrix\Analysis\Run\FileSetInspection\FileSetInspectionComposite	Analysis.Run	src/Analysis/Run/FileSetInspection/FileSetInspectionComposite.php	ast-name
Qualimetrix\Core\Path\AbsolutePath	Core.Path	Qualimetrix\Analysis\Run\Pipeline\AnalysisPipeline	Analysis.Run	src/Analysis/Run/Pipeline/AnalysisPipeline.php	ast-name
Qualimetrix\Core\Path\AbsolutePath	Core.Path	Qualimetrix\Analysis\Run\Pipeline\DependencyGraphAnalyzer	Analysis.Run	src/Analysis/Run/Pipeline/DependencyGraphAnalyzer.php	ast-name
Qualimetrix\Core\Path\AbsolutePath	Core.Path	Qualimetrix\Analysis\Run\RuleProducerPreparation	Analysis.Run	src/Analysis/Run/RuleProducerPreparation.php	ast-name
Qualimetrix\Core\Path\AbsolutePath	Core.Path	Qualimetrix\Core\Exception\ParseException	Core.Neutral	src/Core/Exception/ParseException.php	ast-name
Qualimetrix\Core\Path\AbsolutePath	Core.Path	Qualimetrix\Infrastructure\Ast\PhpFileParser	Infrastructure.Ast	src/Infrastructure/Ast/PhpFileParser.php	ast-name
Qualimetrix\Core\Path\AbsolutePath	Core.Path	Qualimetrix\Infrastructure\Cache\CacheConfigurationResolver	Infrastructure.Cache	src/Infrastructure/Cache/CacheConfigurationResolver.php	ast-name
Qualimetrix\Core\Path\AbsolutePath	Core.Path	Qualimetrix\Infrastructure\Cache\CacheConfigurationStore	Infrastructure.Cache	src/Infrastructure/Cache/CacheConfigurationStore.php	ast-name
Qualimetrix\Core\Path\AbsolutePath	Core.Path	Qualimetrix\Infrastructure\Cache\Contract\CacheConfiguration	Infrastructure.Cache	src/Infrastructure/Cache/Contract/CacheConfiguration.php	ast-name
Qualimetrix\Core\Path\AbsolutePath	Core.Path	Qualimetrix\Infrastructure\Cache\Contract\CacheConfigurationResolverInterface	Infrastructure.Cache	src/Infrastructure/Cache/Contract/CacheConfigurationResolverInterface.php	ast-name
Qualimetrix\Core\Path\AbsolutePath	Core.Path	Qualimetrix\Infrastructure\Cache\FileCache	Infrastructure.Cache	src/Infrastructure/Cache/FileCache.php	ast-name
Qualimetrix\Core\Path\AbsolutePath	Core.Path	Qualimetrix\Infrastructure\Console\Command\BaselineRunContext	Infrastructure.Console	src/Infrastructure/Console/Command/BaselineRunContext.php	ast-name
Qualimetrix\Core\Path\AbsolutePath	Core.Path	Qualimetrix\Infrastructure\Console\Command\CheckCommand	Infrastructure.Console	src/Infrastructure/Console/Command/CheckCommand.php	ast-name
Qualimetrix\Core\Path\AbsolutePath	Core.Path	Qualimetrix\Infrastructure\Console\Command\GraphExportCommand	Infrastructure.Console	src/Infrastructure/Console/Command/GraphExportCommand.php	ast-name
Qualimetrix\Core\Path\AbsolutePath	Core.Path	Qualimetrix\Infrastructure\Console\ConfigurationInputAdapter	Infrastructure.Console	src/Infrastructure/Console/ConfigurationInputAdapter.php	ast-name
Qualimetrix\Core\Path\AbsolutePath	Core.Path	Qualimetrix\Infrastructure\Console\FindingFilterOrchestrator	Infrastructure.Console	src/Infrastructure/Console/FindingFilterOrchestrator.php	ast-name
Qualimetrix\Core\Path\AbsolutePath	Core.Path	Qualimetrix\Infrastructure\Console\FormatterContextFactory	Infrastructure.Console	src/Infrastructure/Console/FormatterContextFactory.php	ast-name
Qualimetrix\Core\Path\AbsolutePath	Core.Path	Qualimetrix\Infrastructure\Console\LayerAssignmentResolver	Infrastructure.Console	src/Infrastructure/Console/LayerAssignmentResolver.php	ast-name
Qualimetrix\Core\Path\AbsolutePath	Core.Path	Qualimetrix\Infrastructure\Console\ResultPresenter	Infrastructure.Console	src/Infrastructure/Console/ResultPresenter.php	ast-name
Qualimetrix\Core\Path\AbsolutePath	Core.Path	Qualimetrix\Infrastructure\Git\ChangedFile	Infrastructure.Git	src/Infrastructure/Git/ChangedFile.php	ast-name
Qualimetrix\Core\Path\AbsolutePath	Core.Path	Qualimetrix\Infrastructure\Git\GitClient	Infrastructure.Git	src/Infrastructure/Git/GitClient.php	ast-name
Qualimetrix\Core\Path\AbsolutePath	Core.Path	Qualimetrix\Infrastructure\Git\GitRepositoryLocator	Infrastructure.Git	src/Infrastructure/Git/GitRepositoryLocator.php	ast-name
Qualimetrix\Core\Path\AbsolutePath	Core.Path	Qualimetrix\Infrastructure\Git\GitRepositoryLocatorInterface	Infrastructure.Git	src/Infrastructure/Git/GitRepositoryLocatorInterface.php	ast-name
Qualimetrix\Core\Path\AbsolutePath	Core.Path	Qualimetrix\Infrastructure\Git\GitScopeResolution	Infrastructure.Git	src/Infrastructure/Git/GitScopeResolution.php	ast-name
Qualimetrix\Core\Path\AbsolutePath	Core.Path	Qualimetrix\Infrastructure\Git\ReportingGitScopeQuery	Infrastructure.Git	src/Infrastructure/Git/ReportingGitScopeQuery.php	ast-name
Qualimetrix\Core\Path\AbsolutePath	Core.Path	Qualimetrix\Infrastructure\Parallel\FileProcessingTask	Infrastructure.Parallel	src/Infrastructure/Parallel/FileProcessingTask.php	ast-name
Qualimetrix\Core\Path\AbsolutePath	Core.Path	Qualimetrix\Infrastructure\Parallel\FileProcessingTaskFactory	Infrastructure.Parallel	src/Infrastructure/Parallel/FileProcessingTaskFactory.php	ast-name
Qualimetrix\Core\Path\AbsolutePath	Core.Path	Qualimetrix\Infrastructure\Parallel\Strategy\AmphpParallelStrategy	Infrastructure.Parallel	src/Infrastructure/Parallel/Strategy/AmphpParallelStrategy.php	ast-name
Qualimetrix\Core\Path\AbsolutePath	Core.Path	Qualimetrix\Infrastructure\Parallel\Strategy\StrategySelector	Infrastructure.Parallel	src/Infrastructure/Parallel/Strategy/StrategySelector.php	ast-name
Qualimetrix\Core\Path\AbsolutePath	Core.Path	Qualimetrix\Infrastructure\Parallel\WorkerBootstrap	Infrastructure.Parallel	src/Infrastructure/Parallel/WorkerBootstrap.php	ast-name
Qualimetrix\Core\Path\AbsolutePath	Core.Path	Qualimetrix\Reporting\FindingProjection\Contract\GitScopeRequest	Reporting	src/Reporting/FindingProjection/Contract/GitScopeRequest.php	ast-name
Qualimetrix\Core\Path\PathFactory	Core.Path	Qualimetrix\Analysis\Evidence\Duplication\HashIndexBuilder	Analysis.Evidence.Duplication	src/Analysis/Evidence/Duplication/HashIndexBuilder.php	ast-name
Qualimetrix\Core\Path\PathFactory	Core.Path	Qualimetrix\Analysis\Policy\Baseline\BaselineWriter	Analysis.Policy.Baseline	src/Analysis/Policy/Baseline/BaselineWriter.php	ast-name
Qualimetrix\Core\Path\PathFactory	Core.Path	Qualimetrix\Analysis\Policy\Baseline\RunScope	Analysis.Policy.Baseline	src/Analysis/Policy/Baseline/RunScope.php	ast-name
Qualimetrix\Core\Path\PathFactory	Core.Path	Qualimetrix\Analysis\Run\Collection\CollectionOrchestrator	Analysis.Run	src/Analysis/Run/Collection/CollectionOrchestrator.php	ast-name
Qualimetrix\Core\Path\PathFactory	Core.Path	Qualimetrix\Analysis\Run\Collection\FileProcessor	Analysis.Run	src/Analysis/Run/Collection/FileProcessor.php	ast-name
Qualimetrix\Core\Path\PathFactory	Core.Path	Qualimetrix\Analysis\Run\Configuration\ProjectScopeCoverage	Analysis.Run	src/Analysis/Run/Configuration/ProjectScopeCoverage.php	ast-name
Qualimetrix\Core\Path\PathFactory	Core.Path	Qualimetrix\Analysis\Run\Configuration\RunConfigurationResolver	Analysis.Run	src/Analysis/Run/Configuration/RunConfigurationResolver.php	ast-name
Qualimetrix\Core\Path\PathFactory	Core.Path	Qualimetrix\Analysis\Run\Discovery\AnalysisFileDiscovery	Analysis.Run	src/Analysis/Run/Discovery/AnalysisFileDiscovery.php	ast-name
Qualimetrix\Core\Path\PathFactory	Core.Path	Qualimetrix\Analysis\Run\Pipeline\AnalysisPipeline	Analysis.Run	src/Analysis/Run/Pipeline/AnalysisPipeline.php	ast-name
Qualimetrix\Core\Path\PathFactory	Core.Path	Qualimetrix\Analysis\Run\Pipeline\DependencyGraphAnalyzer	Analysis.Run	src/Analysis/Run/Pipeline/DependencyGraphAnalyzer.php	ast-name
Qualimetrix\Core\Path\PathFactory	Core.Path	Qualimetrix\Infrastructure\Cache\CacheConfigurationResolver	Infrastructure.Cache	src/Infrastructure/Cache/CacheConfigurationResolver.php	ast-name
Qualimetrix\Core\Path\PathFactory	Core.Path	Qualimetrix\Infrastructure\Console\Command\GraphExportCommand	Infrastructure.Console	src/Infrastructure/Console/Command/GraphExportCommand.php	ast-name
Qualimetrix\Core\Path\PathFactory	Core.Path	Qualimetrix\Infrastructure\Console\ConfigurationInputAdapter	Infrastructure.Console	src/Infrastructure/Console/ConfigurationInputAdapter.php	ast-name
Qualimetrix\Core\Path\PathFactory	Core.Path	Qualimetrix\Infrastructure\Console\LayerAssignmentResolver	Infrastructure.Console	src/Infrastructure/Console/LayerAssignmentResolver.php	ast-name
Qualimetrix\Core\Path\PathFactory	Core.Path	Qualimetrix\Infrastructure\Git\ChangedFile	Infrastructure.Git	src/Infrastructure/Git/ChangedFile.php	ast-name
Qualimetrix\Core\Path\PathFactory	Core.Path	Qualimetrix\Infrastructure\Parallel\Strategy\AmphpParallelStrategy	Infrastructure.Parallel	src/Infrastructure/Parallel/Strategy/AmphpParallelStrategy.php	ast-name
Qualimetrix\Core\Path\RelativePath	Core.Path	Qualimetrix\Analysis\Evidence\CodeSmell\CodeSmellFinding	Analysis.Evidence.CodeSmell	src/Analysis/Evidence/CodeSmell/CodeSmellFinding.php	ast-name
Qualimetrix\Core\Path\RelativePath	Core.Path	Qualimetrix\Analysis\Evidence\CodeSmell\ParameterCountCollector	Analysis.Evidence.CodeSmell	src/Analysis/Evidence/CodeSmell/ParameterCountCollector.php	ast-name
Qualimetrix\Core\Path\RelativePath	Core.Path	Qualimetrix\Analysis\Evidence\CodeSmell\ParameterCountVisitor	Analysis.Evidence.CodeSmell	src/Analysis/Evidence/CodeSmell/ParameterCountVisitor.php	ast-name
Qualimetrix\Core\Path\RelativePath	Core.Path	Qualimetrix\Analysis\Evidence\CodeSmell\UnreachableCodeCollector	Analysis.Evidence.CodeSmell	src/Analysis/Evidence/CodeSmell/UnreachableCodeCollector.php	ast-name
Qualimetrix\Core\Path\RelativePath	Core.Path	Qualimetrix\Analysis\Evidence\CodeSmell\UnreachableCodeVisitor	Analysis.Evidence.CodeSmell	src/Analysis/Evidence/CodeSmell/UnreachableCodeVisitor.php	ast-name
Qualimetrix\Core\Path\RelativePath	Core.Path	Qualimetrix\Analysis\Evidence\CodeSmell\UnusedPrivateCollector	Analysis.Evidence.CodeSmell	src/Analysis/Evidence/CodeSmell/UnusedPrivateCollector.php	ast-name
Qualimetrix\Core\Path\RelativePath	Core.Path	Qualimetrix\Analysis\Evidence\Cohesion\LcomCollector	Analysis.Evidence.Cohesion	src/Analysis/Evidence/Cohesion/LcomCollector.php	ast-name
Qualimetrix\Core\Path\RelativePath	Core.Path	Qualimetrix\Analysis\Evidence\Cohesion\TccLccCollector	Analysis.Evidence.Cohesion	src/Analysis/Evidence/Cohesion/TccLccCollector.php	ast-name
Qualimetrix\Core\Path\RelativePath	Core.Path	Qualimetrix\Analysis\Evidence\Complexity\CognitiveComplexityCollector	Analysis.Evidence.Complexity	src/Analysis/Evidence/Complexity/CognitiveComplexityCollector.php	ast-name
Qualimetrix\Core\Path\RelativePath	Core.Path	Qualimetrix\Analysis\Evidence\Complexity\CognitiveComplexityVisitor	Analysis.Evidence.Complexity	src/Analysis/Evidence/Complexity/CognitiveComplexityVisitor.php	ast-name
Qualimetrix\Core\Path\RelativePath	Core.Path	Qualimetrix\Analysis\Evidence\Complexity\CyclomaticComplexityCollector	Analysis.Evidence.Complexity	src/Analysis/Evidence/Complexity/CyclomaticComplexityCollector.php	ast-name
Qualimetrix\Core\Path\RelativePath	Core.Path	Qualimetrix\Analysis\Evidence\Complexity\CyclomaticComplexityVisitor	Analysis.Evidence.Complexity	src/Analysis/Evidence/Complexity/CyclomaticComplexityVisitor.php	ast-name
Qualimetrix\Core\Path\RelativePath	Core.Path	Qualimetrix\Analysis\Evidence\Complexity\NpathComplexityCollector	Analysis.Evidence.Complexity	src/Analysis/Evidence/Complexity/NpathComplexityCollector.php	ast-name
Qualimetrix\Core\Path\RelativePath	Core.Path	Qualimetrix\Analysis\Evidence\Complexity\NpathComplexityVisitor	Analysis.Evidence.Complexity	src/Analysis/Evidence/Complexity/NpathComplexityVisitor.php	ast-name
Qualimetrix\Core\Path\RelativePath	Core.Path	Qualimetrix\Analysis\Evidence\ComputedMetrics\Health\Contract\Offender\WorstOffender	Analysis.Evidence.ComputedMetrics.Health	src/Analysis/Evidence/ComputedMetrics/Health/Contract/Offender/WorstOffender.php	ast-name
Qualimetrix\Core\Path\RelativePath	Core.Path	Qualimetrix\Analysis\Evidence\Coupling\RfcCollector	Analysis.Evidence.Coupling	src/Analysis/Evidence/Coupling/RfcCollector.php	ast-name
Qualimetrix\Core\Path\RelativePath	Core.Path	Qualimetrix\Analysis\Evidence\DependencyModel\Contract\DependencyLocationInterface	Analysis.Evidence.DependencyModel	src/Analysis/Evidence/DependencyModel/Contract/DependencyLocationInterface.php	ast-name
Qualimetrix\Core\Path\RelativePath	Core.Path	Qualimetrix\Analysis\Evidence\DependencyModel\Contract\DependencyTraversalParticipantInterface	Analysis.Evidence.DependencyModel	src/Analysis/Evidence/DependencyModel/Contract/DependencyTraversalParticipantInterface.php	ast-name
Qualimetrix\Core\Path\RelativePath	Core.Path	Qualimetrix\Analysis\Evidence\DependencyModel\Extraction\DependencyLocation	Analysis.Evidence.DependencyModel	src/Analysis/Evidence/DependencyModel/Extraction/DependencyLocation.php	ast-name
Qualimetrix\Core\Path\RelativePath	Core.Path	Qualimetrix\Analysis\Evidence\DependencyModel\Extraction\DependencyVisitor	Analysis.Evidence.DependencyModel	src/Analysis/Evidence/DependencyModel/Extraction/DependencyVisitor.php	ast-name
Qualimetrix\Core\Path\RelativePath	Core.Path	Qualimetrix\Analysis\Evidence\DependencyModel\Extraction\Handler\DependencyContext	Analysis.Evidence.DependencyModel	src/Analysis/Evidence/DependencyModel/Extraction/Handler/DependencyContext.php	ast-name
Qualimetrix\Core\Path\RelativePath	Core.Path	Qualimetrix\Analysis\Evidence\Design\Inheritance\InheritanceDepthCollector	Analysis.Evidence.Design	src/Analysis/Evidence/Design/Inheritance/InheritanceDepthCollector.php	ast-name
Qualimetrix\Core\Path\RelativePath	Core.Path	Qualimetrix\Analysis\Evidence\Design\TypeCoverage\TypeCoverageCollector	Analysis.Evidence.Design	src/Analysis/Evidence/Design/TypeCoverage/TypeCoverageCollector.php	ast-name
Qualimetrix\Core\Path\RelativePath	Core.Path	Qualimetrix\Analysis\Evidence\Design\TypeCoverage\TypeCoverageVisitor	Analysis.Evidence.Design	src/Analysis/Evidence/Design/TypeCoverage/TypeCoverageVisitor.php	ast-name
Qualimetrix\Core\Path\RelativePath	Core.Path	Qualimetrix\Analysis\Evidence\Duplication\DuplicateBlockFinder	Analysis.Evidence.Duplication	src/Analysis/Evidence/Duplication/DuplicateBlockFinder.php	ast-name
Qualimetrix\Core\Path\RelativePath	Core.Path	Qualimetrix\Analysis\Evidence\Duplication\DuplicateLocation	Analysis.Evidence.Duplication	src/Analysis/Evidence/Duplication/DuplicateLocation.php	ast-name
Qualimetrix\Core\Path\RelativePath	Core.Path	Qualimetrix\Analysis\Evidence\Maintainability\HalsteadCollector	Analysis.Evidence.Maintainability	src/Analysis/Evidence/Maintainability/HalsteadCollector.php	ast-name
Qualimetrix\Core\Path\RelativePath	Core.Path	Qualimetrix\Analysis\Evidence\Maintainability\HalsteadVisitor	Analysis.Evidence.Maintainability	src/Analysis/Evidence/Maintainability/HalsteadVisitor.php	ast-name
Qualimetrix\Core\Path\RelativePath	Core.Path	Qualimetrix\Analysis\Evidence\Maintainability\MaintainabilityRule	Analysis.Evidence.Maintainability	src/Analysis/Evidence/Maintainability/MaintainabilityRule.php	ast-name
Qualimetrix\Core\Path\RelativePath	Core.Path	Qualimetrix\Analysis\Evidence\Measurement\Aggregation\TreeAwareNamespaceAggregator	Analysis.Evidence.Measurement	src/Analysis/Evidence/Measurement/Aggregation/TreeAwareNamespaceAggregator.php	ast-name
Qualimetrix\Core\Path\RelativePath	Core.Path	Qualimetrix\Analysis\Evidence\Measurement\Contract\CallableMetricsProviderInterface	Analysis.Evidence.Measurement	src/Analysis/Evidence/Measurement/Contract/CallableMetricsProviderInterface.php	ast-name
Qualimetrix\Core\Path\RelativePath	Core.Path	Qualimetrix\Analysis\Evidence\Measurement\Contract\ClassMetricsProviderInterface	Analysis.Evidence.Measurement	src/Analysis/Evidence/Measurement/Contract/ClassMetricsProviderInterface.php	ast-name
Qualimetrix\Core\Path\RelativePath	Core.Path	Qualimetrix\Analysis\Evidence\Measurement\Contract\DeclarationIndexAwareTrait	Analysis.Evidence.Measurement	src/Analysis/Evidence/Measurement/Contract/DeclarationIndexAwareTrait.php	ast-name
Qualimetrix\Core\Path\RelativePath	Core.Path	Qualimetrix\Analysis\Evidence\Measurement\Contract\DerivedMetricExtractorInterface	Analysis.Evidence.Measurement	src/Analysis/Evidence/Measurement/Contract/DerivedMetricExtractorInterface.php	ast-name
Qualimetrix\Core\Path\RelativePath	Core.Path	Qualimetrix\Analysis\Evidence\Measurement\Contract\FileMeasurementCollectorInterface	Analysis.Evidence.Measurement	src/Analysis/Evidence/Measurement/Contract/FileMeasurementCollectorInterface.php	ast-name
Qualimetrix\Core\Path\RelativePath	Core.Path	Qualimetrix\Analysis\Evidence\Measurement\Contract\MetricRepositoryInterface	Analysis.Evidence.Measurement	src/Analysis/Evidence/Measurement/Contract/MetricRepositoryInterface.php	ast-name
Qualimetrix\Core\Path\RelativePath	Core.Path	Qualimetrix\Analysis\Evidence\Measurement\Contract\VisitorMethodTrackingTrait	Analysis.Evidence.Measurement	src/Analysis/Evidence/Measurement/Contract/VisitorMethodTrackingTrait.php	ast-name
Qualimetrix\Core\Path\RelativePath	Core.Path	Qualimetrix\Analysis\Evidence\Measurement\FileMeasurement\CompositeCollector	Analysis.Evidence.Measurement	src/Analysis/Evidence/Measurement/FileMeasurement/CompositeCollector.php	ast-name
Qualimetrix\Core\Path\RelativePath	Core.Path	Qualimetrix\Analysis\Evidence\Measurement\FileMeasurement\DerivedCollectorRunner	Analysis.Evidence.Measurement	src/Analysis/Evidence/Measurement/FileMeasurement/DerivedCollectorRunner.php	ast-name
Qualimetrix\Core\Path\RelativePath	Core.Path	Qualimetrix\Analysis\Evidence\Measurement\FileMeasurement\DerivedMetricExtractor	Analysis.Evidence.Measurement	src/Analysis/Evidence/Measurement/FileMeasurement/DerivedMetricExtractor.php	ast-name
Qualimetrix\Core\Path\RelativePath	Core.Path	Qualimetrix\Analysis\Evidence\Measurement\Namespace_\ProjectNamespaceResolver	Analysis.Evidence.Measurement	src/Analysis/Evidence/Measurement/Namespace_/ProjectNamespaceResolver.php	ast-name
Qualimetrix\Core\Path\RelativePath	Core.Path	Qualimetrix\Analysis\Evidence\Measurement\Repository\InMemoryMetricRepository	Analysis.Evidence.Measurement	src/Analysis/Evidence/Measurement/Repository/InMemoryMetricRepository.php	ast-name
Qualimetrix\Core\Path\RelativePath	Core.Path	Qualimetrix\Analysis\Evidence\Measurement\Repository\MetricSubjectIndex	Analysis.Evidence.Measurement	src/Analysis/Evidence/Measurement/Repository/MetricSubjectIndex.php	ast-name
Qualimetrix\Core\Path\RelativePath	Core.Path	Qualimetrix\Analysis\Evidence\Measurement\Repository\RepositoryMerge	Analysis.Evidence.Measurement	src/Analysis/Evidence/Measurement/Repository/RepositoryMerge.php	ast-name
Qualimetrix\Core\Path\RelativePath	Core.Path	Qualimetrix\Analysis\Evidence\Measurement\Visitor\VisitorCallableMetadata	Analysis.Evidence.Measurement	src/Analysis/Evidence/Measurement/Visitor/VisitorCallableMetadata.php	ast-name
Qualimetrix\Core\Path\RelativePath	Core.Path	Qualimetrix\Analysis\Evidence\Measurement\Visitor\VisitorMethodContext	Analysis.Evidence.Measurement	src/Analysis/Evidence/Measurement/Visitor/VisitorMethodContext.php	ast-name
Qualimetrix\Core\Path\RelativePath	Core.Path	Qualimetrix\Analysis\Evidence\Prioritization\Impact\ClassRankIndex	Analysis.Evidence.Prioritization	src/Analysis/Evidence/Prioritization/Impact/ClassRankIndex.php	ast-name
Qualimetrix\Core\Path\RelativePath	Core.Path	Qualimetrix\Analysis\Evidence\Prioritization\Impact\ClassRankResolver	Analysis.Evidence.Prioritization	src/Analysis/Evidence/Prioritization/Impact/ClassRankResolver.php	ast-name
Qualimetrix\Core\Path\RelativePath	Core.Path	Qualimetrix\Analysis\Evidence\Security\SecurityPatternFinding	Analysis.Evidence.Security	src/Analysis/Evidence/Security/SecurityPatternFinding.php	ast-name
Qualimetrix\Core\Path\RelativePath	Core.Path	Qualimetrix\Analysis\Evidence\Size\LocCollector	Analysis.Evidence.Size	src/Analysis/Evidence/Size/LocCollector.php	ast-name
Qualimetrix\Core\Path\RelativePath	Core.Path	Qualimetrix\Analysis\Evidence\Size\MethodCountCollector	Analysis.Evidence.Size	src/Analysis/Evidence/Size/MethodCountCollector.php	ast-name
Qualimetrix\Core\Path\RelativePath	Core.Path	Qualimetrix\Analysis\Evidence\Size\MethodStatementCountCollector	Analysis.Evidence.Size	src/Analysis/Evidence/Size/MethodStatementCountCollector.php	ast-name
Qualimetrix\Core\Path\RelativePath	Core.Path	Qualimetrix\Analysis\Evidence\Size\MethodStatementCountVisitor	Analysis.Evidence.Size	src/Analysis/Evidence/Size/MethodStatementCountVisitor.php	ast-name
Qualimetrix\Core\Path\RelativePath	Core.Path	Qualimetrix\Analysis\Finding\Contract\Location	Analysis.Finding	src/Analysis/Finding/Contract/Location.php	ast-name
Qualimetrix\Core\Path\RelativePath	Core.Path	Qualimetrix\Analysis\Finding\Contract\RuleConfigurationInterface	Analysis.Finding	src/Analysis/Finding/Contract/RuleConfigurationInterface.php	ast-name
Qualimetrix\Core\Path\RelativePath	Core.Path	Qualimetrix\Analysis\Finding\Exclusion\RulePathExclusionProvider	Analysis.Finding	src/Analysis/Finding/Exclusion/RulePathExclusionProvider.php	ast-name
Qualimetrix\Core\Path\RelativePath	Core.Path	Qualimetrix\Analysis\Finding\FindingExclusionLedger	Analysis.Finding	src/Analysis/Finding/FindingExclusionLedger.php	ast-name
Qualimetrix\Core\Path\RelativePath	Core.Path	Qualimetrix\Analysis\Finding\RuleConfiguration\RuleOptionsRegistry	Analysis.Finding	src/Analysis/Finding/RuleConfiguration/RuleOptionsRegistry.php	ast-name
Qualimetrix\Core\Path\RelativePath	Core.Path	Qualimetrix\Analysis\Policy\Baseline\ExplainedSubject	Analysis.Policy.Baseline	src/Analysis/Policy/Baseline/ExplainedSubject.php	ast-name
Qualimetrix\Core\Path\RelativePath	Core.Path	Qualimetrix\Analysis\Policy\Inline\Contract\Directive\DirectiveSite	Analysis.Policy.Inline	src/Analysis/Policy/Inline/Contract/Directive/DirectiveSite.php	ast-name
Qualimetrix\Core\Path\RelativePath	Core.Path	Qualimetrix\Analysis\Policy\Inline\Contract\SourceControlExtractorInterface	Analysis.Policy.Inline	src/Analysis/Policy/Inline/Contract/SourceControlExtractorInterface.php	ast-name
Qualimetrix\Core\Path\RelativePath	Core.Path	Qualimetrix\Analysis\Policy\Inline\Directive\Audit\AuthoredDirectiveGroup	Analysis.Policy.Inline	src/Analysis/Policy/Inline/Directive/Audit/AuthoredDirectiveGroup.php	ast-name
Qualimetrix\Core\Path\RelativePath	Core.Path	Qualimetrix\Analysis\Policy\Inline\Directive\Audit\DirectiveUsage	Analysis.Policy.Inline	src/Analysis/Policy/Inline/Directive/Audit/DirectiveUsage.php	ast-name
Qualimetrix\Core\Path\RelativePath	Core.Path	Qualimetrix\Analysis\Policy\Inline\Directive\Audit\StaleDirectiveFinding	Analysis.Policy.Inline	src/Analysis/Policy/Inline/Directive/Audit/StaleDirectiveFinding.php	ast-name
Qualimetrix\Core\Path\RelativePath	Core.Path	Qualimetrix\Analysis\Policy\Inline\Directive\InlineDirectiveValidator	Analysis.Policy.Inline	src/Analysis/Policy/Inline/Directive/InlineDirectiveValidator.php	ast-name
Qualimetrix\Core\Path\RelativePath	Core.Path	Qualimetrix\Analysis\Policy\Inline\Extraction\DeclarationControlBindings	Analysis.Policy.Inline	src/Analysis/Policy/Inline/Extraction/DeclarationControlBindings.php	ast-name
Qualimetrix\Core\Path\RelativePath	Core.Path	Qualimetrix\Analysis\Policy\Inline\Extraction\SourceControlExtractor	Analysis.Policy.Inline	src/Analysis/Policy/Inline/Extraction/SourceControlExtractor.php	ast-name
Qualimetrix\Core\Path\RelativePath	Core.Path	Qualimetrix\Analysis\Run\Collection\FileProcessor	Analysis.Run	src/Analysis/Run/Collection/FileProcessor.php	ast-name
Qualimetrix\Core\Path\RelativePath	Core.Path	Qualimetrix\Analysis\Run\Configuration\ProjectScopeCoverage	Analysis.Run	src/Analysis/Run/Configuration/ProjectScopeCoverage.php	ast-name
Qualimetrix\Core\Path\RelativePath	Core.Path	Qualimetrix\Analysis\Run\Contract\Collection\CollectionPhaseOutput	Analysis.Run	src/Analysis/Run/Contract/Collection/CollectionPhaseOutput.php	ast-name
Qualimetrix\Core\Path\RelativePath	Core.Path	Qualimetrix\Analysis\Run\Contract\Collection\FileProcessingResult	Analysis.Run	src/Analysis/Run/Contract/Collection/FileProcessingResult.php	ast-name
Qualimetrix\Core\Path\RelativePath	Core.Path	Qualimetrix\Analysis\Run\Contract\Pipeline\AnalysisCoverage	Analysis.Run	src/Analysis/Run/Contract/Pipeline/AnalysisCoverage.php	ast-name
Qualimetrix\Core\Path\RelativePath	Core.Path	Qualimetrix\Analysis\Run\Contract\Pipeline\AnalysisFailure	Analysis.Run	src/Analysis/Run/Contract/Pipeline/AnalysisFailure.php	ast-name
Qualimetrix\Core\Path\RelativePath	Core.Path	Qualimetrix\Analysis\Run\Discovery\AnalysisFileDiscovery	Analysis.Run	src/Analysis/Run/Discovery/AnalysisFileDiscovery.php	ast-name
Qualimetrix\Core\Path\RelativePath	Core.Path	Qualimetrix\Analysis\Run\Pipeline\AnalysisPipeline	Analysis.Run	src/Analysis/Run/Pipeline/AnalysisPipeline.php	ast-name
Qualimetrix\Core\Path\RelativePath	Core.Path	Qualimetrix\Core\Pattern\PathMatcher	Core.Neutral	src/Core/Pattern/PathMatcher.php	ast-name
Qualimetrix\Core\Path\RelativePath	Core.Path	Qualimetrix\Core\Pattern\PathPattern	Core.Neutral	src/Core/Pattern/PathPattern.php	ast-name
Qualimetrix\Core\Path\RelativePath	Core.Path	Qualimetrix\Core\Symbol\DeclarationPath	Core.Symbol	src/Core/Symbol/DeclarationPath.php	ast-name
Qualimetrix\Core\Path\RelativePath	Core.Path	Qualimetrix\Core\Symbol\MetricSubjectCodec	Core.Symbol	src/Core/Symbol/MetricSubjectCodec.php	ast-name
Qualimetrix\Core\Path\RelativePath	Core.Path	Qualimetrix\Core\Symbol\SymbolInfo	Core.Symbol	src/Core/Symbol/SymbolInfo.php	ast-name
Qualimetrix\Core\Path\RelativePath	Core.Path	Qualimetrix\Core\Symbol\SymbolPath	Core.Symbol	src/Core/Symbol/SymbolPath.php	ast-name
Qualimetrix\Core\Path\RelativePath	Core.Path	Qualimetrix\Infrastructure\Console\FindingFilterOrchestrator	Infrastructure.Console	src/Infrastructure/Console/FindingFilterOrchestrator.php	ast-name
Qualimetrix\Core\Path\RelativePath	Core.Path	Qualimetrix\Infrastructure\Git\ChangedFile	Infrastructure.Git	src/Infrastructure/Git/ChangedFile.php	ast-name
Qualimetrix\Core\Path\RelativePath	Core.Path	Qualimetrix\Infrastructure\Git\GitRepositoryLocator	Infrastructure.Git	src/Infrastructure/Git/GitRepositoryLocator.php	ast-name
Qualimetrix\Core\Path\RelativePath	Core.Path	Qualimetrix\Infrastructure\Parallel\Strategy\AmphpParallelStrategy	Infrastructure.Parallel	src/Infrastructure/Parallel/Strategy/AmphpParallelStrategy.php	ast-name
Qualimetrix\Core\Path\RelativePath	Core.Path	Qualimetrix\Reporting\FormatterContext	Reporting	src/Reporting/FormatterContext.php	ast-name
Qualimetrix\Core\Pattern\NamespaceMatcher	Core.Neutral	Qualimetrix\Analysis\Evidence\Coupling\CouplingAnalysis	Analysis.Evidence.Coupling	src/Analysis/Evidence/Coupling/CouplingAnalysis.php	ast-name
Qualimetrix\Core\Pattern\NamespaceMatcher	Core.Neutral	Qualimetrix\Analysis\Evidence\Coupling\DistanceOptions	Analysis.Evidence.Coupling	src/Analysis/Evidence/Coupling/DistanceOptions.php	ast-name
Qualimetrix\Core\Pattern\NamespaceMatcher	Core.Neutral	Qualimetrix\Analysis\Evidence\Coupling\DistanceRule	Analysis.Evidence.Coupling	src/Analysis/Evidence/Coupling/DistanceRule.php	ast-name
Qualimetrix\Core\Pattern\NamespaceMatcher	Core.Neutral	Qualimetrix\Analysis\Finding\Contract\Filter\NamespaceExclusionFilter	Analysis.Finding	src/Analysis/Finding/Contract/Filter/NamespaceExclusionFilter.php	ast-name
Qualimetrix\Core\Pattern\NamespaceMatcher	Core.Neutral	Qualimetrix\Analysis\Finding\Exclusion\RuleNamespaceExclusionProvider	Analysis.Finding	src/Analysis/Finding/Exclusion/RuleNamespaceExclusionProvider.php	ast-name
Qualimetrix\Core\Pattern\NamespaceMatcher	Core.Neutral	Qualimetrix\Reporting\FindingProjection\FindingProjector	Reporting	src/Reporting/FindingProjection/FindingProjector.php	ast-name
Qualimetrix\Core\Pattern\NamespaceMatcher	Core.Neutral	Qualimetrix\Reporting\FindingProjection\SuppressionCompositionBuilder	Reporting	src/Reporting/FindingProjection/SuppressionCompositionBuilder.php	ast-name
Qualimetrix\Core\Pattern\NamespaceMatcher	Core.Neutral	Qualimetrix\Reporting\GraphProjection\NamespaceFilter	Reporting.GraphProjection	src/Reporting/GraphProjection/NamespaceFilter.php	ast-name
Qualimetrix\Core\Pattern\NamespacePattern	Core.Neutral	Qualimetrix\Analysis\Configuration\SelectorYamlDecoder	Analysis.Configuration	src/Analysis/Configuration/SelectorYamlDecoder.php	ast-name
Qualimetrix\Core\Pattern\NamespacePattern	Core.Neutral	Qualimetrix\Analysis\Evidence\ComputedMetrics\Health\Contract\DrillDown\HealthScoreDrillDown	Analysis.Evidence.ComputedMetrics.Health	src/Analysis/Evidence/ComputedMetrics/Health/Contract/DrillDown/HealthScoreDrillDown.php	ast-name
Qualimetrix\Core\Pattern\NamespacePattern	Core.Neutral	Qualimetrix\Analysis\Evidence\ComputedMetrics\Health\Contract\DrillDown\WorstClassDrillDown	Analysis.Evidence.ComputedMetrics.Health	src/Analysis/Evidence/ComputedMetrics/Health/Contract/DrillDown/WorstClassDrillDown.php	ast-name
Qualimetrix\Core\Pattern\NamespacePattern	Core.Neutral	Qualimetrix\Analysis\Evidence\ComputedMetrics\Health\Offender\WorstOffenderBuilder	Analysis.Evidence.ComputedMetrics.Health	src/Analysis/Evidence/ComputedMetrics/Health/Offender/WorstOffenderBuilder.php	ast-name
Qualimetrix\Core\Pattern\NamespacePattern	Core.Neutral	Qualimetrix\Analysis\Evidence\Coupling\CouplingAnalysis	Analysis.Evidence.Coupling	src/Analysis/Evidence/Coupling/CouplingAnalysis.php	ast-name
Qualimetrix\Core\Pattern\NamespacePattern	Core.Neutral	Qualimetrix\Analysis\Evidence\Coupling\DistanceOptions	Analysis.Evidence.Coupling	src/Analysis/Evidence/Coupling/DistanceOptions.php	ast-name
Qualimetrix\Core\Pattern\NamespacePattern	Core.Neutral	Qualimetrix\Analysis\Evidence\Coupling\UnmatchedFrameworkNamespaceRule	Analysis.Evidence.Coupling	src/Analysis/Evidence/Coupling/UnmatchedFrameworkNamespaceRule.php	ast-name
Qualimetrix\Core\Pattern\NamespacePattern	Core.Neutral	Qualimetrix\Analysis\Finding\RuleConfiguration\RuleSuppressionSelectorDecoder	Analysis.Finding	src/Analysis/Finding/RuleConfiguration/RuleSuppressionSelectorDecoder.php	ast-name
Qualimetrix\Core\Pattern\NamespacePattern	Core.Neutral	Qualimetrix\Analysis\Finding\SuppressionBinding\UnboundSuppressionAudit	Analysis.Finding	src/Analysis/Finding/SuppressionBinding/UnboundSuppressionAudit.php	ast-name
Qualimetrix\Core\Pattern\NamespacePattern	Core.Neutral	Qualimetrix\Analysis\Finding\SuppressionBinding\ValueScopeJudgement	Analysis.Finding	src/Analysis/Finding/SuppressionBinding/ValueScopeJudgement.php	ast-name
Qualimetrix\Core\Pattern\NamespacePattern	Core.Neutral	Qualimetrix\Infrastructure\Console\CliSelectorDecoder	Infrastructure.Console	src/Infrastructure/Console/CliSelectorDecoder.php	ast-name
Qualimetrix\Core\Pattern\NamespacePattern	Core.Neutral	Qualimetrix\Infrastructure\Console\Command\GraphExportCommand	Infrastructure.Console	src/Infrastructure/Console/Command/GraphExportCommand.php	ast-name
Qualimetrix\Core\Pattern\NamespacePattern	Core.Neutral	Qualimetrix\Infrastructure\Console\FormatterContextFactory	Infrastructure.Console	src/Infrastructure/Console/FormatterContextFactory.php	ast-name
Qualimetrix\Core\Pattern\NamespacePattern	Core.Neutral	Qualimetrix\Infrastructure\Console\ResultPresenter	Infrastructure.Console	src/Infrastructure/Console/ResultPresenter.php	ast-name
Qualimetrix\Core\Pattern\NamespacePattern	Core.Neutral	Qualimetrix\Reporting\DrillDown\DrillDownBinding	Reporting	src/Reporting/DrillDown/DrillDownBinding.php	ast-name
Qualimetrix\Core\Pattern\NamespacePattern	Core.Neutral	Qualimetrix\Reporting\FindingProjection\SuppressionCompositionBuilder	Reporting	src/Reporting/FindingProjection/SuppressionCompositionBuilder.php	ast-name
Qualimetrix\Core\Pattern\NamespacePattern	Core.Neutral	Qualimetrix\Reporting\FormatterContext	Reporting	src/Reporting/FormatterContext.php	ast-name
Qualimetrix\Core\Pattern\PathMatcher	Core.Neutral	Qualimetrix\Analysis\Finding\Contract\Filter\PathExclusionFilter	Analysis.Finding	src/Analysis/Finding/Contract/Filter/PathExclusionFilter.php	ast-name
Qualimetrix\Core\Pattern\PathMatcher	Core.Neutral	Qualimetrix\Analysis\Finding\Exclusion\RulePathExclusionProvider	Analysis.Finding	src/Analysis/Finding/Exclusion/RulePathExclusionProvider.php	ast-name
Qualimetrix\Core\Pattern\PathMatcher	Core.Neutral	Qualimetrix\Reporting\FindingProjection\FindingProjector	Reporting	src/Reporting/FindingProjection/FindingProjector.php	ast-name
Qualimetrix\Core\Pattern\PathMatcher	Core.Neutral	Qualimetrix\Reporting\FindingProjection\SuppressionCompositionBuilder	Reporting	src/Reporting/FindingProjection/SuppressionCompositionBuilder.php	ast-name
Qualimetrix\Core\Pattern\PathPattern	Core.Neutral	Qualimetrix\Analysis\Configuration\SelectorYamlDecoder	Analysis.Configuration	src/Analysis/Configuration/SelectorYamlDecoder.php	ast-name
Qualimetrix\Core\Pattern\PathPattern	Core.Neutral	Qualimetrix\Analysis\Finding\RuleConfiguration\RuleSuppressionSelectorDecoder	Analysis.Finding	src/Analysis/Finding/RuleConfiguration/RuleSuppressionSelectorDecoder.php	ast-name
Qualimetrix\Core\Pattern\PathPattern	Core.Neutral	Qualimetrix\Analysis\Finding\SuppressionBinding\UnboundSuppressionAudit	Analysis.Finding	src/Analysis/Finding/SuppressionBinding/UnboundSuppressionAudit.php	ast-name
Qualimetrix\Core\Pattern\PathPattern	Core.Neutral	Qualimetrix\Analysis\Finding\SuppressionBinding\ValueScopeJudgement	Analysis.Finding	src/Analysis/Finding/SuppressionBinding/ValueScopeJudgement.php	ast-name
Qualimetrix\Core\Pattern\PathPattern	Core.Neutral	Qualimetrix\Analysis\Run\Configuration\RunConfigurationResolver	Analysis.Run	src/Analysis/Run/Configuration/RunConfigurationResolver.php	ast-name
Qualimetrix\Core\Pattern\PathPattern	Core.Neutral	Qualimetrix\Analysis\Run\Discovery\DirectoryPruner	Analysis.Run	src/Analysis/Run/Discovery/DirectoryPruner.php	ast-name
Qualimetrix\Core\Pattern\PathPattern	Core.Neutral	Qualimetrix\Analysis\Run\ExcludeBinding\ExcludeBindingProbe	Analysis.Run	src/Analysis/Run/ExcludeBinding/ExcludeBindingProbe.php	ast-name
Qualimetrix\Core\Pattern\PathPattern	Core.Neutral	Qualimetrix\Analysis\Run\ExcludeBinding\UnmatchedExcludeAudit	Analysis.Run	src/Analysis/Run/ExcludeBinding/UnmatchedExcludeAudit.php	ast-name
Qualimetrix\Core\Pattern\PathPattern	Core.Neutral	Qualimetrix\Infrastructure\Console\CliSelectorDecoder	Infrastructure.Console	src/Infrastructure/Console/CliSelectorDecoder.php	ast-name
Qualimetrix\Core\Pattern\PathPattern	Core.Neutral	Qualimetrix\Reporting\FindingProjection\SuppressionCompositionBuilder	Reporting	src/Reporting/FindingProjection/SuppressionCompositionBuilder.php	ast-name
Qualimetrix\Core\Pattern\PatternMatch	Core.Neutral	Qualimetrix\Analysis\Run\Discovery\DirectoryPruner	Analysis.Run	src/Analysis/Run/Discovery/DirectoryPruner.php	ast-name
Qualimetrix\Core\Pattern\SelectorDefinition	Core.Neutral	Qualimetrix\Analysis\Configuration\SelectorYamlDecoder	Analysis.Configuration	src/Analysis/Configuration/SelectorYamlDecoder.php	ast-name
Qualimetrix\Core\Pattern\SelectorDefinition	Core.Neutral	Qualimetrix\Analysis\Evidence\Coupling\CouplingAnalysis	Analysis.Evidence.Coupling	src/Analysis/Evidence/Coupling/CouplingAnalysis.php	ast-name
Qualimetrix\Core\Pattern\SelectorDefinition	Core.Neutral	Qualimetrix\Analysis\Evidence\Coupling\DistanceOptions	Analysis.Evidence.Coupling	src/Analysis/Evidence/Coupling/DistanceOptions.php	ast-name
Qualimetrix\Core\Pattern\SelectorDefinition	Core.Neutral	Qualimetrix\Analysis\Finding\RuleConfiguration\RuleSuppressionSelectorDecoder	Analysis.Finding	src/Analysis/Finding/RuleConfiguration/RuleSuppressionSelectorDecoder.php	ast-name
Qualimetrix\Core\Pattern\SelectorDefinition	Core.Neutral	Qualimetrix\Analysis\Finding\SuppressionBinding\UnboundSuppressionAudit	Analysis.Finding	src/Analysis/Finding/SuppressionBinding/UnboundSuppressionAudit.php	ast-name
Qualimetrix\Core\Pattern\SelectorDefinition	Core.Neutral	Qualimetrix\Analysis\Run\Configuration\RunConfigurationResolver	Analysis.Run	src/Analysis/Run/Configuration/RunConfigurationResolver.php	ast-name
Qualimetrix\Core\Pattern\SelectorDefinition	Core.Neutral	Qualimetrix\Analysis\Run\Discovery\DirectoryPruner	Analysis.Run	src/Analysis/Run/Discovery/DirectoryPruner.php	ast-name
Qualimetrix\Core\Pattern\SelectorDefinition	Core.Neutral	Qualimetrix\Infrastructure\Console\CliOptionsParser	Infrastructure.Console	src/Infrastructure/Console/CliOptionsParser.php	ast-name
Qualimetrix\Core\Pattern\SelectorDefinition	Core.Neutral	Qualimetrix\Infrastructure\Console\CliSelectorDecoder	Infrastructure.Console	src/Infrastructure/Console/CliSelectorDecoder.php	ast-name
Qualimetrix\Core\Pattern\SelectorKind	Core.Neutral	Qualimetrix\Analysis\Finding\SuppressionBinding\ValueScopeJudgement	Analysis.Finding	src/Analysis/Finding/SuppressionBinding/ValueScopeJudgement.php	ast-name
Qualimetrix\Core\Pattern\SelectorKind	Core.Neutral	Qualimetrix\Analysis\Run\Discovery\DirectoryPruner	Analysis.Run	src/Analysis/Run/Discovery/DirectoryPruner.php	ast-name
Qualimetrix\Core\Pattern\SelectorKind	Core.Neutral	Qualimetrix\Reporting\Formatter\Json\JsonHealthSection	Reporting	src/Reporting/Formatter/Json/JsonHealthSection.php	ast-name
Qualimetrix\Core\Pattern\SelectorKind	Core.Neutral	Qualimetrix\Reporting\Formatter\Summary\HealthBarRenderer	Reporting	src/Reporting/Formatter/Summary/HealthBarRenderer.php	ast-name
Qualimetrix\Core\ProductIdentity	Core.Neutral	Qualimetrix\Infrastructure\Console\Application	Infrastructure.Console	src/Infrastructure/Console/Application.php	ast-name
Qualimetrix\Core\ProductIdentity	Core.Neutral	Qualimetrix\Infrastructure\Console\Command\AbstractHookCommand	Infrastructure.Console	src/Infrastructure/Console/Command/AbstractHookCommand.php	ast-name
Qualimetrix\Core\ProductIdentity	Core.Neutral	Qualimetrix\Infrastructure\Console\Command\BaselineCommand	Infrastructure.Console	src/Infrastructure/Console/Command/BaselineCommand.php	ast-name
Qualimetrix\Core\ProductIdentity	Core.Neutral	Qualimetrix\Infrastructure\Console\Command\ChannelRenameReporter	Infrastructure.Console	src/Infrastructure/Console/Command/ChannelRenameReporter.php	ast-name
Qualimetrix\Core\ProductIdentity	Core.Neutral	Qualimetrix\Infrastructure\Console\Command\CheckCommand	Infrastructure.Console	src/Infrastructure/Console/Command/CheckCommand.php	ast-name
Qualimetrix\Core\ProductIdentity	Core.Neutral	Qualimetrix\Infrastructure\Console\Command\Debug\LayerAssignmentCommand	Infrastructure.Console	src/Infrastructure/Console/Command/Debug/LayerAssignmentCommand.php	ast-name
Qualimetrix\Core\ProductIdentity	Core.Neutral	Qualimetrix\Infrastructure\Console\Command\DirectivesCommand	Infrastructure.Console	src/Infrastructure/Console/Command/DirectivesCommand.php	ast-name
Qualimetrix\Core\ProductIdentity	Core.Neutral	Qualimetrix\Infrastructure\Console\Command\GraphExportCommand	Infrastructure.Console	src/Infrastructure/Console/Command/GraphExportCommand.php	ast-name
Qualimetrix\Core\ProductIdentity	Core.Neutral	Qualimetrix\Infrastructure\Console\Command\RulesCommand	Infrastructure.Console	src/Infrastructure/Console/Command/RulesCommand.php	ast-name
Qualimetrix\Core\ProductIdentity	Core.Neutral	Qualimetrix\Infrastructure\Console\DirectiveAuditPresenter	Infrastructure.Console	src/Infrastructure/Console/DirectiveAuditPresenter.php	ast-name
Qualimetrix\Core\ProductIdentity	Core.Neutral	Qualimetrix\Infrastructure\Console\Refusal\RefusalPresenter	Infrastructure.Console	src/Infrastructure/Console/Refusal/RefusalPresenter.php	ast-name
Qualimetrix\Core\ProductIdentity	Core.Neutral	Qualimetrix\Infrastructure\Console\RuleListingPresenter	Infrastructure.Console	src/Infrastructure/Console/RuleListingPresenter.php	ast-name
Qualimetrix\Core\ProductIdentity	Core.Neutral	Qualimetrix\Reporting\Formatter\Health\HealthTextFormatter	Reporting	src/Reporting/Formatter/Health/HealthTextFormatter.php	ast-name
Qualimetrix\Core\ProductIdentity	Core.Neutral	Qualimetrix\Reporting\Formatter\Html\HtmlTreeBuilder	Reporting	src/Reporting/Formatter/Html/HtmlTreeBuilder.php	ast-name
Qualimetrix\Core\ProductIdentity	Core.Neutral	Qualimetrix\Reporting\Formatter\Json\JsonFormatter	Reporting	src/Reporting/Formatter/Json/JsonFormatter.php	ast-name
Qualimetrix\Core\ProductIdentity	Core.Neutral	Qualimetrix\Reporting\Formatter\MetricsJsonFormatter	Reporting	src/Reporting/Formatter/MetricsJsonFormatter.php	ast-name
Qualimetrix\Core\ProductIdentity	Core.Neutral	Qualimetrix\Reporting\Formatter\Sarif\SarifFormatter	Reporting	src/Reporting/Formatter/Sarif/SarifFormatter.php	ast-name
Qualimetrix\Core\ProductIdentity	Core.Neutral	Qualimetrix\Reporting\Formatter\Sarif\SarifRuleCollector	Reporting	src/Reporting/Formatter/Sarif/SarifRuleCollector.php	ast-name
Qualimetrix\Core\ProductIdentity	Core.Neutral	Qualimetrix\Reporting\Formatter\Summary\HintRenderer	Reporting	src/Reporting/Formatter/Summary/HintRenderer.php	ast-name
Qualimetrix\Core\ProductIdentity	Core.Neutral	Qualimetrix\Reporting\Formatter\Suppressed\SuppressedFormatter	Reporting	src/Reporting/Formatter/Suppressed/SuppressedFormatter.php	ast-name
Qualimetrix\Core\ProductIdentity	Core.Neutral	Qualimetrix\Reporting\Formatter\TextFormatter	Reporting	src/Reporting/Formatter/TextFormatter.php	ast-name
Qualimetrix\Core\ProductIdentity	Core.Neutral	Qualimetrix\Reporting\GraphProjection\JsonGraphExporter	Reporting.GraphProjection	src/Reporting/GraphProjection/JsonGraphExporter.php	ast-name
Qualimetrix\Core\Profiler\Contract\ProfilerInterface	Core.Profiler	Qualimetrix\Analysis\Evidence\ComputedMetrics\ComputedMetricRule	Analysis.Evidence.ComputedMetrics	src/Analysis/Evidence/ComputedMetrics/ComputedMetricRule.php	ast-name
Qualimetrix\Core\Profiler\Contract\ProfilerInterface	Core.Profiler	Qualimetrix\Analysis\Evidence\ComputedMetrics\Contract\Evaluation\ComputedMetricEvaluator	Analysis.Evidence.ComputedMetrics	src/Analysis/Evidence/ComputedMetrics/Contract/Evaluation/ComputedMetricEvaluator.php	ast-name
Qualimetrix\Core\Profiler\Contract\ProfilerInterface	Core.Profiler	Qualimetrix\Analysis\Evidence\Measurement\Aggregation\CallableToClassAggregator	Analysis.Evidence.Measurement	src/Analysis/Evidence/Measurement/Aggregation/CallableToClassAggregator.php	ast-name
Qualimetrix\Core\Profiler\Contract\ProfilerInterface	Core.Profiler	Qualimetrix\Analysis\Evidence\Measurement\Aggregation\ClassToNamespaceAggregator	Analysis.Evidence.Measurement	src/Analysis/Evidence/Measurement/Aggregation/ClassToNamespaceAggregator.php	ast-name
Qualimetrix\Core\Profiler\Contract\ProfilerInterface	Core.Profiler	Qualimetrix\Analysis\Evidence\Measurement\Aggregation\MeasurementAggregationService	Analysis.Evidence.Measurement	src/Analysis/Evidence/Measurement/Aggregation/MeasurementAggregationService.php	ast-name
Qualimetrix\Core\Profiler\Contract\ProfilerInterface	Core.Profiler	Qualimetrix\Analysis\Evidence\Measurement\Aggregation\MetricAggregator	Analysis.Evidence.Measurement	src/Analysis/Evidence/Measurement/Aggregation/MetricAggregator.php	ast-name
Qualimetrix\Core\Profiler\Contract\ProfilerInterface	Core.Profiler	Qualimetrix\Analysis\Evidence\Measurement\Aggregation\NamespaceToProjectAggregator	Analysis.Evidence.Measurement	src/Analysis/Evidence/Measurement/Aggregation/NamespaceToProjectAggregator.php	ast-name
Qualimetrix\Core\Profiler\Contract\ProfilerInterface	Core.Profiler	Qualimetrix\Analysis\Finding\RuleExecution	Analysis.Finding	src/Analysis/Finding/RuleExecution.php	ast-name
Qualimetrix\Core\Profiler\Contract\ProfilerInterface	Core.Profiler	Qualimetrix\Analysis\Run\Collection\CollectionOrchestrator	Analysis.Run	src/Analysis/Run/Collection/CollectionOrchestrator.php	ast-name
Qualimetrix\Core\Profiler\Contract\ProfilerInterface	Core.Profiler	Qualimetrix\Analysis\Run\FileSetInspection\FileSetInspectionComposite	Analysis.Run	src/Analysis/Run/FileSetInspection/FileSetInspectionComposite.php	ast-name
Qualimetrix\Core\Profiler\Contract\ProfilerInterface	Core.Profiler	Qualimetrix\Analysis\Run\Pipeline\AnalysisPipeline	Analysis.Run	src/Analysis/Run/Pipeline/AnalysisPipeline.php	ast-name
Qualimetrix\Core\Profiler\Contract\ProfilerInterface	Core.Profiler	Qualimetrix\Analysis\Run\RuleProducerPreparation	Analysis.Run	src/Analysis/Run/RuleProducerPreparation.php	ast-name
Qualimetrix\Core\Profiler\Contract\ProfilerInterface	Core.Profiler	Qualimetrix\Infrastructure\Console\ResultPresenter	Infrastructure.Console	src/Infrastructure/Console/ResultPresenter.php	ast-name
Qualimetrix\Core\Profiler\Contract\ProfilerInterface	Core.Profiler	Qualimetrix\Infrastructure\DependencyInjection\Configurator\AnalysisConfigurator	Infrastructure.DependencyInjection	src/Infrastructure/DependencyInjection/Configurator/AnalysisConfigurator.php	ast-name
Qualimetrix\Core\Profiler\Contract\ProfilerInterface	Core.Profiler	Qualimetrix\Infrastructure\DependencyInjection\Configurator\CollectorConfigurator	Infrastructure.DependencyInjection	src/Infrastructure/DependencyInjection/Configurator/CollectorConfigurator.php	ast-name
Qualimetrix\Core\Profiler\Contract\ProfilerInterface	Core.Profiler	Qualimetrix\Infrastructure\DependencyInjection\Configurator\ComputedMetricsConfigurator	Infrastructure.DependencyInjection	src/Infrastructure/DependencyInjection/Configurator/ComputedMetricsConfigurator.php	ast-name
Qualimetrix\Core\Profiler\Contract\ProfilerInterface	Core.Profiler	Qualimetrix\Infrastructure\DependencyInjection\Configurator\CoreServicesConfigurator	Infrastructure.DependencyInjection	src/Infrastructure/DependencyInjection/Configurator/CoreServicesConfigurator.php	ast-name
Qualimetrix\Core\Profiler\Contract\ProfilerInterface	Core.Profiler	Qualimetrix\Infrastructure\DependencyInjection\Configurator\FindingConfigurator	Infrastructure.DependencyInjection	src/Infrastructure/DependencyInjection/Configurator/FindingConfigurator.php	ast-name
Qualimetrix\Core\Profiler\Contract\ProfilerInterface	Core.Profiler	Qualimetrix\Infrastructure\DependencyInjection\Configurator\MeasurementConfigurator	Infrastructure.DependencyInjection	src/Infrastructure/DependencyInjection/Configurator/MeasurementConfigurator.php	ast-name
Qualimetrix\Core\Profiler\Contract\ProfilerInterface	Core.Profiler	Qualimetrix\Infrastructure\DependencyInjection\Configurator\OutputConfigurator	Infrastructure.DependencyInjection	src/Infrastructure/DependencyInjection/Configurator/OutputConfigurator.php	ast-name
Qualimetrix\Core\Profiler\Contract\ProfilerInterface	Core.Profiler	Qualimetrix\Infrastructure\Parallel\Strategy\SequentialStrategy	Infrastructure.Parallel	src/Infrastructure/Parallel/Strategy/SequentialStrategy.php	ast-name
Qualimetrix\Core\Profiler\Contract\ProfilerInterface	Core.Profiler	Qualimetrix\Infrastructure\Profiler\ProfileSession	Infrastructure.Profiler	src/Infrastructure/Profiler/ProfileSession.php	ast-name
Qualimetrix\Core\Symbol\CallableKind	Core.Symbol	Qualimetrix\Analysis\Evidence\Complexity\CognitiveComplexityVisitor	Analysis.Evidence.Complexity	src/Analysis/Evidence/Complexity/CognitiveComplexityVisitor.php	ast-name
Qualimetrix\Core\Symbol\CallableKind	Core.Symbol	Qualimetrix\Analysis\Evidence\Measurement\Aggregation\CallableToClassAggregator	Analysis.Evidence.Measurement	src/Analysis/Evidence/Measurement/Aggregation/CallableToClassAggregator.php	ast-name
Qualimetrix\Core\Symbol\CallableKind	Core.Symbol	Qualimetrix\Analysis\Evidence\Measurement\Contract\CallableWithMetrics	Analysis.Evidence.Measurement	src/Analysis/Evidence/Measurement/Contract/CallableWithMetrics.php	ast-name
Qualimetrix\Core\Symbol\CallableKind	Core.Symbol	Qualimetrix\Analysis\Evidence\Measurement\Contract\VisitorCallableScope	Analysis.Evidence.Measurement	src/Analysis/Evidence/Measurement/Contract/VisitorCallableScope.php	ast-name
Qualimetrix\Core\Symbol\CallableKind	Core.Symbol	Qualimetrix\Analysis\Evidence\Measurement\FileMeasurement\DerivedCollectorRunner	Analysis.Evidence.Measurement	src/Analysis/Evidence/Measurement/FileMeasurement/DerivedCollectorRunner.php	ast-name
Qualimetrix\Core\Symbol\CallableKind	Core.Symbol	Qualimetrix\Analysis\Evidence\Measurement\Visitor\DeclarationNumbering	Analysis.Evidence.Measurement	src/Analysis/Evidence/Measurement/Visitor/DeclarationNumbering.php	ast-name
Qualimetrix\Core\Symbol\CallableKind	Core.Symbol	Qualimetrix\Analysis\Evidence\Measurement\Visitor\VisitorCallableMetadata	Analysis.Evidence.Measurement	src/Analysis/Evidence/Measurement/Visitor/VisitorCallableMetadata.php	ast-name
Qualimetrix\Core\Symbol\CallableKind	Core.Symbol	Qualimetrix\Analysis\Evidence\Measurement\Visitor\VisitorLexicalScope	Analysis.Evidence.Measurement	src/Analysis/Evidence/Measurement/Visitor/VisitorLexicalScope.php	ast-name
Qualimetrix\Core\Symbol\CallableKind	Core.Symbol	Qualimetrix\Analysis\Evidence\Measurement\Visitor\VisitorMethodContext	Analysis.Evidence.Measurement	src/Analysis/Evidence/Measurement/Visitor/VisitorMethodContext.php	ast-name
Qualimetrix\Core\Symbol\DeclarationKey	Core.Symbol	Qualimetrix\Analysis\Evidence\DependencyModel\Extraction\DependencyVisitor	Analysis.Evidence.DependencyModel	src/Analysis/Evidence/DependencyModel/Extraction/DependencyVisitor.php	ast-name
Qualimetrix\Core\Symbol\DeclarationKey	Core.Symbol	Qualimetrix\Analysis\Evidence\Measurement\Contract\DeclarationIndexAwareTrait	Analysis.Evidence.Measurement	src/Analysis/Evidence/Measurement/Contract/DeclarationIndexAwareTrait.php	ast-name
Qualimetrix\Core\Symbol\DeclarationKey	Core.Symbol	Qualimetrix\Analysis\Evidence\Measurement\Visitor\DeclarationNumbering	Analysis.Evidence.Measurement	src/Analysis/Evidence/Measurement/Visitor/DeclarationNumbering.php	ast-name
Qualimetrix\Core\Symbol\DeclarationOrdinal	Core.Symbol	Qualimetrix\Analysis\Evidence\Measurement\Contract\VisitorCallableScope	Analysis.Evidence.Measurement	src/Analysis/Evidence/Measurement/Contract/VisitorCallableScope.php	ast-name
Qualimetrix\Core\Symbol\DeclarationOrdinal	Core.Symbol	Qualimetrix\Analysis\Evidence\Measurement\Visitor\DeclarationNumbering	Analysis.Evidence.Measurement	src/Analysis/Evidence/Measurement/Visitor/DeclarationNumbering.php	ast-name
Qualimetrix\Core\Symbol\DeclarationOrdinal	Core.Symbol	Qualimetrix\Analysis\Evidence\Measurement\Visitor\FileEntrySubjectRegistry	Analysis.Evidence.Measurement	src/Analysis/Evidence/Measurement/Visitor/FileEntrySubjectRegistry.php	ast-name
Qualimetrix\Core\Symbol\DeclarationOrdinal	Core.Symbol	Qualimetrix\Analysis\Evidence\Measurement\Visitor\VisitorLexicalScope	Analysis.Evidence.Measurement	src/Analysis/Evidence/Measurement/Visitor/VisitorLexicalScope.php	ast-name
Qualimetrix\Core\Symbol\DeclarationPath	Core.Symbol	Qualimetrix\Analysis\Evidence\DependencyModel\Contract\Dependency	Analysis.Evidence.DependencyModel	src/Analysis/Evidence/DependencyModel/Contract/Dependency.php	ast-name
Qualimetrix\Core\Symbol\DeclarationPath	Core.Symbol	Qualimetrix\Analysis\Evidence\DependencyModel\Extraction\DependencyVisitor	Analysis.Evidence.DependencyModel	src/Analysis/Evidence/DependencyModel/Extraction/DependencyVisitor.php	ast-name
Qualimetrix\Core\Symbol\DeclarationPath	Core.Symbol	Qualimetrix\Analysis\Evidence\DependencyModel\Extraction\Handler\DependencyContext	Analysis.Evidence.DependencyModel	src/Analysis/Evidence/DependencyModel/Extraction/Handler/DependencyContext.php	ast-name
Qualimetrix\Core\Symbol\DeclarationPath	Core.Symbol	Qualimetrix\Analysis\Evidence\Design\Inheritance\InheritanceDepthResolver	Analysis.Evidence.Design	src/Analysis/Evidence/Design/Inheritance/InheritanceDepthResolver.php	ast-name
Qualimetrix\Core\Symbol\DeclarationPath	Core.Symbol	Qualimetrix\Analysis\Evidence\Measurement\Contract\CallableWithMetrics	Analysis.Evidence.Measurement	src/Analysis/Evidence/Measurement/Contract/CallableWithMetrics.php	ast-name
Qualimetrix\Core\Symbol\DeclarationPath	Core.Symbol	Qualimetrix\Analysis\Evidence\Measurement\Contract\ClassWithMetrics	Analysis.Evidence.Measurement	src/Analysis/Evidence/Measurement/Contract/ClassWithMetrics.php	ast-name
Qualimetrix\Core\Symbol\DeclarationPath	Core.Symbol	Qualimetrix\Analysis\Evidence\Measurement\Contract\DeclarationIndexAwareTrait	Analysis.Evidence.Measurement	src/Analysis/Evidence/Measurement/Contract/DeclarationIndexAwareTrait.php	ast-name
Qualimetrix\Core\Symbol\DeclarationPath	Core.Symbol	Qualimetrix\Analysis\Evidence\Measurement\Visitor\VisitorCallableMetadata	Analysis.Evidence.Measurement	src/Analysis/Evidence/Measurement/Visitor/VisitorCallableMetadata.php	ast-name
Qualimetrix\Core\Symbol\FileDeclarationIndex	Core.Symbol	Qualimetrix\Analysis\Evidence\DependencyModel\Contract\DependencyTraversalParticipantInterface	Analysis.Evidence.DependencyModel	src/Analysis/Evidence/DependencyModel/Contract/DependencyTraversalParticipantInterface.php	ast-name
Qualimetrix\Core\Symbol\FileDeclarationIndex	Core.Symbol	Qualimetrix\Analysis\Evidence\DependencyModel\Extraction\DependencyVisitor	Analysis.Evidence.DependencyModel	src/Analysis/Evidence/DependencyModel/Extraction/DependencyVisitor.php	ast-name
Qualimetrix\Core\Symbol\FileDeclarationIndex	Core.Symbol	Qualimetrix\Analysis\Evidence\Measurement\Contract\DeclarationIndexAwareInterface	Analysis.Evidence.Measurement	src/Analysis/Evidence/Measurement/Contract/DeclarationIndexAwareInterface.php	ast-name
Qualimetrix\Core\Symbol\FileDeclarationIndex	Core.Symbol	Qualimetrix\Analysis\Evidence\Measurement\Contract\DeclarationIndexAwareTrait	Analysis.Evidence.Measurement	src/Analysis/Evidence/Measurement/Contract/DeclarationIndexAwareTrait.php	ast-name
Qualimetrix\Core\Symbol\FileDeclarationIndex	Core.Symbol	Qualimetrix\Analysis\Evidence\Measurement\Contract\DeclarationRegistrarFactory	Analysis.Evidence.Measurement	src/Analysis/Evidence/Measurement/Contract/DeclarationRegistrarFactory.php	ast-name
Qualimetrix\Core\Symbol\FileDeclarationIndex	Core.Symbol	Qualimetrix\Analysis\Evidence\Measurement\Contract\DeclarationRegistrarInterface	Analysis.Evidence.Measurement	src/Analysis/Evidence/Measurement/Contract/DeclarationRegistrarInterface.php	ast-name
Qualimetrix\Core\Symbol\FileDeclarationIndex	Core.Symbol	Qualimetrix\Analysis\Evidence\Measurement\Contract\VisitorMethodTrackingTrait	Analysis.Evidence.Measurement	src/Analysis/Evidence/Measurement/Contract/VisitorMethodTrackingTrait.php	ast-name
Qualimetrix\Core\Symbol\FileDeclarationIndex	Core.Symbol	Qualimetrix\Analysis\Evidence\Measurement\FileMeasurement\CompositeCollector	Analysis.Evidence.Measurement	src/Analysis/Evidence/Measurement/FileMeasurement/CompositeCollector.php	ast-name
Qualimetrix\Core\Symbol\FileDeclarationIndex	Core.Symbol	Qualimetrix\Analysis\Evidence\Measurement\Visitor\DeclarationNumbering	Analysis.Evidence.Measurement	src/Analysis/Evidence/Measurement/Visitor/DeclarationNumbering.php	ast-name
Qualimetrix\Core\Symbol\FileDeclarationIndex	Core.Symbol	Qualimetrix\Analysis\Evidence\Measurement\Visitor\DeclarationRegistrarVisitor	Analysis.Evidence.Measurement	src/Analysis/Evidence/Measurement/Visitor/DeclarationRegistrarVisitor.php	ast-name
Qualimetrix\Core\Symbol\FileDeclarationIndex	Core.Symbol	Qualimetrix\Analysis\Evidence\Measurement\Visitor\VisitorMethodContext	Analysis.Evidence.Measurement	src/Analysis/Evidence/Measurement/Visitor/VisitorMethodContext.php	ast-name
Qualimetrix\Core\Symbol\LogicalClassPath	Core.Symbol	Qualimetrix\Analysis\Evidence\DependencyModel\Contract\Dependency	Analysis.Evidence.DependencyModel	src/Analysis/Evidence/DependencyModel/Contract/Dependency.php	ast-name
Qualimetrix\Core\Symbol\LogicalClassPath	Core.Symbol	Qualimetrix\Analysis\Evidence\DependencyModel\Extraction\Handler\DependencyContext	Analysis.Evidence.DependencyModel	src/Analysis/Evidence/DependencyModel/Extraction/Handler/DependencyContext.php	ast-name
Qualimetrix\Core\Symbol\LogicalClassPath	Core.Symbol	Qualimetrix\Analysis\Evidence\Measurement\Contract\CallableWithMetrics	Analysis.Evidence.Measurement	src/Analysis/Evidence/Measurement/Contract/CallableWithMetrics.php	ast-name
Qualimetrix\Core\Symbol\LogicalClassPath	Core.Symbol	Qualimetrix\Analysis\Evidence\Measurement\Repository\MetricSubjectIndex	Analysis.Evidence.Measurement	src/Analysis/Evidence/Measurement/Repository/MetricSubjectIndex.php	ast-name
Qualimetrix\Core\Symbol\LogicalClassPath	Core.Symbol	Qualimetrix\Analysis\Evidence\Measurement\Repository\RepositoryMerge	Analysis.Evidence.Measurement	src/Analysis/Evidence/Measurement/Repository/RepositoryMerge.php	ast-name
Qualimetrix\Core\Symbol\LogicalClassPath	Core.Symbol	Qualimetrix\Analysis\Evidence\Measurement\Visitor\VisitorCallableMetadata	Analysis.Evidence.Measurement	src/Analysis/Evidence/Measurement/Visitor/VisitorCallableMetadata.php	ast-name
Qualimetrix\Core\Symbol\LogicalClassPath	Core.Symbol	Qualimetrix\Analysis\Run\Pipeline\DependencyGraphAnalyzer	Analysis.Run	src/Analysis/Run/Pipeline/DependencyGraphAnalyzer.php	ast-name
Qualimetrix\Core\Symbol\MetricSubject	Core.Symbol	Qualimetrix\Analysis\Evidence\CircularDependency\CircularDependencyRule	Analysis.Evidence.CircularDependency	src/Analysis/Evidence/CircularDependency/CircularDependencyRule.php	ast-name
Qualimetrix\Core\Symbol\MetricSubject	Core.Symbol	Qualimetrix\Analysis\Evidence\CodeSmell\CodeSmellFinding	Analysis.Evidence.CodeSmell	src/Analysis/Evidence/CodeSmell/CodeSmellFinding.php	ast-name
Qualimetrix\Core\Symbol\MetricSubject	Core.Symbol	Qualimetrix\Analysis\Evidence\CodeSmell\LongParameterListRule	Analysis.Evidence.CodeSmell	src/Analysis/Evidence/CodeSmell/LongParameterListRule.php	ast-name
Qualimetrix\Core\Symbol\MetricSubject	Core.Symbol	Qualimetrix\Analysis\Evidence\CodeSmell\UnreachableCodeRule	Analysis.Evidence.CodeSmell	src/Analysis/Evidence/CodeSmell/UnreachableCodeRule.php	ast-name
Qualimetrix\Core\Symbol\MetricSubject	Core.Symbol	Qualimetrix\Analysis\Evidence\Complexity\CognitiveComplexityRule	Analysis.Evidence.Complexity	src/Analysis/Evidence/Complexity/CognitiveComplexityRule.php	ast-name
Qualimetrix\Core\Symbol\MetricSubject	Core.Symbol	Qualimetrix\Analysis\Evidence\Complexity\ComplexityRule	Analysis.Evidence.Complexity	src/Analysis/Evidence/Complexity/ComplexityRule.php	ast-name
Qualimetrix\Core\Symbol\MetricSubject	Core.Symbol	Qualimetrix\Analysis\Evidence\ComputedMetrics\ComputedMetricRule	Analysis.Evidence.ComputedMetrics	src/Analysis/Evidence/ComputedMetrics/ComputedMetricRule.php	ast-name
Qualimetrix\Core\Symbol\MetricSubject	Core.Symbol	Qualimetrix\Analysis\Evidence\ComputedMetrics\Finding\ComputedMetricFindingBuilder	Analysis.Evidence.ComputedMetrics	src/Analysis/Evidence/ComputedMetrics/Finding/ComputedMetricFindingBuilder.php	ast-name
Qualimetrix\Core\Symbol\MetricSubject	Core.Symbol	Qualimetrix\Analysis\Evidence\Coupling\CboRule	Analysis.Evidence.Coupling	src/Analysis/Evidence/Coupling/CboRule.php	ast-name
Qualimetrix\Core\Symbol\MetricSubject	Core.Symbol	Qualimetrix\Analysis\Evidence\Coupling\DistanceRule	Analysis.Evidence.Coupling	src/Analysis/Evidence/Coupling/DistanceRule.php	ast-name
Qualimetrix\Core\Symbol\MetricSubject	Core.Symbol	Qualimetrix\Analysis\Evidence\Coupling\InstabilityRule	Analysis.Evidence.Coupling	src/Analysis/Evidence/Coupling/InstabilityRule.php	ast-name
Qualimetrix\Core\Symbol\MetricSubject	Core.Symbol	Qualimetrix\Analysis\Evidence\Coupling\UnmatchedFrameworkNamespaceRule	Analysis.Evidence.Coupling	src/Analysis/Evidence/Coupling/UnmatchedFrameworkNamespaceRule.php	ast-name
Qualimetrix\Core\Symbol\MetricSubject	Core.Symbol	Qualimetrix\Analysis\Evidence\Design\Inheritance\InheritanceRule	Analysis.Evidence.Design	src/Analysis/Evidence/Design/Inheritance/InheritanceRule.php	ast-name
Qualimetrix\Core\Symbol\MetricSubject	Core.Symbol	Qualimetrix\Analysis\Evidence\Design\TypeCoverage\AbstractTypeCoverageRule	Analysis.Evidence.Design	src/Analysis/Evidence/Design/TypeCoverage/AbstractTypeCoverageRule.php	ast-name
Qualimetrix\Core\Symbol\MetricSubject	Core.Symbol	Qualimetrix\Analysis\Evidence\Duplication\CodeDuplicationRule	Analysis.Evidence.Duplication	src/Analysis/Evidence/Duplication/CodeDuplicationRule.php	ast-name
Qualimetrix\Core\Symbol\MetricSubject	Core.Symbol	Qualimetrix\Analysis\Evidence\Maintainability\MaintainabilityRule	Analysis.Evidence.Maintainability	src/Analysis/Evidence/Maintainability/MaintainabilityRule.php	ast-name
Qualimetrix\Core\Symbol\MetricSubject	Core.Symbol	Qualimetrix\Analysis\Evidence\Measurement\Aggregation\CallableToClassAggregator	Analysis.Evidence.Measurement	src/Analysis/Evidence/Measurement/Aggregation/CallableToClassAggregator.php	ast-name
Qualimetrix\Core\Symbol\MetricSubject	Core.Symbol	Qualimetrix\Analysis\Evidence\Measurement\Contract\ClassWithMetrics	Analysis.Evidence.Measurement	src/Analysis/Evidence/Measurement/Contract/ClassWithMetrics.php	ast-name
Qualimetrix\Core\Symbol\MetricSubject	Core.Symbol	Qualimetrix\Analysis\Evidence\Measurement\Contract\MetricRepositoryInterface	Analysis.Evidence.Measurement	src/Analysis/Evidence/Measurement/Contract/MetricRepositoryInterface.php	ast-name
Qualimetrix\Core\Symbol\MetricSubject	Core.Symbol	Qualimetrix\Analysis\Evidence\Measurement\FileMeasurement\DerivedCollectorRunner	Analysis.Evidence.Measurement	src/Analysis/Evidence/Measurement/FileMeasurement/DerivedCollectorRunner.php	ast-name
Qualimetrix\Core\Symbol\MetricSubject	Core.Symbol	Qualimetrix\Analysis\Evidence\Measurement\FileMeasurement\DerivedMetricExtractor	Analysis.Evidence.Measurement	src/Analysis/Evidence/Measurement/FileMeasurement/DerivedMetricExtractor.php	ast-name
Qualimetrix\Core\Symbol\MetricSubject	Core.Symbol	Qualimetrix\Analysis\Evidence\Measurement\Repository\InMemoryMetricRepository	Analysis.Evidence.Measurement	src/Analysis/Evidence/Measurement/Repository/InMemoryMetricRepository.php	ast-name
Qualimetrix\Core\Symbol\MetricSubject	Core.Symbol	Qualimetrix\Analysis\Evidence\Measurement\Repository\MetricSubjectIndex	Analysis.Evidence.Measurement	src/Analysis/Evidence/Measurement/Repository/MetricSubjectIndex.php	ast-name
Qualimetrix\Core\Symbol\MetricSubject	Core.Symbol	Qualimetrix\Analysis\Evidence\Security\SecurityPatternFinding	Analysis.Evidence.Security	src/Analysis/Evidence/Security/SecurityPatternFinding.php	ast-name
Qualimetrix\Core\Symbol\MetricSubject	Core.Symbol	Qualimetrix\Analysis\Evidence\Size\ClassCountRule	Analysis.Evidence.Size	src/Analysis/Evidence/Size/ClassCountRule.php	ast-name
Qualimetrix\Core\Symbol\MetricSubject	Core.Symbol	Qualimetrix\Analysis\Evidence\Size\MethodCountRule	Analysis.Evidence.Size	src/Analysis/Evidence/Size/MethodCountRule.php	ast-name
Qualimetrix\Core\Symbol\MetricSubject	Core.Symbol	Qualimetrix\Analysis\Finding\Contract\Finding	Analysis.Finding	src/Analysis/Finding/Contract/Finding.php	ast-name
Qualimetrix\Core\Symbol\MetricSubject	Core.Symbol	Qualimetrix\Analysis\Finding\Contract\Rule\AbstractRule	Analysis.Finding	src/Analysis/Finding/Contract/Rule/AbstractRule.php	ast-name
Qualimetrix\Core\Symbol\MetricSubject	Core.Symbol	Qualimetrix\Analysis\Finding\Contract\Rule\AnalysisContext	Analysis.Finding	src/Analysis/Finding/Contract/Rule/AnalysisContext.php	ast-name
Qualimetrix\Core\Symbol\MetricSubject	Core.Symbol	Qualimetrix\Analysis\Finding\Contract\Threshold\ThresholdOverride	Analysis.Finding	src/Analysis/Finding/Contract/Threshold/ThresholdOverride.php	ast-name
Qualimetrix\Core\Symbol\MetricSubject	Core.Symbol	Qualimetrix\Analysis\Finding\SuppressionBinding\UnboundSuppressionAudit	Analysis.Finding	src/Analysis/Finding/SuppressionBinding/UnboundSuppressionAudit.php	ast-name
Qualimetrix\Core\Symbol\MetricSubject	Core.Symbol	Qualimetrix\Analysis\Policy\Architecture\LayerViolation\DeclaredLayerReachability	Analysis.Policy.Architecture	src/Analysis/Policy/Architecture/LayerViolation/DeclaredLayerReachability.php	ast-name
Qualimetrix\Core\Symbol\MetricSubject	Core.Symbol	Qualimetrix\Analysis\Policy\Architecture\LayerViolation\LayerViolationFinding	Analysis.Policy.Architecture	src/Analysis/Policy/Architecture/LayerViolation/LayerViolationFinding.php	ast-name
Qualimetrix\Core\Symbol\MetricSubject	Core.Symbol	Qualimetrix\Analysis\Policy\Architecture\LayerViolation\UnassignedClassSummary	Analysis.Policy.Architecture	src/Analysis/Policy/Architecture/LayerViolation/UnassignedClassSummary.php	ast-name
Qualimetrix\Core\Symbol\MetricSubject	Core.Symbol	Qualimetrix\Analysis\Policy\Architecture\LayerViolation\UnmatchedExcludeDiagnostic	Analysis.Policy.Architecture	src/Analysis/Policy/Architecture/LayerViolation/UnmatchedExcludeDiagnostic.php	ast-name
Qualimetrix\Core\Symbol\MetricSubject	Core.Symbol	Qualimetrix\Analysis\Policy\Baseline\BoundaryExplanationService	Analysis.Policy.Baseline	src/Analysis/Policy/Baseline/BoundaryExplanationService.php	ast-name
Qualimetrix\Core\Symbol\MetricSubject	Core.Symbol	Qualimetrix\Analysis\Policy\Baseline\ExplainedSubject	Analysis.Policy.Baseline	src/Analysis/Policy/Baseline/ExplainedSubject.php	ast-name
Qualimetrix\Core\Symbol\MetricSubject	Core.Symbol	Qualimetrix\Analysis\Policy\Inline\Contract\SuppressionExtractor	Analysis.Policy.Inline	src/Analysis/Policy/Inline/Contract/SuppressionExtractor.php	ast-name
Qualimetrix\Core\Symbol\MetricSubject	Core.Symbol	Qualimetrix\Analysis\Policy\Inline\Contract\Suppression\Suppression	Analysis.Policy.Inline	src/Analysis/Policy/Inline/Contract/Suppression/Suppression.php	ast-name
Qualimetrix\Core\Symbol\MetricSubject	Core.Symbol	Qualimetrix\Analysis\Policy\Inline\Contract\ThresholdOverrideExtractor	Analysis.Policy.Inline	src/Analysis/Policy/Inline/Contract/ThresholdOverrideExtractor.php	ast-name
Qualimetrix\Core\Symbol\MetricSubject	Core.Symbol	Qualimetrix\Analysis\Policy\Inline\Contract\Threshold\ThresholdDiagnostic	Analysis.Policy.Inline	src/Analysis/Policy/Inline/Contract/Threshold/ThresholdDiagnostic.php	ast-name
Qualimetrix\Core\Symbol\MetricSubject	Core.Symbol	Qualimetrix\Analysis\Policy\Inline\Directive\Audit\AuthoredDirectiveGroup	Analysis.Policy.Inline	src/Analysis/Policy/Inline/Directive/Audit/AuthoredDirectiveGroup.php	ast-name
Qualimetrix\Core\Symbol\MetricSubject	Core.Symbol	Qualimetrix\Analysis\Policy\Inline\Directive\Audit\StaleDirectiveFinding	Analysis.Policy.Inline	src/Analysis/Policy/Inline/Directive/Audit/StaleDirectiveFinding.php	ast-name
Qualimetrix\Core\Symbol\MetricSubject	Core.Symbol	Qualimetrix\Analysis\Policy\Inline\Directive\InlineDirectiveValidator	Analysis.Policy.Inline	src/Analysis/Policy/Inline/Directive/InlineDirectiveValidator.php	ast-name
Qualimetrix\Core\Symbol\MetricSubject	Core.Symbol	Qualimetrix\Analysis\Policy\Inline\Extraction\DeclarationControlBindings	Analysis.Policy.Inline	src/Analysis/Policy/Inline/Extraction/DeclarationControlBindings.php	ast-name
Qualimetrix\Core\Symbol\MetricSubject	Core.Symbol	Qualimetrix\Analysis\Run\ExcludeBinding\UnmatchedExcludeAudit	Analysis.Run	src/Analysis/Run/ExcludeBinding/UnmatchedExcludeAudit.php	ast-name
Qualimetrix\Core\Symbol\MetricSubjectCodec	Core.Symbol	Qualimetrix\Analysis\Evidence\CodeSmell\CodeSmellFinding	Analysis.Evidence.CodeSmell	src/Analysis/Evidence/CodeSmell/CodeSmellFinding.php	ast-name
Qualimetrix\Core\Symbol\MetricSubjectCodec	Core.Symbol	Qualimetrix\Analysis\Evidence\CodeSmell\IdenticalSubExpressionRule	Analysis.Evidence.CodeSmell	src/Analysis/Evidence/CodeSmell/IdenticalSubExpressionRule.php	ast-name
Qualimetrix\Core\Symbol\MetricSubjectCodec	Core.Symbol	Qualimetrix\Analysis\Evidence\Measurement\Visitor\FileEntrySubjectRegistry	Analysis.Evidence.Measurement	src/Analysis/Evidence/Measurement/Visitor/FileEntrySubjectRegistry.php	ast-name
Qualimetrix\Core\Symbol\MetricSubjectCodec	Core.Symbol	Qualimetrix\Analysis\Evidence\Measurement\Visitor\VisitorLexicalScope	Analysis.Evidence.Measurement	src/Analysis/Evidence/Measurement/Visitor/VisitorLexicalScope.php	ast-name
Qualimetrix\Core\Symbol\MetricSubjectCodec	Core.Symbol	Qualimetrix\Analysis\Evidence\Security\HardcodedCredentialsRule	Analysis.Evidence.Security	src/Analysis/Evidence/Security/HardcodedCredentialsRule.php	ast-name
Qualimetrix\Core\Symbol\MetricSubjectCodec	Core.Symbol	Qualimetrix\Analysis\Evidence\Security\SecurityPatternFinding	Analysis.Evidence.Security	src/Analysis/Evidence/Security/SecurityPatternFinding.php	ast-name
Qualimetrix\Core\Symbol\MetricSubjectCodec	Core.Symbol	Qualimetrix\Analysis\Evidence\Security\SensitiveParameterRule	Analysis.Evidence.Security	src/Analysis/Evidence/Security/SensitiveParameterRule.php	ast-name
Qualimetrix\Core\Symbol\PhpBuiltinClassRegistry	Core.Symbol	Qualimetrix\Analysis\Evidence\DependencyModel\DependencyGraphBuilder	Analysis.Evidence.DependencyModel	src/Analysis/Evidence/DependencyModel/DependencyGraphBuilder.php	ast-name
Qualimetrix\Core\Symbol\PhpBuiltinClassRegistry	Core.Symbol	Qualimetrix\Analysis\Evidence\Design\Inheritance\ExternalAncestry	Analysis.Evidence.Design	src/Analysis/Evidence/Design/Inheritance/ExternalAncestry.php	ast-name
Qualimetrix\Core\Symbol\PhpBuiltinClassRegistry	Core.Symbol	Qualimetrix\Analysis\Evidence\Design\Inheritance\InheritanceDepthCollector	Analysis.Evidence.Design	src/Analysis/Evidence/Design/Inheritance/InheritanceDepthCollector.php	ast-name
Qualimetrix\Core\Symbol\PhpBuiltinClassRegistry	Core.Symbol	Qualimetrix\Analysis\Evidence\Design\Inheritance\InheritanceDepthResolver	Analysis.Evidence.Design	src/Analysis/Evidence/Design/Inheritance/InheritanceDepthResolver.php	ast-name
Qualimetrix\Core\Symbol\SymbolInfo	Core.Symbol	Qualimetrix\Analysis\Evidence\CodeSmell\ConstructorOverinjectionRule	Analysis.Evidence.CodeSmell	src/Analysis/Evidence/CodeSmell/ConstructorOverinjectionRule.php	ast-name
Qualimetrix\Core\Symbol\SymbolInfo	Core.Symbol	Qualimetrix\Analysis\Evidence\CodeSmell\LongParameterListRule	Analysis.Evidence.CodeSmell	src/Analysis/Evidence/CodeSmell/LongParameterListRule.php	ast-name
Qualimetrix\Core\Symbol\SymbolInfo	Core.Symbol	Qualimetrix\Analysis\Evidence\CodeSmell\UnreachableCodeRule	Analysis.Evidence.CodeSmell	src/Analysis/Evidence/CodeSmell/UnreachableCodeRule.php	ast-name
Qualimetrix\Core\Symbol\SymbolInfo	Core.Symbol	Qualimetrix\Analysis\Evidence\CodeSmell\UnusedPrivateRule	Analysis.Evidence.CodeSmell	src/Analysis/Evidence/CodeSmell/UnusedPrivateRule.php	ast-name
Qualimetrix\Core\Symbol\SymbolInfo	Core.Symbol	Qualimetrix\Analysis\Evidence\Cohesion\LcomRule	Analysis.Evidence.Cohesion	src/Analysis/Evidence/Cohesion/LcomRule.php	ast-name
Qualimetrix\Core\Symbol\SymbolInfo	Core.Symbol	Qualimetrix\Analysis\Evidence\Complexity\CognitiveComplexityRule	Analysis.Evidence.Complexity	src/Analysis/Evidence/Complexity/CognitiveComplexityRule.php	ast-name
Qualimetrix\Core\Symbol\SymbolInfo	Core.Symbol	Qualimetrix\Analysis\Evidence\Complexity\ComplexityRule	Analysis.Evidence.Complexity	src/Analysis/Evidence/Complexity/ComplexityRule.php	ast-name
Qualimetrix\Core\Symbol\SymbolInfo	Core.Symbol	Qualimetrix\Analysis\Evidence\Complexity\WmcRule	Analysis.Evidence.Complexity	src/Analysis/Evidence/Complexity/WmcRule.php	ast-name
Qualimetrix\Core\Symbol\SymbolInfo	Core.Symbol	Qualimetrix\Analysis\Evidence\Coupling\CboRule	Analysis.Evidence.Coupling	src/Analysis/Evidence/Coupling/CboRule.php	ast-name
Qualimetrix\Core\Symbol\SymbolInfo	Core.Symbol	Qualimetrix\Analysis\Evidence\Coupling\ClassRankRule	Analysis.Evidence.Coupling	src/Analysis/Evidence/Coupling/ClassRankRule.php	ast-name
Qualimetrix\Core\Symbol\SymbolInfo	Core.Symbol	Qualimetrix\Analysis\Evidence\Coupling\DistanceRule	Analysis.Evidence.Coupling	src/Analysis/Evidence/Coupling/DistanceRule.php	ast-name
Qualimetrix\Core\Symbol\SymbolInfo	Core.Symbol	Qualimetrix\Analysis\Evidence\Coupling\InstabilityRule	Analysis.Evidence.Coupling	src/Analysis/Evidence/Coupling/InstabilityRule.php	ast-name
Qualimetrix\Core\Symbol\SymbolInfo	Core.Symbol	Qualimetrix\Analysis\Evidence\Design\DataClass\DataClassRule	Analysis.Evidence.Design	src/Analysis/Evidence/Design/DataClass/DataClassRule.php	ast-name
Qualimetrix\Core\Symbol\SymbolInfo	Core.Symbol	Qualimetrix\Analysis\Evidence\Design\GodClass\GodClassRule	Analysis.Evidence.Design	src/Analysis/Evidence/Design/GodClass/GodClassRule.php	ast-name
Qualimetrix\Core\Symbol\SymbolInfo	Core.Symbol	Qualimetrix\Analysis\Evidence\Design\Inheritance\InheritanceRule	Analysis.Evidence.Design	src/Analysis/Evidence/Design/Inheritance/InheritanceRule.php	ast-name
Qualimetrix\Core\Symbol\SymbolInfo	Core.Symbol	Qualimetrix\Analysis\Evidence\Design\Inheritance\NocRule	Analysis.Evidence.Design	src/Analysis/Evidence/Design/Inheritance/NocRule.php	ast-name
Qualimetrix\Core\Symbol\SymbolInfo	Core.Symbol	Qualimetrix\Analysis\Evidence\Design\TypeCoverage\AbstractTypeCoverageRule	Analysis.Evidence.Design	src/Analysis/Evidence/Design/TypeCoverage/AbstractTypeCoverageRule.php	ast-name
Qualimetrix\Core\Symbol\SymbolInfo	Core.Symbol	Qualimetrix\Analysis\Evidence\Maintainability\MaintainabilityRule	Analysis.Evidence.Maintainability	src/Analysis/Evidence/Maintainability/MaintainabilityRule.php	ast-name
Qualimetrix\Core\Symbol\SymbolInfo	Core.Symbol	Qualimetrix\Analysis\Evidence\Measurement\Aggregation\CallableToClassAggregator	Analysis.Evidence.Measurement	src/Analysis/Evidence/Measurement/Aggregation/CallableToClassAggregator.php	ast-name
Qualimetrix\Core\Symbol\SymbolInfo	Core.Symbol	Qualimetrix\Analysis\Evidence\Measurement\Aggregation\NamespaceMetricContributions	Analysis.Evidence.Measurement	src/Analysis/Evidence/Measurement/Aggregation/NamespaceMetricContributions.php	ast-name
Qualimetrix\Core\Symbol\SymbolInfo	Core.Symbol	Qualimetrix\Analysis\Evidence\Measurement\Repository\InMemoryMetricRepository	Analysis.Evidence.Measurement	src/Analysis/Evidence/Measurement/Repository/InMemoryMetricRepository.php	ast-name
Qualimetrix\Core\Symbol\SymbolInfo	Core.Symbol	Qualimetrix\Analysis\Evidence\Measurement\Repository\MetricSubjectIndex	Analysis.Evidence.Measurement	src/Analysis/Evidence/Measurement/Repository/MetricSubjectIndex.php	ast-name
Qualimetrix\Core\Symbol\SymbolInfo	Core.Symbol	Qualimetrix\Analysis\Evidence\Measurement\Repository\NamespaceMetricIndex	Analysis.Evidence.Measurement	src/Analysis/Evidence/Measurement/Repository/NamespaceMetricIndex.php	ast-name
Qualimetrix\Core\Symbol\SymbolInfo	Core.Symbol	Qualimetrix\Analysis\Evidence\Measurement\Repository\RepositoryMerge	Analysis.Evidence.Measurement	src/Analysis/Evidence/Measurement/Repository/RepositoryMerge.php	ast-name
Qualimetrix\Core\Symbol\SymbolInfo	Core.Symbol	Qualimetrix\Analysis\Evidence\Security\HardcodedCredentialsRule	Analysis.Evidence.Security	src/Analysis/Evidence/Security/HardcodedCredentialsRule.php	ast-name
Qualimetrix\Core\Symbol\SymbolInfo	Core.Symbol	Qualimetrix\Analysis\Evidence\Security\SensitiveParameterRule	Analysis.Evidence.Security	src/Analysis/Evidence/Security/SensitiveParameterRule.php	ast-name
Qualimetrix\Core\Symbol\SymbolInfo	Core.Symbol	Qualimetrix\Analysis\Evidence\Size\MethodCountRule	Analysis.Evidence.Size	src/Analysis/Evidence/Size/MethodCountRule.php	ast-name
Qualimetrix\Core\Symbol\SymbolInfo	Core.Symbol	Qualimetrix\Analysis\Evidence\Size\PropertyCountRule	Analysis.Evidence.Size	src/Analysis/Evidence/Size/PropertyCountRule.php	ast-name
Qualimetrix\Core\Symbol\SymbolLevel	Core.Symbol	Qualimetrix\Analysis\Evidence\CircularDependency\CircularDependencyRule	Analysis.Evidence.CircularDependency	src/Analysis/Evidence/CircularDependency/CircularDependencyRule.php	ast-name
Qualimetrix\Core\Symbol\SymbolLevel	Core.Symbol	Qualimetrix\Analysis\Evidence\CodeSmell\AbstractCodeSmellRule	Analysis.Evidence.CodeSmell	src/Analysis/Evidence/CodeSmell/AbstractCodeSmellRule.php	ast-name
Qualimetrix\Core\Symbol\SymbolLevel	Core.Symbol	Qualimetrix\Analysis\Evidence\CodeSmell\ConstructorOverinjectionRule	Analysis.Evidence.CodeSmell	src/Analysis/Evidence/CodeSmell/ConstructorOverinjectionRule.php	ast-name
Qualimetrix\Core\Symbol\SymbolLevel	Core.Symbol	Qualimetrix\Analysis\Evidence\CodeSmell\IdenticalSubExpressionRule	Analysis.Evidence.CodeSmell	src/Analysis/Evidence/CodeSmell/IdenticalSubExpressionRule.php	ast-name
Qualimetrix\Core\Symbol\SymbolLevel	Core.Symbol	Qualimetrix\Analysis\Evidence\CodeSmell\LongParameterListRule	Analysis.Evidence.CodeSmell	src/Analysis/Evidence/CodeSmell/LongParameterListRule.php	ast-name
Qualimetrix\Core\Symbol\SymbolLevel	Core.Symbol	Qualimetrix\Analysis\Evidence\CodeSmell\ParameterCountCollector	Analysis.Evidence.CodeSmell	src/Analysis/Evidence/CodeSmell/ParameterCountCollector.php	ast-name
Qualimetrix\Core\Symbol\SymbolLevel	Core.Symbol	Qualimetrix\Analysis\Evidence\CodeSmell\UnreachableCodeCollector	Analysis.Evidence.CodeSmell	src/Analysis/Evidence/CodeSmell/UnreachableCodeCollector.php	ast-name
Qualimetrix\Core\Symbol\SymbolLevel	Core.Symbol	Qualimetrix\Analysis\Evidence\CodeSmell\UnreachableCodeRule	Analysis.Evidence.CodeSmell	src/Analysis/Evidence/CodeSmell/UnreachableCodeRule.php	ast-name
Qualimetrix\Core\Symbol\SymbolLevel	Core.Symbol	Qualimetrix\Analysis\Evidence\CodeSmell\UnusedPrivateRule	Analysis.Evidence.CodeSmell	src/Analysis/Evidence/CodeSmell/UnusedPrivateRule.php	ast-name
Qualimetrix\Core\Symbol\SymbolLevel	Core.Symbol	Qualimetrix\Analysis\Evidence\Cohesion\LcomCollector	Analysis.Evidence.Cohesion	src/Analysis/Evidence/Cohesion/LcomCollector.php	ast-name
Qualimetrix\Core\Symbol\SymbolLevel	Core.Symbol	Qualimetrix\Analysis\Evidence\Cohesion\LcomRule	Analysis.Evidence.Cohesion	src/Analysis/Evidence/Cohesion/LcomRule.php	ast-name
Qualimetrix\Core\Symbol\SymbolLevel	Core.Symbol	Qualimetrix\Analysis\Evidence\Cohesion\TccLccCollector	Analysis.Evidence.Cohesion	src/Analysis/Evidence/Cohesion/TccLccCollector.php	ast-name
Qualimetrix\Core\Symbol\SymbolLevel	Core.Symbol	Qualimetrix\Analysis\Evidence\Complexity\CognitiveComplexityCollector	Analysis.Evidence.Complexity	src/Analysis/Evidence/Complexity/CognitiveComplexityCollector.php	ast-name
Qualimetrix\Core\Symbol\SymbolLevel	Core.Symbol	Qualimetrix\Analysis\Evidence\Complexity\CognitiveComplexityOptions	Analysis.Evidence.Complexity	src/Analysis/Evidence/Complexity/CognitiveComplexityOptions.php	ast-name
Qualimetrix\Core\Symbol\SymbolLevel	Core.Symbol	Qualimetrix\Analysis\Evidence\Complexity\CognitiveComplexityRule	Analysis.Evidence.Complexity	src/Analysis/Evidence/Complexity/CognitiveComplexityRule.php	ast-name
Qualimetrix\Core\Symbol\SymbolLevel	Core.Symbol	Qualimetrix\Analysis\Evidence\Complexity\ComplexityOptions	Analysis.Evidence.Complexity	src/Analysis/Evidence/Complexity/ComplexityOptions.php	ast-name
Qualimetrix\Core\Symbol\SymbolLevel	Core.Symbol	Qualimetrix\Analysis\Evidence\Complexity\ComplexityRule	Analysis.Evidence.Complexity	src/Analysis/Evidence/Complexity/ComplexityRule.php	ast-name
Qualimetrix\Core\Symbol\SymbolLevel	Core.Symbol	Qualimetrix\Analysis\Evidence\Complexity\CyclomaticComplexityCollector	Analysis.Evidence.Complexity	src/Analysis/Evidence/Complexity/CyclomaticComplexityCollector.php	ast-name
Qualimetrix\Core\Symbol\SymbolLevel	Core.Symbol	Qualimetrix\Analysis\Evidence\Complexity\NpathComplexityCollector	Analysis.Evidence.Complexity	src/Analysis/Evidence/Complexity/NpathComplexityCollector.php	ast-name
Qualimetrix\Core\Symbol\SymbolLevel	Core.Symbol	Qualimetrix\Analysis\Evidence\Complexity\NpathComplexityOptions	Analysis.Evidence.Complexity	src/Analysis/Evidence/Complexity/NpathComplexityOptions.php	ast-name
Qualimetrix\Core\Symbol\SymbolLevel	Core.Symbol	Qualimetrix\Analysis\Evidence\Complexity\NpathComplexityRule	Analysis.Evidence.Complexity	src/Analysis/Evidence/Complexity/NpathComplexityRule.php	ast-name
Qualimetrix\Core\Symbol\SymbolLevel	Core.Symbol	Qualimetrix\Analysis\Evidence\Complexity\WmcRule	Analysis.Evidence.Complexity	src/Analysis/Evidence/Complexity/WmcRule.php	ast-name
Qualimetrix\Core\Symbol\SymbolLevel	Core.Symbol	Qualimetrix\Analysis\Evidence\ComputedMetrics\ComputedMetricDefaults	Analysis.Evidence.ComputedMetrics	src/Analysis/Evidence/ComputedMetrics/ComputedMetricDefaults.php	ast-name
Qualimetrix\Core\Symbol\SymbolLevel	Core.Symbol	Qualimetrix\Analysis\Evidence\ComputedMetrics\ComputedMetricOverrideReader	Analysis.Evidence.ComputedMetrics	src/Analysis/Evidence/ComputedMetrics/ComputedMetricOverrideReader.php	ast-name
Qualimetrix\Core\Symbol\SymbolLevel	Core.Symbol	Qualimetrix\Analysis\Evidence\ComputedMetrics\ComputedMetricRule	Analysis.Evidence.ComputedMetrics	src/Analysis/Evidence/ComputedMetrics/ComputedMetricRule.php	ast-name
Qualimetrix\Core\Symbol\SymbolLevel	Core.Symbol	Qualimetrix\Analysis\Evidence\ComputedMetrics\Configuration\ComputedMetricEntryKeyRecognition	Analysis.Evidence.ComputedMetrics	src/Analysis/Evidence/ComputedMetrics/Configuration/ComputedMetricEntryKeyRecognition.php	ast-name
Qualimetrix\Core\Symbol\SymbolLevel	Core.Symbol	Qualimetrix\Analysis\Evidence\ComputedMetrics\Configuration\ComputedMetricEntryKeys	Analysis.Evidence.ComputedMetrics	src/Analysis/Evidence/ComputedMetrics/Configuration/ComputedMetricEntryKeys.php	ast-name
Qualimetrix\Core\Symbol\SymbolLevel	Core.Symbol	Qualimetrix\Analysis\Evidence\ComputedMetrics\Contract\Definition\ComputedMetricDefinition	Analysis.Evidence.ComputedMetrics	src/Analysis/Evidence/ComputedMetrics/Contract/Definition/ComputedMetricDefinition.php	ast-name
Qualimetrix\Core\Symbol\SymbolLevel	Core.Symbol	Qualimetrix\Analysis\Evidence\ComputedMetrics\Contract\Evaluation\ComputedMetricEvaluator	Analysis.Evidence.ComputedMetrics	src/Analysis/Evidence/ComputedMetrics/Contract/Evaluation/ComputedMetricEvaluator.php	ast-name
Qualimetrix\Core\Symbol\SymbolLevel	Core.Symbol	Qualimetrix\Analysis\Evidence\ComputedMetrics\Health\Contract\DrillDown\HealthScoreDrillDown	Analysis.Evidence.ComputedMetrics.Health	src/Analysis/Evidence/ComputedMetrics/Health/Contract/DrillDown/HealthScoreDrillDown.php	ast-name
Qualimetrix\Core\Symbol\SymbolLevel	Core.Symbol	Qualimetrix\Analysis\Evidence\ComputedMetrics\Health\Contract\DrillDown\WorstClassDrillDown	Analysis.Evidence.ComputedMetrics.Health	src/Analysis/Evidence/ComputedMetrics/Health/Contract/DrillDown/WorstClassDrillDown.php	ast-name
Qualimetrix\Core\Symbol\SymbolLevel	Core.Symbol	Qualimetrix\Analysis\Evidence\ComputedMetrics\Health\Contract\Offender\RankedOffenderLevels	Analysis.Evidence.ComputedMetrics.Health	src/Analysis/Evidence/ComputedMetrics/Health/Contract/Offender/RankedOffenderLevels.php	ast-name
Qualimetrix\Core\Symbol\SymbolLevel	Core.Symbol	Qualimetrix\Analysis\Evidence\ComputedMetrics\Health\Contract\Summary\HealthSummaryBuilder	Analysis.Evidence.ComputedMetrics.Health	src/Analysis/Evidence/ComputedMetrics/Health/Contract/Summary/HealthSummaryBuilder.php	ast-name
Qualimetrix\Core\Symbol\SymbolLevel	Core.Symbol	Qualimetrix\Analysis\Evidence\ComputedMetrics\Health\Metadata\HealthDecompositionCatalog	Analysis.Evidence.ComputedMetrics.Health	src/Analysis/Evidence/ComputedMetrics/Health/Metadata/HealthDecompositionCatalog.php	ast-name
Qualimetrix\Core\Symbol\SymbolLevel	Core.Symbol	Qualimetrix\Analysis\Evidence\ComputedMetrics\Health\Metadata\HealthMetricCatalog	Analysis.Evidence.ComputedMetrics.Health	src/Analysis/Evidence/ComputedMetrics/Health/Metadata/HealthMetricCatalog.php	ast-name
Qualimetrix\Core\Symbol\SymbolLevel	Core.Symbol	Qualimetrix\Analysis\Evidence\ComputedMetrics\Health\Score\CoverageReader	Analysis.Evidence.ComputedMetrics.Health	src/Analysis/Evidence/ComputedMetrics/Health/Score/CoverageReader.php	ast-name
Qualimetrix\Core\Symbol\SymbolLevel	Core.Symbol	Qualimetrix\Analysis\Evidence\Coupling\AbstractnessCollector	Analysis.Evidence.Coupling	src/Analysis/Evidence/Coupling/AbstractnessCollector.php	ast-name
Qualimetrix\Core\Symbol\SymbolLevel	Core.Symbol	Qualimetrix\Analysis\Evidence\Coupling\CboOptions	Analysis.Evidence.Coupling	src/Analysis/Evidence/Coupling/CboOptions.php	ast-name
Qualimetrix\Core\Symbol\SymbolLevel	Core.Symbol	Qualimetrix\Analysis\Evidence\Coupling\CboRule	Analysis.Evidence.Coupling	src/Analysis/Evidence/Coupling/CboRule.php	ast-name
Qualimetrix\Core\Symbol\SymbolLevel	Core.Symbol	Qualimetrix\Analysis\Evidence\Coupling\ClassRankCollector	Analysis.Evidence.Coupling	src/Analysis/Evidence/Coupling/ClassRankCollector.php	ast-name
Qualimetrix\Core\Symbol\SymbolLevel	Core.Symbol	Qualimetrix\Analysis\Evidence\Coupling\ClassRankRule	Analysis.Evidence.Coupling	src/Analysis/Evidence/Coupling/ClassRankRule.php	ast-name
Qualimetrix\Core\Symbol\SymbolLevel	Core.Symbol	Qualimetrix\Analysis\Evidence\Coupling\CouplingCollector	Analysis.Evidence.Coupling	src/Analysis/Evidence/Coupling/CouplingCollector.php	ast-name
Qualimetrix\Core\Symbol\SymbolLevel	Core.Symbol	Qualimetrix\Analysis\Evidence\Coupling\DistanceCollector	Analysis.Evidence.Coupling	src/Analysis/Evidence/Coupling/DistanceCollector.php	ast-name
Qualimetrix\Core\Symbol\SymbolLevel	Core.Symbol	Qualimetrix\Analysis\Evidence\Coupling\DistanceRule	Analysis.Evidence.Coupling	src/Analysis/Evidence/Coupling/DistanceRule.php	ast-name
Qualimetrix\Core\Symbol\SymbolLevel	Core.Symbol	Qualimetrix\Analysis\Evidence\Coupling\InstabilityOptions	Analysis.Evidence.Coupling	src/Analysis/Evidence/Coupling/InstabilityOptions.php	ast-name
Qualimetrix\Core\Symbol\SymbolLevel	Core.Symbol	Qualimetrix\Analysis\Evidence\Coupling\InstabilityRule	Analysis.Evidence.Coupling	src/Analysis/Evidence/Coupling/InstabilityRule.php	ast-name
Qualimetrix\Core\Symbol\SymbolLevel	Core.Symbol	Qualimetrix\Analysis\Evidence\Coupling\RfcCollector	Analysis.Evidence.Coupling	src/Analysis/Evidence/Coupling/RfcCollector.php	ast-name
Qualimetrix\Core\Symbol\SymbolLevel	Core.Symbol	Qualimetrix\Analysis\Evidence\Coupling\UnmatchedFrameworkNamespaceRule	Analysis.Evidence.Coupling	src/Analysis/Evidence/Coupling/UnmatchedFrameworkNamespaceRule.php	ast-name
Qualimetrix\Core\Symbol\SymbolLevel	Core.Symbol	Qualimetrix\Analysis\Evidence\Design\DataClass\DataClassRule	Analysis.Evidence.Design	src/Analysis/Evidence/Design/DataClass/DataClassRule.php	ast-name
Qualimetrix\Core\Symbol\SymbolLevel	Core.Symbol	Qualimetrix\Analysis\Evidence\Design\GodClass\GodClassRule	Analysis.Evidence.Design	src/Analysis/Evidence/Design/GodClass/GodClassRule.php	ast-name
Qualimetrix\Core\Symbol\SymbolLevel	Core.Symbol	Qualimetrix\Analysis\Evidence\Design\Inheritance\DitGlobalCollector	Analysis.Evidence.Design	src/Analysis/Evidence/Design/Inheritance/DitGlobalCollector.php	ast-name
Qualimetrix\Core\Symbol\SymbolLevel	Core.Symbol	Qualimetrix\Analysis\Evidence\Design\Inheritance\InheritanceRule	Analysis.Evidence.Design	src/Analysis/Evidence/Design/Inheritance/InheritanceRule.php	ast-name
Qualimetrix\Core\Symbol\SymbolLevel	Core.Symbol	Qualimetrix\Analysis\Evidence\Design\Inheritance\NocCollector	Analysis.Evidence.Design	src/Analysis/Evidence/Design/Inheritance/NocCollector.php	ast-name
Qualimetrix\Core\Symbol\SymbolLevel	Core.Symbol	Qualimetrix\Analysis\Evidence\Design\Inheritance\NocRule	Analysis.Evidence.Design	src/Analysis/Evidence/Design/Inheritance/NocRule.php	ast-name
Qualimetrix\Core\Symbol\SymbolLevel	Core.Symbol	Qualimetrix\Analysis\Evidence\Design\TypeCoverage\AbstractTypeCoverageRule	Analysis.Evidence.Design	src/Analysis/Evidence/Design/TypeCoverage/AbstractTypeCoverageRule.php	ast-name
Qualimetrix\Core\Symbol\SymbolLevel	Core.Symbol	Qualimetrix\Analysis\Evidence\Design\TypeCoverage\TypeCoverageCollector	Analysis.Evidence.Design	src/Analysis/Evidence/Design/TypeCoverage/TypeCoverageCollector.php	ast-name
Qualimetrix\Core\Symbol\SymbolLevel	Core.Symbol	Qualimetrix\Analysis\Evidence\Design\TypeCoverage\TypeCoveragePercentCollector	Analysis.Evidence.Design	src/Analysis/Evidence/Design/TypeCoverage/TypeCoveragePercentCollector.php	ast-name
Qualimetrix\Core\Symbol\SymbolLevel	Core.Symbol	Qualimetrix\Analysis\Evidence\Duplication\CodeDuplicationRule	Analysis.Evidence.Duplication	src/Analysis/Evidence/Duplication/CodeDuplicationRule.php	ast-name
Qualimetrix\Core\Symbol\SymbolLevel	Core.Symbol	Qualimetrix\Analysis\Evidence\Maintainability\HalsteadCollector	Analysis.Evidence.Maintainability	src/Analysis/Evidence/Maintainability/HalsteadCollector.php	ast-name
Qualimetrix\Core\Symbol\SymbolLevel	Core.Symbol	Qualimetrix\Analysis\Evidence\Maintainability\MaintainabilityIndexCollector	Analysis.Evidence.Maintainability	src/Analysis/Evidence/Maintainability/MaintainabilityIndexCollector.php	ast-name
Qualimetrix\Core\Symbol\SymbolLevel	Core.Symbol	Qualimetrix\Analysis\Evidence\Maintainability\MaintainabilityRule	Analysis.Evidence.Maintainability	src/Analysis/Evidence/Maintainability/MaintainabilityRule.php	ast-name
Qualimetrix\Core\Symbol\SymbolLevel	Core.Symbol	Qualimetrix\Analysis\Evidence\Measurement\Aggregation\AggregationHelper	Analysis.Evidence.Measurement	src/Analysis/Evidence/Measurement/Aggregation/AggregationHelper.php	ast-name
Qualimetrix\Core\Symbol\SymbolLevel	Core.Symbol	Qualimetrix\Analysis\Evidence\Measurement\Aggregation\CallableToClassAggregator	Analysis.Evidence.Measurement	src/Analysis/Evidence/Measurement/Aggregation/CallableToClassAggregator.php	ast-name
Qualimetrix\Core\Symbol\SymbolLevel	Core.Symbol	Qualimetrix\Analysis\Evidence\Measurement\Aggregation\ClassToNamespaceAggregator	Analysis.Evidence.Measurement	src/Analysis/Evidence/Measurement/Aggregation/ClassToNamespaceAggregator.php	ast-name
Qualimetrix\Core\Symbol\SymbolLevel	Core.Symbol	Qualimetrix\Analysis\Evidence\Measurement\Aggregation\MetricAggregator	Analysis.Evidence.Measurement	src/Analysis/Evidence/Measurement/Aggregation/MetricAggregator.php	ast-name
Qualimetrix\Core\Symbol\SymbolLevel	Core.Symbol	Qualimetrix\Analysis\Evidence\Measurement\Aggregation\NamespaceMetricContributions	Analysis.Evidence.Measurement	src/Analysis/Evidence/Measurement/Aggregation/NamespaceMetricContributions.php	ast-name
Qualimetrix\Core\Symbol\SymbolLevel	Core.Symbol	Qualimetrix\Analysis\Evidence\Measurement\Aggregation\NamespaceToProjectAggregator	Analysis.Evidence.Measurement	src/Analysis/Evidence/Measurement/Aggregation/NamespaceToProjectAggregator.php	ast-name
Qualimetrix\Core\Symbol\SymbolLevel	Core.Symbol	Qualimetrix\Analysis\Evidence\Measurement\Aggregation\TreeAwareNamespaceAggregator	Analysis.Evidence.Measurement	src/Analysis/Evidence/Measurement/Aggregation/TreeAwareNamespaceAggregator.php	ast-name
Qualimetrix\Core\Symbol\SymbolLevel	Core.Symbol	Qualimetrix\Analysis\Evidence\Measurement\Contract\MetricDefinition	Analysis.Evidence.Measurement	src/Analysis/Evidence/Measurement/Contract/MetricDefinition.php	ast-name
Qualimetrix\Core\Symbol\SymbolLevel	Core.Symbol	Qualimetrix\Analysis\Evidence\Measurement\Contract\MetricRepositoryInterface	Analysis.Evidence.Measurement	src/Analysis/Evidence/Measurement/Contract/MetricRepositoryInterface.php	ast-name
Qualimetrix\Core\Symbol\SymbolLevel	Core.Symbol	Qualimetrix\Analysis\Evidence\Measurement\FileMeasurement\DerivedCollectorExecutionPlan	Analysis.Evidence.Measurement	src/Analysis/Evidence/Measurement/FileMeasurement/DerivedCollectorRunner.php	ast-name
Qualimetrix\Core\Symbol\SymbolLevel	Core.Symbol	Qualimetrix\Analysis\Evidence\Measurement\FileMeasurement\DerivedCollectorRunner	Analysis.Evidence.Measurement	src/Analysis/Evidence/Measurement/FileMeasurement/DerivedCollectorRunner.php	ast-name
Qualimetrix\Core\Symbol\SymbolLevel	Core.Symbol	Qualimetrix\Analysis\Evidence\Measurement\FileMeasurement\DerivedMetricExtractor	Analysis.Evidence.Measurement	src/Analysis/Evidence/Measurement/FileMeasurement/DerivedMetricExtractor.php	ast-name
Qualimetrix\Core\Symbol\SymbolLevel	Core.Symbol	Qualimetrix\Analysis\Evidence\Measurement\Repository\InMemoryMetricRepository	Analysis.Evidence.Measurement	src/Analysis/Evidence/Measurement/Repository/InMemoryMetricRepository.php	ast-name
Qualimetrix\Core\Symbol\SymbolLevel	Core.Symbol	Qualimetrix\Analysis\Evidence\Prioritization\Impact\ClassRankResolver	Analysis.Evidence.Prioritization	src/Analysis/Evidence/Prioritization/Impact/ClassRankResolver.php	ast-name
Qualimetrix\Core\Symbol\SymbolLevel	Core.Symbol	Qualimetrix\Analysis\Evidence\Security\AbstractSecurityPatternRule	Analysis.Evidence.Security	src/Analysis/Evidence/Security/AbstractSecurityPatternRule.php	ast-name
Qualimetrix\Core\Symbol\SymbolLevel	Core.Symbol	Qualimetrix\Analysis\Evidence\Security\HardcodedCredentialsRule	Analysis.Evidence.Security	src/Analysis/Evidence/Security/HardcodedCredentialsRule.php	ast-name
Qualimetrix\Core\Symbol\SymbolLevel	Core.Symbol	Qualimetrix\Analysis\Evidence\Security\SensitiveParameterRule	Analysis.Evidence.Security	src/Analysis/Evidence/Security/SensitiveParameterRule.php	ast-name
Qualimetrix\Core\Symbol\SymbolLevel	Core.Symbol	Qualimetrix\Analysis\Evidence\Size\ClassCountCollector	Analysis.Evidence.Size	src/Analysis/Evidence/Size/ClassCountCollector.php	ast-name
Qualimetrix\Core\Symbol\SymbolLevel	Core.Symbol	Qualimetrix\Analysis\Evidence\Size\ClassCountRule	Analysis.Evidence.Size	src/Analysis/Evidence/Size/ClassCountRule.php	ast-name
Qualimetrix\Core\Symbol\SymbolLevel	Core.Symbol	Qualimetrix\Analysis\Evidence\Size\LocCollector	Analysis.Evidence.Size	src/Analysis/Evidence/Size/LocCollector.php	ast-name
Qualimetrix\Core\Symbol\SymbolLevel	Core.Symbol	Qualimetrix\Analysis\Evidence\Size\MethodCountCollector	Analysis.Evidence.Size	src/Analysis/Evidence/Size/MethodCountCollector.php	ast-name
Qualimetrix\Core\Symbol\SymbolLevel	Core.Symbol	Qualimetrix\Analysis\Evidence\Size\MethodCountRule	Analysis.Evidence.Size	src/Analysis/Evidence/Size/MethodCountRule.php	ast-name
Qualimetrix\Core\Symbol\SymbolLevel	Core.Symbol	Qualimetrix\Analysis\Evidence\Size\MethodStatementCountCollector	Analysis.Evidence.Size	src/Analysis/Evidence/Size/MethodStatementCountCollector.php	ast-name
Qualimetrix\Core\Symbol\SymbolLevel	Core.Symbol	Qualimetrix\Analysis\Evidence\Size\PropertyCountRule	Analysis.Evidence.Size	src/Analysis/Evidence/Size/PropertyCountRule.php	ast-name
Qualimetrix\Core\Symbol\SymbolLevel	Core.Symbol	Qualimetrix\Analysis\Finding\Contract\ChannelDeclaration	Analysis.Finding	src/Analysis/Finding/Contract/ChannelDeclaration.php	ast-name
Qualimetrix\Core\Symbol\SymbolLevel	Core.Symbol	Qualimetrix\Analysis\Finding\Contract\Finding	Analysis.Finding	src/Analysis/Finding/Contract/Finding.php	ast-name
Qualimetrix\Core\Symbol\SymbolLevel	Core.Symbol	Qualimetrix\Analysis\Finding\Contract\LevelActivity	Analysis.Finding	src/Analysis/Finding/Contract/LevelActivity.php	ast-name
Qualimetrix\Core\Symbol\SymbolLevel	Core.Symbol	Qualimetrix\Analysis\Finding\Contract\Rule\ChannelLevelAddressing	Analysis.Finding	src/Analysis/Finding/Contract/Rule/ChannelLevelAddressing.php	ast-name
Qualimetrix\Core\Symbol\SymbolLevel	Core.Symbol	Qualimetrix\Analysis\Finding\Contract\Rule\ChannelLevelSelector	Analysis.Finding	src/Analysis/Finding/Contract/Rule/ChannelLevelSelector.php	ast-name
Qualimetrix\Core\Symbol\SymbolLevel	Core.Symbol	Qualimetrix\Analysis\Finding\Contract\Rule\HierarchicalRuleInterface	Analysis.Finding	src/Analysis/Finding/Contract/Rule/HierarchicalRuleInterface.php	ast-name
Qualimetrix\Core\Symbol\SymbolLevel	Core.Symbol	Qualimetrix\Analysis\Finding\Contract\Rule\HierarchicalRuleOptionsInterface	Analysis.Finding	src/Analysis/Finding/Contract/Rule/HierarchicalRuleOptionsInterface.php	ast-name
Qualimetrix\Core\Symbol\SymbolLevel	Core.Symbol	Qualimetrix\Analysis\Finding\Contract\Rule\RuleSelector	Analysis.Finding	src/Analysis/Finding/Contract/Rule/RuleSelector.php	ast-name
Qualimetrix\Core\Symbol\SymbolLevel	Core.Symbol	Qualimetrix\Analysis\Finding\Exclusion\RuleNamespaceExclusionProvider	Analysis.Finding	src/Analysis/Finding/Exclusion/RuleNamespaceExclusionProvider.php	ast-name
Qualimetrix\Core\Symbol\SymbolLevel	Core.Symbol	Qualimetrix\Analysis\Finding\FindingExclusionLedger	Analysis.Finding	src/Analysis/Finding/FindingExclusionLedger.php	ast-name
Qualimetrix\Core\Symbol\SymbolLevel	Core.Symbol	Qualimetrix\Analysis\Finding\RuleConfiguration\RuleThresholdKeyGroupRegistry	Analysis.Finding	src/Analysis/Finding/RuleConfiguration/RuleThresholdKeyGroupRegistry.php	ast-name
Qualimetrix\Core\Symbol\SymbolLevel	Core.Symbol	Qualimetrix\Analysis\Finding\SuppressionBinding\UnboundSuppressionRule	Analysis.Finding	src/Analysis/Finding/SuppressionBinding/UnboundSuppressionRule.php	ast-name
Qualimetrix\Core\Symbol\SymbolLevel	Core.Symbol	Qualimetrix\Analysis\Policy\Architecture\LayerViolation\LayerDeclarationValidator	Analysis.Policy.Architecture	src/Analysis/Policy/Architecture/LayerViolation/LayerDeclarationValidator.php	ast-name
Qualimetrix\Core\Symbol\SymbolLevel	Core.Symbol	Qualimetrix\Analysis\Policy\Architecture\LayerViolation\LayerEvidenceCollector	Analysis.Policy.Architecture	src/Analysis/Policy/Architecture/LayerViolation/LayerEvidenceCollector.php	ast-name
Qualimetrix\Core\Symbol\SymbolLevel	Core.Symbol	Qualimetrix\Analysis\Policy\Architecture\LayerViolation\LayerViolationRule	Analysis.Policy.Architecture	src/Analysis/Policy/Architecture/LayerViolation/LayerViolationRule.php	ast-name
Qualimetrix\Core\Symbol\SymbolLevel	Core.Symbol	Qualimetrix\Analysis\Policy\Architecture\LayerViolation\UnassignedClassSummary	Analysis.Policy.Architecture	src/Analysis/Policy/Architecture/LayerViolation/UnassignedClassSummary.php	ast-name
Qualimetrix\Core\Symbol\SymbolLevel	Core.Symbol	Qualimetrix\Analysis\Policy\Baseline\ExplainedSubject	Analysis.Policy.Baseline	src/Analysis/Policy/Baseline/ExplainedSubject.php	ast-name
Qualimetrix\Core\Symbol\SymbolLevel	Core.Symbol	Qualimetrix\Analysis\Policy\Inline\Contract\Suppression\Suppression	Analysis.Policy.Inline	src/Analysis/Policy/Inline/Contract/Suppression/Suppression.php	ast-name
Qualimetrix\Core\Symbol\SymbolLevel	Core.Symbol	Qualimetrix\Analysis\Policy\Inline\Contract\Suppression\SuppressionTarget	Analysis.Policy.Inline	src/Analysis/Policy/Inline/Contract/Suppression/SuppressionTarget.php	ast-name
Qualimetrix\Core\Symbol\SymbolLevel	Core.Symbol	Qualimetrix\Analysis\Policy\Inline\Directive\InlineDirectiveValidator	Analysis.Policy.Inline	src/Analysis/Policy/Inline/Directive/InlineDirectiveValidator.php	ast-name
Qualimetrix\Core\Symbol\SymbolLevel	Core.Symbol	Qualimetrix\Analysis\Policy\Inline\Directive\UnusedDirectiveRule	Analysis.Policy.Inline	src/Analysis/Policy/Inline/Directive/UnusedDirectiveRule.php	ast-name
Qualimetrix\Core\Symbol\SymbolLevel	Core.Symbol	Qualimetrix\Analysis\Run\ExcludeBinding\UnmatchedExcludeRule	Analysis.Run	src/Analysis/Run/ExcludeBinding/UnmatchedExcludeRule.php	ast-name
Qualimetrix\Core\Symbol\SymbolLevel	Core.Symbol	Qualimetrix\Analysis\Run\Pipeline\AnalysisPipeline	Analysis.Run	src/Analysis/Run/Pipeline/AnalysisPipeline.php	ast-name
Qualimetrix\Core\Symbol\SymbolLevel	Core.Symbol	Qualimetrix\Infrastructure\Console\ChannelExclusionKeyValidator	Infrastructure.Console	src/Infrastructure/Console/ChannelExclusionKeyValidator.php	ast-name
Qualimetrix\Core\Symbol\SymbolLevel	Core.Symbol	Qualimetrix\Infrastructure\Console\Command\BaselineConfiguredThresholds	Infrastructure.Console	src/Infrastructure/Console/Command/BaselineConfiguredThresholds.php	ast-name
Qualimetrix\Core\Symbol\SymbolLevel	Core.Symbol	Qualimetrix\Infrastructure\Console\LayerAssignmentResolver	Infrastructure.Console	src/Infrastructure/Console/LayerAssignmentResolver.php	ast-name
Qualimetrix\Core\Symbol\SymbolLevel	Core.Symbol	Qualimetrix\Reporting\DrillDown\DrillDownBinding	Reporting	src/Reporting/DrillDown/DrillDownBinding.php	ast-name
Qualimetrix\Core\Symbol\SymbolLevel	Core.Symbol	Qualimetrix\Reporting\Formatter\Html\HtmlTreeBuilder	Reporting	src/Reporting/Formatter/Html/HtmlTreeBuilder.php	ast-name
Qualimetrix\Core\Symbol\SymbolLevel	Core.Symbol	Qualimetrix\Reporting\Formatter\MetricsJsonFormatter	Reporting	src/Reporting/Formatter/MetricsJsonFormatter.php	ast-name
Qualimetrix\Core\Symbol\SymbolLevelProjection	Core.Symbol	Qualimetrix\Analysis\Evidence\Measurement\Aggregation\NamespaceMetricContributions	Analysis.Evidence.Measurement	src/Analysis/Evidence/Measurement/Aggregation/NamespaceMetricContributions.php	ast-name
Qualimetrix\Core\Symbol\SymbolLevelProjection	Core.Symbol	Qualimetrix\Analysis\Evidence\Measurement\Repository\InMemoryMetricRepository	Analysis.Evidence.Measurement	src/Analysis/Evidence/Measurement/Repository/InMemoryMetricRepository.php	ast-name
Qualimetrix\Core\Symbol\SymbolLevelProjection	Core.Symbol	Qualimetrix\Analysis\Finding\Contract\Finding	Analysis.Finding	src/Analysis/Finding/Contract/Finding.php	ast-name
Qualimetrix\Core\Symbol\SymbolLevelProjection	Core.Symbol	Qualimetrix\Analysis\Policy\Baseline\BoundaryExplanationService	Analysis.Policy.Baseline	src/Analysis/Policy/Baseline/BoundaryExplanationService.php	ast-name
Qualimetrix\Core\Symbol\SymbolLevelProjection	Core.Symbol	Qualimetrix\Analysis\Policy\Inline\Directive\Audit\ThresholdDirectiveAudit	Analysis.Policy.Inline	src/Analysis/Policy/Inline/Directive/Audit/ThresholdDirectiveAudit.php	ast-name
Qualimetrix\Core\Symbol\SymbolLevelProjection	Core.Symbol	Qualimetrix\Analysis\Policy\Inline\Directive\DirectiveLevels	Analysis.Policy.Inline	src/Analysis/Policy/Inline/Directive/DirectiveLevels.php	ast-name
Qualimetrix\Core\Symbol\SymbolPath	Core.Symbol	Qualimetrix\Analysis\Evidence\CircularDependency\CircularDependencyDetector	Analysis.Evidence.CircularDependency	src/Analysis/Evidence/CircularDependency/CircularDependencyDetector.php	ast-name
Qualimetrix\Core\Symbol\SymbolPath	Core.Symbol	Qualimetrix\Analysis\Evidence\CircularDependency\CircularDependencyRule	Analysis.Evidence.CircularDependency	src/Analysis/Evidence/CircularDependency/CircularDependencyRule.php	ast-name
Qualimetrix\Core\Symbol\SymbolPath	Core.Symbol	Qualimetrix\Analysis\Evidence\CircularDependency\Cycle	Analysis.Evidence.CircularDependency	src/Analysis/Evidence/CircularDependency/Cycle.php	ast-name
Qualimetrix\Core\Symbol\SymbolPath	Core.Symbol	Qualimetrix\Analysis\Evidence\CircularDependency\CycleMemberLabels	Analysis.Evidence.CircularDependency	src/Analysis/Evidence/CircularDependency/CycleMemberLabels.php	ast-name
Qualimetrix\Core\Symbol\SymbolPath	Core.Symbol	Qualimetrix\Analysis\Evidence\CodeSmell\CodeSmellFinding	Analysis.Evidence.CodeSmell	src/Analysis/Evidence/CodeSmell/CodeSmellFinding.php	ast-name
Qualimetrix\Core\Symbol\SymbolPath	Core.Symbol	Qualimetrix\Analysis\Evidence\CodeSmell\UnusedPrivateCollector	Analysis.Evidence.CodeSmell	src/Analysis/Evidence/CodeSmell/UnusedPrivateCollector.php	ast-name
Qualimetrix\Core\Symbol\SymbolPath	Core.Symbol	Qualimetrix\Analysis\Evidence\Cohesion\LcomCollector	Analysis.Evidence.Cohesion	src/Analysis/Evidence/Cohesion/LcomCollector.php	ast-name
Qualimetrix\Core\Symbol\SymbolPath	Core.Symbol	Qualimetrix\Analysis\Evidence\Cohesion\TccLccCollector	Analysis.Evidence.Cohesion	src/Analysis/Evidence/Cohesion/TccLccCollector.php	ast-name
Qualimetrix\Core\Symbol\SymbolPath	Core.Symbol	Qualimetrix\Analysis\Evidence\ComputedMetrics\ComputedMetricRule	Analysis.Evidence.ComputedMetrics	src/Analysis/Evidence/ComputedMetrics/ComputedMetricRule.php	ast-name
Qualimetrix\Core\Symbol\SymbolPath	Core.Symbol	Qualimetrix\Analysis\Evidence\ComputedMetrics\Contract\Evaluation\ComputedMetricEvaluator	Analysis.Evidence.ComputedMetrics	src/Analysis/Evidence/ComputedMetrics/Contract/Evaluation/ComputedMetricEvaluator.php	ast-name
Qualimetrix\Core\Symbol\SymbolPath	Core.Symbol	Qualimetrix\Analysis\Evidence\ComputedMetrics\Finding\ComputedMetricFindingBuilder	Analysis.Evidence.ComputedMetrics	src/Analysis/Evidence/ComputedMetrics/Finding/ComputedMetricFindingBuilder.php	ast-name
Qualimetrix\Core\Symbol\SymbolPath	Core.Symbol	Qualimetrix\Analysis\Evidence\ComputedMetrics\Health\Contract\Offender\WorstOffender	Analysis.Evidence.ComputedMetrics.Health	src/Analysis/Evidence/ComputedMetrics/Health/Contract/Offender/WorstOffender.php	ast-name
Qualimetrix\Core\Symbol\SymbolPath	Core.Symbol	Qualimetrix\Analysis\Evidence\ComputedMetrics\Health\Contract\Summary\HealthSummaryBuilder	Analysis.Evidence.ComputedMetrics.Health	src/Analysis/Evidence/ComputedMetrics/Health/Contract/Summary/HealthSummaryBuilder.php	ast-name
Qualimetrix\Core\Symbol\SymbolPath	Core.Symbol	Qualimetrix\Analysis\Evidence\Coupling\CboRule	Analysis.Evidence.Coupling	src/Analysis/Evidence/Coupling/CboRule.php	ast-name
Qualimetrix\Core\Symbol\SymbolPath	Core.Symbol	Qualimetrix\Analysis\Evidence\Coupling\CouplingCollector	Analysis.Evidence.Coupling	src/Analysis/Evidence/Coupling/CouplingCollector.php	ast-name
Qualimetrix\Core\Symbol\SymbolPath	Core.Symbol	Qualimetrix\Analysis\Evidence\Coupling\FrameworkClassificationSites	Analysis.Evidence.Coupling	src/Analysis/Evidence/Coupling/FrameworkClassificationSites.php	ast-name
Qualimetrix\Core\Symbol\SymbolPath	Core.Symbol	Qualimetrix\Analysis\Evidence\Coupling\RfcCollector	Analysis.Evidence.Coupling	src/Analysis/Evidence/Coupling/RfcCollector.php	ast-name
Qualimetrix\Core\Symbol\SymbolPath	Core.Symbol	Qualimetrix\Analysis\Evidence\Coupling\UnmatchedFrameworkNamespaceRule	Analysis.Evidence.Coupling	src/Analysis/Evidence/Coupling/UnmatchedFrameworkNamespaceRule.php	ast-name
Qualimetrix\Core\Symbol\SymbolPath	Core.Symbol	Qualimetrix\Analysis\Evidence\DependencyModel\Contract\Dependency	Analysis.Evidence.DependencyModel	src/Analysis/Evidence/DependencyModel/Contract/Dependency.php	ast-name
Qualimetrix\Core\Symbol\SymbolPath	Core.Symbol	Qualimetrix\Analysis\Evidence\DependencyModel\Contract\DependencyGraphInterface	Analysis.Evidence.DependencyModel	src/Analysis/Evidence/DependencyModel/Contract/DependencyGraphInterface.php	ast-name
Qualimetrix\Core\Symbol\SymbolPath	Core.Symbol	Qualimetrix\Analysis\Evidence\DependencyModel\DependencyGraph	Analysis.Evidence.DependencyModel	src/Analysis/Evidence/DependencyModel/DependencyGraph.php	ast-name
Qualimetrix\Core\Symbol\SymbolPath	Core.Symbol	Qualimetrix\Analysis\Evidence\DependencyModel\DependencyGraphBuilder	Analysis.Evidence.DependencyModel	src/Analysis/Evidence/DependencyModel/DependencyGraphBuilder.php	ast-name
Qualimetrix\Core\Symbol\SymbolPath	Core.Symbol	Qualimetrix\Analysis\Evidence\DependencyModel\EmptyDependencyGraph	Analysis.Evidence.DependencyModel	src/Analysis/Evidence/DependencyModel/EmptyDependencyGraph.php	ast-name
Qualimetrix\Core\Symbol\SymbolPath	Core.Symbol	Qualimetrix\Analysis\Evidence\DependencyModel\Extraction\DependencyVisitor	Analysis.Evidence.DependencyModel	src/Analysis/Evidence/DependencyModel/Extraction/DependencyVisitor.php	ast-name
Qualimetrix\Core\Symbol\SymbolPath	Core.Symbol	Qualimetrix\Analysis\Evidence\DependencyModel\Extraction\Handler\DependencyContext	Analysis.Evidence.DependencyModel	src/Analysis/Evidence/DependencyModel/Extraction/Handler/DependencyContext.php	ast-name
Qualimetrix\Core\Symbol\SymbolPath	Core.Symbol	Qualimetrix\Analysis\Evidence\Design\Inheritance\DitGlobalCollector	Analysis.Evidence.Design	src/Analysis/Evidence/Design/Inheritance/DitGlobalCollector.php	ast-name
Qualimetrix\Core\Symbol\SymbolPath	Core.Symbol	Qualimetrix\Analysis\Evidence\Design\Inheritance\InheritanceDepthCollector	Analysis.Evidence.Design	src/Analysis/Evidence/Design/Inheritance/InheritanceDepthCollector.php	ast-name
Qualimetrix\Core\Symbol\SymbolPath	Core.Symbol	Qualimetrix\Analysis\Evidence\Design\TypeCoverage\TypeCoverageVisitor	Analysis.Evidence.Design	src/Analysis/Evidence/Design/TypeCoverage/TypeCoverageVisitor.php	ast-name
Qualimetrix\Core\Symbol\SymbolPath	Core.Symbol	Qualimetrix\Analysis\Evidence\Duplication\CodeDuplicationRule	Analysis.Evidence.Duplication	src/Analysis/Evidence/Duplication/CodeDuplicationRule.php	ast-name
Qualimetrix\Core\Symbol\SymbolPath	Core.Symbol	Qualimetrix\Analysis\Evidence\Measurement\Aggregation\ClassToNamespaceAggregator	Analysis.Evidence.Measurement	src/Analysis/Evidence/Measurement/Aggregation/ClassToNamespaceAggregator.php	ast-name
Qualimetrix\Core\Symbol\SymbolPath	Core.Symbol	Qualimetrix\Analysis\Evidence\Measurement\Aggregation\NamespaceToProjectAggregator	Analysis.Evidence.Measurement	src/Analysis/Evidence/Measurement/Aggregation/NamespaceToProjectAggregator.php	ast-name
Qualimetrix\Core\Symbol\SymbolPath	Core.Symbol	Qualimetrix\Analysis\Evidence\Measurement\Aggregation\TreeAwareNamespaceAggregator	Analysis.Evidence.Measurement	src/Analysis/Evidence/Measurement/Aggregation/TreeAwareNamespaceAggregator.php	ast-name
Qualimetrix\Core\Symbol\SymbolPath	Core.Symbol	Qualimetrix\Analysis\Evidence\Measurement\Contract\DeclarationIndexAwareTrait	Analysis.Evidence.Measurement	src/Analysis/Evidence/Measurement/Contract/DeclarationIndexAwareTrait.php	ast-name
Qualimetrix\Core\Symbol\SymbolPath	Core.Symbol	Qualimetrix\Analysis\Evidence\Measurement\Contract\MetricRepositoryInterface	Analysis.Evidence.Measurement	src/Analysis/Evidence/Measurement/Contract/MetricRepositoryInterface.php	ast-name
Qualimetrix\Core\Symbol\SymbolPath	Core.Symbol	Qualimetrix\Analysis\Evidence\Measurement\Contract\NamespaceWithMetrics	Analysis.Evidence.Measurement	src/Analysis/Evidence/Measurement/Contract/NamespaceWithMetrics.php	ast-name
Qualimetrix\Core\Symbol\SymbolPath	Core.Symbol	Qualimetrix\Analysis\Evidence\Measurement\Repository\InMemoryMetricRepository	Analysis.Evidence.Measurement	src/Analysis/Evidence/Measurement/Repository/InMemoryMetricRepository.php	ast-name
Qualimetrix\Core\Symbol\SymbolPath	Core.Symbol	Qualimetrix\Analysis\Evidence\Measurement\Repository\MetricSubjectIndex	Analysis.Evidence.Measurement	src/Analysis/Evidence/Measurement/Repository/MetricSubjectIndex.php	ast-name
Qualimetrix\Core\Symbol\SymbolPath	Core.Symbol	Qualimetrix\Analysis\Evidence\Measurement\Visitor\DeclarationNumbering	Analysis.Evidence.Measurement	src/Analysis/Evidence/Measurement/Visitor/DeclarationNumbering.php	ast-name
Qualimetrix\Core\Symbol\SymbolPath	Core.Symbol	Qualimetrix\Analysis\Evidence\Measurement\Visitor\VisitorCallableMetadata	Analysis.Evidence.Measurement	src/Analysis/Evidence/Measurement/Visitor/VisitorCallableMetadata.php	ast-name
Qualimetrix\Core\Symbol\SymbolPath	Core.Symbol	Qualimetrix\Analysis\Evidence\Prioritization\Impact\ClassRankResolver	Analysis.Evidence.Prioritization	src/Analysis/Evidence/Prioritization/Impact/ClassRankResolver.php	ast-name
Qualimetrix\Core\Symbol\SymbolPath	Core.Symbol	Qualimetrix\Analysis\Evidence\Security\SecurityPatternFinding	Analysis.Evidence.Security	src/Analysis/Evidence/Security/SecurityPatternFinding.php	ast-name
Qualimetrix\Core\Symbol\SymbolPath	Core.Symbol	Qualimetrix\Analysis\Evidence\Size\LocCollector	Analysis.Evidence.Size	src/Analysis/Evidence/Size/LocCollector.php	ast-name
Qualimetrix\Core\Symbol\SymbolPath	Core.Symbol	Qualimetrix\Analysis\Evidence\Size\MethodCountCollector	Analysis.Evidence.Size	src/Analysis/Evidence/Size/MethodCountCollector.php	ast-name
Qualimetrix\Core\Symbol\SymbolPath	Core.Symbol	Qualimetrix\Analysis\Finding\Contract\Finding	Analysis.Finding	src/Analysis/Finding/Contract/Finding.php	ast-name
Qualimetrix\Core\Symbol\SymbolPath	Core.Symbol	Qualimetrix\Analysis\Finding\SuppressionBinding\UnboundSuppressionAudit	Analysis.Finding	src/Analysis/Finding/SuppressionBinding/UnboundSuppressionAudit.php	ast-name
Qualimetrix\Core\Symbol\SymbolPath	Core.Symbol	Qualimetrix\Analysis\Policy\Architecture\ArchitecturePolicy	Analysis.Policy.Architecture	src/Analysis/Policy/Architecture/ArchitecturePolicy.php	ast-name
Qualimetrix\Core\Symbol\SymbolPath	Core.Symbol	Qualimetrix\Analysis\Policy\Architecture\Contract\LayerAssignmentInspectorInterface	Analysis.Policy.Architecture	src/Analysis/Policy/Architecture/Contract/LayerAssignmentInspectorInterface.php	ast-name
Qualimetrix\Core\Symbol\SymbolPath	Core.Symbol	Qualimetrix\Analysis\Policy\Architecture\LayerViolation\DeclaredLayerReachability	Analysis.Policy.Architecture	src/Analysis/Policy/Architecture/LayerViolation/DeclaredLayerReachability.php	ast-name
Qualimetrix\Core\Symbol\SymbolPath	Core.Symbol	Qualimetrix\Analysis\Policy\Architecture\LayerViolation\OwnedLayerTargets	Analysis.Policy.Architecture	src/Analysis/Policy/Architecture/LayerViolation/OwnedLayerTargets.php	ast-name
Qualimetrix\Core\Symbol\SymbolPath	Core.Symbol	Qualimetrix\Analysis\Policy\Architecture\LayerViolation\UnassignedClassSummary	Analysis.Policy.Architecture	src/Analysis/Policy/Architecture/LayerViolation/UnassignedClassSummary.php	ast-name
Qualimetrix\Core\Symbol\SymbolPath	Core.Symbol	Qualimetrix\Analysis\Policy\Architecture\LayerViolation\UnmatchedExcludeDiagnostic	Analysis.Policy.Architecture	src/Analysis/Policy/Architecture/LayerViolation/UnmatchedExcludeDiagnostic.php	ast-name
Qualimetrix\Core\Symbol\SymbolPath	Core.Symbol	Qualimetrix\Analysis\Policy\Architecture\Layer\ClassContextFactory	Analysis.Policy.Architecture	src/Analysis/Policy/Architecture/Layer/ClassContextFactory.php	ast-name
Qualimetrix\Core\Symbol\SymbolPath	Core.Symbol	Qualimetrix\Analysis\Policy\Architecture\Layer\ClassSet	Analysis.Policy.Architecture	src/Analysis/Policy/Architecture/Layer/ClassSet.php	ast-name
Qualimetrix\Core\Symbol\SymbolPath	Core.Symbol	Qualimetrix\Analysis\Policy\Architecture\Layer\LayerRegistry	Analysis.Policy.Architecture	src/Analysis/Policy/Architecture/Layer/LayerRegistry.php	ast-name
Qualimetrix\Core\Symbol\SymbolPath	Core.Symbol	Qualimetrix\Analysis\Policy\Inline\Directive\Audit\StaleDirectiveFinding	Analysis.Policy.Inline	src/Analysis/Policy/Inline/Directive/Audit/StaleDirectiveFinding.php	ast-name
Qualimetrix\Core\Symbol\SymbolPath	Core.Symbol	Qualimetrix\Analysis\Policy\Inline\Directive\InlineDirectiveValidator	Analysis.Policy.Inline	src/Analysis/Policy/Inline/Directive/InlineDirectiveValidator.php	ast-name
Qualimetrix\Core\Symbol\SymbolPath	Core.Symbol	Qualimetrix\Analysis\Policy\Inline\Extraction\DeclarationControlBindings	Analysis.Policy.Inline	src/Analysis/Policy/Inline/Extraction/DeclarationControlBindings.php	ast-name
Qualimetrix\Core\Symbol\SymbolPath	Core.Symbol	Qualimetrix\Analysis\Run\Collection\CollectionOrchestrator	Analysis.Run	src/Analysis/Run/Collection/CollectionOrchestrator.php	ast-name
Qualimetrix\Core\Symbol\SymbolPath	Core.Symbol	Qualimetrix\Analysis\Run\ExcludeBinding\UnmatchedExcludeAudit	Analysis.Run	src/Analysis/Run/ExcludeBinding/UnmatchedExcludeAudit.php	ast-name
Qualimetrix\Core\Symbol\SymbolPath	Core.Symbol	Qualimetrix\Analysis\Run\Pipeline\DependencyGraphAnalyzer	Analysis.Run	src/Analysis/Run/Pipeline/DependencyGraphAnalyzer.php	ast-name
Qualimetrix\Core\Symbol\SymbolPath	Core.Symbol	Qualimetrix\Infrastructure\Console\Command\Debug\LayerAssignmentCommand	Infrastructure.Console	src/Infrastructure/Console/Command/Debug/LayerAssignmentCommand.php	ast-name
Qualimetrix\Core\Symbol\SymbolPath	Core.Symbol	Qualimetrix\Infrastructure\Console\LayerAssignmentResolver	Infrastructure.Console	src/Infrastructure/Console/LayerAssignmentResolver.php	ast-name
Qualimetrix\Core\Symbol\SymbolPath	Core.Symbol	Qualimetrix\Reporting\DrillDown\DrillDownBinding	Reporting	src/Reporting/DrillDown/DrillDownBinding.php	ast-name
Qualimetrix\Core\Symbol\SymbolPath	Core.Symbol	Qualimetrix\Reporting\Formatter\Html\HtmlFindingPartitioner	Reporting	src/Reporting/Formatter/Html/HtmlFindingPartitioner.php	ast-name
Qualimetrix\Core\Symbol\SymbolPath	Core.Symbol	Qualimetrix\Reporting\Formatter\Html\HtmlTreeBuilder	Reporting	src/Reporting/Formatter/Html/HtmlTreeBuilder.php	ast-name
Qualimetrix\Core\Symbol\SymbolPath	Core.Symbol	Qualimetrix\Reporting\Formatter\Json\JsonHealthSection	Reporting	src/Reporting/Formatter/Json/JsonHealthSection.php	ast-name
Qualimetrix\Core\Symbol\SymbolPath	Core.Symbol	Qualimetrix\Reporting\Formatter\Summary\HealthBarRenderer	Reporting	src/Reporting/Formatter/Summary/HealthBarRenderer.php	ast-name
Qualimetrix\Core\Symbol\SymbolPath	Core.Symbol	Qualimetrix\Reporting\GraphProjection\DotExporter	Reporting.GraphProjection	src/Reporting/GraphProjection/DotExporter.php	ast-name
Qualimetrix\Core\Symbol\SymbolPath	Core.Symbol	Qualimetrix\Reporting\GraphProjection\NamespaceFilter	Reporting.GraphProjection	src/Reporting/GraphProjection/NamespaceFilter.php	ast-name
Qualimetrix\Core\Symbol\SymbolPath	Core.Symbol	Qualimetrix\Reporting\Health\SummaryEnricher	Reporting	src/Reporting/Health/SummaryEnricher.php	ast-name
Qualimetrix\Core\Symbol\SymbolType	Core.Symbol	Qualimetrix\Analysis\Evidence\CodeSmell\LongParameterListRule	Analysis.Evidence.CodeSmell	src/Analysis/Evidence/CodeSmell/LongParameterListRule.php	ast-name
Qualimetrix\Core\Symbol\SymbolType	Core.Symbol	Qualimetrix\Analysis\Evidence\CodeSmell\UnreachableCodeRule	Analysis.Evidence.CodeSmell	src/Analysis/Evidence/CodeSmell/UnreachableCodeRule.php	ast-name
Qualimetrix\Core\Symbol\SymbolType	Core.Symbol	Qualimetrix\Analysis\Evidence\CodeSmell\UnusedPrivateRule	Analysis.Evidence.CodeSmell	src/Analysis/Evidence/CodeSmell/UnusedPrivateRule.php	ast-name
Qualimetrix\Core\Symbol\SymbolType	Core.Symbol	Qualimetrix\Analysis\Evidence\Cohesion\LcomRule	Analysis.Evidence.Cohesion	src/Analysis/Evidence/Cohesion/LcomRule.php	ast-name
Qualimetrix\Core\Symbol\SymbolType	Core.Symbol	Qualimetrix\Analysis\Evidence\Complexity\CognitiveComplexityRule	Analysis.Evidence.Complexity	src/Analysis/Evidence/Complexity/CognitiveComplexityRule.php	ast-name
Qualimetrix\Core\Symbol\SymbolType	Core.Symbol	Qualimetrix\Analysis\Evidence\Complexity\ComplexityRule	Analysis.Evidence.Complexity	src/Analysis/Evidence/Complexity/ComplexityRule.php	ast-name
Qualimetrix\Core\Symbol\SymbolType	Core.Symbol	Qualimetrix\Analysis\Evidence\Complexity\NpathComplexityRule	Analysis.Evidence.Complexity	src/Analysis/Evidence/Complexity/NpathComplexityRule.php	ast-name
Qualimetrix\Core\Symbol\SymbolType	Core.Symbol	Qualimetrix\Analysis\Evidence\Complexity\WmcRule	Analysis.Evidence.Complexity	src/Analysis/Evidence/Complexity/WmcRule.php	ast-name
Qualimetrix\Core\Symbol\SymbolType	Core.Symbol	Qualimetrix\Analysis\Evidence\ComputedMetrics\ComputedMetricRule	Analysis.Evidence.ComputedMetrics	src/Analysis/Evidence/ComputedMetrics/ComputedMetricRule.php	ast-name
Qualimetrix\Core\Symbol\SymbolType	Core.Symbol	Qualimetrix\Analysis\Evidence\Coupling\CboRule	Analysis.Evidence.Coupling	src/Analysis/Evidence/Coupling/CboRule.php	ast-name
Qualimetrix\Core\Symbol\SymbolType	Core.Symbol	Qualimetrix\Analysis\Evidence\Coupling\ClassRankRule	Analysis.Evidence.Coupling	src/Analysis/Evidence/Coupling/ClassRankRule.php	ast-name
Qualimetrix\Core\Symbol\SymbolType	Core.Symbol	Qualimetrix\Analysis\Evidence\Coupling\InstabilityRule	Analysis.Evidence.Coupling	src/Analysis/Evidence/Coupling/InstabilityRule.php	ast-name
Qualimetrix\Core\Symbol\SymbolType	Core.Symbol	Qualimetrix\Analysis\Evidence\Design\DataClass\DataClassRule	Analysis.Evidence.Design	src/Analysis/Evidence/Design/DataClass/DataClassRule.php	ast-name
Qualimetrix\Core\Symbol\SymbolType	Core.Symbol	Qualimetrix\Analysis\Evidence\Design\GodClass\GodClassRule	Analysis.Evidence.Design	src/Analysis/Evidence/Design/GodClass/GodClassRule.php	ast-name
Qualimetrix\Core\Symbol\SymbolType	Core.Symbol	Qualimetrix\Analysis\Evidence\Design\Inheritance\DitGlobalCollector	Analysis.Evidence.Design	src/Analysis/Evidence/Design/Inheritance/DitGlobalCollector.php	ast-name
Qualimetrix\Core\Symbol\SymbolType	Core.Symbol	Qualimetrix\Analysis\Evidence\Design\Inheritance\InheritanceRule	Analysis.Evidence.Design	src/Analysis/Evidence/Design/Inheritance/InheritanceRule.php	ast-name
Qualimetrix\Core\Symbol\SymbolType	Core.Symbol	Qualimetrix\Analysis\Evidence\Design\Inheritance\NocRule	Analysis.Evidence.Design	src/Analysis/Evidence/Design/Inheritance/NocRule.php	ast-name
Qualimetrix\Core\Symbol\SymbolType	Core.Symbol	Qualimetrix\Analysis\Evidence\Design\TypeCoverage\AbstractTypeCoverageRule	Analysis.Evidence.Design	src/Analysis/Evidence/Design/TypeCoverage/AbstractTypeCoverageRule.php	ast-name
Qualimetrix\Core\Symbol\SymbolType	Core.Symbol	Qualimetrix\Analysis\Evidence\Measurement\Aggregation\NamespaceMetricContributions	Analysis.Evidence.Measurement	src/Analysis/Evidence/Measurement/Aggregation/NamespaceMetricContributions.php	ast-name
Qualimetrix\Core\Symbol\SymbolType	Core.Symbol	Qualimetrix\Analysis\Evidence\Measurement\Repository\InMemoryMetricRepository	Analysis.Evidence.Measurement	src/Analysis/Evidence/Measurement/Repository/InMemoryMetricRepository.php	ast-name
Qualimetrix\Core\Symbol\SymbolType	Core.Symbol	Qualimetrix\Analysis\Evidence\Measurement\Repository\MetricSubjectIndex	Analysis.Evidence.Measurement	src/Analysis/Evidence/Measurement/Repository/MetricSubjectIndex.php	ast-name
Qualimetrix\Core\Symbol\SymbolType	Core.Symbol	Qualimetrix\Analysis\Evidence\Measurement\Repository\NamespaceMetricIndex	Analysis.Evidence.Measurement	src/Analysis/Evidence/Measurement/Repository/NamespaceMetricIndex.php	ast-name
Qualimetrix\Core\Symbol\SymbolType	Core.Symbol	Qualimetrix\Analysis\Evidence\Prioritization\Impact\ClassRankResolver	Analysis.Evidence.Prioritization	src/Analysis/Evidence/Prioritization/Impact/ClassRankResolver.php	ast-name
Qualimetrix\Core\Symbol\SymbolType	Core.Symbol	Qualimetrix\Analysis\Evidence\Size\MethodCountRule	Analysis.Evidence.Size	src/Analysis/Evidence/Size/MethodCountRule.php	ast-name
Qualimetrix\Core\Symbol\SymbolType	Core.Symbol	Qualimetrix\Analysis\Evidence\Size\PropertyCountRule	Analysis.Evidence.Size	src/Analysis/Evidence/Size/PropertyCountRule.php	ast-name
Qualimetrix\Core\Symbol\SymbolType	Core.Symbol	Qualimetrix\Analysis\Policy\Architecture\LayerViolation\OwnedLayerTargets	Analysis.Policy.Architecture	src/Analysis/Policy/Architecture/LayerViolation/OwnedLayerTargets.php	ast-name
Qualimetrix\Core\Symbol\SymbolType	Core.Symbol	Qualimetrix\Reporting\DrillDown\FindingFilter	Reporting	src/Reporting/DrillDown/FindingFilter.php	ast-name
Qualimetrix\Core\Symbol\SymbolType	Core.Symbol	Qualimetrix\Reporting\Formatter\Html\HtmlFindingPartitioner	Reporting	src/Reporting/Formatter/Html/HtmlFindingPartitioner.php	ast-name
Qualimetrix\Core\Symbol\SymbolType	Core.Symbol	Qualimetrix\Reporting\Formatter\MetricsJsonFormatter	Reporting	src/Reporting/Formatter/MetricsJsonFormatter.php	ast-name
Qualimetrix\Core\Symbol\SymbolType	Core.Symbol	Qualimetrix\Reporting\Formatter\Summary\TopIssuesRenderer	Reporting	src/Reporting/Formatter/Summary/TopIssuesRenderer.php	ast-name
Qualimetrix\Core\Symbol\SymbolType	Core.Symbol	Qualimetrix\Reporting\Formatter\TextFormatter	Reporting	src/Reporting/Formatter/TextFormatter.php	ast-name
Qualimetrix\Core\Time\ClockInterface	Core.Neutral	Qualimetrix\Analysis\Policy\Baseline\BaselineCleaner	Analysis.Policy.Baseline	src/Analysis/Policy/Baseline/BaselineCleaner.php	ast-name
Qualimetrix\Core\Time\ClockInterface	Core.Neutral	Qualimetrix\Analysis\Policy\Baseline\BaselineGenerator	Analysis.Policy.Baseline	src/Analysis/Policy/Baseline/BaselineGenerator.php	ast-name
Qualimetrix\Core\Time\ClockInterface	Core.Neutral	Qualimetrix\Analysis\Policy\Baseline\BaselineUpdater	Analysis.Policy.Baseline	src/Analysis/Policy/Baseline/BaselineUpdater.php	ast-name
Qualimetrix\Core\Time\ClockInterface	Core.Neutral	Qualimetrix\Infrastructure\DependencyInjection\Configurator\CoreServicesConfigurator	Infrastructure.DependencyInjection	src/Infrastructure/DependencyInjection/Configurator/CoreServicesConfigurator.php	ast-name
Qualimetrix\Core\Version	Core.Neutral	Qualimetrix\Infrastructure\Console\Application	Infrastructure.Console	src/Infrastructure/Console/Application.php	ast-name
Qualimetrix\Core\Version	Core.Neutral	Qualimetrix\Reporting\Formatter\Health\HealthTextFormatter	Reporting	src/Reporting/Formatter/Health/HealthTextFormatter.php	ast-name
Qualimetrix\Core\Version	Core.Neutral	Qualimetrix\Reporting\Formatter\Html\HtmlTreeBuilder	Reporting	src/Reporting/Formatter/Html/HtmlTreeBuilder.php	ast-name
Qualimetrix\Core\Version	Core.Neutral	Qualimetrix\Reporting\Formatter\MetricsJsonFormatter	Reporting	src/Reporting/Formatter/MetricsJsonFormatter.php	ast-name
Qualimetrix\Core\Version	Core.Neutral	Qualimetrix\Reporting\Formatter\Sarif\SarifFormatter	Reporting	src/Reporting/Formatter/Sarif/SarifFormatter.php	ast-name
Qualimetrix\Core\Version	Core.Neutral	Qualimetrix\Reporting\Formatter\Summary\SummaryFormatter	Reporting	src/Reporting/Formatter/Summary/SummaryFormatter.php	ast-name
Qualimetrix\Core\Version	Core.Neutral	Qualimetrix\Reporting\Formatter\TextFormatter	Reporting	src/Reporting/Formatter/TextFormatter.php	ast-name
Qualimetrix\Infrastructure\Ast\CachedFileParser	Infrastructure.Ast	Qualimetrix\Infrastructure\DependencyInjection\Configurator\ParserConfigurator	Infrastructure.DependencyInjection	src/Infrastructure/DependencyInjection/Configurator/ParserConfigurator.php	ast-name
Qualimetrix\Infrastructure\Ast\CachedFileParser	Infrastructure.Ast	Qualimetrix\Infrastructure\Parallel\WorkerBootstrap	Infrastructure.Parallel	src/Infrastructure/Parallel/WorkerBootstrap.php	ast-name
Qualimetrix\Infrastructure\Ast\PhpFileParser	Infrastructure.Ast	Qualimetrix\Infrastructure\DependencyInjection\Configurator\ParserConfigurator	Infrastructure.DependencyInjection	src/Infrastructure/DependencyInjection/Configurator/ParserConfigurator.php	ast-name
Qualimetrix\Infrastructure\Ast\PhpFileParser	Infrastructure.Ast	Qualimetrix\Infrastructure\Parallel\WorkerBootstrap	Infrastructure.Parallel	src/Infrastructure/Parallel/WorkerBootstrap.php	ast-name
Qualimetrix\Infrastructure\Cache\CacheFactory	Infrastructure.Cache	Qualimetrix\Infrastructure\Ast\CachedFileParser	Infrastructure.Ast	src/Infrastructure/Ast/CachedFileParser.php	ast-name
Qualimetrix\Infrastructure\Cache\CacheFactory	Infrastructure.Cache	Qualimetrix\Infrastructure\Ast\FileParserFactory	Infrastructure.Ast	src/Infrastructure/Ast/FileParserFactory.php	ast-name
Qualimetrix\Infrastructure\Cache\CacheFactory	Infrastructure.Cache	Qualimetrix\Infrastructure\Console\RuntimeConfigurator	Infrastructure.Console	src/Infrastructure/Console/RuntimeConfigurator.php	ast-name
Qualimetrix\Infrastructure\Cache\CacheFactory	Infrastructure.Cache	Qualimetrix\Infrastructure\DependencyInjection\Configurator\OutputConfigurator	Infrastructure.DependencyInjection	src/Infrastructure/DependencyInjection/Configurator/OutputConfigurator.php	ast-name
Qualimetrix\Infrastructure\Cache\CacheFactory	Infrastructure.Cache	Qualimetrix\Infrastructure\DependencyInjection\Configurator\ParserConfigurator	Infrastructure.DependencyInjection	src/Infrastructure/DependencyInjection/Configurator/ParserConfigurator.php	ast-name
Qualimetrix\Infrastructure\Cache\CacheInterface	Infrastructure.Cache	Qualimetrix\Infrastructure\Ast\CachedFileParser	Infrastructure.Ast	src/Infrastructure/Ast/CachedFileParser.php	ast-name
Qualimetrix\Infrastructure\Cache\CacheInterface	Infrastructure.Cache	Qualimetrix\Infrastructure\DependencyInjection\Configurator\ParserConfigurator	Infrastructure.DependencyInjection	src/Infrastructure/DependencyInjection/Configurator/ParserConfigurator.php	ast-name
Qualimetrix\Infrastructure\Cache\CacheKeyGenerator	Infrastructure.Cache	Qualimetrix\Infrastructure\Ast\CachedFileParser	Infrastructure.Ast	src/Infrastructure/Ast/CachedFileParser.php	ast-name
Qualimetrix\Infrastructure\Cache\CacheKeyGenerator	Infrastructure.Cache	Qualimetrix\Infrastructure\Ast\FileParserFactory	Infrastructure.Ast	src/Infrastructure/Ast/FileParserFactory.php	ast-name
Qualimetrix\Infrastructure\Cache\CacheKeyGenerator	Infrastructure.Cache	Qualimetrix\Infrastructure\DependencyInjection\Configurator\ParserConfigurator	Infrastructure.DependencyInjection	src/Infrastructure/DependencyInjection/Configurator/ParserConfigurator.php	ast-name
Qualimetrix\Infrastructure\Cache\CacheKeyGenerator	Infrastructure.Cache	Qualimetrix\Infrastructure\Parallel\WorkerBootstrap	Infrastructure.Parallel	src/Infrastructure/Parallel/WorkerBootstrap.php	ast-name
Qualimetrix\Infrastructure\Cache\CacheWriteException	Infrastructure.Cache	Qualimetrix\Infrastructure\Ast\CachedFileParser	Infrastructure.Ast	src/Infrastructure/Ast/CachedFileParser.php	ast-name
Qualimetrix\Infrastructure\Cache\Contract\CacheConfiguration	Infrastructure.Cache	Qualimetrix\Infrastructure\Console\CheckResolvedConfiguration	Infrastructure.Console	src/Infrastructure/Console/CheckResolvedConfiguration.php	ast-name
Qualimetrix\Infrastructure\Cache\Contract\CacheConfiguration	Infrastructure.Cache	Qualimetrix\Infrastructure\Console\RuntimeConfigurator	Infrastructure.Console	src/Infrastructure/Console/RuntimeConfigurator.php	ast-name
Qualimetrix\Infrastructure\Cache\Contract\CacheConfigurationResolverInterface	Infrastructure.Cache	Qualimetrix\Infrastructure\Console\AnalysisPreflight	Infrastructure.Console	src/Infrastructure/Console/AnalysisPreflight.php	ast-name
Qualimetrix\Infrastructure\Cache\Contract\CacheConfigurationResolverInterface	Infrastructure.Cache	Qualimetrix\Infrastructure\Console\CheckConfigurationResolvers	Infrastructure.Console	src/Infrastructure/Console/CheckConfigurationResolvers.php	ast-name
Qualimetrix\Infrastructure\Cache\Contract\CacheConfigurationResolverInterface	Infrastructure.Cache	Qualimetrix\Infrastructure\Console\Command\BaselineRun	Infrastructure.Console	src/Infrastructure/Console/Command/BaselineRun.php	ast-name
Qualimetrix\Infrastructure\Cache\Contract\CacheConfigurationResolverInterface	Infrastructure.Cache	Qualimetrix\Infrastructure\DependencyInjection\Configurator\OutputConfigurator	Infrastructure.DependencyInjection	src/Infrastructure/DependencyInjection/Configurator/OutputConfigurator.php	ast-name
Qualimetrix\Infrastructure\Cache\Contract\CacheConfigurationResolverInterface	Infrastructure.Cache	Qualimetrix\Infrastructure\DependencyInjection\Configurator\ParserConfigurator	Infrastructure.DependencyInjection	src/Infrastructure/DependencyInjection/Configurator/ParserConfigurator.php	ast-name
Qualimetrix\Infrastructure\Cache\Contract\CacheConfigurationStoreInterface	Infrastructure.Cache	Qualimetrix\Infrastructure\Ast\FileParserFactory	Infrastructure.Ast	src/Infrastructure/Ast/FileParserFactory.php	ast-name
Qualimetrix\Infrastructure\Cache\Contract\CacheConfigurationStoreInterface	Infrastructure.Cache	Qualimetrix\Infrastructure\DependencyInjection\Configurator\DependencyModelConfigurator	Infrastructure.DependencyInjection	src/Infrastructure/DependencyInjection/Configurator/DependencyModelConfigurator.php	ast-name
Qualimetrix\Infrastructure\Cache\Contract\CacheConfigurationStoreInterface	Infrastructure.Cache	Qualimetrix\Infrastructure\DependencyInjection\Configurator\ParserConfigurator	Infrastructure.DependencyInjection	src/Infrastructure/DependencyInjection/Configurator/ParserConfigurator.php	ast-name
Qualimetrix\Infrastructure\Cache\Contract\CacheConfigurationStoreInterface	Infrastructure.Cache	Qualimetrix\Infrastructure\Parallel\Strategy\StrategySelector	Infrastructure.Parallel	src/Infrastructure/Parallel/Strategy/StrategySelector.php	ast-name
Qualimetrix\Infrastructure\Cache\FileCache	Infrastructure.Cache	Qualimetrix\Infrastructure\Parallel\WorkerBootstrap	Infrastructure.Parallel	src/Infrastructure/Parallel/WorkerBootstrap.php	ast-name
Qualimetrix\Infrastructure\Composer\Contract\AnalysedInstallAnchorInterface	Infrastructure.Composer	Qualimetrix\Infrastructure\Console\RuntimeConfigurator	Infrastructure.Console	src/Infrastructure/Console/RuntimeConfigurator.php	ast-name
Qualimetrix\Infrastructure\Composer\Contract\AnalysedInstallAnchorInterface	Infrastructure.Composer	Qualimetrix\Infrastructure\DependencyInjection\Configurator\DesignConfigurator	Infrastructure.DependencyInjection	src/Infrastructure/DependencyInjection/Configurator/DesignConfigurator.php	ast-name
Qualimetrix\Infrastructure\Composer\Contract\AnalysedInstallAnchorInterface	Infrastructure.Composer	Qualimetrix\Infrastructure\DependencyInjection\Configurator\OutputConfigurator	Infrastructure.DependencyInjection	src/Infrastructure/DependencyInjection/Configurator/OutputConfigurator.php	ast-name
Qualimetrix\Infrastructure\Git\GitRepositoryLocatorInterface	Infrastructure.Git	Qualimetrix\Infrastructure\Console\Command\AbstractHookCommand	Infrastructure.Console	src/Infrastructure/Console/Command/AbstractHookCommand.php	ast-name
Qualimetrix\Infrastructure\Git\GitRepositoryLocatorInterface	Infrastructure.Git	Qualimetrix\Infrastructure\DependencyInjection\Configurator\OutputConfigurator	Infrastructure.DependencyInjection	src/Infrastructure/DependencyInjection/Configurator/OutputConfigurator.php	ast-name
Qualimetrix\Infrastructure\Git\GitScope	Infrastructure.Git	Qualimetrix\Infrastructure\Console\ResultPresenter	Infrastructure.Console	src/Infrastructure/Console/ResultPresenter.php	ast-name
Qualimetrix\Infrastructure\Git\GitScopeResolution	Infrastructure.Git	Qualimetrix\Infrastructure\Console\FindingFilterOrchestrator	Infrastructure.Console	src/Infrastructure/Console/FindingFilterOrchestrator.php	ast-name
Qualimetrix\Infrastructure\Git\GitScopeResolution	Infrastructure.Git	Qualimetrix\Infrastructure\Console\ResolvedCheckScope	Infrastructure.Console	src/Infrastructure/Console/ResolvedCheckScope.php	ast-name
Qualimetrix\Infrastructure\Git\GitScopeResolver	Infrastructure.Git	Qualimetrix\Infrastructure\Console\CheckScopeResolver	Infrastructure.Console	src/Infrastructure/Console/CheckScopeResolver.php	ast-name
Qualimetrix\Infrastructure\Logging\Contract\LoggerFactoryInterface	Infrastructure.Logging	Qualimetrix\Infrastructure\Console\RuntimeLoggerConfigurator	Infrastructure.Console	src/Infrastructure/Console/RuntimeLoggerConfigurator.php	ast-name
Qualimetrix\Infrastructure\Logging\Contract\LoggerFactoryInterface	Infrastructure.Logging	Qualimetrix\Infrastructure\DependencyInjection\Configurator\CoreServicesConfigurator	Infrastructure.DependencyInjection	src/Infrastructure/DependencyInjection/Configurator/CoreServicesConfigurator.php	ast-name
Qualimetrix\Infrastructure\Logging\Contract\LoggerFactoryInterface	Infrastructure.Logging	Qualimetrix\Infrastructure\DependencyInjection\Configurator\OutputConfigurator	Infrastructure.DependencyInjection	src/Infrastructure/DependencyInjection/Configurator/OutputConfigurator.php	ast-name
Qualimetrix\Infrastructure\Logging\LoggerFactory	Infrastructure.Logging	Qualimetrix\Infrastructure\DependencyInjection\Configurator\CoreServicesConfigurator	Infrastructure.DependencyInjection	src/Infrastructure/DependencyInjection/Configurator/CoreServicesConfigurator.php	ast-name
Qualimetrix\Infrastructure\Logging\LoggerHolder	Infrastructure.Logging	Qualimetrix\Infrastructure\Console\RuntimeLoggerConfigurator	Infrastructure.Console	src/Infrastructure/Console/RuntimeLoggerConfigurator.php	ast-name
Qualimetrix\Infrastructure\Logging\LoggerHolder	Infrastructure.Logging	Qualimetrix\Infrastructure\DependencyInjection\Configurator\CoreServicesConfigurator	Infrastructure.DependencyInjection	src/Infrastructure/DependencyInjection/Configurator/CoreServicesConfigurator.php	ast-name
Qualimetrix\Infrastructure\Logging\LoggerHolder	Infrastructure.Logging	Qualimetrix\Infrastructure\DependencyInjection\Configurator\OutputConfigurator	Infrastructure.DependencyInjection	src/Infrastructure/DependencyInjection/Configurator/OutputConfigurator.php	ast-name
Qualimetrix\Infrastructure\Parallel\Contract\ParallelConfiguration	Infrastructure.Parallel	Qualimetrix\Infrastructure\Console\CheckResolvedConfiguration	Infrastructure.Console	src/Infrastructure/Console/CheckResolvedConfiguration.php	ast-name
Qualimetrix\Infrastructure\Parallel\Contract\ParallelConfiguration	Infrastructure.Parallel	Qualimetrix\Infrastructure\Console\RuntimeConfigurator	Infrastructure.Console	src/Infrastructure/Console/RuntimeConfigurator.php	ast-name
Qualimetrix\Infrastructure\Parallel\Contract\ParallelConfigurationResolverInterface	Infrastructure.Parallel	Qualimetrix\Infrastructure\Console\AnalysisPreflight	Infrastructure.Console	src/Infrastructure/Console/AnalysisPreflight.php	ast-name
Qualimetrix\Infrastructure\Parallel\Contract\ParallelConfigurationResolverInterface	Infrastructure.Parallel	Qualimetrix\Infrastructure\Console\CheckConfigurationResolvers	Infrastructure.Console	src/Infrastructure/Console/CheckConfigurationResolvers.php	ast-name
Qualimetrix\Infrastructure\Parallel\Contract\ParallelConfigurationResolverInterface	Infrastructure.Parallel	Qualimetrix\Infrastructure\Console\Command\BaselineRun	Infrastructure.Console	src/Infrastructure/Console/Command/BaselineRun.php	ast-name
Qualimetrix\Infrastructure\Parallel\Contract\ParallelConfigurationResolverInterface	Infrastructure.Parallel	Qualimetrix\Infrastructure\DependencyInjection\Configurator\CollectorConfigurator	Infrastructure.DependencyInjection	src/Infrastructure/DependencyInjection/Configurator/CollectorConfigurator.php	ast-name
Qualimetrix\Infrastructure\Parallel\Contract\ParallelConfigurationResolverInterface	Infrastructure.Parallel	Qualimetrix\Infrastructure\DependencyInjection\Configurator\OutputConfigurator	Infrastructure.DependencyInjection	src/Infrastructure/DependencyInjection/Configurator/OutputConfigurator.php	ast-name
Qualimetrix\Infrastructure\Parallel\Contract\ParallelConfigurationStoreInterface	Infrastructure.Parallel	Qualimetrix\Infrastructure\Console\RuntimeConfigurator	Infrastructure.Console	src/Infrastructure/Console/RuntimeConfigurator.php	ast-name
Qualimetrix\Infrastructure\Parallel\Contract\ParallelConfigurationStoreInterface	Infrastructure.Parallel	Qualimetrix\Infrastructure\DependencyInjection\Configurator\CollectorConfigurator	Infrastructure.DependencyInjection	src/Infrastructure/DependencyInjection/Configurator/CollectorConfigurator.php	ast-name
Qualimetrix\Infrastructure\Parallel\Contract\ParallelConfigurationStoreInterface	Infrastructure.Parallel	Qualimetrix\Infrastructure\DependencyInjection\Configurator\DependencyModelConfigurator	Infrastructure.DependencyInjection	src/Infrastructure/DependencyInjection/Configurator/DependencyModelConfigurator.php	ast-name
Qualimetrix\Infrastructure\Parallel\Contract\ParallelConfigurationStoreInterface	Infrastructure.Parallel	Qualimetrix\Infrastructure\DependencyInjection\Configurator\OutputConfigurator	Infrastructure.DependencyInjection	src/Infrastructure/DependencyInjection/Configurator/OutputConfigurator.php	ast-name
Qualimetrix\Infrastructure\Profiler\Contract\ProfileFormat	Infrastructure.Profiler	Qualimetrix\Infrastructure\Console\ProfilePresenter	Infrastructure.Console	src/Infrastructure/Console/ProfilePresenter.php	ast-name
Qualimetrix\Infrastructure\Profiler\Contract\ProfileReportInterface	Infrastructure.Profiler	Qualimetrix\Infrastructure\Console\ProfilePresenter	Infrastructure.Console	src/Infrastructure/Console/ProfilePresenter.php	ast-name
Qualimetrix\Infrastructure\Profiler\Contract\ProfileReportInterface	Infrastructure.Profiler	Qualimetrix\Infrastructure\DependencyInjection\Configurator\CoreServicesConfigurator	Infrastructure.DependencyInjection	src/Infrastructure/DependencyInjection/Configurator/CoreServicesConfigurator.php	ast-name
Qualimetrix\Infrastructure\Profiler\Contract\ProfileReportInterface	Infrastructure.Profiler	Qualimetrix\Infrastructure\DependencyInjection\Configurator\OutputConfigurator	Infrastructure.DependencyInjection	src/Infrastructure/DependencyInjection/Configurator/OutputConfigurator.php	ast-name
Qualimetrix\Infrastructure\Profiler\Contract\ProfileSessionControlInterface	Infrastructure.Profiler	Qualimetrix\Infrastructure\Console\RuntimeConfigurator	Infrastructure.Console	src/Infrastructure/Console/RuntimeConfigurator.php	ast-name
Qualimetrix\Infrastructure\Profiler\Contract\ProfileSessionControlInterface	Infrastructure.Profiler	Qualimetrix\Infrastructure\DependencyInjection\Configurator\CoreServicesConfigurator	Infrastructure.DependencyInjection	src/Infrastructure/DependencyInjection/Configurator/CoreServicesConfigurator.php	ast-name
Qualimetrix\Infrastructure\Profiler\Contract\ProfileSessionControlInterface	Infrastructure.Profiler	Qualimetrix\Infrastructure\DependencyInjection\Configurator\OutputConfigurator	Infrastructure.DependencyInjection	src/Infrastructure/DependencyInjection/Configurator/OutputConfigurator.php	ast-name
Qualimetrix\Infrastructure\Profiler\Contract\ProfileSummary	Infrastructure.Profiler	Qualimetrix\Infrastructure\Console\ProfileSummaryRenderer	Infrastructure.Console	src/Infrastructure/Console/ProfileSummaryRenderer.php	ast-name
Qualimetrix\Infrastructure\Rule\Contract\RuleChannelSnapshotFactoryInterface	Infrastructure.Rule	Qualimetrix\Infrastructure\Console\RuleInputValidator	Infrastructure.Console	src/Infrastructure/Console/RuleInputValidator.php	ast-name
Qualimetrix\Infrastructure\Rule\Contract\RuleChannelSnapshotFactoryInterface	Infrastructure.Rule	Qualimetrix\Infrastructure\DependencyInjection\Configurator\OutputConfigurator	Infrastructure.DependencyInjection	src/Infrastructure/DependencyInjection/Configurator/OutputConfigurator.php	ast-name
Qualimetrix\Infrastructure\Rule\Contract\RuleChannelSnapshotFactoryInterface	Infrastructure.Rule	Qualimetrix\Infrastructure\DependencyInjection\Configurator\RuleConfigurator	Infrastructure.DependencyInjection	src/Infrastructure/DependencyInjection/Configurator/RuleConfigurator.php	ast-name
Qualimetrix\Infrastructure\Rule\RuleRegistryInterface	Infrastructure.Rule	Qualimetrix\Infrastructure\Console\CheckCommandDefinition	Infrastructure.Console	src/Infrastructure/Console/CheckCommandDefinition.php	ast-name
Qualimetrix\Infrastructure\Rule\RuleRegistryInterface	Infrastructure.Rule	Qualimetrix\Infrastructure\Console\Command\BaselineConfiguredThresholds	Infrastructure.Console	src/Infrastructure/Console/Command/BaselineConfiguredThresholds.php	ast-name
Qualimetrix\Infrastructure\Rule\RuleRegistryInterface	Infrastructure.Rule	Qualimetrix\Infrastructure\Console\RuleInputValidator	Infrastructure.Console	src/Infrastructure/Console/RuleInputValidator.php	ast-name
Qualimetrix\Infrastructure\Rule\RuleRegistryInterface	Infrastructure.Rule	Qualimetrix\Infrastructure\DependencyInjection\Configurator\OutputConfigurator	Infrastructure.DependencyInjection	src/Infrastructure/DependencyInjection/Configurator/OutputConfigurator.php	ast-name
Qualimetrix\Infrastructure\Rule\RuleRegistryInterface	Infrastructure.Rule	Qualimetrix\Infrastructure\DependencyInjection\Configurator\RuleConfigurator	Infrastructure.DependencyInjection	src/Infrastructure/DependencyInjection/Configurator/RuleConfigurator.php	ast-name
Qualimetrix\Infrastructure\Serializer\SerializerInterface	Infrastructure.Serializer	Qualimetrix\Infrastructure\Cache\FileCache	Infrastructure.Cache	src/Infrastructure/Cache/FileCache.php	ast-name
Qualimetrix\Infrastructure\Serializer\SerializerSelector	Infrastructure.Serializer	Qualimetrix\Infrastructure\Cache\FileCache	Infrastructure.Cache	src/Infrastructure/Cache/FileCache.php	ast-name
Qualimetrix\Reporting\Contract\OutputFormat	Reporting	Qualimetrix\Infrastructure\Console\CheckResolvedConfiguration	Infrastructure.Console	src/Infrastructure/Console/CheckResolvedConfiguration.php	ast-name
Qualimetrix\Reporting\Contract\OutputFormat	Reporting	Qualimetrix\Infrastructure\Console\ResultPresenter	Infrastructure.Console	src/Infrastructure/Console/ResultPresenter.php	ast-name
Qualimetrix\Reporting\Contract\OutputFormatResolverInterface	Reporting	Qualimetrix\Infrastructure\Console\CheckConfigurationResolvers	Infrastructure.Console	src/Infrastructure/Console/CheckConfigurationResolvers.php	ast-name
Qualimetrix\Reporting\Contract\OutputFormatResolverInterface	Reporting	Qualimetrix\Infrastructure\DependencyInjection\Configurator\OutputConfigurator	Infrastructure.DependencyInjection	src/Infrastructure/DependencyInjection/Configurator/OutputConfigurator.php	ast-name
Qualimetrix\Reporting\CoverageFailure	Reporting	Qualimetrix\Infrastructure\Console\ResultPresenter	Infrastructure.Console	src/Infrastructure/Console/ResultPresenter.php	ast-name
Qualimetrix\Reporting\DrillDown\DrillDownBinding	Reporting	Qualimetrix\Infrastructure\Console\ResultPresenter	Infrastructure.Console	src/Infrastructure/Console/ResultPresenter.php	ast-name
Qualimetrix\Reporting\DrillDown\FindingFilter	Reporting	Qualimetrix\Infrastructure\Console\ResultPresenter	Infrastructure.Console	src/Infrastructure/Console/ResultPresenter.php	ast-name
Qualimetrix\Reporting\DrillDown\FindingFilter	Reporting	Qualimetrix\Infrastructure\DependencyInjection\Configurator\OutputConfigurator	Infrastructure.DependencyInjection	src/Infrastructure/DependencyInjection/Configurator/OutputConfigurator.php	ast-name
Qualimetrix\Reporting\FindingProjection\Contract\ConfiguredFindingExclusions	Reporting	Qualimetrix\Infrastructure\Console\CheckResolvedConfiguration	Infrastructure.Console	src/Infrastructure/Console/CheckResolvedConfiguration.php	ast-name
Qualimetrix\Reporting\FindingProjection\Contract\ConfiguredFindingExclusions	Reporting	Qualimetrix\Infrastructure\Console\FindingFilterOrchestrator	Infrastructure.Console	src/Infrastructure/Console/FindingFilterOrchestrator.php	ast-name
Qualimetrix\Reporting\FindingProjection\Contract\ConfiguredFindingExclusionsResolverInterface	Reporting	Qualimetrix\Infrastructure\Console\CheckConfigurationResolvers	Infrastructure.Console	src/Infrastructure/Console/CheckConfigurationResolvers.php	ast-name
Qualimetrix\Reporting\FindingProjection\Contract\ConfiguredFindingExclusionsResolverInterface	Reporting	Qualimetrix\Infrastructure\Console\Command\BaselineRun	Infrastructure.Console	src/Infrastructure/Console/Command/BaselineRun.php	ast-name
Qualimetrix\Reporting\FindingProjection\Contract\ConfiguredFindingExclusionsResolverInterface	Reporting	Qualimetrix\Infrastructure\DependencyInjection\Configurator\OutputConfigurator	Infrastructure.DependencyInjection	src/Infrastructure/DependencyInjection/Configurator/OutputConfigurator.php	ast-name
Qualimetrix\Reporting\FindingProjection\Contract\GitScopeQueryInterface	Reporting	Qualimetrix\Infrastructure\DependencyInjection\Configurator\OutputConfigurator	Infrastructure.DependencyInjection	src/Infrastructure/DependencyInjection/Configurator/OutputConfigurator.php	ast-name
Qualimetrix\Reporting\FindingProjection\Contract\GitScopeQueryInterface	Reporting	Qualimetrix\Infrastructure\Git\ReportingGitScopeQuery	Infrastructure.Git	src/Infrastructure/Git/ReportingGitScopeQuery.php	ast-name
Qualimetrix\Reporting\FindingProjection\Contract\GitScopeRequest	Reporting	Qualimetrix\Infrastructure\Console\FindingFilterOrchestrator	Infrastructure.Console	src/Infrastructure/Console/FindingFilterOrchestrator.php	ast-name
Qualimetrix\Reporting\FindingProjection\Contract\GitScopeRequest	Reporting	Qualimetrix\Infrastructure\Git\ReportingGitScopeQuery	Infrastructure.Git	src/Infrastructure/Git/ReportingGitScopeQuery.php	ast-name
Qualimetrix\Reporting\FindingProjection\Contract\GitScopeResult	Reporting	Qualimetrix\Infrastructure\Git\ReportingGitScopeQuery	Infrastructure.Git	src/Infrastructure/Git/ReportingGitScopeQuery.php	ast-name
Qualimetrix\Reporting\FindingProjection\FindingProjectionOptions	Reporting	Qualimetrix\Infrastructure\Console\Command\BaselineRun	Infrastructure.Console	src/Infrastructure/Console/Command/BaselineRun.php	ast-name
Qualimetrix\Reporting\FindingProjection\FindingProjectionOptions	Reporting	Qualimetrix\Infrastructure\Console\FindingFilterOrchestrator	Infrastructure.Console	src/Infrastructure/Console/FindingFilterOrchestrator.php	ast-name
Qualimetrix\Reporting\FindingProjection\FindingProjectionOptions	Reporting	Qualimetrix\Infrastructure\Console\MeasuredFindingSet	Infrastructure.Console	src/Infrastructure/Console/MeasuredFindingSet.php	ast-name
Qualimetrix\Reporting\FindingProjection\FindingProjectionOptions	Reporting	Qualimetrix\Infrastructure\Console\ResultPresenter	Infrastructure.Console	src/Infrastructure/Console/ResultPresenter.php	ast-name
Qualimetrix\Reporting\FindingProjection\FindingProjectionResult	Reporting	Qualimetrix\Infrastructure\Console\FindingFilterOrchestrator	Infrastructure.Console	src/Infrastructure/Console/FindingFilterOrchestrator.php	ast-name
Qualimetrix\Reporting\FindingProjection\FindingProjectionResult	Reporting	Qualimetrix\Infrastructure\Console\ResultPresenter	Infrastructure.Console	src/Infrastructure/Console/ResultPresenter.php	ast-name
Qualimetrix\Reporting\FindingProjection\FindingProjector	Reporting	Qualimetrix\Infrastructure\Console\FindingFilterOrchestrator	Infrastructure.Console	src/Infrastructure/Console/FindingFilterOrchestrator.php	ast-name
Qualimetrix\Reporting\FindingProjection\FindingProjector	Reporting	Qualimetrix\Infrastructure\Console\MeasuredFindingSet	Infrastructure.Console	src/Infrastructure/Console/MeasuredFindingSet.php	ast-name
Qualimetrix\Reporting\FindingProjection\SuppressionCompositionBuilder	Reporting	Qualimetrix\Infrastructure\Console\ResultPresenter	Infrastructure.Console	src/Infrastructure/Console/ResultPresenter.php	ast-name
Qualimetrix\Reporting\FormatterContext	Reporting	Qualimetrix\Infrastructure\Console\FormatterContextFactory	Infrastructure.Console	src/Infrastructure/Console/FormatterContextFactory.php	ast-name
Qualimetrix\Reporting\FormatterContext	Reporting	Qualimetrix\Infrastructure\Console\ResultPresenter	Infrastructure.Console	src/Infrastructure/Console/ResultPresenter.php	ast-name
Qualimetrix\Reporting\Formatter\FormatterInterface	Reporting	Qualimetrix\Infrastructure\Console\FormatterContextFactory	Infrastructure.Console	src/Infrastructure/Console/FormatterContextFactory.php	ast-name
Qualimetrix\Reporting\Formatter\FormatterInterface	Reporting	Qualimetrix\Infrastructure\DependencyInjection\ContainerFactory	Infrastructure.DependencyInjection	src/Infrastructure/DependencyInjection/ContainerFactory.php	ast-name
Qualimetrix\Reporting\Formatter\FormatterRegistryInterface	Reporting	Qualimetrix\Infrastructure\Console\FormatterContextFactory	Infrastructure.Console	src/Infrastructure/Console/FormatterContextFactory.php	ast-name
Qualimetrix\Reporting\Formatter\FormatterRegistryInterface	Reporting	Qualimetrix\Infrastructure\Console\ResultPresenter	Infrastructure.Console	src/Infrastructure/Console/ResultPresenter.php	ast-name
Qualimetrix\Reporting\Formatter\FormatterRegistryInterface	Reporting	Qualimetrix\Infrastructure\DependencyInjection\Configurator\OutputConfigurator	Infrastructure.DependencyInjection	src/Infrastructure/DependencyInjection/Configurator/OutputConfigurator.php	ast-name
Qualimetrix\Reporting\GraphProjection\Contract\DependencyGraphProjectionInterface	Reporting.GraphProjection	Qualimetrix\Infrastructure\Console\Command\GraphExportCommand	Infrastructure.Console	src/Infrastructure/Console/Command/GraphExportCommand.php	ast-name
Qualimetrix\Reporting\GraphProjection\Contract\GraphDirection	Reporting.GraphProjection	Qualimetrix\Infrastructure\Console\Command\GraphExportCommand	Infrastructure.Console	src/Infrastructure/Console/Command/GraphExportCommand.php	ast-name
Qualimetrix\Reporting\GraphProjection\Contract\GraphExportFormat	Reporting.GraphProjection	Qualimetrix\Infrastructure\Console\Command\GraphExportCommand	Infrastructure.Console	src/Infrastructure/Console/Command/GraphExportCommand.php	ast-name
Qualimetrix\Reporting\GraphProjection\Contract\GraphProjectionRequest	Reporting.GraphProjection	Qualimetrix\Infrastructure\Console\Command\GraphExportCommand	Infrastructure.Console	src/Infrastructure/Console/Command/GraphExportCommand.php	ast-name
Qualimetrix\Reporting\GroupBy	Reporting	Qualimetrix\Infrastructure\Console\FormatterContextFactory	Infrastructure.Console	src/Infrastructure/Console/FormatterContextFactory.php	ast-name
Qualimetrix\Reporting\Health\SummaryEnricher	Reporting	Qualimetrix\Infrastructure\Console\ResultPresenter	Infrastructure.Console	src/Infrastructure/Console/ResultPresenter.php	ast-name
Qualimetrix\Reporting\Health\SummaryEnricher	Reporting	Qualimetrix\Infrastructure\DependencyInjection\Configurator\OutputConfigurator	Infrastructure.DependencyInjection	src/Infrastructure/DependencyInjection/Configurator/OutputConfigurator.php	ast-name
Qualimetrix\Reporting\ReportBuilder	Reporting	Qualimetrix\Infrastructure\Console\ResultPresenter	Infrastructure.Console	src/Infrastructure/Console/ResultPresenter.php	ast-name
Qualimetrix\Reporting\ReportCoverage	Reporting	Qualimetrix\Infrastructure\Console\ExitCodeResolver	Infrastructure.Console	src/Infrastructure/Console/ExitCodeResolver.php	ast-name
Qualimetrix\Reporting\ReportCoverage	Reporting	Qualimetrix\Infrastructure\Console\ResultPresenter	Infrastructure.Console	src/Infrastructure/Console/ResultPresenter.php	ast-name
