consumer	consumer_owner	dependency	dependency_owner	dependency_visibility
Qualimetrix\Analysis\Configuration\Contract\ConfigurationDocument	Analysis.Configuration	Qualimetrix\Core\Path\AbsolutePath	Core.Path	contract
Qualimetrix\Analysis\Configuration\Contract\Pipeline\ConfigurationResolutionRequest	Analysis.Configuration	Qualimetrix\Core\Path\AbsolutePath	Core.Path	contract
Qualimetrix\Analysis\Configuration\SelectorYamlDecoder	Analysis.Configuration	Qualimetrix\Core\Pattern\NamespacePattern	Core.Neutral	contract
Qualimetrix\Analysis\Configuration\SelectorYamlDecoder	Analysis.Configuration	Qualimetrix\Core\Pattern\PathPattern	Core.Neutral	contract
Qualimetrix\Analysis\Configuration\SelectorYamlDecoder	Analysis.Configuration	Qualimetrix\Core\Pattern\SelectorDefinition	Core.Neutral	contract
Qualimetrix\Analysis\Evidence\CircularDependency\CircularDependencyAnalysis	Analysis.Evidence.CircularDependency	Qualimetrix\Analysis\Evidence\DependencyModel\Contract\DependencyGraphInterface	Analysis.Evidence.DependencyModel	contract
Qualimetrix\Analysis\Evidence\CircularDependency\CircularDependencyDetector	Analysis.Evidence.CircularDependency	Qualimetrix\Analysis\Evidence\DependencyModel\Contract\DependencyGraphInterface	Analysis.Evidence.DependencyModel	contract
Qualimetrix\Analysis\Evidence\CircularDependency\CircularDependencyDetector	Analysis.Evidence.CircularDependency	Qualimetrix\Core\Symbol\SymbolPath	Core.Symbol	contract
Qualimetrix\Analysis\Evidence\CircularDependency\CircularDependencyOptions	Analysis.Evidence.CircularDependency	Qualimetrix\Analysis\Finding\Contract\Rule\RuleOptionKey	Analysis.Finding	contract
Qualimetrix\Analysis\Evidence\CircularDependency\CircularDependencyOptions	Analysis.Evidence.CircularDependency	Qualimetrix\Analysis\Finding\Contract\Rule\RuleOptionKeySet	Analysis.Finding	contract
Qualimetrix\Analysis\Evidence\CircularDependency\CircularDependencyOptions	Analysis.Evidence.CircularDependency	Qualimetrix\Analysis\Finding\Contract\Rule\RuleOptionShape	Analysis.Finding	contract
Qualimetrix\Analysis\Evidence\CircularDependency\CircularDependencyOptions	Analysis.Evidence.CircularDependency	Qualimetrix\Analysis\Finding\Contract\Rule\RuleOptionsInterface	Analysis.Finding	contract
Qualimetrix\Analysis\Evidence\CircularDependency\CircularDependencyOptions	Analysis.Evidence.CircularDependency	Qualimetrix\Analysis\Finding\Contract\Severity	Analysis.Finding	contract
Qualimetrix\Analysis\Evidence\CircularDependency\CircularDependencyRule	Analysis.Evidence.CircularDependency	Qualimetrix\Analysis\Finding\Contract\ChannelDeclaration	Analysis.Finding	contract
Qualimetrix\Analysis\Evidence\CircularDependency\CircularDependencyRule	Analysis.Evidence.CircularDependency	Qualimetrix\Analysis\Finding\Contract\ChannelShape	Analysis.Finding	contract
Qualimetrix\Analysis\Evidence\CircularDependency\CircularDependencyRule	Analysis.Evidence.CircularDependency	Qualimetrix\Analysis\Finding\Contract\Finding	Analysis.Finding	contract
Qualimetrix\Analysis\Evidence\CircularDependency\CircularDependencyRule	Analysis.Evidence.CircularDependency	Qualimetrix\Analysis\Finding\Contract\Location	Analysis.Finding	contract
Qualimetrix\Analysis\Evidence\CircularDependency\CircularDependencyRule	Analysis.Evidence.CircularDependency	Qualimetrix\Analysis\Finding\Contract\OccurrenceKey	Analysis.Finding	contract
Qualimetrix\Analysis\Evidence\CircularDependency\CircularDependencyRule	Analysis.Evidence.CircularDependency	Qualimetrix\Analysis\Finding\Contract\Rule\AbstractRule	Analysis.Finding	contract
Qualimetrix\Analysis\Evidence\CircularDependency\CircularDependencyRule	Analysis.Evidence.CircularDependency	Qualimetrix\Analysis\Finding\Contract\Rule\AnalysisContext	Analysis.Finding	contract
Qualimetrix\Analysis\Evidence\CircularDependency\CircularDependencyRule	Analysis.Evidence.CircularDependency	Qualimetrix\Analysis\Finding\Contract\Rule\Attribute\CliAlias	Analysis.Finding	contract
Qualimetrix\Analysis\Evidence\CircularDependency\CircularDependencyRule	Analysis.Evidence.CircularDependency	Qualimetrix\Analysis\Finding\Contract\Rule\RuleOptionsInterface	Analysis.Finding	contract
Qualimetrix\Analysis\Evidence\CircularDependency\CircularDependencyRule	Analysis.Evidence.CircularDependency	Qualimetrix\Core\Observation\WorseDirection	Core.Neutral	contract
Qualimetrix\Analysis\Evidence\CircularDependency\CircularDependencyRule	Analysis.Evidence.CircularDependency	Qualimetrix\Core\Symbol\MetricSubject	Core.Symbol	contract
Qualimetrix\Analysis\Evidence\CircularDependency\CircularDependencyRule	Analysis.Evidence.CircularDependency	Qualimetrix\Core\Symbol\SymbolLevel	Core.Symbol	contract
Qualimetrix\Analysis\Evidence\CircularDependency\CircularDependencyRule	Analysis.Evidence.CircularDependency	Qualimetrix\Core\Symbol\SymbolPath	Core.Symbol	contract
Qualimetrix\Analysis\Evidence\CircularDependency\Contract\CircularDependencyPreparationInterface	Analysis.Evidence.CircularDependency	Qualimetrix\Analysis\Evidence\DependencyModel\Contract\DependencyGraphInterface	Analysis.Evidence.DependencyModel	contract
Qualimetrix\Analysis\Evidence\CircularDependency\Cycle	Analysis.Evidence.CircularDependency	Qualimetrix\Core\Symbol\SymbolPath	Core.Symbol	contract
Qualimetrix\Analysis\Evidence\CircularDependency\CycleMemberLabels	Analysis.Evidence.CircularDependency	Qualimetrix\Core\Symbol\SymbolPath	Core.Symbol	contract
Qualimetrix\Analysis\Evidence\CodeSmell\AbstractCodeSmellRule	Analysis.Evidence.CodeSmell	Qualimetrix\Analysis\Finding\Contract\ChannelDeclaration	Analysis.Finding	contract
Qualimetrix\Analysis\Evidence\CodeSmell\AbstractCodeSmellRule	Analysis.Evidence.CodeSmell	Qualimetrix\Analysis\Finding\Contract\ChannelShape	Analysis.Finding	contract
Qualimetrix\Analysis\Evidence\CodeSmell\AbstractCodeSmellRule	Analysis.Evidence.CodeSmell	Qualimetrix\Analysis\Finding\Contract\Rule\AbstractRule	Analysis.Finding	contract
Qualimetrix\Analysis\Evidence\CodeSmell\AbstractCodeSmellRule	Analysis.Evidence.CodeSmell	Qualimetrix\Analysis\Finding\Contract\Rule\AnalysisContext	Analysis.Finding	contract
Qualimetrix\Analysis\Evidence\CodeSmell\AbstractCodeSmellRule	Analysis.Evidence.CodeSmell	Qualimetrix\Analysis\Finding\Contract\Severity	Analysis.Finding	contract
Qualimetrix\Analysis\Evidence\CodeSmell\AbstractCodeSmellRule	Analysis.Evidence.CodeSmell	Qualimetrix\Core\Symbol\SymbolLevel	Core.Symbol	contract
Qualimetrix\Analysis\Evidence\CodeSmell\BooleanArgumentOptions	Analysis.Evidence.CodeSmell	Qualimetrix\Analysis\Finding\Contract\Rule\RuleOptionKey	Analysis.Finding	contract
Qualimetrix\Analysis\Evidence\CodeSmell\BooleanArgumentOptions	Analysis.Evidence.CodeSmell	Qualimetrix\Analysis\Finding\Contract\Rule\RuleOptionKeySet	Analysis.Finding	contract
Qualimetrix\Analysis\Evidence\CodeSmell\BooleanArgumentOptions	Analysis.Evidence.CodeSmell	Qualimetrix\Analysis\Finding\Contract\Rule\RuleOptionShape	Analysis.Finding	contract
Qualimetrix\Analysis\Evidence\CodeSmell\BooleanArgumentOptions	Analysis.Evidence.CodeSmell	Qualimetrix\Analysis\Finding\Contract\Rule\RuleOptionsInterface	Analysis.Finding	contract
Qualimetrix\Analysis\Evidence\CodeSmell\BooleanArgumentOptions	Analysis.Evidence.CodeSmell	Qualimetrix\Analysis\Finding\Contract\Severity	Analysis.Finding	contract
Qualimetrix\Analysis\Evidence\CodeSmell\BooleanArgumentRule	Analysis.Evidence.CodeSmell	Qualimetrix\Analysis\Finding\Contract\Severity	Analysis.Finding	contract
Qualimetrix\Analysis\Evidence\CodeSmell\CodeSmellCollector	Analysis.Evidence.CodeSmell	Qualimetrix\Analysis\Evidence\Measurement\Contract\AbstractCollector	Analysis.Evidence.Measurement	contract
Qualimetrix\Analysis\Evidence\CodeSmell\CodeSmellCollector	Analysis.Evidence.CodeSmell	Qualimetrix\Analysis\Evidence\Measurement\Contract\MetricBag	Analysis.Evidence.Measurement	contract
Qualimetrix\Analysis\Evidence\CodeSmell\CodeSmellFinding	Analysis.Evidence.CodeSmell	Qualimetrix\Analysis\Finding\Contract\Finding	Analysis.Finding	contract
Qualimetrix\Analysis\Evidence\CodeSmell\CodeSmellFinding	Analysis.Evidence.CodeSmell	Qualimetrix\Analysis\Finding\Contract\Location	Analysis.Finding	contract
Qualimetrix\Analysis\Evidence\CodeSmell\CodeSmellFinding	Analysis.Evidence.CodeSmell	Qualimetrix\Analysis\Finding\Contract\OccurrenceKey	Analysis.Finding	contract
Qualimetrix\Analysis\Evidence\CodeSmell\CodeSmellFinding	Analysis.Evidence.CodeSmell	Qualimetrix\Analysis\Finding\Contract\Severity	Analysis.Finding	contract
Qualimetrix\Analysis\Evidence\CodeSmell\CodeSmellFinding	Analysis.Evidence.CodeSmell	Qualimetrix\Core\Path\RelativePath	Core.Path	contract
Qualimetrix\Analysis\Evidence\CodeSmell\CodeSmellFinding	Analysis.Evidence.CodeSmell	Qualimetrix\Core\Symbol\MetricSubject	Core.Symbol	contract
Qualimetrix\Analysis\Evidence\CodeSmell\CodeSmellFinding	Analysis.Evidence.CodeSmell	Qualimetrix\Core\Symbol\MetricSubjectCodec	Core.Symbol	contract
Qualimetrix\Analysis\Evidence\CodeSmell\CodeSmellFinding	Analysis.Evidence.CodeSmell	Qualimetrix\Core\Symbol\SymbolPath	Core.Symbol	contract
Qualimetrix\Analysis\Evidence\CodeSmell\CodeSmellOptions	Analysis.Evidence.CodeSmell	Qualimetrix\Analysis\Finding\Contract\Rule\RuleOptionKey	Analysis.Finding	contract
Qualimetrix\Analysis\Evidence\CodeSmell\CodeSmellOptions	Analysis.Evidence.CodeSmell	Qualimetrix\Analysis\Finding\Contract\Rule\RuleOptionKeySet	Analysis.Finding	contract
Qualimetrix\Analysis\Evidence\CodeSmell\CodeSmellOptions	Analysis.Evidence.CodeSmell	Qualimetrix\Analysis\Finding\Contract\Rule\RuleOptionShape	Analysis.Finding	contract
Qualimetrix\Analysis\Evidence\CodeSmell\CodeSmellOptions	Analysis.Evidence.CodeSmell	Qualimetrix\Analysis\Finding\Contract\Rule\RuleOptionsInterface	Analysis.Finding	contract
Qualimetrix\Analysis\Evidence\CodeSmell\CodeSmellOptions	Analysis.Evidence.CodeSmell	Qualimetrix\Analysis\Finding\Contract\Severity	Analysis.Finding	contract
Qualimetrix\Analysis\Evidence\CodeSmell\CodeSmellVisitor	Analysis.Evidence.CodeSmell	Qualimetrix\Analysis\Evidence\Measurement\Contract\DeclarationIndexAwareInterface	Analysis.Evidence.Measurement	contract
Qualimetrix\Analysis\Evidence\CodeSmell\CodeSmellVisitor	Analysis.Evidence.CodeSmell	Qualimetrix\Analysis\Evidence\Measurement\Contract\ResettableVisitorInterface	Analysis.Evidence.Measurement	contract
Qualimetrix\Analysis\Evidence\CodeSmell\CodeSmellVisitor	Analysis.Evidence.CodeSmell	Qualimetrix\Analysis\Evidence\Measurement\Contract\VisitorMethodTrackingTrait	Analysis.Evidence.Measurement	contract
Qualimetrix\Analysis\Evidence\CodeSmell\ConstructorOverinjectionOptions	Analysis.Evidence.CodeSmell	Qualimetrix\Analysis\Finding\Contract\Rule\Override\StandardOverrideValidatorTrait	Analysis.Finding	contract
Qualimetrix\Analysis\Evidence\CodeSmell\ConstructorOverinjectionOptions	Analysis.Evidence.CodeSmell	Qualimetrix\Analysis\Finding\Contract\Rule\RuleOptionKey	Analysis.Finding	contract
Qualimetrix\Analysis\Evidence\CodeSmell\ConstructorOverinjectionOptions	Analysis.Evidence.CodeSmell	Qualimetrix\Analysis\Finding\Contract\Rule\RuleOptionKeySet	Analysis.Finding	contract
Qualimetrix\Analysis\Evidence\CodeSmell\ConstructorOverinjectionOptions	Analysis.Evidence.CodeSmell	Qualimetrix\Analysis\Finding\Contract\Rule\RuleOptionShape	Analysis.Finding	contract
Qualimetrix\Analysis\Evidence\CodeSmell\ConstructorOverinjectionOptions	Analysis.Evidence.CodeSmell	Qualimetrix\Analysis\Finding\Contract\Rule\RuleOptionsInterface	Analysis.Finding	contract
Qualimetrix\Analysis\Evidence\CodeSmell\ConstructorOverinjectionOptions	Analysis.Evidence.CodeSmell	Qualimetrix\Analysis\Finding\Contract\Rule\ThresholdAwareOptionsInterface	Analysis.Finding	contract
Qualimetrix\Analysis\Evidence\CodeSmell\ConstructorOverinjectionOptions	Analysis.Evidence.CodeSmell	Qualimetrix\Analysis\Finding\Contract\Rule\ThresholdParser	Analysis.Finding	contract
Qualimetrix\Analysis\Evidence\CodeSmell\ConstructorOverinjectionOptions	Analysis.Evidence.CodeSmell	Qualimetrix\Analysis\Finding\Contract\Severity	Analysis.Finding	contract
Qualimetrix\Analysis\Evidence\CodeSmell\ConstructorOverinjectionRule	Analysis.Evidence.CodeSmell	Qualimetrix\Analysis\Evidence\Measurement\Contract\MetricName	Analysis.Evidence.Measurement	contract
Qualimetrix\Analysis\Evidence\CodeSmell\ConstructorOverinjectionRule	Analysis.Evidence.CodeSmell	Qualimetrix\Analysis\Finding\Contract\ChannelDeclaration	Analysis.Finding	contract
Qualimetrix\Analysis\Evidence\CodeSmell\ConstructorOverinjectionRule	Analysis.Evidence.CodeSmell	Qualimetrix\Analysis\Finding\Contract\ChannelShape	Analysis.Finding	contract
Qualimetrix\Analysis\Evidence\CodeSmell\ConstructorOverinjectionRule	Analysis.Evidence.CodeSmell	Qualimetrix\Analysis\Finding\Contract\Finding	Analysis.Finding	contract
Qualimetrix\Analysis\Evidence\CodeSmell\ConstructorOverinjectionRule	Analysis.Evidence.CodeSmell	Qualimetrix\Analysis\Finding\Contract\JudgedMetrics	Analysis.Finding	contract
Qualimetrix\Analysis\Evidence\CodeSmell\ConstructorOverinjectionRule	Analysis.Evidence.CodeSmell	Qualimetrix\Analysis\Finding\Contract\Location	Analysis.Finding	contract
Qualimetrix\Analysis\Evidence\CodeSmell\ConstructorOverinjectionRule	Analysis.Evidence.CodeSmell	Qualimetrix\Analysis\Finding\Contract\Rule\AbstractRule	Analysis.Finding	contract
Qualimetrix\Analysis\Evidence\CodeSmell\ConstructorOverinjectionRule	Analysis.Evidence.CodeSmell	Qualimetrix\Analysis\Finding\Contract\Rule\AnalysisContext	Analysis.Finding	contract
Qualimetrix\Analysis\Evidence\CodeSmell\ConstructorOverinjectionRule	Analysis.Evidence.CodeSmell	Qualimetrix\Analysis\Finding\Contract\Rule\Attribute\CliAlias	Analysis.Finding	contract
Qualimetrix\Analysis\Evidence\CodeSmell\ConstructorOverinjectionRule	Analysis.Evidence.CodeSmell	Qualimetrix\Analysis\Finding\Contract\Severity	Analysis.Finding	contract
Qualimetrix\Analysis\Evidence\CodeSmell\ConstructorOverinjectionRule	Analysis.Evidence.CodeSmell	Qualimetrix\Core\Observation\WorseDirection	Core.Neutral	contract
Qualimetrix\Analysis\Evidence\CodeSmell\ConstructorOverinjectionRule	Analysis.Evidence.CodeSmell	Qualimetrix\Core\Symbol\SymbolInfo	Core.Symbol	contract
Qualimetrix\Analysis\Evidence\CodeSmell\ConstructorOverinjectionRule	Analysis.Evidence.CodeSmell	Qualimetrix\Core\Symbol\SymbolLevel	Core.Symbol	contract
Qualimetrix\Analysis\Evidence\CodeSmell\DebugCodeRule	Analysis.Evidence.CodeSmell	Qualimetrix\Analysis\Finding\Contract\Severity	Analysis.Finding	contract
Qualimetrix\Analysis\Evidence\CodeSmell\EmptyCatchRule	Analysis.Evidence.CodeSmell	Qualimetrix\Analysis\Finding\Contract\Severity	Analysis.Finding	contract
Qualimetrix\Analysis\Evidence\CodeSmell\ErrorSuppressionOptions	Analysis.Evidence.CodeSmell	Qualimetrix\Analysis\Finding\Contract\Rule\RuleOptionKey	Analysis.Finding	contract
Qualimetrix\Analysis\Evidence\CodeSmell\ErrorSuppressionOptions	Analysis.Evidence.CodeSmell	Qualimetrix\Analysis\Finding\Contract\Rule\RuleOptionKeySet	Analysis.Finding	contract
Qualimetrix\Analysis\Evidence\CodeSmell\ErrorSuppressionOptions	Analysis.Evidence.CodeSmell	Qualimetrix\Analysis\Finding\Contract\Rule\RuleOptionShape	Analysis.Finding	contract
Qualimetrix\Analysis\Evidence\CodeSmell\ErrorSuppressionOptions	Analysis.Evidence.CodeSmell	Qualimetrix\Analysis\Finding\Contract\Rule\RuleOptionsInterface	Analysis.Finding	contract
Qualimetrix\Analysis\Evidence\CodeSmell\ErrorSuppressionOptions	Analysis.Evidence.CodeSmell	Qualimetrix\Analysis\Finding\Contract\Severity	Analysis.Finding	contract
Qualimetrix\Analysis\Evidence\CodeSmell\ErrorSuppressionRule	Analysis.Evidence.CodeSmell	Qualimetrix\Analysis\Finding\Contract\Severity	Analysis.Finding	contract
Qualimetrix\Analysis\Evidence\CodeSmell\EvalRule	Analysis.Evidence.CodeSmell	Qualimetrix\Analysis\Finding\Contract\Severity	Analysis.Finding	contract
Qualimetrix\Analysis\Evidence\CodeSmell\GotoRule	Analysis.Evidence.CodeSmell	Qualimetrix\Analysis\Finding\Contract\Severity	Analysis.Finding	contract
Qualimetrix\Analysis\Evidence\CodeSmell\IdenticalSubExpressionOptions	Analysis.Evidence.CodeSmell	Qualimetrix\Analysis\Finding\Contract\Rule\RuleOptionKey	Analysis.Finding	contract
Qualimetrix\Analysis\Evidence\CodeSmell\IdenticalSubExpressionOptions	Analysis.Evidence.CodeSmell	Qualimetrix\Analysis\Finding\Contract\Rule\RuleOptionKeySet	Analysis.Finding	contract
Qualimetrix\Analysis\Evidence\CodeSmell\IdenticalSubExpressionOptions	Analysis.Evidence.CodeSmell	Qualimetrix\Analysis\Finding\Contract\Rule\RuleOptionShape	Analysis.Finding	contract
Qualimetrix\Analysis\Evidence\CodeSmell\IdenticalSubExpressionOptions	Analysis.Evidence.CodeSmell	Qualimetrix\Analysis\Finding\Contract\Rule\RuleOptionsInterface	Analysis.Finding	contract
Qualimetrix\Analysis\Evidence\CodeSmell\IdenticalSubExpressionOptions	Analysis.Evidence.CodeSmell	Qualimetrix\Analysis\Finding\Contract\Severity	Analysis.Finding	contract
Qualimetrix\Analysis\Evidence\CodeSmell\IdenticalSubExpressionRule	Analysis.Evidence.CodeSmell	Qualimetrix\Analysis\Finding\Contract\ChannelDeclaration	Analysis.Finding	contract
Qualimetrix\Analysis\Evidence\CodeSmell\IdenticalSubExpressionRule	Analysis.Evidence.CodeSmell	Qualimetrix\Analysis\Finding\Contract\ChannelShape	Analysis.Finding	contract
Qualimetrix\Analysis\Evidence\CodeSmell\IdenticalSubExpressionRule	Analysis.Evidence.CodeSmell	Qualimetrix\Analysis\Finding\Contract\Finding	Analysis.Finding	contract
Qualimetrix\Analysis\Evidence\CodeSmell\IdenticalSubExpressionRule	Analysis.Evidence.CodeSmell	Qualimetrix\Analysis\Finding\Contract\Location	Analysis.Finding	contract
Qualimetrix\Analysis\Evidence\CodeSmell\IdenticalSubExpressionRule	Analysis.Evidence.CodeSmell	Qualimetrix\Analysis\Finding\Contract\OccurrenceKey	Analysis.Finding	contract
Qualimetrix\Analysis\Evidence\CodeSmell\IdenticalSubExpressionRule	Analysis.Evidence.CodeSmell	Qualimetrix\Analysis\Finding\Contract\Rule\AbstractRule	Analysis.Finding	contract
Qualimetrix\Analysis\Evidence\CodeSmell\IdenticalSubExpressionRule	Analysis.Evidence.CodeSmell	Qualimetrix\Analysis\Finding\Contract\Rule\AnalysisContext	Analysis.Finding	contract
Qualimetrix\Analysis\Evidence\CodeSmell\IdenticalSubExpressionRule	Analysis.Evidence.CodeSmell	Qualimetrix\Analysis\Finding\Contract\Severity	Analysis.Finding	contract
Qualimetrix\Analysis\Evidence\CodeSmell\IdenticalSubExpressionRule	Analysis.Evidence.CodeSmell	Qualimetrix\Core\Symbol\MetricSubjectCodec	Core.Symbol	contract
Qualimetrix\Analysis\Evidence\CodeSmell\IdenticalSubExpressionRule	Analysis.Evidence.CodeSmell	Qualimetrix\Core\Symbol\SymbolLevel	Core.Symbol	contract
Qualimetrix\Analysis\Evidence\CodeSmell\LongParameterListOptions	Analysis.Evidence.CodeSmell	Qualimetrix\Analysis\Finding\Contract\Rule\NoConfiguredBoundary	Analysis.Finding	contract
Qualimetrix\Analysis\Evidence\CodeSmell\LongParameterListOptions	Analysis.Evidence.CodeSmell	Qualimetrix\Analysis\Finding\Contract\Rule\Override\StandardOverrideValidatorTrait	Analysis.Finding	contract
Qualimetrix\Analysis\Evidence\CodeSmell\LongParameterListOptions	Analysis.Evidence.CodeSmell	Qualimetrix\Analysis\Finding\Contract\Rule\RuleOptionKey	Analysis.Finding	contract
Qualimetrix\Analysis\Evidence\CodeSmell\LongParameterListOptions	Analysis.Evidence.CodeSmell	Qualimetrix\Analysis\Finding\Contract\Rule\RuleOptionKeySet	Analysis.Finding	contract
Qualimetrix\Analysis\Evidence\CodeSmell\LongParameterListOptions	Analysis.Evidence.CodeSmell	Qualimetrix\Analysis\Finding\Contract\Rule\RuleOptionShape	Analysis.Finding	contract
Qualimetrix\Analysis\Evidence\CodeSmell\LongParameterListOptions	Analysis.Evidence.CodeSmell	Qualimetrix\Analysis\Finding\Contract\Rule\RuleOptionsInterface	Analysis.Finding	contract
Qualimetrix\Analysis\Evidence\CodeSmell\LongParameterListOptions	Analysis.Evidence.CodeSmell	Qualimetrix\Analysis\Finding\Contract\Rule\ThresholdAwareOptionsInterface	Analysis.Finding	contract
Qualimetrix\Analysis\Evidence\CodeSmell\LongParameterListOptions	Analysis.Evidence.CodeSmell	Qualimetrix\Analysis\Finding\Contract\Rule\ThresholdParser	Analysis.Finding	contract
Qualimetrix\Analysis\Evidence\CodeSmell\LongParameterListOptions	Analysis.Evidence.CodeSmell	Qualimetrix\Analysis\Finding\Contract\Severity	Analysis.Finding	contract
Qualimetrix\Analysis\Evidence\CodeSmell\LongParameterListRule	Analysis.Evidence.CodeSmell	Qualimetrix\Analysis\Evidence\Measurement\Contract\MetricName	Analysis.Evidence.Measurement	contract
Qualimetrix\Analysis\Evidence\CodeSmell\LongParameterListRule	Analysis.Evidence.CodeSmell	Qualimetrix\Analysis\Finding\Contract\ChannelDeclaration	Analysis.Finding	contract
Qualimetrix\Analysis\Evidence\CodeSmell\LongParameterListRule	Analysis.Evidence.CodeSmell	Qualimetrix\Analysis\Finding\Contract\ChannelShape	Analysis.Finding	contract
Qualimetrix\Analysis\Evidence\CodeSmell\LongParameterListRule	Analysis.Evidence.CodeSmell	Qualimetrix\Analysis\Finding\Contract\Finding	Analysis.Finding	contract
Qualimetrix\Analysis\Evidence\CodeSmell\LongParameterListRule	Analysis.Evidence.CodeSmell	Qualimetrix\Analysis\Finding\Contract\JudgedMetrics	Analysis.Finding	contract
Qualimetrix\Analysis\Evidence\CodeSmell\LongParameterListRule	Analysis.Evidence.CodeSmell	Qualimetrix\Analysis\Finding\Contract\Location	Analysis.Finding	contract
Qualimetrix\Analysis\Evidence\CodeSmell\LongParameterListRule	Analysis.Evidence.CodeSmell	Qualimetrix\Analysis\Finding\Contract\Rule\AbstractRule	Analysis.Finding	contract
Qualimetrix\Analysis\Evidence\CodeSmell\LongParameterListRule	Analysis.Evidence.CodeSmell	Qualimetrix\Analysis\Finding\Contract\Rule\AnalysisContext	Analysis.Finding	contract
Qualimetrix\Analysis\Evidence\CodeSmell\LongParameterListRule	Analysis.Evidence.CodeSmell	Qualimetrix\Analysis\Finding\Contract\Rule\Attribute\CliAlias	Analysis.Finding	contract
Qualimetrix\Analysis\Evidence\CodeSmell\LongParameterListRule	Analysis.Evidence.CodeSmell	Qualimetrix\Analysis\Finding\Contract\Severity	Analysis.Finding	contract
Qualimetrix\Analysis\Evidence\CodeSmell\LongParameterListRule	Analysis.Evidence.CodeSmell	Qualimetrix\Core\Observation\WorseDirection	Core.Neutral	contract
Qualimetrix\Analysis\Evidence\CodeSmell\LongParameterListRule	Analysis.Evidence.CodeSmell	Qualimetrix\Core\Symbol\MetricSubject	Core.Symbol	contract
Qualimetrix\Analysis\Evidence\CodeSmell\LongParameterListRule	Analysis.Evidence.CodeSmell	Qualimetrix\Core\Symbol\SymbolInfo	Core.Symbol	contract
Qualimetrix\Analysis\Evidence\CodeSmell\LongParameterListRule	Analysis.Evidence.CodeSmell	Qualimetrix\Core\Symbol\SymbolLevel	Core.Symbol	contract
Qualimetrix\Analysis\Evidence\CodeSmell\LongParameterListRule	Analysis.Evidence.CodeSmell	Qualimetrix\Core\Symbol\SymbolType	Core.Symbol	contract
Qualimetrix\Analysis\Evidence\CodeSmell\ParameterCountCollector	Analysis.Evidence.CodeSmell	Qualimetrix\Analysis\Evidence\Measurement\Contract\AbstractCollector	Analysis.Evidence.Measurement	contract
Qualimetrix\Analysis\Evidence\CodeSmell\ParameterCountCollector	Analysis.Evidence.CodeSmell	Qualimetrix\Analysis\Evidence\Measurement\Contract\AggregationStrategy	Analysis.Evidence.Measurement	contract
Qualimetrix\Analysis\Evidence\CodeSmell\ParameterCountCollector	Analysis.Evidence.CodeSmell	Qualimetrix\Analysis\Evidence\Measurement\Contract\CallableMetricsProviderInterface	Analysis.Evidence.Measurement	contract
Qualimetrix\Analysis\Evidence\CodeSmell\ParameterCountCollector	Analysis.Evidence.CodeSmell	Qualimetrix\Analysis\Evidence\Measurement\Contract\MetricBag	Analysis.Evidence.Measurement	contract
Qualimetrix\Analysis\Evidence\CodeSmell\ParameterCountCollector	Analysis.Evidence.CodeSmell	Qualimetrix\Analysis\Evidence\Measurement\Contract\MetricDefinition	Analysis.Evidence.Measurement	contract
Qualimetrix\Analysis\Evidence\CodeSmell\ParameterCountCollector	Analysis.Evidence.CodeSmell	Qualimetrix\Analysis\Evidence\Measurement\Contract\MetricName	Analysis.Evidence.Measurement	contract
Qualimetrix\Analysis\Evidence\CodeSmell\ParameterCountCollector	Analysis.Evidence.CodeSmell	Qualimetrix\Core\Path\RelativePath	Core.Path	contract
Qualimetrix\Analysis\Evidence\CodeSmell\ParameterCountCollector	Analysis.Evidence.CodeSmell	Qualimetrix\Core\Symbol\SymbolLevel	Core.Symbol	contract
Qualimetrix\Analysis\Evidence\CodeSmell\ParameterCountVisitor	Analysis.Evidence.CodeSmell	Qualimetrix\Analysis\Evidence\Measurement\Contract\DeclarationIndexAwareInterface	Analysis.Evidence.Measurement	contract
Qualimetrix\Analysis\Evidence\CodeSmell\ParameterCountVisitor	Analysis.Evidence.CodeSmell	Qualimetrix\Analysis\Evidence\Measurement\Contract\MetricBag	Analysis.Evidence.Measurement	contract
Qualimetrix\Analysis\Evidence\CodeSmell\ParameterCountVisitor	Analysis.Evidence.CodeSmell	Qualimetrix\Analysis\Evidence\Measurement\Contract\MetricName	Analysis.Evidence.Measurement	contract
Qualimetrix\Analysis\Evidence\CodeSmell\ParameterCountVisitor	Analysis.Evidence.CodeSmell	Qualimetrix\Analysis\Evidence\Measurement\Contract\ResettableVisitorInterface	Analysis.Evidence.Measurement	contract
Qualimetrix\Analysis\Evidence\CodeSmell\ParameterCountVisitor	Analysis.Evidence.CodeSmell	Qualimetrix\Analysis\Evidence\Measurement\Contract\VisitorMethodTrackingTrait	Analysis.Evidence.Measurement	contract
Qualimetrix\Analysis\Evidence\CodeSmell\ParameterCountVisitor	Analysis.Evidence.CodeSmell	Qualimetrix\Core\Path\RelativePath	Core.Path	contract
Qualimetrix\Analysis\Evidence\CodeSmell\RepeatedExpression\IdenticalSubExpressionCollector	Analysis.Evidence.CodeSmell	Qualimetrix\Analysis\Evidence\Measurement\Contract\AbstractCollector	Analysis.Evidence.Measurement	contract
Qualimetrix\Analysis\Evidence\CodeSmell\RepeatedExpression\IdenticalSubExpressionCollector	Analysis.Evidence.CodeSmell	Qualimetrix\Analysis\Evidence\Measurement\Contract\MetricBag	Analysis.Evidence.Measurement	contract
Qualimetrix\Analysis\Evidence\CodeSmell\RepeatedExpression\IdenticalSubExpressionVisitor	Analysis.Evidence.CodeSmell	Qualimetrix\Analysis\Evidence\Measurement\Contract\DeclarationIndexAwareInterface	Analysis.Evidence.Measurement	contract
Qualimetrix\Analysis\Evidence\CodeSmell\RepeatedExpression\IdenticalSubExpressionVisitor	Analysis.Evidence.CodeSmell	Qualimetrix\Analysis\Evidence\Measurement\Contract\ResettableVisitorInterface	Analysis.Evidence.Measurement	contract
Qualimetrix\Analysis\Evidence\CodeSmell\RepeatedExpression\IdenticalSubExpressionVisitor	Analysis.Evidence.CodeSmell	Qualimetrix\Analysis\Evidence\Measurement\Contract\VisitorMethodTrackingTrait	Analysis.Evidence.Measurement	contract
Qualimetrix\Analysis\Evidence\CodeSmell\UnreachableCodeCollector	Analysis.Evidence.CodeSmell	Qualimetrix\Analysis\Evidence\Measurement\Contract\AbstractCollector	Analysis.Evidence.Measurement	contract
Qualimetrix\Analysis\Evidence\CodeSmell\UnreachableCodeCollector	Analysis.Evidence.CodeSmell	Qualimetrix\Analysis\Evidence\Measurement\Contract\AggregationStrategy	Analysis.Evidence.Measurement	contract
Qualimetrix\Analysis\Evidence\CodeSmell\UnreachableCodeCollector	Analysis.Evidence.CodeSmell	Qualimetrix\Analysis\Evidence\Measurement\Contract\CallableMetricsProviderInterface	Analysis.Evidence.Measurement	contract
Qualimetrix\Analysis\Evidence\CodeSmell\UnreachableCodeCollector	Analysis.Evidence.CodeSmell	Qualimetrix\Analysis\Evidence\Measurement\Contract\MetricBag	Analysis.Evidence.Measurement	contract
Qualimetrix\Analysis\Evidence\CodeSmell\UnreachableCodeCollector	Analysis.Evidence.CodeSmell	Qualimetrix\Analysis\Evidence\Measurement\Contract\MetricDefinition	Analysis.Evidence.Measurement	contract
Qualimetrix\Analysis\Evidence\CodeSmell\UnreachableCodeCollector	Analysis.Evidence.CodeSmell	Qualimetrix\Analysis\Evidence\Measurement\Contract\MetricName	Analysis.Evidence.Measurement	contract
Qualimetrix\Analysis\Evidence\CodeSmell\UnreachableCodeCollector	Analysis.Evidence.CodeSmell	Qualimetrix\Core\Path\RelativePath	Core.Path	contract
Qualimetrix\Analysis\Evidence\CodeSmell\UnreachableCodeCollector	Analysis.Evidence.CodeSmell	Qualimetrix\Core\Symbol\SymbolLevel	Core.Symbol	contract
Qualimetrix\Analysis\Evidence\CodeSmell\UnreachableCodeOptions	Analysis.Evidence.CodeSmell	Qualimetrix\Analysis\Finding\Contract\Rule\Override\StandardOverrideValidatorTrait	Analysis.Finding	contract
Qualimetrix\Analysis\Evidence\CodeSmell\UnreachableCodeOptions	Analysis.Evidence.CodeSmell	Qualimetrix\Analysis\Finding\Contract\Rule\RuleOptionKey	Analysis.Finding	contract
Qualimetrix\Analysis\Evidence\CodeSmell\UnreachableCodeOptions	Analysis.Evidence.CodeSmell	Qualimetrix\Analysis\Finding\Contract\Rule\RuleOptionKeySet	Analysis.Finding	contract
Qualimetrix\Analysis\Evidence\CodeSmell\UnreachableCodeOptions	Analysis.Evidence.CodeSmell	Qualimetrix\Analysis\Finding\Contract\Rule\RuleOptionShape	Analysis.Finding	contract
Qualimetrix\Analysis\Evidence\CodeSmell\UnreachableCodeOptions	Analysis.Evidence.CodeSmell	Qualimetrix\Analysis\Finding\Contract\Rule\RuleOptionsInterface	Analysis.Finding	contract
Qualimetrix\Analysis\Evidence\CodeSmell\UnreachableCodeOptions	Analysis.Evidence.CodeSmell	Qualimetrix\Analysis\Finding\Contract\Rule\ThresholdAwareOptionsInterface	Analysis.Finding	contract
Qualimetrix\Analysis\Evidence\CodeSmell\UnreachableCodeOptions	Analysis.Evidence.CodeSmell	Qualimetrix\Analysis\Finding\Contract\Rule\ThresholdParser	Analysis.Finding	contract
Qualimetrix\Analysis\Evidence\CodeSmell\UnreachableCodeOptions	Analysis.Evidence.CodeSmell	Qualimetrix\Analysis\Finding\Contract\Severity	Analysis.Finding	contract
Qualimetrix\Analysis\Evidence\CodeSmell\UnreachableCodeRule	Analysis.Evidence.CodeSmell	Qualimetrix\Analysis\Evidence\Measurement\Contract\MetricName	Analysis.Evidence.Measurement	contract
Qualimetrix\Analysis\Evidence\CodeSmell\UnreachableCodeRule	Analysis.Evidence.CodeSmell	Qualimetrix\Analysis\Finding\Contract\ChannelDeclaration	Analysis.Finding	contract
Qualimetrix\Analysis\Evidence\CodeSmell\UnreachableCodeRule	Analysis.Evidence.CodeSmell	Qualimetrix\Analysis\Finding\Contract\ChannelShape	Analysis.Finding	contract
Qualimetrix\Analysis\Evidence\CodeSmell\UnreachableCodeRule	Analysis.Evidence.CodeSmell	Qualimetrix\Analysis\Finding\Contract\Finding	Analysis.Finding	contract
Qualimetrix\Analysis\Evidence\CodeSmell\UnreachableCodeRule	Analysis.Evidence.CodeSmell	Qualimetrix\Analysis\Finding\Contract\JudgedMetrics	Analysis.Finding	contract
Qualimetrix\Analysis\Evidence\CodeSmell\UnreachableCodeRule	Analysis.Evidence.CodeSmell	Qualimetrix\Analysis\Finding\Contract\Location	Analysis.Finding	contract
Qualimetrix\Analysis\Evidence\CodeSmell\UnreachableCodeRule	Analysis.Evidence.CodeSmell	Qualimetrix\Analysis\Finding\Contract\Rule\AbstractRule	Analysis.Finding	contract
Qualimetrix\Analysis\Evidence\CodeSmell\UnreachableCodeRule	Analysis.Evidence.CodeSmell	Qualimetrix\Analysis\Finding\Contract\Rule\AnalysisContext	Analysis.Finding	contract
Qualimetrix\Analysis\Evidence\CodeSmell\UnreachableCodeRule	Analysis.Evidence.CodeSmell	Qualimetrix\Analysis\Finding\Contract\Rule\Attribute\CliAlias	Analysis.Finding	contract
Qualimetrix\Analysis\Evidence\CodeSmell\UnreachableCodeRule	Analysis.Evidence.CodeSmell	Qualimetrix\Analysis\Finding\Contract\Severity	Analysis.Finding	contract
Qualimetrix\Analysis\Evidence\CodeSmell\UnreachableCodeRule	Analysis.Evidence.CodeSmell	Qualimetrix\Core\Observation\WorseDirection	Core.Neutral	contract
Qualimetrix\Analysis\Evidence\CodeSmell\UnreachableCodeRule	Analysis.Evidence.CodeSmell	Qualimetrix\Core\Symbol\MetricSubject	Core.Symbol	contract
Qualimetrix\Analysis\Evidence\CodeSmell\UnreachableCodeRule	Analysis.Evidence.CodeSmell	Qualimetrix\Core\Symbol\SymbolInfo	Core.Symbol	contract
Qualimetrix\Analysis\Evidence\CodeSmell\UnreachableCodeRule	Analysis.Evidence.CodeSmell	Qualimetrix\Core\Symbol\SymbolLevel	Core.Symbol	contract
Qualimetrix\Analysis\Evidence\CodeSmell\UnreachableCodeRule	Analysis.Evidence.CodeSmell	Qualimetrix\Core\Symbol\SymbolType	Core.Symbol	contract
Qualimetrix\Analysis\Evidence\CodeSmell\UnreachableCodeVisitor	Analysis.Evidence.CodeSmell	Qualimetrix\Analysis\Evidence\Measurement\Contract\DeclarationIndexAwareInterface	Analysis.Evidence.Measurement	contract
Qualimetrix\Analysis\Evidence\CodeSmell\UnreachableCodeVisitor	Analysis.Evidence.CodeSmell	Qualimetrix\Analysis\Evidence\Measurement\Contract\MetricBag	Analysis.Evidence.Measurement	contract
Qualimetrix\Analysis\Evidence\CodeSmell\UnreachableCodeVisitor	Analysis.Evidence.CodeSmell	Qualimetrix\Analysis\Evidence\Measurement\Contract\ResettableVisitorInterface	Analysis.Evidence.Measurement	contract
Qualimetrix\Analysis\Evidence\CodeSmell\UnreachableCodeVisitor	Analysis.Evidence.CodeSmell	Qualimetrix\Analysis\Evidence\Measurement\Contract\VisitorMethodTrackingTrait	Analysis.Evidence.Measurement	contract
Qualimetrix\Analysis\Evidence\CodeSmell\UnreachableCodeVisitor	Analysis.Evidence.CodeSmell	Qualimetrix\Core\Path\RelativePath	Core.Path	contract
Qualimetrix\Analysis\Evidence\CodeSmell\UnusedPrivateCollector	Analysis.Evidence.CodeSmell	Qualimetrix\Analysis\Evidence\Measurement\Contract\AbstractCollector	Analysis.Evidence.Measurement	contract
Qualimetrix\Analysis\Evidence\CodeSmell\UnusedPrivateCollector	Analysis.Evidence.CodeSmell	Qualimetrix\Analysis\Evidence\Measurement\Contract\ClassMetricsProviderInterface	Analysis.Evidence.Measurement	contract
Qualimetrix\Analysis\Evidence\CodeSmell\UnusedPrivateCollector	Analysis.Evidence.CodeSmell	Qualimetrix\Analysis\Evidence\Measurement\Contract\DeclarationIndexAwareInterface	Analysis.Evidence.Measurement	contract
Qualimetrix\Analysis\Evidence\CodeSmell\UnusedPrivateCollector	Analysis.Evidence.CodeSmell	Qualimetrix\Analysis\Evidence\Measurement\Contract\DeclarationIndexAwareTrait	Analysis.Evidence.Measurement	contract
Qualimetrix\Analysis\Evidence\CodeSmell\UnusedPrivateCollector	Analysis.Evidence.CodeSmell	Qualimetrix\Analysis\Evidence\Measurement\Contract\MetricBag	Analysis.Evidence.Measurement	contract
Qualimetrix\Analysis\Evidence\CodeSmell\UnusedPrivateCollector	Analysis.Evidence.CodeSmell	Qualimetrix\Analysis\Evidence\Measurement\Contract\MetricName	Analysis.Evidence.Measurement	contract
Qualimetrix\Analysis\Evidence\CodeSmell\UnusedPrivateCollector	Analysis.Evidence.CodeSmell	Qualimetrix\Core\Path\RelativePath	Core.Path	contract
Qualimetrix\Analysis\Evidence\CodeSmell\UnusedPrivateCollector	Analysis.Evidence.CodeSmell	Qualimetrix\Core\Symbol\SymbolPath	Core.Symbol	contract
Qualimetrix\Analysis\Evidence\CodeSmell\UnusedPrivateOptions	Analysis.Evidence.CodeSmell	Qualimetrix\Analysis\Finding\Contract\Rule\RuleOptionKey	Analysis.Finding	contract
Qualimetrix\Analysis\Evidence\CodeSmell\UnusedPrivateOptions	Analysis.Evidence.CodeSmell	Qualimetrix\Analysis\Finding\Contract\Rule\RuleOptionKeySet	Analysis.Finding	contract
Qualimetrix\Analysis\Evidence\CodeSmell\UnusedPrivateOptions	Analysis.Evidence.CodeSmell	Qualimetrix\Analysis\Finding\Contract\Rule\RuleOptionShape	Analysis.Finding	contract
Qualimetrix\Analysis\Evidence\CodeSmell\UnusedPrivateOptions	Analysis.Evidence.CodeSmell	Qualimetrix\Analysis\Finding\Contract\Rule\RuleOptionsInterface	Analysis.Finding	contract
Qualimetrix\Analysis\Evidence\CodeSmell\UnusedPrivateOptions	Analysis.Evidence.CodeSmell	Qualimetrix\Analysis\Finding\Contract\Severity	Analysis.Finding	contract
Qualimetrix\Analysis\Evidence\CodeSmell\UnusedPrivateRule	Analysis.Evidence.CodeSmell	Qualimetrix\Analysis\Evidence\Measurement\Contract\MetricName	Analysis.Evidence.Measurement	contract
Qualimetrix\Analysis\Evidence\CodeSmell\UnusedPrivateRule	Analysis.Evidence.CodeSmell	Qualimetrix\Analysis\Finding\Contract\ChannelDeclaration	Analysis.Finding	contract
Qualimetrix\Analysis\Evidence\CodeSmell\UnusedPrivateRule	Analysis.Evidence.CodeSmell	Qualimetrix\Analysis\Finding\Contract\ChannelShape	Analysis.Finding	contract
Qualimetrix\Analysis\Evidence\CodeSmell\UnusedPrivateRule	Analysis.Evidence.CodeSmell	Qualimetrix\Analysis\Finding\Contract\Finding	Analysis.Finding	contract
Qualimetrix\Analysis\Evidence\CodeSmell\UnusedPrivateRule	Analysis.Evidence.CodeSmell	Qualimetrix\Analysis\Finding\Contract\JudgedMetrics	Analysis.Finding	contract
Qualimetrix\Analysis\Evidence\CodeSmell\UnusedPrivateRule	Analysis.Evidence.CodeSmell	Qualimetrix\Analysis\Finding\Contract\Location	Analysis.Finding	contract
Qualimetrix\Analysis\Evidence\CodeSmell\UnusedPrivateRule	Analysis.Evidence.CodeSmell	Qualimetrix\Analysis\Finding\Contract\Rule\AbstractRule	Analysis.Finding	contract
Qualimetrix\Analysis\Evidence\CodeSmell\UnusedPrivateRule	Analysis.Evidence.CodeSmell	Qualimetrix\Analysis\Finding\Contract\Rule\AnalysisContext	Analysis.Finding	contract
Qualimetrix\Analysis\Evidence\CodeSmell\UnusedPrivateRule	Analysis.Evidence.CodeSmell	Qualimetrix\Analysis\Finding\Contract\Severity	Analysis.Finding	contract
Qualimetrix\Analysis\Evidence\CodeSmell\UnusedPrivateRule	Analysis.Evidence.CodeSmell	Qualimetrix\Core\Observation\WorseDirection	Core.Neutral	contract
Qualimetrix\Analysis\Evidence\CodeSmell\UnusedPrivateRule	Analysis.Evidence.CodeSmell	Qualimetrix\Core\Symbol\SymbolInfo	Core.Symbol	contract
Qualimetrix\Analysis\Evidence\CodeSmell\UnusedPrivateRule	Analysis.Evidence.CodeSmell	Qualimetrix\Core\Symbol\SymbolLevel	Core.Symbol	contract
Qualimetrix\Analysis\Evidence\CodeSmell\UnusedPrivateRule	Analysis.Evidence.CodeSmell	Qualimetrix\Core\Symbol\SymbolType	Core.Symbol	contract
Qualimetrix\Analysis\Evidence\CodeSmell\UnusedPrivateVisitor	Analysis.Evidence.CodeSmell	Qualimetrix\Analysis\Evidence\Measurement\Contract\ResettableVisitorInterface	Analysis.Evidence.Measurement	contract
Qualimetrix\Analysis\Evidence\Cohesion\Configuration\LcomCollectionConfigurationResolver	Analysis.Evidence.Cohesion	Qualimetrix\Analysis\Finding\Contract\Configuration\FindingConfiguration	Analysis.Finding	contract
Qualimetrix\Analysis\Evidence\Cohesion\Contract\LcomCollectionConfigurationResolverInterface	Analysis.Evidence.Cohesion	Qualimetrix\Analysis\Finding\Contract\Configuration\FindingConfiguration	Analysis.Finding	contract
Qualimetrix\Analysis\Evidence\Cohesion\LcomCollector	Analysis.Evidence.Cohesion	Qualimetrix\Analysis\Evidence\Measurement\Contract\AbstractCollector	Analysis.Evidence.Measurement	contract
Qualimetrix\Analysis\Evidence\Cohesion\LcomCollector	Analysis.Evidence.Cohesion	Qualimetrix\Analysis\Evidence\Measurement\Contract\AggregationStrategy	Analysis.Evidence.Measurement	contract
Qualimetrix\Analysis\Evidence\Cohesion\LcomCollector	Analysis.Evidence.Cohesion	Qualimetrix\Analysis\Evidence\Measurement\Contract\ClassMetricsProviderInterface	Analysis.Evidence.Measurement	contract
Qualimetrix\Analysis\Evidence\Cohesion\LcomCollector	Analysis.Evidence.Cohesion	Qualimetrix\Analysis\Evidence\Measurement\Contract\DeclarationIndexAwareInterface	Analysis.Evidence.Measurement	contract
Qualimetrix\Analysis\Evidence\Cohesion\LcomCollector	Analysis.Evidence.Cohesion	Qualimetrix\Analysis\Evidence\Measurement\Contract\DeclarationIndexAwareTrait	Analysis.Evidence.Measurement	contract
Qualimetrix\Analysis\Evidence\Cohesion\LcomCollector	Analysis.Evidence.Cohesion	Qualimetrix\Analysis\Evidence\Measurement\Contract\MetricBag	Analysis.Evidence.Measurement	contract
Qualimetrix\Analysis\Evidence\Cohesion\LcomCollector	Analysis.Evidence.Cohesion	Qualimetrix\Analysis\Evidence\Measurement\Contract\MetricDefinition	Analysis.Evidence.Measurement	contract
Qualimetrix\Analysis\Evidence\Cohesion\LcomCollector	Analysis.Evidence.Cohesion	Qualimetrix\Analysis\Evidence\Measurement\Contract\MetricName	Analysis.Evidence.Measurement	contract
Qualimetrix\Analysis\Evidence\Cohesion\LcomCollector	Analysis.Evidence.Cohesion	Qualimetrix\Core\Path\RelativePath	Core.Path	contract
Qualimetrix\Analysis\Evidence\Cohesion\LcomCollector	Analysis.Evidence.Cohesion	Qualimetrix\Core\Symbol\SymbolLevel	Core.Symbol	contract
Qualimetrix\Analysis\Evidence\Cohesion\LcomCollector	Analysis.Evidence.Cohesion	Qualimetrix\Core\Symbol\SymbolPath	Core.Symbol	contract
Qualimetrix\Analysis\Evidence\Cohesion\LcomOptions	Analysis.Evidence.Cohesion	Qualimetrix\Analysis\Finding\Contract\Rule\Override\StandardOverrideValidatorTrait	Analysis.Finding	contract
Qualimetrix\Analysis\Evidence\Cohesion\LcomOptions	Analysis.Evidence.Cohesion	Qualimetrix\Analysis\Finding\Contract\Rule\RuleOptionKey	Analysis.Finding	contract
Qualimetrix\Analysis\Evidence\Cohesion\LcomOptions	Analysis.Evidence.Cohesion	Qualimetrix\Analysis\Finding\Contract\Rule\RuleOptionKeySet	Analysis.Finding	contract
Qualimetrix\Analysis\Evidence\Cohesion\LcomOptions	Analysis.Evidence.Cohesion	Qualimetrix\Analysis\Finding\Contract\Rule\RuleOptionShape	Analysis.Finding	contract
Qualimetrix\Analysis\Evidence\Cohesion\LcomOptions	Analysis.Evidence.Cohesion	Qualimetrix\Analysis\Finding\Contract\Rule\RuleOptionsInterface	Analysis.Finding	contract
Qualimetrix\Analysis\Evidence\Cohesion\LcomOptions	Analysis.Evidence.Cohesion	Qualimetrix\Analysis\Finding\Contract\Rule\ThresholdAwareOptionsInterface	Analysis.Finding	contract
Qualimetrix\Analysis\Evidence\Cohesion\LcomOptions	Analysis.Evidence.Cohesion	Qualimetrix\Analysis\Finding\Contract\Rule\ThresholdParser	Analysis.Finding	contract
Qualimetrix\Analysis\Evidence\Cohesion\LcomOptions	Analysis.Evidence.Cohesion	Qualimetrix\Analysis\Finding\Contract\Severity	Analysis.Finding	contract
Qualimetrix\Analysis\Evidence\Cohesion\LcomRule	Analysis.Evidence.Cohesion	Qualimetrix\Analysis\Evidence\Measurement\Contract\MetricBag	Analysis.Evidence.Measurement	contract
Qualimetrix\Analysis\Evidence\Cohesion\LcomRule	Analysis.Evidence.Cohesion	Qualimetrix\Analysis\Evidence\Measurement\Contract\MetricName	Analysis.Evidence.Measurement	contract
Qualimetrix\Analysis\Evidence\Cohesion\LcomRule	Analysis.Evidence.Cohesion	Qualimetrix\Analysis\Finding\Contract\ChannelDeclaration	Analysis.Finding	contract
Qualimetrix\Analysis\Evidence\Cohesion\LcomRule	Analysis.Evidence.Cohesion	Qualimetrix\Analysis\Finding\Contract\ChannelShape	Analysis.Finding	contract
Qualimetrix\Analysis\Evidence\Cohesion\LcomRule	Analysis.Evidence.Cohesion	Qualimetrix\Analysis\Finding\Contract\Finding	Analysis.Finding	contract
Qualimetrix\Analysis\Evidence\Cohesion\LcomRule	Analysis.Evidence.Cohesion	Qualimetrix\Analysis\Finding\Contract\JudgedMetrics	Analysis.Finding	contract
Qualimetrix\Analysis\Evidence\Cohesion\LcomRule	Analysis.Evidence.Cohesion	Qualimetrix\Analysis\Finding\Contract\Location	Analysis.Finding	contract
Qualimetrix\Analysis\Evidence\Cohesion\LcomRule	Analysis.Evidence.Cohesion	Qualimetrix\Analysis\Finding\Contract\Rule\AbstractRule	Analysis.Finding	contract
Qualimetrix\Analysis\Evidence\Cohesion\LcomRule	Analysis.Evidence.Cohesion	Qualimetrix\Analysis\Finding\Contract\Rule\AnalysisContext	Analysis.Finding	contract
Qualimetrix\Analysis\Evidence\Cohesion\LcomRule	Analysis.Evidence.Cohesion	Qualimetrix\Analysis\Finding\Contract\Rule\Attribute\CliAlias	Analysis.Finding	contract
Qualimetrix\Analysis\Evidence\Cohesion\LcomRule	Analysis.Evidence.Cohesion	Qualimetrix\Analysis\Finding\Contract\Severity	Analysis.Finding	contract
Qualimetrix\Analysis\Evidence\Cohesion\LcomRule	Analysis.Evidence.Cohesion	Qualimetrix\Core\Observation\WorseDirection	Core.Neutral	contract
Qualimetrix\Analysis\Evidence\Cohesion\LcomRule	Analysis.Evidence.Cohesion	Qualimetrix\Core\Symbol\SymbolInfo	Core.Symbol	contract
Qualimetrix\Analysis\Evidence\Cohesion\LcomRule	Analysis.Evidence.Cohesion	Qualimetrix\Core\Symbol\SymbolLevel	Core.Symbol	contract
Qualimetrix\Analysis\Evidence\Cohesion\LcomRule	Analysis.Evidence.Cohesion	Qualimetrix\Core\Symbol\SymbolType	Core.Symbol	contract
Qualimetrix\Analysis\Evidence\Cohesion\LcomVisitor	Analysis.Evidence.Cohesion	Qualimetrix\Analysis\Evidence\Measurement\Contract\ResettableVisitorInterface	Analysis.Evidence.Measurement	contract
Qualimetrix\Analysis\Evidence\Cohesion\TccLccCollector	Analysis.Evidence.Cohesion	Qualimetrix\Analysis\Evidence\Measurement\Contract\AbstractCollector	Analysis.Evidence.Measurement	contract
Qualimetrix\Analysis\Evidence\Cohesion\TccLccCollector	Analysis.Evidence.Cohesion	Qualimetrix\Analysis\Evidence\Measurement\Contract\AggregationStrategy	Analysis.Evidence.Measurement	contract
Qualimetrix\Analysis\Evidence\Cohesion\TccLccCollector	Analysis.Evidence.Cohesion	Qualimetrix\Analysis\Evidence\Measurement\Contract\ClassMetricsProviderInterface	Analysis.Evidence.Measurement	contract
Qualimetrix\Analysis\Evidence\Cohesion\TccLccCollector	Analysis.Evidence.Cohesion	Qualimetrix\Analysis\Evidence\Measurement\Contract\DeclarationIndexAwareInterface	Analysis.Evidence.Measurement	contract
Qualimetrix\Analysis\Evidence\Cohesion\TccLccCollector	Analysis.Evidence.Cohesion	Qualimetrix\Analysis\Evidence\Measurement\Contract\DeclarationIndexAwareTrait	Analysis.Evidence.Measurement	contract
Qualimetrix\Analysis\Evidence\Cohesion\TccLccCollector	Analysis.Evidence.Cohesion	Qualimetrix\Analysis\Evidence\Measurement\Contract\MetricBag	Analysis.Evidence.Measurement	contract
Qualimetrix\Analysis\Evidence\Cohesion\TccLccCollector	Analysis.Evidence.Cohesion	Qualimetrix\Analysis\Evidence\Measurement\Contract\MetricDefinition	Analysis.Evidence.Measurement	contract
Qualimetrix\Analysis\Evidence\Cohesion\TccLccCollector	Analysis.Evidence.Cohesion	Qualimetrix\Analysis\Evidence\Measurement\Contract\MetricName	Analysis.Evidence.Measurement	contract
Qualimetrix\Analysis\Evidence\Cohesion\TccLccCollector	Analysis.Evidence.Cohesion	Qualimetrix\Core\Path\RelativePath	Core.Path	contract
Qualimetrix\Analysis\Evidence\Cohesion\TccLccCollector	Analysis.Evidence.Cohesion	Qualimetrix\Core\Symbol\SymbolLevel	Core.Symbol	contract
Qualimetrix\Analysis\Evidence\Cohesion\TccLccCollector	Analysis.Evidence.Cohesion	Qualimetrix\Core\Symbol\SymbolPath	Core.Symbol	contract
Qualimetrix\Analysis\Evidence\Cohesion\TccLccVisitor	Analysis.Evidence.Cohesion	Qualimetrix\Analysis\Evidence\Measurement\Contract\ResettableVisitorInterface	Analysis.Evidence.Measurement	contract
Qualimetrix\Analysis\Evidence\Complexity\ClassCognitiveComplexityOptions	Analysis.Evidence.Complexity	Qualimetrix\Analysis\Finding\Contract\Rule\LevelOptionsInterface	Analysis.Finding	contract
Qualimetrix\Analysis\Evidence\Complexity\ClassCognitiveComplexityOptions	Analysis.Evidence.Complexity	Qualimetrix\Analysis\Finding\Contract\Rule\Override\StandardOverrideValidatorTrait	Analysis.Finding	contract
Qualimetrix\Analysis\Evidence\Complexity\ClassCognitiveComplexityOptions	Analysis.Evidence.Complexity	Qualimetrix\Analysis\Finding\Contract\Rule\RuleOptionKey	Analysis.Finding	contract
Qualimetrix\Analysis\Evidence\Complexity\ClassCognitiveComplexityOptions	Analysis.Evidence.Complexity	Qualimetrix\Analysis\Finding\Contract\Rule\RuleOptionKeySet	Analysis.Finding	contract
Qualimetrix\Analysis\Evidence\Complexity\ClassCognitiveComplexityOptions	Analysis.Evidence.Complexity	Qualimetrix\Analysis\Finding\Contract\Rule\RuleOptionShape	Analysis.Finding	contract
Qualimetrix\Analysis\Evidence\Complexity\ClassCognitiveComplexityOptions	Analysis.Evidence.Complexity	Qualimetrix\Analysis\Finding\Contract\Rule\ThresholdAwareOptionsInterface	Analysis.Finding	contract
Qualimetrix\Analysis\Evidence\Complexity\ClassCognitiveComplexityOptions	Analysis.Evidence.Complexity	Qualimetrix\Analysis\Finding\Contract\Rule\ThresholdParser	Analysis.Finding	contract
Qualimetrix\Analysis\Evidence\Complexity\ClassCognitiveComplexityOptions	Analysis.Evidence.Complexity	Qualimetrix\Analysis\Finding\Contract\Severity	Analysis.Finding	contract
Qualimetrix\Analysis\Evidence\Complexity\ClassComplexityOptions	Analysis.Evidence.Complexity	Qualimetrix\Analysis\Finding\Contract\Rule\LevelOptionsInterface	Analysis.Finding	contract
Qualimetrix\Analysis\Evidence\Complexity\ClassComplexityOptions	Analysis.Evidence.Complexity	Qualimetrix\Analysis\Finding\Contract\Rule\Override\StandardOverrideValidatorTrait	Analysis.Finding	contract
Qualimetrix\Analysis\Evidence\Complexity\ClassComplexityOptions	Analysis.Evidence.Complexity	Qualimetrix\Analysis\Finding\Contract\Rule\RuleOptionKey	Analysis.Finding	contract
Qualimetrix\Analysis\Evidence\Complexity\ClassComplexityOptions	Analysis.Evidence.Complexity	Qualimetrix\Analysis\Finding\Contract\Rule\RuleOptionKeySet	Analysis.Finding	contract
Qualimetrix\Analysis\Evidence\Complexity\ClassComplexityOptions	Analysis.Evidence.Complexity	Qualimetrix\Analysis\Finding\Contract\Rule\RuleOptionShape	Analysis.Finding	contract
Qualimetrix\Analysis\Evidence\Complexity\ClassComplexityOptions	Analysis.Evidence.Complexity	Qualimetrix\Analysis\Finding\Contract\Rule\ThresholdAwareOptionsInterface	Analysis.Finding	contract
Qualimetrix\Analysis\Evidence\Complexity\ClassComplexityOptions	Analysis.Evidence.Complexity	Qualimetrix\Analysis\Finding\Contract\Rule\ThresholdParser	Analysis.Finding	contract
Qualimetrix\Analysis\Evidence\Complexity\ClassComplexityOptions	Analysis.Evidence.Complexity	Qualimetrix\Analysis\Finding\Contract\Severity	Analysis.Finding	contract
Qualimetrix\Analysis\Evidence\Complexity\ClassNpathComplexityOptions	Analysis.Evidence.Complexity	Qualimetrix\Analysis\Finding\Contract\Rule\LevelOptionsInterface	Analysis.Finding	contract
Qualimetrix\Analysis\Evidence\Complexity\ClassNpathComplexityOptions	Analysis.Evidence.Complexity	Qualimetrix\Analysis\Finding\Contract\Rule\Override\StandardOverrideValidatorTrait	Analysis.Finding	contract
Qualimetrix\Analysis\Evidence\Complexity\ClassNpathComplexityOptions	Analysis.Evidence.Complexity	Qualimetrix\Analysis\Finding\Contract\Rule\RuleOptionKey	Analysis.Finding	contract
Qualimetrix\Analysis\Evidence\Complexity\ClassNpathComplexityOptions	Analysis.Evidence.Complexity	Qualimetrix\Analysis\Finding\Contract\Rule\RuleOptionKeySet	Analysis.Finding	contract
Qualimetrix\Analysis\Evidence\Complexity\ClassNpathComplexityOptions	Analysis.Evidence.Complexity	Qualimetrix\Analysis\Finding\Contract\Rule\RuleOptionShape	Analysis.Finding	contract
Qualimetrix\Analysis\Evidence\Complexity\ClassNpathComplexityOptions	Analysis.Evidence.Complexity	Qualimetrix\Analysis\Finding\Contract\Rule\ThresholdAwareOptionsInterface	Analysis.Finding	contract
Qualimetrix\Analysis\Evidence\Complexity\ClassNpathComplexityOptions	Analysis.Evidence.Complexity	Qualimetrix\Analysis\Finding\Contract\Rule\ThresholdParser	Analysis.Finding	contract
Qualimetrix\Analysis\Evidence\Complexity\ClassNpathComplexityOptions	Analysis.Evidence.Complexity	Qualimetrix\Analysis\Finding\Contract\Severity	Analysis.Finding	contract
Qualimetrix\Analysis\Evidence\Complexity\CognitiveComplexityCollector	Analysis.Evidence.Complexity	Qualimetrix\Analysis\Evidence\Measurement\Contract\AbstractCollector	Analysis.Evidence.Measurement	contract
Qualimetrix\Analysis\Evidence\Complexity\CognitiveComplexityCollector	Analysis.Evidence.Complexity	Qualimetrix\Analysis\Evidence\Measurement\Contract\AggregationStrategy	Analysis.Evidence.Measurement	contract
Qualimetrix\Analysis\Evidence\Complexity\CognitiveComplexityCollector	Analysis.Evidence.Complexity	Qualimetrix\Analysis\Evidence\Measurement\Contract\CallableMetricsProviderInterface	Analysis.Evidence.Measurement	contract
Qualimetrix\Analysis\Evidence\Complexity\CognitiveComplexityCollector	Analysis.Evidence.Complexity	Qualimetrix\Analysis\Evidence\Measurement\Contract\MetricBag	Analysis.Evidence.Measurement	contract
Qualimetrix\Analysis\Evidence\Complexity\CognitiveComplexityCollector	Analysis.Evidence.Complexity	Qualimetrix\Analysis\Evidence\Measurement\Contract\MetricDefinition	Analysis.Evidence.Measurement	contract
Qualimetrix\Analysis\Evidence\Complexity\CognitiveComplexityCollector	Analysis.Evidence.Complexity	Qualimetrix\Analysis\Evidence\Measurement\Contract\MetricName	Analysis.Evidence.Measurement	contract
Qualimetrix\Analysis\Evidence\Complexity\CognitiveComplexityCollector	Analysis.Evidence.Complexity	Qualimetrix\Core\Path\RelativePath	Core.Path	contract
Qualimetrix\Analysis\Evidence\Complexity\CognitiveComplexityCollector	Analysis.Evidence.Complexity	Qualimetrix\Core\Symbol\SymbolLevel	Core.Symbol	contract
Qualimetrix\Analysis\Evidence\Complexity\CognitiveComplexityOptions	Analysis.Evidence.Complexity	Qualimetrix\Analysis\Finding\Contract\Rule\HierarchicalRuleOptionsInterface	Analysis.Finding	contract
Qualimetrix\Analysis\Evidence\Complexity\CognitiveComplexityOptions	Analysis.Evidence.Complexity	Qualimetrix\Analysis\Finding\Contract\Rule\LevelOptionsInterface	Analysis.Finding	contract
Qualimetrix\Analysis\Evidence\Complexity\CognitiveComplexityOptions	Analysis.Evidence.Complexity	Qualimetrix\Analysis\Finding\Contract\Rule\RuleOptionKey	Analysis.Finding	contract
Qualimetrix\Analysis\Evidence\Complexity\CognitiveComplexityOptions	Analysis.Evidence.Complexity	Qualimetrix\Analysis\Finding\Contract\Rule\RuleOptionKeySet	Analysis.Finding	contract
Qualimetrix\Analysis\Evidence\Complexity\CognitiveComplexityOptions	Analysis.Evidence.Complexity	Qualimetrix\Analysis\Finding\Contract\Rule\RuleOptionShape	Analysis.Finding	contract
Qualimetrix\Analysis\Evidence\Complexity\CognitiveComplexityOptions	Analysis.Evidence.Complexity	Qualimetrix\Analysis\Finding\Contract\Rule\ThresholdParser	Analysis.Finding	contract
Qualimetrix\Analysis\Evidence\Complexity\CognitiveComplexityOptions	Analysis.Evidence.Complexity	Qualimetrix\Analysis\Finding\Contract\Severity	Analysis.Finding	contract
Qualimetrix\Analysis\Evidence\Complexity\CognitiveComplexityOptions	Analysis.Evidence.Complexity	Qualimetrix\Core\Symbol\SymbolLevel	Core.Symbol	contract
Qualimetrix\Analysis\Evidence\Complexity\CognitiveComplexityRule	Analysis.Evidence.Complexity	Qualimetrix\Analysis\Evidence\Measurement\Contract\AggregationStrategy	Analysis.Evidence.Measurement	contract
Qualimetrix\Analysis\Evidence\Complexity\CognitiveComplexityRule	Analysis.Evidence.Complexity	Qualimetrix\Analysis\Evidence\Measurement\Contract\MetricName	Analysis.Evidence.Measurement	contract
Qualimetrix\Analysis\Evidence\Complexity\CognitiveComplexityRule	Analysis.Evidence.Complexity	Qualimetrix\Analysis\Finding\Contract\ChannelDeclaration	Analysis.Finding	contract
Qualimetrix\Analysis\Evidence\Complexity\CognitiveComplexityRule	Analysis.Evidence.Complexity	Qualimetrix\Analysis\Finding\Contract\ChannelShape	Analysis.Finding	contract
Qualimetrix\Analysis\Evidence\Complexity\CognitiveComplexityRule	Analysis.Evidence.Complexity	Qualimetrix\Analysis\Finding\Contract\Finding	Analysis.Finding	contract
Qualimetrix\Analysis\Evidence\Complexity\CognitiveComplexityRule	Analysis.Evidence.Complexity	Qualimetrix\Analysis\Finding\Contract\JudgedMetrics	Analysis.Finding	contract
Qualimetrix\Analysis\Evidence\Complexity\CognitiveComplexityRule	Analysis.Evidence.Complexity	Qualimetrix\Analysis\Finding\Contract\Location	Analysis.Finding	contract
Qualimetrix\Analysis\Evidence\Complexity\CognitiveComplexityRule	Analysis.Evidence.Complexity	Qualimetrix\Analysis\Finding\Contract\Rule\AbstractRule	Analysis.Finding	contract
Qualimetrix\Analysis\Evidence\Complexity\CognitiveComplexityRule	Analysis.Evidence.Complexity	Qualimetrix\Analysis\Finding\Contract\Rule\AnalysisContext	Analysis.Finding	contract
Qualimetrix\Analysis\Evidence\Complexity\CognitiveComplexityRule	Analysis.Evidence.Complexity	Qualimetrix\Analysis\Finding\Contract\Rule\Attribute\CliAlias	Analysis.Finding	contract
Qualimetrix\Analysis\Evidence\Complexity\CognitiveComplexityRule	Analysis.Evidence.Complexity	Qualimetrix\Analysis\Finding\Contract\Rule\HierarchicalRuleInterface	Analysis.Finding	contract
Qualimetrix\Analysis\Evidence\Complexity\CognitiveComplexityRule	Analysis.Evidence.Complexity	Qualimetrix\Analysis\Finding\Contract\Severity	Analysis.Finding	contract
Qualimetrix\Analysis\Evidence\Complexity\CognitiveComplexityRule	Analysis.Evidence.Complexity	Qualimetrix\Core\Observation\WorseDirection	Core.Neutral	contract
Qualimetrix\Analysis\Evidence\Complexity\CognitiveComplexityRule	Analysis.Evidence.Complexity	Qualimetrix\Core\Symbol\MetricSubject	Core.Symbol	contract
Qualimetrix\Analysis\Evidence\Complexity\CognitiveComplexityRule	Analysis.Evidence.Complexity	Qualimetrix\Core\Symbol\SymbolInfo	Core.Symbol	contract
Qualimetrix\Analysis\Evidence\Complexity\CognitiveComplexityRule	Analysis.Evidence.Complexity	Qualimetrix\Core\Symbol\SymbolLevel	Core.Symbol	contract
Qualimetrix\Analysis\Evidence\Complexity\CognitiveComplexityRule	Analysis.Evidence.Complexity	Qualimetrix\Core\Symbol\SymbolType	Core.Symbol	contract
Qualimetrix\Analysis\Evidence\Complexity\CognitiveComplexityVisitor	Analysis.Evidence.Complexity	Qualimetrix\Analysis\Evidence\Measurement\Contract\DeclarationIndexAwareInterface	Analysis.Evidence.Measurement	contract
Qualimetrix\Analysis\Evidence\Complexity\CognitiveComplexityVisitor	Analysis.Evidence.Complexity	Qualimetrix\Analysis\Evidence\Measurement\Contract\MetricBag	Analysis.Evidence.Measurement	contract
Qualimetrix\Analysis\Evidence\Complexity\CognitiveComplexityVisitor	Analysis.Evidence.Complexity	Qualimetrix\Analysis\Evidence\Measurement\Contract\ResettableVisitorInterface	Analysis.Evidence.Measurement	contract
Qualimetrix\Analysis\Evidence\Complexity\CognitiveComplexityVisitor	Analysis.Evidence.Complexity	Qualimetrix\Analysis\Evidence\Measurement\Contract\VisitorCallableScope	Analysis.Evidence.Measurement	contract
Qualimetrix\Analysis\Evidence\Complexity\CognitiveComplexityVisitor	Analysis.Evidence.Complexity	Qualimetrix\Analysis\Evidence\Measurement\Contract\VisitorMethodTrackingTrait	Analysis.Evidence.Measurement	contract
Qualimetrix\Analysis\Evidence\Complexity\CognitiveComplexityVisitor	Analysis.Evidence.Complexity	Qualimetrix\Core\Path\RelativePath	Core.Path	contract
Qualimetrix\Analysis\Evidence\Complexity\CognitiveComplexityVisitor	Analysis.Evidence.Complexity	Qualimetrix\Core\Symbol\CallableKind	Core.Symbol	contract
Qualimetrix\Analysis\Evidence\Complexity\ComplexityOptions	Analysis.Evidence.Complexity	Qualimetrix\Analysis\Finding\Contract\Rule\HierarchicalRuleOptionsInterface	Analysis.Finding	contract
Qualimetrix\Analysis\Evidence\Complexity\ComplexityOptions	Analysis.Evidence.Complexity	Qualimetrix\Analysis\Finding\Contract\Rule\LevelOptionsInterface	Analysis.Finding	contract
Qualimetrix\Analysis\Evidence\Complexity\ComplexityOptions	Analysis.Evidence.Complexity	Qualimetrix\Analysis\Finding\Contract\Rule\RuleOptionKey	Analysis.Finding	contract
Qualimetrix\Analysis\Evidence\Complexity\ComplexityOptions	Analysis.Evidence.Complexity	Qualimetrix\Analysis\Finding\Contract\Rule\RuleOptionKeySet	Analysis.Finding	contract
Qualimetrix\Analysis\Evidence\Complexity\ComplexityOptions	Analysis.Evidence.Complexity	Qualimetrix\Analysis\Finding\Contract\Rule\RuleOptionShape	Analysis.Finding	contract
Qualimetrix\Analysis\Evidence\Complexity\ComplexityOptions	Analysis.Evidence.Complexity	Qualimetrix\Analysis\Finding\Contract\Rule\ThresholdParser	Analysis.Finding	contract
Qualimetrix\Analysis\Evidence\Complexity\ComplexityOptions	Analysis.Evidence.Complexity	Qualimetrix\Analysis\Finding\Contract\Severity	Analysis.Finding	contract
Qualimetrix\Analysis\Evidence\Complexity\ComplexityOptions	Analysis.Evidence.Complexity	Qualimetrix\Core\Symbol\SymbolLevel	Core.Symbol	contract
Qualimetrix\Analysis\Evidence\Complexity\ComplexityRule	Analysis.Evidence.Complexity	Qualimetrix\Analysis\Evidence\Measurement\Contract\AggregationStrategy	Analysis.Evidence.Measurement	contract
Qualimetrix\Analysis\Evidence\Complexity\ComplexityRule	Analysis.Evidence.Complexity	Qualimetrix\Analysis\Evidence\Measurement\Contract\MetricName	Analysis.Evidence.Measurement	contract
Qualimetrix\Analysis\Evidence\Complexity\ComplexityRule	Analysis.Evidence.Complexity	Qualimetrix\Analysis\Finding\Contract\ChannelDeclaration	Analysis.Finding	contract
Qualimetrix\Analysis\Evidence\Complexity\ComplexityRule	Analysis.Evidence.Complexity	Qualimetrix\Analysis\Finding\Contract\ChannelShape	Analysis.Finding	contract
Qualimetrix\Analysis\Evidence\Complexity\ComplexityRule	Analysis.Evidence.Complexity	Qualimetrix\Analysis\Finding\Contract\Finding	Analysis.Finding	contract
Qualimetrix\Analysis\Evidence\Complexity\ComplexityRule	Analysis.Evidence.Complexity	Qualimetrix\Analysis\Finding\Contract\JudgedMetrics	Analysis.Finding	contract
Qualimetrix\Analysis\Evidence\Complexity\ComplexityRule	Analysis.Evidence.Complexity	Qualimetrix\Analysis\Finding\Contract\Location	Analysis.Finding	contract
Qualimetrix\Analysis\Evidence\Complexity\ComplexityRule	Analysis.Evidence.Complexity	Qualimetrix\Analysis\Finding\Contract\Rule\AbstractRule	Analysis.Finding	contract
Qualimetrix\Analysis\Evidence\Complexity\ComplexityRule	Analysis.Evidence.Complexity	Qualimetrix\Analysis\Finding\Contract\Rule\AnalysisContext	Analysis.Finding	contract
Qualimetrix\Analysis\Evidence\Complexity\ComplexityRule	Analysis.Evidence.Complexity	Qualimetrix\Analysis\Finding\Contract\Rule\Attribute\CliAlias	Analysis.Finding	contract
Qualimetrix\Analysis\Evidence\Complexity\ComplexityRule	Analysis.Evidence.Complexity	Qualimetrix\Analysis\Finding\Contract\Rule\HierarchicalRuleInterface	Analysis.Finding	contract
Qualimetrix\Analysis\Evidence\Complexity\ComplexityRule	Analysis.Evidence.Complexity	Qualimetrix\Analysis\Finding\Contract\Severity	Analysis.Finding	contract
Qualimetrix\Analysis\Evidence\Complexity\ComplexityRule	Analysis.Evidence.Complexity	Qualimetrix\Core\Observation\WorseDirection	Core.Neutral	contract
Qualimetrix\Analysis\Evidence\Complexity\ComplexityRule	Analysis.Evidence.Complexity	Qualimetrix\Core\Symbol\MetricSubject	Core.Symbol	contract
Qualimetrix\Analysis\Evidence\Complexity\ComplexityRule	Analysis.Evidence.Complexity	Qualimetrix\Core\Symbol\SymbolInfo	Core.Symbol	contract
Qualimetrix\Analysis\Evidence\Complexity\ComplexityRule	Analysis.Evidence.Complexity	Qualimetrix\Core\Symbol\SymbolLevel	Core.Symbol	contract
Qualimetrix\Analysis\Evidence\Complexity\ComplexityRule	Analysis.Evidence.Complexity	Qualimetrix\Core\Symbol\SymbolType	Core.Symbol	contract
Qualimetrix\Analysis\Evidence\Complexity\CyclomaticComplexityCollector	Analysis.Evidence.Complexity	Qualimetrix\Analysis\Evidence\Measurement\Contract\AbstractCollector	Analysis.Evidence.Measurement	contract
Qualimetrix\Analysis\Evidence\Complexity\CyclomaticComplexityCollector	Analysis.Evidence.Complexity	Qualimetrix\Analysis\Evidence\Measurement\Contract\AggregationStrategy	Analysis.Evidence.Measurement	contract
Qualimetrix\Analysis\Evidence\Complexity\CyclomaticComplexityCollector	Analysis.Evidence.Complexity	Qualimetrix\Analysis\Evidence\Measurement\Contract\CallableMetricsProviderInterface	Analysis.Evidence.Measurement	contract
Qualimetrix\Analysis\Evidence\Complexity\CyclomaticComplexityCollector	Analysis.Evidence.Complexity	Qualimetrix\Analysis\Evidence\Measurement\Contract\MetricBag	Analysis.Evidence.Measurement	contract
Qualimetrix\Analysis\Evidence\Complexity\CyclomaticComplexityCollector	Analysis.Evidence.Complexity	Qualimetrix\Analysis\Evidence\Measurement\Contract\MetricDefinition	Analysis.Evidence.Measurement	contract
Qualimetrix\Analysis\Evidence\Complexity\CyclomaticComplexityCollector	Analysis.Evidence.Complexity	Qualimetrix\Analysis\Evidence\Measurement\Contract\MetricName	Analysis.Evidence.Measurement	contract
Qualimetrix\Analysis\Evidence\Complexity\CyclomaticComplexityCollector	Analysis.Evidence.Complexity	Qualimetrix\Core\Path\RelativePath	Core.Path	contract
Qualimetrix\Analysis\Evidence\Complexity\CyclomaticComplexityCollector	Analysis.Evidence.Complexity	Qualimetrix\Core\Symbol\SymbolLevel	Core.Symbol	contract
Qualimetrix\Analysis\Evidence\Complexity\CyclomaticComplexityVisitor	Analysis.Evidence.Complexity	Qualimetrix\Analysis\Evidence\Measurement\Contract\DeclarationIndexAwareInterface	Analysis.Evidence.Measurement	contract
Qualimetrix\Analysis\Evidence\Complexity\CyclomaticComplexityVisitor	Analysis.Evidence.Complexity	Qualimetrix\Analysis\Evidence\Measurement\Contract\MetricBag	Analysis.Evidence.Measurement	contract
Qualimetrix\Analysis\Evidence\Complexity\CyclomaticComplexityVisitor	Analysis.Evidence.Complexity	Qualimetrix\Analysis\Evidence\Measurement\Contract\ResettableVisitorInterface	Analysis.Evidence.Measurement	contract
Qualimetrix\Analysis\Evidence\Complexity\CyclomaticComplexityVisitor	Analysis.Evidence.Complexity	Qualimetrix\Analysis\Evidence\Measurement\Contract\VisitorCallableScope	Analysis.Evidence.Measurement	contract
Qualimetrix\Analysis\Evidence\Complexity\CyclomaticComplexityVisitor	Analysis.Evidence.Complexity	Qualimetrix\Analysis\Evidence\Measurement\Contract\VisitorMethodTrackingTrait	Analysis.Evidence.Measurement	contract
Qualimetrix\Analysis\Evidence\Complexity\CyclomaticComplexityVisitor	Analysis.Evidence.Complexity	Qualimetrix\Core\Path\RelativePath	Core.Path	contract
Qualimetrix\Analysis\Evidence\Complexity\MethodCognitiveComplexityOptions	Analysis.Evidence.Complexity	Qualimetrix\Analysis\Finding\Contract\Rule\LevelOptionsInterface	Analysis.Finding	contract
Qualimetrix\Analysis\Evidence\Complexity\MethodCognitiveComplexityOptions	Analysis.Evidence.Complexity	Qualimetrix\Analysis\Finding\Contract\Rule\Override\StandardOverrideValidatorTrait	Analysis.Finding	contract
Qualimetrix\Analysis\Evidence\Complexity\MethodCognitiveComplexityOptions	Analysis.Evidence.Complexity	Qualimetrix\Analysis\Finding\Contract\Rule\RuleOptionKey	Analysis.Finding	contract
Qualimetrix\Analysis\Evidence\Complexity\MethodCognitiveComplexityOptions	Analysis.Evidence.Complexity	Qualimetrix\Analysis\Finding\Contract\Rule\RuleOptionKeySet	Analysis.Finding	contract
Qualimetrix\Analysis\Evidence\Complexity\MethodCognitiveComplexityOptions	Analysis.Evidence.Complexity	Qualimetrix\Analysis\Finding\Contract\Rule\RuleOptionShape	Analysis.Finding	contract
Qualimetrix\Analysis\Evidence\Complexity\MethodCognitiveComplexityOptions	Analysis.Evidence.Complexity	Qualimetrix\Analysis\Finding\Contract\Rule\ThresholdAwareOptionsInterface	Analysis.Finding	contract
Qualimetrix\Analysis\Evidence\Complexity\MethodCognitiveComplexityOptions	Analysis.Evidence.Complexity	Qualimetrix\Analysis\Finding\Contract\Rule\ThresholdParser	Analysis.Finding	contract
Qualimetrix\Analysis\Evidence\Complexity\MethodCognitiveComplexityOptions	Analysis.Evidence.Complexity	Qualimetrix\Analysis\Finding\Contract\Severity	Analysis.Finding	contract
Qualimetrix\Analysis\Evidence\Complexity\MethodComplexityOptions	Analysis.Evidence.Complexity	Qualimetrix\Analysis\Finding\Contract\Rule\LevelOptionsInterface	Analysis.Finding	contract
Qualimetrix\Analysis\Evidence\Complexity\MethodComplexityOptions	Analysis.Evidence.Complexity	Qualimetrix\Analysis\Finding\Contract\Rule\Override\StandardOverrideValidatorTrait	Analysis.Finding	contract
Qualimetrix\Analysis\Evidence\Complexity\MethodComplexityOptions	Analysis.Evidence.Complexity	Qualimetrix\Analysis\Finding\Contract\Rule\RuleOptionKey	Analysis.Finding	contract
Qualimetrix\Analysis\Evidence\Complexity\MethodComplexityOptions	Analysis.Evidence.Complexity	Qualimetrix\Analysis\Finding\Contract\Rule\RuleOptionKeySet	Analysis.Finding	contract
Qualimetrix\Analysis\Evidence\Complexity\MethodComplexityOptions	Analysis.Evidence.Complexity	Qualimetrix\Analysis\Finding\Contract\Rule\RuleOptionShape	Analysis.Finding	contract
Qualimetrix\Analysis\Evidence\Complexity\MethodComplexityOptions	Analysis.Evidence.Complexity	Qualimetrix\Analysis\Finding\Contract\Rule\ThresholdAwareOptionsInterface	Analysis.Finding	contract
Qualimetrix\Analysis\Evidence\Complexity\MethodComplexityOptions	Analysis.Evidence.Complexity	Qualimetrix\Analysis\Finding\Contract\Rule\ThresholdParser	Analysis.Finding	contract
Qualimetrix\Analysis\Evidence\Complexity\MethodComplexityOptions	Analysis.Evidence.Complexity	Qualimetrix\Analysis\Finding\Contract\Severity	Analysis.Finding	contract
Qualimetrix\Analysis\Evidence\Complexity\MethodNpathComplexityOptions	Analysis.Evidence.Complexity	Qualimetrix\Analysis\Finding\Contract\Rule\LevelOptionsInterface	Analysis.Finding	contract
Qualimetrix\Analysis\Evidence\Complexity\MethodNpathComplexityOptions	Analysis.Evidence.Complexity	Qualimetrix\Analysis\Finding\Contract\Rule\Override\StandardOverrideValidatorTrait	Analysis.Finding	contract
Qualimetrix\Analysis\Evidence\Complexity\MethodNpathComplexityOptions	Analysis.Evidence.Complexity	Qualimetrix\Analysis\Finding\Contract\Rule\RuleOptionKey	Analysis.Finding	contract
Qualimetrix\Analysis\Evidence\Complexity\MethodNpathComplexityOptions	Analysis.Evidence.Complexity	Qualimetrix\Analysis\Finding\Contract\Rule\RuleOptionKeySet	Analysis.Finding	contract
Qualimetrix\Analysis\Evidence\Complexity\MethodNpathComplexityOptions	Analysis.Evidence.Complexity	Qualimetrix\Analysis\Finding\Contract\Rule\RuleOptionShape	Analysis.Finding	contract
Qualimetrix\Analysis\Evidence\Complexity\MethodNpathComplexityOptions	Analysis.Evidence.Complexity	Qualimetrix\Analysis\Finding\Contract\Rule\ThresholdAwareOptionsInterface	Analysis.Finding	contract
Qualimetrix\Analysis\Evidence\Complexity\MethodNpathComplexityOptions	Analysis.Evidence.Complexity	Qualimetrix\Analysis\Finding\Contract\Rule\ThresholdParser	Analysis.Finding	contract
Qualimetrix\Analysis\Evidence\Complexity\MethodNpathComplexityOptions	Analysis.Evidence.Complexity	Qualimetrix\Analysis\Finding\Contract\Severity	Analysis.Finding	contract
Qualimetrix\Analysis\Evidence\Complexity\NpathComplexityCollector	Analysis.Evidence.Complexity	Qualimetrix\Analysis\Evidence\Measurement\Contract\AbstractCollector	Analysis.Evidence.Measurement	contract
Qualimetrix\Analysis\Evidence\Complexity\NpathComplexityCollector	Analysis.Evidence.Complexity	Qualimetrix\Analysis\Evidence\Measurement\Contract\AggregationStrategy	Analysis.Evidence.Measurement	contract
Qualimetrix\Analysis\Evidence\Complexity\NpathComplexityCollector	Analysis.Evidence.Complexity	Qualimetrix\Analysis\Evidence\Measurement\Contract\CallableMetricsProviderInterface	Analysis.Evidence.Measurement	contract
Qualimetrix\Analysis\Evidence\Complexity\NpathComplexityCollector	Analysis.Evidence.Complexity	Qualimetrix\Analysis\Evidence\Measurement\Contract\MetricBag	Analysis.Evidence.Measurement	contract
Qualimetrix\Analysis\Evidence\Complexity\NpathComplexityCollector	Analysis.Evidence.Complexity	Qualimetrix\Analysis\Evidence\Measurement\Contract\MetricDefinition	Analysis.Evidence.Measurement	contract
Qualimetrix\Analysis\Evidence\Complexity\NpathComplexityCollector	Analysis.Evidence.Complexity	Qualimetrix\Analysis\Evidence\Measurement\Contract\MetricName	Analysis.Evidence.Measurement	contract
Qualimetrix\Analysis\Evidence\Complexity\NpathComplexityCollector	Analysis.Evidence.Complexity	Qualimetrix\Core\Path\RelativePath	Core.Path	contract
Qualimetrix\Analysis\Evidence\Complexity\NpathComplexityCollector	Analysis.Evidence.Complexity	Qualimetrix\Core\Symbol\SymbolLevel	Core.Symbol	contract
Qualimetrix\Analysis\Evidence\Complexity\NpathComplexityOptions	Analysis.Evidence.Complexity	Qualimetrix\Analysis\Finding\Contract\Rule\HierarchicalRuleOptionsInterface	Analysis.Finding	contract
Qualimetrix\Analysis\Evidence\Complexity\NpathComplexityOptions	Analysis.Evidence.Complexity	Qualimetrix\Analysis\Finding\Contract\Rule\LevelOptionsInterface	Analysis.Finding	contract
Qualimetrix\Analysis\Evidence\Complexity\NpathComplexityOptions	Analysis.Evidence.Complexity	Qualimetrix\Analysis\Finding\Contract\Rule\RuleOptionKey	Analysis.Finding	contract
Qualimetrix\Analysis\Evidence\Complexity\NpathComplexityOptions	Analysis.Evidence.Complexity	Qualimetrix\Analysis\Finding\Contract\Rule\RuleOptionKeySet	Analysis.Finding	contract
Qualimetrix\Analysis\Evidence\Complexity\NpathComplexityOptions	Analysis.Evidence.Complexity	Qualimetrix\Analysis\Finding\Contract\Rule\RuleOptionShape	Analysis.Finding	contract
Qualimetrix\Analysis\Evidence\Complexity\NpathComplexityOptions	Analysis.Evidence.Complexity	Qualimetrix\Analysis\Finding\Contract\Rule\ThresholdParser	Analysis.Finding	contract
Qualimetrix\Analysis\Evidence\Complexity\NpathComplexityOptions	Analysis.Evidence.Complexity	Qualimetrix\Analysis\Finding\Contract\Severity	Analysis.Finding	contract
Qualimetrix\Analysis\Evidence\Complexity\NpathComplexityOptions	Analysis.Evidence.Complexity	Qualimetrix\Core\Symbol\SymbolLevel	Core.Symbol	contract
Qualimetrix\Analysis\Evidence\Complexity\NpathComplexityRule	Analysis.Evidence.Complexity	Qualimetrix\Analysis\Evidence\Measurement\Contract\AggregationStrategy	Analysis.Evidence.Measurement	contract
Qualimetrix\Analysis\Evidence\Complexity\NpathComplexityRule	Analysis.Evidence.Complexity	Qualimetrix\Analysis\Evidence\Measurement\Contract\MetricBag	Analysis.Evidence.Measurement	contract
Qualimetrix\Analysis\Evidence\Complexity\NpathComplexityRule	Analysis.Evidence.Complexity	Qualimetrix\Analysis\Evidence\Measurement\Contract\MetricName	Analysis.Evidence.Measurement	contract
Qualimetrix\Analysis\Evidence\Complexity\NpathComplexityRule	Analysis.Evidence.Complexity	Qualimetrix\Analysis\Finding\Contract\ChannelDeclaration	Analysis.Finding	contract
Qualimetrix\Analysis\Evidence\Complexity\NpathComplexityRule	Analysis.Evidence.Complexity	Qualimetrix\Analysis\Finding\Contract\ChannelShape	Analysis.Finding	contract
Qualimetrix\Analysis\Evidence\Complexity\NpathComplexityRule	Analysis.Evidence.Complexity	Qualimetrix\Analysis\Finding\Contract\Finding	Analysis.Finding	contract
Qualimetrix\Analysis\Evidence\Complexity\NpathComplexityRule	Analysis.Evidence.Complexity	Qualimetrix\Analysis\Finding\Contract\JudgedMetrics	Analysis.Finding	contract
Qualimetrix\Analysis\Evidence\Complexity\NpathComplexityRule	Analysis.Evidence.Complexity	Qualimetrix\Analysis\Finding\Contract\Location	Analysis.Finding	contract
Qualimetrix\Analysis\Evidence\Complexity\NpathComplexityRule	Analysis.Evidence.Complexity	Qualimetrix\Analysis\Finding\Contract\Rule\AbstractRule	Analysis.Finding	contract
Qualimetrix\Analysis\Evidence\Complexity\NpathComplexityRule	Analysis.Evidence.Complexity	Qualimetrix\Analysis\Finding\Contract\Rule\AnalysisContext	Analysis.Finding	contract
Qualimetrix\Analysis\Evidence\Complexity\NpathComplexityRule	Analysis.Evidence.Complexity	Qualimetrix\Analysis\Finding\Contract\Rule\Attribute\CliAlias	Analysis.Finding	contract
Qualimetrix\Analysis\Evidence\Complexity\NpathComplexityRule	Analysis.Evidence.Complexity	Qualimetrix\Analysis\Finding\Contract\Rule\HierarchicalRuleInterface	Analysis.Finding	contract
Qualimetrix\Analysis\Evidence\Complexity\NpathComplexityRule	Analysis.Evidence.Complexity	Qualimetrix\Analysis\Finding\Contract\Severity	Analysis.Finding	contract
Qualimetrix\Analysis\Evidence\Complexity\NpathComplexityRule	Analysis.Evidence.Complexity	Qualimetrix\Core\Observation\WorseDirection	Core.Neutral	contract
Qualimetrix\Analysis\Evidence\Complexity\NpathComplexityRule	Analysis.Evidence.Complexity	Qualimetrix\Core\Symbol\SymbolLevel	Core.Symbol	contract
Qualimetrix\Analysis\Evidence\Complexity\NpathComplexityRule	Analysis.Evidence.Complexity	Qualimetrix\Core\Symbol\SymbolType	Core.Symbol	contract
Qualimetrix\Analysis\Evidence\Complexity\NpathComplexityVisitor	Analysis.Evidence.Complexity	Qualimetrix\Analysis\Evidence\Measurement\Contract\DeclarationIndexAwareInterface	Analysis.Evidence.Measurement	contract
Qualimetrix\Analysis\Evidence\Complexity\NpathComplexityVisitor	Analysis.Evidence.Complexity	Qualimetrix\Analysis\Evidence\Measurement\Contract\MetricBag	Analysis.Evidence.Measurement	contract
Qualimetrix\Analysis\Evidence\Complexity\NpathComplexityVisitor	Analysis.Evidence.Complexity	Qualimetrix\Analysis\Evidence\Measurement\Contract\ResettableVisitorInterface	Analysis.Evidence.Measurement	contract
Qualimetrix\Analysis\Evidence\Complexity\NpathComplexityVisitor	Analysis.Evidence.Complexity	Qualimetrix\Analysis\Evidence\Measurement\Contract\VisitorCallableScope	Analysis.Evidence.Measurement	contract
Qualimetrix\Analysis\Evidence\Complexity\NpathComplexityVisitor	Analysis.Evidence.Complexity	Qualimetrix\Analysis\Evidence\Measurement\Contract\VisitorMethodTrackingTrait	Analysis.Evidence.Measurement	contract
Qualimetrix\Analysis\Evidence\Complexity\NpathComplexityVisitor	Analysis.Evidence.Complexity	Qualimetrix\Core\Path\RelativePath	Core.Path	contract
Qualimetrix\Analysis\Evidence\Complexity\WmcOptions	Analysis.Evidence.Complexity	Qualimetrix\Analysis\Finding\Contract\Rule\Override\StandardOverrideValidatorTrait	Analysis.Finding	contract
Qualimetrix\Analysis\Evidence\Complexity\WmcOptions	Analysis.Evidence.Complexity	Qualimetrix\Analysis\Finding\Contract\Rule\RuleOptionKey	Analysis.Finding	contract
Qualimetrix\Analysis\Evidence\Complexity\WmcOptions	Analysis.Evidence.Complexity	Qualimetrix\Analysis\Finding\Contract\Rule\RuleOptionKeySet	Analysis.Finding	contract
Qualimetrix\Analysis\Evidence\Complexity\WmcOptions	Analysis.Evidence.Complexity	Qualimetrix\Analysis\Finding\Contract\Rule\RuleOptionShape	Analysis.Finding	contract
Qualimetrix\Analysis\Evidence\Complexity\WmcOptions	Analysis.Evidence.Complexity	Qualimetrix\Analysis\Finding\Contract\Rule\RuleOptionsInterface	Analysis.Finding	contract
Qualimetrix\Analysis\Evidence\Complexity\WmcOptions	Analysis.Evidence.Complexity	Qualimetrix\Analysis\Finding\Contract\Rule\ThresholdAwareOptionsInterface	Analysis.Finding	contract
Qualimetrix\Analysis\Evidence\Complexity\WmcOptions	Analysis.Evidence.Complexity	Qualimetrix\Analysis\Finding\Contract\Rule\ThresholdParser	Analysis.Finding	contract
Qualimetrix\Analysis\Evidence\Complexity\WmcOptions	Analysis.Evidence.Complexity	Qualimetrix\Analysis\Finding\Contract\Severity	Analysis.Finding	contract
Qualimetrix\Analysis\Evidence\Complexity\WmcRule	Analysis.Evidence.Complexity	Qualimetrix\Analysis\Evidence\Measurement\Contract\MetricName	Analysis.Evidence.Measurement	contract
Qualimetrix\Analysis\Evidence\Complexity\WmcRule	Analysis.Evidence.Complexity	Qualimetrix\Analysis\Finding\Contract\ChannelDeclaration	Analysis.Finding	contract
Qualimetrix\Analysis\Evidence\Complexity\WmcRule	Analysis.Evidence.Complexity	Qualimetrix\Analysis\Finding\Contract\ChannelShape	Analysis.Finding	contract
Qualimetrix\Analysis\Evidence\Complexity\WmcRule	Analysis.Evidence.Complexity	Qualimetrix\Analysis\Finding\Contract\Finding	Analysis.Finding	contract
Qualimetrix\Analysis\Evidence\Complexity\WmcRule	Analysis.Evidence.Complexity	Qualimetrix\Analysis\Finding\Contract\JudgedMetrics	Analysis.Finding	contract
Qualimetrix\Analysis\Evidence\Complexity\WmcRule	Analysis.Evidence.Complexity	Qualimetrix\Analysis\Finding\Contract\Location	Analysis.Finding	contract
Qualimetrix\Analysis\Evidence\Complexity\WmcRule	Analysis.Evidence.Complexity	Qualimetrix\Analysis\Finding\Contract\Rule\AbstractRule	Analysis.Finding	contract
Qualimetrix\Analysis\Evidence\Complexity\WmcRule	Analysis.Evidence.Complexity	Qualimetrix\Analysis\Finding\Contract\Rule\AnalysisContext	Analysis.Finding	contract
Qualimetrix\Analysis\Evidence\Complexity\WmcRule	Analysis.Evidence.Complexity	Qualimetrix\Analysis\Finding\Contract\Rule\Attribute\CliAlias	Analysis.Finding	contract
Qualimetrix\Analysis\Evidence\Complexity\WmcRule	Analysis.Evidence.Complexity	Qualimetrix\Analysis\Finding\Contract\Severity	Analysis.Finding	contract
Qualimetrix\Analysis\Evidence\Complexity\WmcRule	Analysis.Evidence.Complexity	Qualimetrix\Core\Observation\WorseDirection	Core.Neutral	contract
Qualimetrix\Analysis\Evidence\Complexity\WmcRule	Analysis.Evidence.Complexity	Qualimetrix\Core\Symbol\SymbolInfo	Core.Symbol	contract
Qualimetrix\Analysis\Evidence\Complexity\WmcRule	Analysis.Evidence.Complexity	Qualimetrix\Core\Symbol\SymbolLevel	Core.Symbol	contract
Qualimetrix\Analysis\Evidence\Complexity\WmcRule	Analysis.Evidence.Complexity	Qualimetrix\Core\Symbol\SymbolType	Core.Symbol	contract
Qualimetrix\Analysis\Evidence\ComputedMetrics\ComputedMetricAnalysis	Analysis.Evidence.ComputedMetrics	Qualimetrix\Analysis\Configuration\Contract\ConfigurationDocument	Analysis.Configuration	contract
Qualimetrix\Analysis\Evidence\ComputedMetrics\ComputedMetricDefaults	Analysis.Evidence.ComputedMetrics	Qualimetrix\Core\Symbol\SymbolLevel	Core.Symbol	contract
Qualimetrix\Analysis\Evidence\ComputedMetrics\ComputedMetricFormulaValidator	Analysis.Evidence.ComputedMetrics	Qualimetrix\Analysis\Configuration\Contract\Refusal\ConfigurationRefusal	Analysis.Configuration	contract
Qualimetrix\Analysis\Evidence\ComputedMetrics\ComputedMetricFormulaValidator	Analysis.Evidence.ComputedMetrics	Qualimetrix\Analysis\Configuration\Contract\Refusal\RefusedPosition	Analysis.Configuration	contract
Qualimetrix\Analysis\Evidence\ComputedMetrics\ComputedMetricFormulaValidator	Analysis.Evidence.ComputedMetrics	Qualimetrix\Analysis\Evidence\Measurement\Contract\MetricName	Analysis.Evidence.Measurement	contract
Qualimetrix\Analysis\Evidence\ComputedMetrics\ComputedMetricOverrideReader	Analysis.Evidence.ComputedMetrics	Qualimetrix\Analysis\Configuration\Contract\Refusal\ConfigurationRefusal	Analysis.Configuration	contract
Qualimetrix\Analysis\Evidence\ComputedMetrics\ComputedMetricOverrideReader	Analysis.Evidence.ComputedMetrics	Qualimetrix\Analysis\Configuration\Contract\Refusal\RefusedPosition	Analysis.Configuration	contract
Qualimetrix\Analysis\Evidence\ComputedMetrics\ComputedMetricOverrideReader	Analysis.Evidence.ComputedMetrics	Qualimetrix\Analysis\Finding\Contract\FindingChannel	Analysis.Finding	contract
Qualimetrix\Analysis\Evidence\ComputedMetrics\ComputedMetricOverrideReader	Analysis.Evidence.ComputedMetrics	Qualimetrix\Analysis\Finding\Contract\Rule\RuleOptionKey	Analysis.Finding	contract
Qualimetrix\Analysis\Evidence\ComputedMetrics\ComputedMetricOverrideReader	Analysis.Evidence.ComputedMetrics	Qualimetrix\Core\Symbol\SymbolLevel	Core.Symbol	contract
Qualimetrix\Analysis\Evidence\ComputedMetrics\ComputedMetricRule	Analysis.Evidence.ComputedMetrics	Qualimetrix\Analysis\Finding\Contract\ChannelShape	Analysis.Finding	contract
Qualimetrix\Analysis\Evidence\ComputedMetrics\ComputedMetricRule	Analysis.Evidence.ComputedMetrics	Qualimetrix\Analysis\Finding\Contract\Location	Analysis.Finding	contract
Qualimetrix\Analysis\Evidence\ComputedMetrics\ComputedMetricRule	Analysis.Evidence.ComputedMetrics	Qualimetrix\Analysis\Finding\Contract\Rule\AbstractRule	Analysis.Finding	contract
Qualimetrix\Analysis\Evidence\ComputedMetrics\ComputedMetricRule	Analysis.Evidence.ComputedMetrics	Qualimetrix\Analysis\Finding\Contract\Rule\AnalysisContext	Analysis.Finding	contract
Qualimetrix\Analysis\Evidence\ComputedMetrics\ComputedMetricRule	Analysis.Evidence.ComputedMetrics	Qualimetrix\Core\Profiler\Contract\ProfilerInterface	Core.Profiler	contract
Qualimetrix\Analysis\Evidence\ComputedMetrics\ComputedMetricRule	Analysis.Evidence.ComputedMetrics	Qualimetrix\Core\Symbol\MetricSubject	Core.Symbol	contract
Qualimetrix\Analysis\Evidence\ComputedMetrics\ComputedMetricRule	Analysis.Evidence.ComputedMetrics	Qualimetrix\Core\Symbol\SymbolLevel	Core.Symbol	contract
Qualimetrix\Analysis\Evidence\ComputedMetrics\ComputedMetricRule	Analysis.Evidence.ComputedMetrics	Qualimetrix\Core\Symbol\SymbolPath	Core.Symbol	contract
Qualimetrix\Analysis\Evidence\ComputedMetrics\ComputedMetricRule	Analysis.Evidence.ComputedMetrics	Qualimetrix\Core\Symbol\SymbolType	Core.Symbol	contract
Qualimetrix\Analysis\Evidence\ComputedMetrics\ComputedMetricRuleOptions	Analysis.Evidence.ComputedMetrics	Qualimetrix\Analysis\Finding\Contract\Rule\RuleOptionKey	Analysis.Finding	contract
Qualimetrix\Analysis\Evidence\ComputedMetrics\ComputedMetricRuleOptions	Analysis.Evidence.ComputedMetrics	Qualimetrix\Analysis\Finding\Contract\Rule\RuleOptionKeySet	Analysis.Finding	contract
Qualimetrix\Analysis\Evidence\ComputedMetrics\ComputedMetricRuleOptions	Analysis.Evidence.ComputedMetrics	Qualimetrix\Analysis\Finding\Contract\Rule\RuleOptionShape	Analysis.Finding	contract
Qualimetrix\Analysis\Evidence\ComputedMetrics\ComputedMetricRuleOptions	Analysis.Evidence.ComputedMetrics	Qualimetrix\Analysis\Finding\Contract\Rule\RuleOptionsInterface	Analysis.Finding	contract
Qualimetrix\Analysis\Evidence\ComputedMetrics\ComputedMetricRuleOptions	Analysis.Evidence.ComputedMetrics	Qualimetrix\Analysis\Finding\Contract\Severity	Analysis.Finding	contract
Qualimetrix\Analysis\Evidence\ComputedMetrics\ComputedMetricsConfigResolver	Analysis.Evidence.ComputedMetrics	Qualimetrix\Analysis\Configuration\Contract\Refusal\ConfigurationRefusal	Analysis.Configuration	contract
Qualimetrix\Analysis\Evidence\ComputedMetrics\ComputedMetricsConfigResolver	Analysis.Evidence.ComputedMetrics	Qualimetrix\Analysis\Configuration\Contract\Refusal\RefusedPosition	Analysis.Configuration	contract
Qualimetrix\Analysis\Evidence\ComputedMetrics\ComputedMetricsConfigResolver	Analysis.Evidence.ComputedMetrics	Qualimetrix\Analysis\Finding\Contract\Rule\RuleOptionKey	Analysis.Finding	contract
Qualimetrix\Analysis\Evidence\ComputedMetrics\Configuration\ComputedMetricContributionReader	Analysis.Evidence.ComputedMetrics	Qualimetrix\Analysis\Configuration\Contract\ConfigurationDocument	Analysis.Configuration	contract
Qualimetrix\Analysis\Evidence\ComputedMetrics\Configuration\ComputedMetricContributionReader	Analysis.Evidence.ComputedMetrics	Qualimetrix\Analysis\Configuration\Contract\Refusal\ConfigurationRefusal	Analysis.Configuration	contract
Qualimetrix\Analysis\Evidence\ComputedMetrics\Configuration\ComputedMetricContributionReader	Analysis.Evidence.ComputedMetrics	Qualimetrix\Analysis\Configuration\Contract\Refusal\RefusedPosition	Analysis.Configuration	contract
Qualimetrix\Analysis\Evidence\ComputedMetrics\Configuration\ComputedMetricEntryKeyRecognition	Analysis.Evidence.ComputedMetrics	Qualimetrix\Analysis\Configuration\ConfigKeySpelling	Analysis.Configuration	contract
Qualimetrix\Analysis\Evidence\ComputedMetrics\Configuration\ComputedMetricEntryKeyRecognition	Analysis.Evidence.ComputedMetrics	Qualimetrix\Analysis\Configuration\Contract\Refusal\ConfigurationRefusal	Analysis.Configuration	contract
Qualimetrix\Analysis\Evidence\ComputedMetrics\Configuration\ComputedMetricEntryKeyRecognition	Analysis.Evidence.ComputedMetrics	Qualimetrix\Analysis\Configuration\Contract\Refusal\RefusedPosition	Analysis.Configuration	contract
Qualimetrix\Analysis\Evidence\ComputedMetrics\Configuration\ComputedMetricEntryKeyRecognition	Analysis.Evidence.ComputedMetrics	Qualimetrix\Core\Symbol\SymbolLevel	Core.Symbol	contract
Qualimetrix\Analysis\Evidence\ComputedMetrics\Configuration\ComputedMetricEntryKeys	Analysis.Evidence.ComputedMetrics	Qualimetrix\Analysis\Finding\Contract\Rule\RuleOptionKeySet	Analysis.Finding	contract
Qualimetrix\Analysis\Evidence\ComputedMetrics\Configuration\ComputedMetricEntryKeys	Analysis.Evidence.ComputedMetrics	Qualimetrix\Analysis\Finding\Contract\Rule\RuleOptionShape	Analysis.Finding	contract
Qualimetrix\Analysis\Evidence\ComputedMetrics\Configuration\ComputedMetricEntryKeys	Analysis.Evidence.ComputedMetrics	Qualimetrix\Core\Symbol\SymbolLevel	Core.Symbol	contract
Qualimetrix\Analysis\Evidence\ComputedMetrics\Contract\Configuration\ComputedMetricConfiguratorInterface	Analysis.Evidence.ComputedMetrics	Qualimetrix\Analysis\Configuration\Contract\ConfigurationDocument	Analysis.Configuration	contract
Qualimetrix\Analysis\Evidence\ComputedMetrics\Contract\Definition\ComputedMetricDefinition	Analysis.Evidence.ComputedMetrics	Qualimetrix\Analysis\Evidence\Measurement\Contract\MetricName	Analysis.Evidence.Measurement	contract
Qualimetrix\Analysis\Evidence\ComputedMetrics\Contract\Definition\ComputedMetricDefinition	Analysis.Evidence.ComputedMetrics	Qualimetrix\Core\Symbol\SymbolLevel	Core.Symbol	contract
Qualimetrix\Analysis\Evidence\ComputedMetrics\Contract\Evaluation\ComputedMetricEvaluator	Analysis.Evidence.ComputedMetrics	Qualimetrix\Analysis\Evidence\Measurement\Contract\MetricBag	Analysis.Evidence.Measurement	contract
Qualimetrix\Analysis\Evidence\ComputedMetrics\Contract\Evaluation\ComputedMetricEvaluator	Analysis.Evidence.ComputedMetrics	Qualimetrix\Analysis\Evidence\Measurement\Contract\MetricRepositoryInterface	Analysis.Evidence.Measurement	contract
Qualimetrix\Analysis\Evidence\ComputedMetrics\Contract\Evaluation\ComputedMetricEvaluator	Analysis.Evidence.ComputedMetrics	Qualimetrix\Core\Profiler\Contract\ProfilerInterface	Core.Profiler	contract
Qualimetrix\Analysis\Evidence\ComputedMetrics\Contract\Evaluation\ComputedMetricEvaluator	Analysis.Evidence.ComputedMetrics	Qualimetrix\Core\Symbol\SymbolLevel	Core.Symbol	contract
Qualimetrix\Analysis\Evidence\ComputedMetrics\Contract\Evaluation\ComputedMetricEvaluator	Analysis.Evidence.ComputedMetrics	Qualimetrix\Core\Symbol\SymbolPath	Core.Symbol	contract
Qualimetrix\Analysis\Evidence\ComputedMetrics\Contract\Finding\ComputedMetricChannelFamily	Analysis.Evidence.ComputedMetrics	Qualimetrix\Analysis\Finding\Contract\ChannelShape	Analysis.Finding	contract
Qualimetrix\Analysis\Evidence\ComputedMetrics\Finding\ComputedMetricFindingBuilder	Analysis.Evidence.ComputedMetrics	Qualimetrix\Analysis\Finding\Contract\Finding	Analysis.Finding	contract
Qualimetrix\Analysis\Evidence\ComputedMetrics\Finding\ComputedMetricFindingBuilder	Analysis.Evidence.ComputedMetrics	Qualimetrix\Analysis\Finding\Contract\Location	Analysis.Finding	contract
Qualimetrix\Analysis\Evidence\ComputedMetrics\Finding\ComputedMetricFindingBuilder	Analysis.Evidence.ComputedMetrics	Qualimetrix\Analysis\Finding\Contract\Severity	Analysis.Finding	contract
Qualimetrix\Analysis\Evidence\ComputedMetrics\Finding\ComputedMetricFindingBuilder	Analysis.Evidence.ComputedMetrics	Qualimetrix\Core\Symbol\MetricSubject	Core.Symbol	contract
Qualimetrix\Analysis\Evidence\ComputedMetrics\Finding\ComputedMetricFindingBuilder	Analysis.Evidence.ComputedMetrics	Qualimetrix\Core\Symbol\SymbolPath	Core.Symbol	contract
Qualimetrix\Analysis\Evidence\ComputedMetrics\Health\Configuration\HealthFormulaExcluder	Analysis.Evidence.ComputedMetrics.Health	Qualimetrix\Analysis\Configuration\Contract\Refusal\ConfigurationRefusal	Analysis.Configuration	contract
Qualimetrix\Analysis\Evidence\ComputedMetrics\Health\Configuration\HealthFormulaExcluder	Analysis.Evidence.ComputedMetrics.Health	Qualimetrix\Analysis\Configuration\Contract\Refusal\RefusedPosition	Analysis.Configuration	contract
Qualimetrix\Analysis\Evidence\ComputedMetrics\Health\Configuration\HealthFormulaExcluder	Analysis.Evidence.ComputedMetrics.Health	Qualimetrix\Analysis\Evidence\ComputedMetrics\Contract\Configuration\HealthFormulaExclusionInterface	Analysis.Evidence.ComputedMetrics	contract
Qualimetrix\Analysis\Evidence\ComputedMetrics\Health\Configuration\HealthFormulaExcluder	Analysis.Evidence.ComputedMetrics.Health	Qualimetrix\Analysis\Evidence\ComputedMetrics\Contract\Definition\ComputedMetricDefinition	Analysis.Evidence.ComputedMetrics	contract
Qualimetrix\Analysis\Evidence\ComputedMetrics\Health\Configuration\HealthFormulaExcluder	Analysis.Evidence.ComputedMetrics.Health	Qualimetrix\Analysis\Evidence\ComputedMetrics\Contract\Definition\HealthDimension	Analysis.Evidence.ComputedMetrics	contract
Qualimetrix\Analysis\Evidence\ComputedMetrics\Health\Configuration\HealthFormulaExcluder	Analysis.Evidence.ComputedMetrics.Health	Qualimetrix\Analysis\Evidence\ComputedMetrics\Contract\Evaluation\ComputedMetricExpression	Analysis.Evidence.ComputedMetrics	contract
Qualimetrix\Analysis\Evidence\ComputedMetrics\Health\Configuration\WeightedHealthFormula	Analysis.Evidence.ComputedMetrics.Health	Qualimetrix\Analysis\Evidence\ComputedMetrics\Contract\Evaluation\ComputedMetricExpression	Analysis.Evidence.ComputedMetrics	contract
Qualimetrix\Analysis\Evidence\ComputedMetrics\Health\Contract\DrillDown\HealthScoreDrillDown	Analysis.Evidence.ComputedMetrics.Health	Qualimetrix\Analysis\Evidence\ComputedMetrics\Contract\Definition\ComputedMetricDefinitionCatalogInterface	Analysis.Evidence.ComputedMetrics	contract
Qualimetrix\Analysis\Evidence\ComputedMetrics\Health\Contract\DrillDown\HealthScoreDrillDown	Analysis.Evidence.ComputedMetrics.Health	Qualimetrix\Analysis\Evidence\ComputedMetrics\Contract\Definition\HealthDimension	Analysis.Evidence.ComputedMetrics	contract
Qualimetrix\Analysis\Evidence\ComputedMetrics\Health\Contract\DrillDown\HealthScoreDrillDown	Analysis.Evidence.ComputedMetrics.Health	Qualimetrix\Analysis\Evidence\Measurement\Contract\MetricBag	Analysis.Evidence.Measurement	contract
Qualimetrix\Analysis\Evidence\ComputedMetrics\Health\Contract\DrillDown\HealthScoreDrillDown	Analysis.Evidence.ComputedMetrics.Health	Qualimetrix\Analysis\Evidence\Measurement\Contract\MetricRepositoryInterface	Analysis.Evidence.Measurement	contract
Qualimetrix\Analysis\Evidence\ComputedMetrics\Health\Contract\DrillDown\HealthScoreDrillDown	Analysis.Evidence.ComputedMetrics.Health	Qualimetrix\Core\Pattern\NamespacePattern	Core.Neutral	contract
Qualimetrix\Analysis\Evidence\ComputedMetrics\Health\Contract\DrillDown\HealthScoreDrillDown	Analysis.Evidence.ComputedMetrics.Health	Qualimetrix\Core\Symbol\SymbolLevel	Core.Symbol	contract
Qualimetrix\Analysis\Evidence\ComputedMetrics\Health\Contract\DrillDown\WorstClassDrillDown	Analysis.Evidence.ComputedMetrics.Health	Qualimetrix\Analysis\Evidence\ComputedMetrics\Contract\Definition\ComputedMetricDefinitionCatalogInterface	Analysis.Evidence.ComputedMetrics	contract
Qualimetrix\Analysis\Evidence\ComputedMetrics\Health\Contract\DrillDown\WorstClassDrillDown	Analysis.Evidence.ComputedMetrics.Health	Qualimetrix\Analysis\Evidence\ComputedMetrics\Contract\Definition\HealthDimension	Analysis.Evidence.ComputedMetrics	contract
Qualimetrix\Analysis\Evidence\ComputedMetrics\Health\Contract\DrillDown\WorstClassDrillDown	Analysis.Evidence.ComputedMetrics.Health	Qualimetrix\Analysis\Evidence\Measurement\Contract\MetricRepositoryInterface	Analysis.Evidence.Measurement	contract
Qualimetrix\Analysis\Evidence\ComputedMetrics\Health\Contract\DrillDown\WorstClassDrillDown	Analysis.Evidence.ComputedMetrics.Health	Qualimetrix\Core\Pattern\NamespacePattern	Core.Neutral	contract
Qualimetrix\Analysis\Evidence\ComputedMetrics\Health\Contract\DrillDown\WorstClassDrillDown	Analysis.Evidence.ComputedMetrics.Health	Qualimetrix\Core\Symbol\SymbolLevel	Core.Symbol	contract
Qualimetrix\Analysis\Evidence\ComputedMetrics\Health\Contract\Offender\RankedOffenderLevels	Analysis.Evidence.ComputedMetrics.Health	Qualimetrix\Core\Symbol\SymbolLevel	Core.Symbol	contract
Qualimetrix\Analysis\Evidence\ComputedMetrics\Health\Contract\Offender\WorstOffender	Analysis.Evidence.ComputedMetrics.Health	Qualimetrix\Core\Path\RelativePath	Core.Path	contract
Qualimetrix\Analysis\Evidence\ComputedMetrics\Health\Contract\Offender\WorstOffender	Analysis.Evidence.ComputedMetrics.Health	Qualimetrix\Core\Symbol\SymbolPath	Core.Symbol	contract
Qualimetrix\Analysis\Evidence\ComputedMetrics\Health\Contract\Summary\HealthSummaryBuilder	Analysis.Evidence.ComputedMetrics.Health	Qualimetrix\Analysis\Evidence\ComputedMetrics\Contract\Definition\ComputedMetricDefinitionCatalogInterface	Analysis.Evidence.ComputedMetrics	contract
Qualimetrix\Analysis\Evidence\ComputedMetrics\Health\Contract\Summary\HealthSummaryBuilder	Analysis.Evidence.ComputedMetrics.Health	Qualimetrix\Analysis\Evidence\ComputedMetrics\Contract\Definition\HealthDimension	Analysis.Evidence.ComputedMetrics	contract
Qualimetrix\Analysis\Evidence\ComputedMetrics\Health\Contract\Summary\HealthSummaryBuilder	Analysis.Evidence.ComputedMetrics.Health	Qualimetrix\Analysis\Evidence\Measurement\Contract\AggregationStrategy	Analysis.Evidence.Measurement	contract
Qualimetrix\Analysis\Evidence\ComputedMetrics\Health\Contract\Summary\HealthSummaryBuilder	Analysis.Evidence.ComputedMetrics.Health	Qualimetrix\Analysis\Evidence\Measurement\Contract\MetricBag	Analysis.Evidence.Measurement	contract
Qualimetrix\Analysis\Evidence\ComputedMetrics\Health\Contract\Summary\HealthSummaryBuilder	Analysis.Evidence.ComputedMetrics.Health	Qualimetrix\Analysis\Evidence\Measurement\Contract\MetricName	Analysis.Evidence.Measurement	contract
Qualimetrix\Analysis\Evidence\ComputedMetrics\Health\Contract\Summary\HealthSummaryBuilder	Analysis.Evidence.ComputedMetrics.Health	Qualimetrix\Analysis\Evidence\Measurement\Contract\MetricRepositoryInterface	Analysis.Evidence.Measurement	contract
Qualimetrix\Analysis\Evidence\ComputedMetrics\Health\Contract\Summary\HealthSummaryBuilder	Analysis.Evidence.ComputedMetrics.Health	Qualimetrix\Analysis\Evidence\Measurement\Contract\NamespaceTree	Analysis.Evidence.Measurement	contract
Qualimetrix\Analysis\Evidence\ComputedMetrics\Health\Contract\Summary\HealthSummaryBuilder	Analysis.Evidence.ComputedMetrics.Health	Qualimetrix\Core\Symbol\SymbolLevel	Core.Symbol	contract
Qualimetrix\Analysis\Evidence\ComputedMetrics\Health\Contract\Summary\HealthSummaryBuilder	Analysis.Evidence.ComputedMetrics.Health	Qualimetrix\Core\Symbol\SymbolPath	Core.Symbol	contract
Qualimetrix\Analysis\Evidence\ComputedMetrics\Health\Metadata\HealthDecompositionCatalog	Analysis.Evidence.ComputedMetrics.Health	Qualimetrix\Analysis\Evidence\Measurement\Contract\MetricName	Analysis.Evidence.Measurement	contract
Qualimetrix\Analysis\Evidence\ComputedMetrics\Health\Metadata\HealthDecompositionCatalog	Analysis.Evidence.ComputedMetrics.Health	Qualimetrix\Core\Symbol\SymbolLevel	Core.Symbol	contract
Qualimetrix\Analysis\Evidence\ComputedMetrics\Health\Metadata\HealthMetricCatalog	Analysis.Evidence.ComputedMetrics.Health	Qualimetrix\Core\Symbol\SymbolLevel	Core.Symbol	contract
Qualimetrix\Analysis\Evidence\ComputedMetrics\Health\Metadata\MetricHintCatalog	Analysis.Evidence.ComputedMetrics.Health	Qualimetrix\Analysis\Evidence\Measurement\Contract\MetricName	Analysis.Evidence.Measurement	contract
Qualimetrix\Analysis\Evidence\ComputedMetrics\Health\Offender\WorstOffenderBuilder	Analysis.Evidence.ComputedMetrics.Health	Qualimetrix\Core\Pattern\NamespacePattern	Core.Neutral	contract
Qualimetrix\Analysis\Evidence\ComputedMetrics\Health\Score\CoverageReader	Analysis.Evidence.ComputedMetrics.Health	Qualimetrix\Core\Symbol\SymbolLevel	Core.Symbol	contract
Qualimetrix\Analysis\Evidence\Coupling\AbstractnessCollector	Analysis.Evidence.Coupling	Qualimetrix\Analysis\Evidence\DependencyModel\Contract\DependencyGraphInterface	Analysis.Evidence.DependencyModel	contract
Qualimetrix\Analysis\Evidence\Coupling\AbstractnessCollector	Analysis.Evidence.Coupling	Qualimetrix\Analysis\Evidence\Measurement\Contract\AggregationStrategy	Analysis.Evidence.Measurement	contract
Qualimetrix\Analysis\Evidence\Coupling\AbstractnessCollector	Analysis.Evidence.Coupling	Qualimetrix\Analysis\Evidence\Measurement\Contract\GlobalContextCollectorInterface	Analysis.Evidence.Measurement	contract
Qualimetrix\Analysis\Evidence\Coupling\AbstractnessCollector	Analysis.Evidence.Coupling	Qualimetrix\Analysis\Evidence\Measurement\Contract\MetricDefinition	Analysis.Evidence.Measurement	contract
Qualimetrix\Analysis\Evidence\Coupling\AbstractnessCollector	Analysis.Evidence.Coupling	Qualimetrix\Analysis\Evidence\Measurement\Contract\MetricName	Analysis.Evidence.Measurement	contract
Qualimetrix\Analysis\Evidence\Coupling\AbstractnessCollector	Analysis.Evidence.Coupling	Qualimetrix\Analysis\Evidence\Measurement\Contract\MetricRepositoryInterface	Analysis.Evidence.Measurement	contract
Qualimetrix\Analysis\Evidence\Coupling\AbstractnessCollector	Analysis.Evidence.Coupling	Qualimetrix\Core\Symbol\SymbolLevel	Core.Symbol	contract
Qualimetrix\Analysis\Evidence\Coupling\CboOptions	Analysis.Evidence.Coupling	Qualimetrix\Analysis\Finding\Contract\Rule\HierarchicalRuleOptionsInterface	Analysis.Finding	contract
Qualimetrix\Analysis\Evidence\Coupling\CboOptions	Analysis.Evidence.Coupling	Qualimetrix\Analysis\Finding\Contract\Rule\LevelOptionsInterface	Analysis.Finding	contract
Qualimetrix\Analysis\Evidence\Coupling\CboOptions	Analysis.Evidence.Coupling	Qualimetrix\Analysis\Finding\Contract\Rule\RuleOptionKey	Analysis.Finding	contract
Qualimetrix\Analysis\Evidence\Coupling\CboOptions	Analysis.Evidence.Coupling	Qualimetrix\Analysis\Finding\Contract\Rule\RuleOptionKeySet	Analysis.Finding	contract
Qualimetrix\Analysis\Evidence\Coupling\CboOptions	Analysis.Evidence.Coupling	Qualimetrix\Analysis\Finding\Contract\Rule\RuleOptionShape	Analysis.Finding	contract
Qualimetrix\Analysis\Evidence\Coupling\CboOptions	Analysis.Evidence.Coupling	Qualimetrix\Analysis\Finding\Contract\Rule\ThresholdParser	Analysis.Finding	contract
Qualimetrix\Analysis\Evidence\Coupling\CboOptions	Analysis.Evidence.Coupling	Qualimetrix\Analysis\Finding\Contract\Severity	Analysis.Finding	contract
Qualimetrix\Analysis\Evidence\Coupling\CboOptions	Analysis.Evidence.Coupling	Qualimetrix\Core\Symbol\SymbolLevel	Core.Symbol	contract
Qualimetrix\Analysis\Evidence\Coupling\CboRule	Analysis.Evidence.Coupling	Qualimetrix\Analysis\Evidence\Measurement\Contract\AggregationStrategy	Analysis.Evidence.Measurement	contract
Qualimetrix\Analysis\Evidence\Coupling\CboRule	Analysis.Evidence.Coupling	Qualimetrix\Analysis\Evidence\Measurement\Contract\MetricName	Analysis.Evidence.Measurement	contract
Qualimetrix\Analysis\Evidence\Coupling\CboRule	Analysis.Evidence.Coupling	Qualimetrix\Analysis\Finding\Contract\ChannelDeclaration	Analysis.Finding	contract
Qualimetrix\Analysis\Evidence\Coupling\CboRule	Analysis.Evidence.Coupling	Qualimetrix\Analysis\Finding\Contract\ChannelShape	Analysis.Finding	contract
Qualimetrix\Analysis\Evidence\Coupling\CboRule	Analysis.Evidence.Coupling	Qualimetrix\Analysis\Finding\Contract\Finding	Analysis.Finding	contract
Qualimetrix\Analysis\Evidence\Coupling\CboRule	Analysis.Evidence.Coupling	Qualimetrix\Analysis\Finding\Contract\JudgedMetrics	Analysis.Finding	contract
Qualimetrix\Analysis\Evidence\Coupling\CboRule	Analysis.Evidence.Coupling	Qualimetrix\Analysis\Finding\Contract\Location	Analysis.Finding	contract
Qualimetrix\Analysis\Evidence\Coupling\CboRule	Analysis.Evidence.Coupling	Qualimetrix\Analysis\Finding\Contract\Rule\AbstractRule	Analysis.Finding	contract
Qualimetrix\Analysis\Evidence\Coupling\CboRule	Analysis.Evidence.Coupling	Qualimetrix\Analysis\Finding\Contract\Rule\AnalysisContext	Analysis.Finding	contract
Qualimetrix\Analysis\Evidence\Coupling\CboRule	Analysis.Evidence.Coupling	Qualimetrix\Analysis\Finding\Contract\Rule\Attribute\CliAlias	Analysis.Finding	contract
Qualimetrix\Analysis\Evidence\Coupling\CboRule	Analysis.Evidence.Coupling	Qualimetrix\Analysis\Finding\Contract\Rule\HierarchicalRuleInterface	Analysis.Finding	contract
Qualimetrix\Analysis\Evidence\Coupling\CboRule	Analysis.Evidence.Coupling	Qualimetrix\Analysis\Finding\Contract\Severity	Analysis.Finding	contract
Qualimetrix\Analysis\Evidence\Coupling\CboRule	Analysis.Evidence.Coupling	Qualimetrix\Core\Observation\WorseDirection	Core.Neutral	contract
Qualimetrix\Analysis\Evidence\Coupling\CboRule	Analysis.Evidence.Coupling	Qualimetrix\Core\Symbol\MetricSubject	Core.Symbol	contract
Qualimetrix\Analysis\Evidence\Coupling\CboRule	Analysis.Evidence.Coupling	Qualimetrix\Core\Symbol\SymbolInfo	Core.Symbol	contract
Qualimetrix\Analysis\Evidence\Coupling\CboRule	Analysis.Evidence.Coupling	Qualimetrix\Core\Symbol\SymbolLevel	Core.Symbol	contract
Qualimetrix\Analysis\Evidence\Coupling\CboRule	Analysis.Evidence.Coupling	Qualimetrix\Core\Symbol\SymbolPath	Core.Symbol	contract
Qualimetrix\Analysis\Evidence\Coupling\CboRule	Analysis.Evidence.Coupling	Qualimetrix\Core\Symbol\SymbolType	Core.Symbol	contract
Qualimetrix\Analysis\Evidence\Coupling\ClassCboOptions	Analysis.Evidence.Coupling	Qualimetrix\Analysis\Configuration\Contract\Refusal\ConfigurationRefusal	Analysis.Configuration	contract
Qualimetrix\Analysis\Evidence\Coupling\ClassCboOptions	Analysis.Evidence.Coupling	Qualimetrix\Analysis\Configuration\Contract\Refusal\RefusedPosition	Analysis.Configuration	contract
Qualimetrix\Analysis\Evidence\Coupling\ClassCboOptions	Analysis.Evidence.Coupling	Qualimetrix\Analysis\Finding\Contract\Rule\LevelOptionsInterface	Analysis.Finding	contract
Qualimetrix\Analysis\Evidence\Coupling\ClassCboOptions	Analysis.Evidence.Coupling	Qualimetrix\Analysis\Finding\Contract\Rule\Override\StandardOverrideValidatorTrait	Analysis.Finding	contract
Qualimetrix\Analysis\Evidence\Coupling\ClassCboOptions	Analysis.Evidence.Coupling	Qualimetrix\Analysis\Finding\Contract\Rule\RuleOptionKey	Analysis.Finding	contract
Qualimetrix\Analysis\Evidence\Coupling\ClassCboOptions	Analysis.Evidence.Coupling	Qualimetrix\Analysis\Finding\Contract\Rule\RuleOptionKeySet	Analysis.Finding	contract
Qualimetrix\Analysis\Evidence\Coupling\ClassCboOptions	Analysis.Evidence.Coupling	Qualimetrix\Analysis\Finding\Contract\Rule\RuleOptionShape	Analysis.Finding	contract
Qualimetrix\Analysis\Evidence\Coupling\ClassCboOptions	Analysis.Evidence.Coupling	Qualimetrix\Analysis\Finding\Contract\Rule\ThresholdAwareOptionsInterface	Analysis.Finding	contract
Qualimetrix\Analysis\Evidence\Coupling\ClassCboOptions	Analysis.Evidence.Coupling	Qualimetrix\Analysis\Finding\Contract\Rule\ThresholdParser	Analysis.Finding	contract
Qualimetrix\Analysis\Evidence\Coupling\ClassCboOptions	Analysis.Evidence.Coupling	Qualimetrix\Analysis\Finding\Contract\Severity	Analysis.Finding	contract
Qualimetrix\Analysis\Evidence\Coupling\ClassInstabilityOptions	Analysis.Evidence.Coupling	Qualimetrix\Analysis\Finding\Contract\Rule\LevelOptionsInterface	Analysis.Finding	contract
Qualimetrix\Analysis\Evidence\Coupling\ClassInstabilityOptions	Analysis.Evidence.Coupling	Qualimetrix\Analysis\Finding\Contract\Rule\Override\StandardOverrideValidatorTrait	Analysis.Finding	contract
Qualimetrix\Analysis\Evidence\Coupling\ClassInstabilityOptions	Analysis.Evidence.Coupling	Qualimetrix\Analysis\Finding\Contract\Rule\RuleOptionKey	Analysis.Finding	contract
Qualimetrix\Analysis\Evidence\Coupling\ClassInstabilityOptions	Analysis.Evidence.Coupling	Qualimetrix\Analysis\Finding\Contract\Rule\RuleOptionKeySet	Analysis.Finding	contract
Qualimetrix\Analysis\Evidence\Coupling\ClassInstabilityOptions	Analysis.Evidence.Coupling	Qualimetrix\Analysis\Finding\Contract\Rule\RuleOptionShape	Analysis.Finding	contract
Qualimetrix\Analysis\Evidence\Coupling\ClassInstabilityOptions	Analysis.Evidence.Coupling	Qualimetrix\Analysis\Finding\Contract\Rule\ThresholdAwareOptionsInterface	Analysis.Finding	contract
Qualimetrix\Analysis\Evidence\Coupling\ClassInstabilityOptions	Analysis.Evidence.Coupling	Qualimetrix\Analysis\Finding\Contract\Rule\ThresholdParser	Analysis.Finding	contract
Qualimetrix\Analysis\Evidence\Coupling\ClassInstabilityOptions	Analysis.Evidence.Coupling	Qualimetrix\Analysis\Finding\Contract\Severity	Analysis.Finding	contract
Qualimetrix\Analysis\Evidence\Coupling\ClassRankCollector	Analysis.Evidence.Coupling	Qualimetrix\Analysis\Evidence\DependencyModel\Contract\DependencyGraphInterface	Analysis.Evidence.DependencyModel	contract
Qualimetrix\Analysis\Evidence\Coupling\ClassRankCollector	Analysis.Evidence.Coupling	Qualimetrix\Analysis\Evidence\Measurement\Contract\AggregationStrategy	Analysis.Evidence.Measurement	contract
Qualimetrix\Analysis\Evidence\Coupling\ClassRankCollector	Analysis.Evidence.Coupling	Qualimetrix\Analysis\Evidence\Measurement\Contract\GlobalContextCollectorInterface	Analysis.Evidence.Measurement	contract
Qualimetrix\Analysis\Evidence\Coupling\ClassRankCollector	Analysis.Evidence.Coupling	Qualimetrix\Analysis\Evidence\Measurement\Contract\MetricDefinition	Analysis.Evidence.Measurement	contract
Qualimetrix\Analysis\Evidence\Coupling\ClassRankCollector	Analysis.Evidence.Coupling	Qualimetrix\Analysis\Evidence\Measurement\Contract\MetricName	Analysis.Evidence.Measurement	contract
Qualimetrix\Analysis\Evidence\Coupling\ClassRankCollector	Analysis.Evidence.Coupling	Qualimetrix\Analysis\Evidence\Measurement\Contract\MetricRepositoryInterface	Analysis.Evidence.Measurement	contract
Qualimetrix\Analysis\Evidence\Coupling\ClassRankCollector	Analysis.Evidence.Coupling	Qualimetrix\Core\Symbol\SymbolLevel	Core.Symbol	contract
Qualimetrix\Analysis\Evidence\Coupling\ClassRankOptions	Analysis.Evidence.Coupling	Qualimetrix\Analysis\Finding\Contract\Rule\Override\StandardOverrideValidatorTrait	Analysis.Finding	contract
Qualimetrix\Analysis\Evidence\Coupling\ClassRankOptions	Analysis.Evidence.Coupling	Qualimetrix\Analysis\Finding\Contract\Rule\RuleOptionKey	Analysis.Finding	contract
Qualimetrix\Analysis\Evidence\Coupling\ClassRankOptions	Analysis.Evidence.Coupling	Qualimetrix\Analysis\Finding\Contract\Rule\RuleOptionKeySet	Analysis.Finding	contract
Qualimetrix\Analysis\Evidence\Coupling\ClassRankOptions	Analysis.Evidence.Coupling	Qualimetrix\Analysis\Finding\Contract\Rule\RuleOptionShape	Analysis.Finding	contract
Qualimetrix\Analysis\Evidence\Coupling\ClassRankOptions	Analysis.Evidence.Coupling	Qualimetrix\Analysis\Finding\Contract\Rule\RuleOptionsInterface	Analysis.Finding	contract
Qualimetrix\Analysis\Evidence\Coupling\ClassRankOptions	Analysis.Evidence.Coupling	Qualimetrix\Analysis\Finding\Contract\Rule\ThresholdAwareOptionsInterface	Analysis.Finding	contract
Qualimetrix\Analysis\Evidence\Coupling\ClassRankOptions	Analysis.Evidence.Coupling	Qualimetrix\Analysis\Finding\Contract\Rule\ThresholdParser	Analysis.Finding	contract
Qualimetrix\Analysis\Evidence\Coupling\ClassRankOptions	Analysis.Evidence.Coupling	Qualimetrix\Analysis\Finding\Contract\Severity	Analysis.Finding	contract
Qualimetrix\Analysis\Evidence\Coupling\ClassRankRule	Analysis.Evidence.Coupling	Qualimetrix\Analysis\Evidence\Measurement\Contract\MetricName	Analysis.Evidence.Measurement	contract
Qualimetrix\Analysis\Evidence\Coupling\ClassRankRule	Analysis.Evidence.Coupling	Qualimetrix\Analysis\Finding\Contract\ChannelDeclaration	Analysis.Finding	contract
Qualimetrix\Analysis\Evidence\Coupling\ClassRankRule	Analysis.Evidence.Coupling	Qualimetrix\Analysis\Finding\Contract\ChannelShape	Analysis.Finding	contract
Qualimetrix\Analysis\Evidence\Coupling\ClassRankRule	Analysis.Evidence.Coupling	Qualimetrix\Analysis\Finding\Contract\Finding	Analysis.Finding	contract
Qualimetrix\Analysis\Evidence\Coupling\ClassRankRule	Analysis.Evidence.Coupling	Qualimetrix\Analysis\Finding\Contract\Location	Analysis.Finding	contract
Qualimetrix\Analysis\Evidence\Coupling\ClassRankRule	Analysis.Evidence.Coupling	Qualimetrix\Analysis\Finding\Contract\Rule\AbstractRule	Analysis.Finding	contract
Qualimetrix\Analysis\Evidence\Coupling\ClassRankRule	Analysis.Evidence.Coupling	Qualimetrix\Analysis\Finding\Contract\Rule\AnalysisContext	Analysis.Finding	contract
Qualimetrix\Analysis\Evidence\Coupling\ClassRankRule	Analysis.Evidence.Coupling	Qualimetrix\Analysis\Finding\Contract\Rule\Attribute\CliAlias	Analysis.Finding	contract
Qualimetrix\Analysis\Evidence\Coupling\ClassRankRule	Analysis.Evidence.Coupling	Qualimetrix\Analysis\Finding\Contract\Severity	Analysis.Finding	contract
Qualimetrix\Analysis\Evidence\Coupling\ClassRankRule	Analysis.Evidence.Coupling	Qualimetrix\Core\Symbol\SymbolInfo	Core.Symbol	contract
Qualimetrix\Analysis\Evidence\Coupling\ClassRankRule	Analysis.Evidence.Coupling	Qualimetrix\Core\Symbol\SymbolLevel	Core.Symbol	contract
Qualimetrix\Analysis\Evidence\Coupling\ClassRankRule	Analysis.Evidence.Coupling	Qualimetrix\Core\Symbol\SymbolType	Core.Symbol	contract
Qualimetrix\Analysis\Evidence\Coupling\Contract\Configuration\CouplingConfiguratorInterface	Analysis.Evidence.Coupling	Qualimetrix\Analysis\Configuration\Contract\ConfigurationDocument	Analysis.Configuration	contract
Qualimetrix\Analysis\Evidence\Coupling\CouplingAnalysis	Analysis.Evidence.Coupling	Qualimetrix\Analysis\Configuration\ConfigSchema	Analysis.Configuration	contract
Qualimetrix\Analysis\Evidence\Coupling\CouplingAnalysis	Analysis.Evidence.Coupling	Qualimetrix\Analysis\Configuration\Contract\ConfigurationDocument	Analysis.Configuration	contract
Qualimetrix\Analysis\Evidence\Coupling\CouplingAnalysis	Analysis.Evidence.Coupling	Qualimetrix\Analysis\Configuration\Contract\Refusal\ConfigurationRefusal	Analysis.Configuration	contract
Qualimetrix\Analysis\Evidence\Coupling\CouplingAnalysis	Analysis.Evidence.Coupling	Qualimetrix\Analysis\Configuration\Contract\Refusal\RefusedPosition	Analysis.Configuration	contract
Qualimetrix\Analysis\Evidence\Coupling\CouplingAnalysis	Analysis.Evidence.Coupling	Qualimetrix\Core\Pattern\NamespaceMatcher	Core.Neutral	contract
Qualimetrix\Analysis\Evidence\Coupling\CouplingAnalysis	Analysis.Evidence.Coupling	Qualimetrix\Core\Pattern\NamespacePattern	Core.Neutral	contract
Qualimetrix\Analysis\Evidence\Coupling\CouplingAnalysis	Analysis.Evidence.Coupling	Qualimetrix\Core\Pattern\SelectorDefinition	Core.Neutral	contract
Qualimetrix\Analysis\Evidence\Coupling\CouplingCollector	Analysis.Evidence.Coupling	Qualimetrix\Analysis\Evidence\DependencyModel\Contract\DependencyGraphInterface	Analysis.Evidence.DependencyModel	contract
Qualimetrix\Analysis\Evidence\Coupling\CouplingCollector	Analysis.Evidence.Coupling	Qualimetrix\Analysis\Evidence\Measurement\Contract\AggregationStrategy	Analysis.Evidence.Measurement	contract
Qualimetrix\Analysis\Evidence\Coupling\CouplingCollector	Analysis.Evidence.Coupling	Qualimetrix\Analysis\Evidence\Measurement\Contract\GlobalContextCollectorInterface	Analysis.Evidence.Measurement	contract
Qualimetrix\Analysis\Evidence\Coupling\CouplingCollector	Analysis.Evidence.Coupling	Qualimetrix\Analysis\Evidence\Measurement\Contract\MetricBag	Analysis.Evidence.Measurement	contract
Qualimetrix\Analysis\Evidence\Coupling\CouplingCollector	Analysis.Evidence.Coupling	Qualimetrix\Analysis\Evidence\Measurement\Contract\MetricDefinition	Analysis.Evidence.Measurement	contract
Qualimetrix\Analysis\Evidence\Coupling\CouplingCollector	Analysis.Evidence.Coupling	Qualimetrix\Analysis\Evidence\Measurement\Contract\MetricName	Analysis.Evidence.Measurement	contract
Qualimetrix\Analysis\Evidence\Coupling\CouplingCollector	Analysis.Evidence.Coupling	Qualimetrix\Analysis\Evidence\Measurement\Contract\MetricRepositoryInterface	Analysis.Evidence.Measurement	contract
Qualimetrix\Analysis\Evidence\Coupling\CouplingCollector	Analysis.Evidence.Coupling	Qualimetrix\Core\Symbol\SymbolLevel	Core.Symbol	contract
Qualimetrix\Analysis\Evidence\Coupling\CouplingCollector	Analysis.Evidence.Coupling	Qualimetrix\Core\Symbol\SymbolPath	Core.Symbol	contract
Qualimetrix\Analysis\Evidence\Coupling\DistanceCollector	Analysis.Evidence.Coupling	Qualimetrix\Analysis\Evidence\DependencyModel\Contract\DependencyGraphInterface	Analysis.Evidence.DependencyModel	contract
Qualimetrix\Analysis\Evidence\Coupling\DistanceCollector	Analysis.Evidence.Coupling	Qualimetrix\Analysis\Evidence\Measurement\Contract\AggregationStrategy	Analysis.Evidence.Measurement	contract
Qualimetrix\Analysis\Evidence\Coupling\DistanceCollector	Analysis.Evidence.Coupling	Qualimetrix\Analysis\Evidence\Measurement\Contract\GlobalContextCollectorInterface	Analysis.Evidence.Measurement	contract
Qualimetrix\Analysis\Evidence\Coupling\DistanceCollector	Analysis.Evidence.Coupling	Qualimetrix\Analysis\Evidence\Measurement\Contract\MetricDefinition	Analysis.Evidence.Measurement	contract
Qualimetrix\Analysis\Evidence\Coupling\DistanceCollector	Analysis.Evidence.Coupling	Qualimetrix\Analysis\Evidence\Measurement\Contract\MetricName	Analysis.Evidence.Measurement	contract
Qualimetrix\Analysis\Evidence\Coupling\DistanceCollector	Analysis.Evidence.Coupling	Qualimetrix\Analysis\Evidence\Measurement\Contract\MetricRepositoryInterface	Analysis.Evidence.Measurement	contract
Qualimetrix\Analysis\Evidence\Coupling\DistanceCollector	Analysis.Evidence.Coupling	Qualimetrix\Core\Symbol\SymbolLevel	Core.Symbol	contract
Qualimetrix\Analysis\Evidence\Coupling\DistanceOptions	Analysis.Evidence.Coupling	Qualimetrix\Analysis\Configuration\Contract\Refusal\ConfigurationRefusal	Analysis.Configuration	contract
Qualimetrix\Analysis\Evidence\Coupling\DistanceOptions	Analysis.Evidence.Coupling	Qualimetrix\Analysis\Configuration\Contract\Refusal\RefusedPosition	Analysis.Configuration	contract
Qualimetrix\Analysis\Evidence\Coupling\DistanceOptions	Analysis.Evidence.Coupling	Qualimetrix\Analysis\Finding\Contract\Rule\Override\StandardOverrideValidatorTrait	Analysis.Finding	contract
Qualimetrix\Analysis\Evidence\Coupling\DistanceOptions	Analysis.Evidence.Coupling	Qualimetrix\Analysis\Finding\Contract\Rule\RuleOptionKey	Analysis.Finding	contract
Qualimetrix\Analysis\Evidence\Coupling\DistanceOptions	Analysis.Evidence.Coupling	Qualimetrix\Analysis\Finding\Contract\Rule\RuleOptionKeySet	Analysis.Finding	contract
Qualimetrix\Analysis\Evidence\Coupling\DistanceOptions	Analysis.Evidence.Coupling	Qualimetrix\Analysis\Finding\Contract\Rule\RuleOptionShape	Analysis.Finding	contract
Qualimetrix\Analysis\Evidence\Coupling\DistanceOptions	Analysis.Evidence.Coupling	Qualimetrix\Analysis\Finding\Contract\Rule\RuleOptionsInterface	Analysis.Finding	contract
Qualimetrix\Analysis\Evidence\Coupling\DistanceOptions	Analysis.Evidence.Coupling	Qualimetrix\Analysis\Finding\Contract\Rule\ThresholdAwareOptionsInterface	Analysis.Finding	contract
Qualimetrix\Analysis\Evidence\Coupling\DistanceOptions	Analysis.Evidence.Coupling	Qualimetrix\Analysis\Finding\Contract\Rule\ThresholdParser	Analysis.Finding	contract
Qualimetrix\Analysis\Evidence\Coupling\DistanceOptions	Analysis.Evidence.Coupling	Qualimetrix\Analysis\Finding\Contract\Severity	Analysis.Finding	contract
Qualimetrix\Analysis\Evidence\Coupling\DistanceOptions	Analysis.Evidence.Coupling	Qualimetrix\Core\Pattern\NamespaceMatcher	Core.Neutral	contract
Qualimetrix\Analysis\Evidence\Coupling\DistanceOptions	Analysis.Evidence.Coupling	Qualimetrix\Core\Pattern\NamespacePattern	Core.Neutral	contract
Qualimetrix\Analysis\Evidence\Coupling\DistanceOptions	Analysis.Evidence.Coupling	Qualimetrix\Core\Pattern\SelectorDefinition	Core.Neutral	contract
Qualimetrix\Analysis\Evidence\Coupling\DistanceRule	Analysis.Evidence.Coupling	Qualimetrix\Analysis\Evidence\Measurement\Contract\AggregationStrategy	Analysis.Evidence.Measurement	contract
Qualimetrix\Analysis\Evidence\Coupling\DistanceRule	Analysis.Evidence.Coupling	Qualimetrix\Analysis\Evidence\Measurement\Contract\MetricName	Analysis.Evidence.Measurement	contract
Qualimetrix\Analysis\Evidence\Coupling\DistanceRule	Analysis.Evidence.Coupling	Qualimetrix\Analysis\Evidence\Measurement\Contract\ProjectNamespaceResolverInterface	Analysis.Evidence.Measurement	contract
Qualimetrix\Analysis\Evidence\Coupling\DistanceRule	Analysis.Evidence.Coupling	Qualimetrix\Analysis\Finding\Contract\ChannelDeclaration	Analysis.Finding	contract
Qualimetrix\Analysis\Evidence\Coupling\DistanceRule	Analysis.Evidence.Coupling	Qualimetrix\Analysis\Finding\Contract\ChannelShape	Analysis.Finding	contract
Qualimetrix\Analysis\Evidence\Coupling\DistanceRule	Analysis.Evidence.Coupling	Qualimetrix\Analysis\Finding\Contract\Finding	Analysis.Finding	contract
Qualimetrix\Analysis\Evidence\Coupling\DistanceRule	Analysis.Evidence.Coupling	Qualimetrix\Analysis\Finding\Contract\JudgedMetrics	Analysis.Finding	contract
Qualimetrix\Analysis\Evidence\Coupling\DistanceRule	Analysis.Evidence.Coupling	Qualimetrix\Analysis\Finding\Contract\Location	Analysis.Finding	contract
Qualimetrix\Analysis\Evidence\Coupling\DistanceRule	Analysis.Evidence.Coupling	Qualimetrix\Analysis\Finding\Contract\Rule\AbstractRule	Analysis.Finding	contract
Qualimetrix\Analysis\Evidence\Coupling\DistanceRule	Analysis.Evidence.Coupling	Qualimetrix\Analysis\Finding\Contract\Rule\AnalysisContext	Analysis.Finding	contract
Qualimetrix\Analysis\Evidence\Coupling\DistanceRule	Analysis.Evidence.Coupling	Qualimetrix\Analysis\Finding\Contract\Rule\Attribute\CliAlias	Analysis.Finding	contract
Qualimetrix\Analysis\Evidence\Coupling\DistanceRule	Analysis.Evidence.Coupling	Qualimetrix\Analysis\Finding\Contract\Rule\RuleOptionsInterface	Analysis.Finding	contract
Qualimetrix\Analysis\Evidence\Coupling\DistanceRule	Analysis.Evidence.Coupling	Qualimetrix\Analysis\Finding\Contract\Severity	Analysis.Finding	contract
Qualimetrix\Analysis\Evidence\Coupling\DistanceRule	Analysis.Evidence.Coupling	Qualimetrix\Core\Observation\WorseDirection	Core.Neutral	contract
Qualimetrix\Analysis\Evidence\Coupling\DistanceRule	Analysis.Evidence.Coupling	Qualimetrix\Core\Pattern\NamespaceMatcher	Core.Neutral	contract
Qualimetrix\Analysis\Evidence\Coupling\DistanceRule	Analysis.Evidence.Coupling	Qualimetrix\Core\Symbol\MetricSubject	Core.Symbol	contract
Qualimetrix\Analysis\Evidence\Coupling\DistanceRule	Analysis.Evidence.Coupling	Qualimetrix\Core\Symbol\SymbolInfo	Core.Symbol	contract
Qualimetrix\Analysis\Evidence\Coupling\DistanceRule	Analysis.Evidence.Coupling	Qualimetrix\Core\Symbol\SymbolLevel	Core.Symbol	contract
Qualimetrix\Analysis\Evidence\Coupling\FrameworkClassificationSites	Analysis.Evidence.Coupling	Qualimetrix\Analysis\Evidence\DependencyModel\Contract\DependencyGraphInterface	Analysis.Evidence.DependencyModel	contract
Qualimetrix\Analysis\Evidence\Coupling\FrameworkClassificationSites	Analysis.Evidence.Coupling	Qualimetrix\Core\Symbol\SymbolPath	Core.Symbol	contract
Qualimetrix\Analysis\Evidence\Coupling\InstabilityOptions	Analysis.Evidence.Coupling	Qualimetrix\Analysis\Finding\Contract\Rule\HierarchicalRuleOptionsInterface	Analysis.Finding	contract
Qualimetrix\Analysis\Evidence\Coupling\InstabilityOptions	Analysis.Evidence.Coupling	Qualimetrix\Analysis\Finding\Contract\Rule\LevelOptionsInterface	Analysis.Finding	contract
Qualimetrix\Analysis\Evidence\Coupling\InstabilityOptions	Analysis.Evidence.Coupling	Qualimetrix\Analysis\Finding\Contract\Rule\RuleOptionKey	Analysis.Finding	contract
Qualimetrix\Analysis\Evidence\Coupling\InstabilityOptions	Analysis.Evidence.Coupling	Qualimetrix\Analysis\Finding\Contract\Rule\RuleOptionKeySet	Analysis.Finding	contract
Qualimetrix\Analysis\Evidence\Coupling\InstabilityOptions	Analysis.Evidence.Coupling	Qualimetrix\Analysis\Finding\Contract\Rule\RuleOptionShape	Analysis.Finding	contract
Qualimetrix\Analysis\Evidence\Coupling\InstabilityOptions	Analysis.Evidence.Coupling	Qualimetrix\Analysis\Finding\Contract\Rule\ThresholdParser	Analysis.Finding	contract
Qualimetrix\Analysis\Evidence\Coupling\InstabilityOptions	Analysis.Evidence.Coupling	Qualimetrix\Analysis\Finding\Contract\Severity	Analysis.Finding	contract
Qualimetrix\Analysis\Evidence\Coupling\InstabilityOptions	Analysis.Evidence.Coupling	Qualimetrix\Core\Symbol\SymbolLevel	Core.Symbol	contract
Qualimetrix\Analysis\Evidence\Coupling\InstabilityRule	Analysis.Evidence.Coupling	Qualimetrix\Analysis\Evidence\Measurement\Contract\AggregationStrategy	Analysis.Evidence.Measurement	contract
Qualimetrix\Analysis\Evidence\Coupling\InstabilityRule	Analysis.Evidence.Coupling	Qualimetrix\Analysis\Evidence\Measurement\Contract\MetricName	Analysis.Evidence.Measurement	contract
Qualimetrix\Analysis\Evidence\Coupling\InstabilityRule	Analysis.Evidence.Coupling	Qualimetrix\Analysis\Finding\Contract\ChannelDeclaration	Analysis.Finding	contract
Qualimetrix\Analysis\Evidence\Coupling\InstabilityRule	Analysis.Evidence.Coupling	Qualimetrix\Analysis\Finding\Contract\ChannelShape	Analysis.Finding	contract
Qualimetrix\Analysis\Evidence\Coupling\InstabilityRule	Analysis.Evidence.Coupling	Qualimetrix\Analysis\Finding\Contract\Finding	Analysis.Finding	contract
Qualimetrix\Analysis\Evidence\Coupling\InstabilityRule	Analysis.Evidence.Coupling	Qualimetrix\Analysis\Finding\Contract\JudgedMetrics	Analysis.Finding	contract
Qualimetrix\Analysis\Evidence\Coupling\InstabilityRule	Analysis.Evidence.Coupling	Qualimetrix\Analysis\Finding\Contract\Location	Analysis.Finding	contract
Qualimetrix\Analysis\Evidence\Coupling\InstabilityRule	Analysis.Evidence.Coupling	Qualimetrix\Analysis\Finding\Contract\Rule\AbstractRule	Analysis.Finding	contract
Qualimetrix\Analysis\Evidence\Coupling\InstabilityRule	Analysis.Evidence.Coupling	Qualimetrix\Analysis\Finding\Contract\Rule\AnalysisContext	Analysis.Finding	contract
Qualimetrix\Analysis\Evidence\Coupling\InstabilityRule	Analysis.Evidence.Coupling	Qualimetrix\Analysis\Finding\Contract\Rule\Attribute\CliAlias	Analysis.Finding	contract
Qualimetrix\Analysis\Evidence\Coupling\InstabilityRule	Analysis.Evidence.Coupling	Qualimetrix\Analysis\Finding\Contract\Rule\HierarchicalRuleInterface	Analysis.Finding	contract
Qualimetrix\Analysis\Evidence\Coupling\InstabilityRule	Analysis.Evidence.Coupling	Qualimetrix\Analysis\Finding\Contract\Severity	Analysis.Finding	contract
Qualimetrix\Analysis\Evidence\Coupling\InstabilityRule	Analysis.Evidence.Coupling	Qualimetrix\Core\Observation\WorseDirection	Core.Neutral	contract
Qualimetrix\Analysis\Evidence\Coupling\InstabilityRule	Analysis.Evidence.Coupling	Qualimetrix\Core\Symbol\MetricSubject	Core.Symbol	contract
Qualimetrix\Analysis\Evidence\Coupling\InstabilityRule	Analysis.Evidence.Coupling	Qualimetrix\Core\Symbol\SymbolInfo	Core.Symbol	contract
Qualimetrix\Analysis\Evidence\Coupling\InstabilityRule	Analysis.Evidence.Coupling	Qualimetrix\Core\Symbol\SymbolLevel	Core.Symbol	contract
Qualimetrix\Analysis\Evidence\Coupling\InstabilityRule	Analysis.Evidence.Coupling	Qualimetrix\Core\Symbol\SymbolType	Core.Symbol	contract
Qualimetrix\Analysis\Evidence\Coupling\NamespaceCboOptions	Analysis.Evidence.Coupling	Qualimetrix\Analysis\Finding\Contract\Rule\LevelOptionsInterface	Analysis.Finding	contract
Qualimetrix\Analysis\Evidence\Coupling\NamespaceCboOptions	Analysis.Evidence.Coupling	Qualimetrix\Analysis\Finding\Contract\Rule\Override\StandardOverrideValidatorTrait	Analysis.Finding	contract
Qualimetrix\Analysis\Evidence\Coupling\NamespaceCboOptions	Analysis.Evidence.Coupling	Qualimetrix\Analysis\Finding\Contract\Rule\RuleOptionKey	Analysis.Finding	contract
Qualimetrix\Analysis\Evidence\Coupling\NamespaceCboOptions	Analysis.Evidence.Coupling	Qualimetrix\Analysis\Finding\Contract\Rule\RuleOptionKeySet	Analysis.Finding	contract
Qualimetrix\Analysis\Evidence\Coupling\NamespaceCboOptions	Analysis.Evidence.Coupling	Qualimetrix\Analysis\Finding\Contract\Rule\RuleOptionShape	Analysis.Finding	contract
Qualimetrix\Analysis\Evidence\Coupling\NamespaceCboOptions	Analysis.Evidence.Coupling	Qualimetrix\Analysis\Finding\Contract\Rule\ThresholdAwareOptionsInterface	Analysis.Finding	contract
Qualimetrix\Analysis\Evidence\Coupling\NamespaceCboOptions	Analysis.Evidence.Coupling	Qualimetrix\Analysis\Finding\Contract\Rule\ThresholdParser	Analysis.Finding	contract
Qualimetrix\Analysis\Evidence\Coupling\NamespaceCboOptions	Analysis.Evidence.Coupling	Qualimetrix\Analysis\Finding\Contract\Severity	Analysis.Finding	contract
Qualimetrix\Analysis\Evidence\Coupling\NamespaceInstabilityOptions	Analysis.Evidence.Coupling	Qualimetrix\Analysis\Finding\Contract\Rule\LevelOptionsInterface	Analysis.Finding	contract
Qualimetrix\Analysis\Evidence\Coupling\NamespaceInstabilityOptions	Analysis.Evidence.Coupling	Qualimetrix\Analysis\Finding\Contract\Rule\Override\StandardOverrideValidatorTrait	Analysis.Finding	contract
Qualimetrix\Analysis\Evidence\Coupling\NamespaceInstabilityOptions	Analysis.Evidence.Coupling	Qualimetrix\Analysis\Finding\Contract\Rule\RuleOptionKey	Analysis.Finding	contract
Qualimetrix\Analysis\Evidence\Coupling\NamespaceInstabilityOptions	Analysis.Evidence.Coupling	Qualimetrix\Analysis\Finding\Contract\Rule\RuleOptionKeySet	Analysis.Finding	contract
Qualimetrix\Analysis\Evidence\Coupling\NamespaceInstabilityOptions	Analysis.Evidence.Coupling	Qualimetrix\Analysis\Finding\Contract\Rule\RuleOptionShape	Analysis.Finding	contract
Qualimetrix\Analysis\Evidence\Coupling\NamespaceInstabilityOptions	Analysis.Evidence.Coupling	Qualimetrix\Analysis\Finding\Contract\Rule\ThresholdAwareOptionsInterface	Analysis.Finding	contract
Qualimetrix\Analysis\Evidence\Coupling\NamespaceInstabilityOptions	Analysis.Evidence.Coupling	Qualimetrix\Analysis\Finding\Contract\Rule\ThresholdParser	Analysis.Finding	contract
Qualimetrix\Analysis\Evidence\Coupling\NamespaceInstabilityOptions	Analysis.Evidence.Coupling	Qualimetrix\Analysis\Finding\Contract\Severity	Analysis.Finding	contract
Qualimetrix\Analysis\Evidence\Coupling\RfcCollector	Analysis.Evidence.Coupling	Qualimetrix\Analysis\Evidence\Measurement\Contract\AbstractCollector	Analysis.Evidence.Measurement	contract
Qualimetrix\Analysis\Evidence\Coupling\RfcCollector	Analysis.Evidence.Coupling	Qualimetrix\Analysis\Evidence\Measurement\Contract\AggregationStrategy	Analysis.Evidence.Measurement	contract
Qualimetrix\Analysis\Evidence\Coupling\RfcCollector	Analysis.Evidence.Coupling	Qualimetrix\Analysis\Evidence\Measurement\Contract\ClassMetricsProviderInterface	Analysis.Evidence.Measurement	contract
Qualimetrix\Analysis\Evidence\Coupling\RfcCollector	Analysis.Evidence.Coupling	Qualimetrix\Analysis\Evidence\Measurement\Contract\DeclarationIndexAwareInterface	Analysis.Evidence.Measurement	contract
Qualimetrix\Analysis\Evidence\Coupling\RfcCollector	Analysis.Evidence.Coupling	Qualimetrix\Analysis\Evidence\Measurement\Contract\DeclarationIndexAwareTrait	Analysis.Evidence.Measurement	contract
Qualimetrix\Analysis\Evidence\Coupling\RfcCollector	Analysis.Evidence.Coupling	Qualimetrix\Analysis\Evidence\Measurement\Contract\MetricBag	Analysis.Evidence.Measurement	contract
Qualimetrix\Analysis\Evidence\Coupling\RfcCollector	Analysis.Evidence.Coupling	Qualimetrix\Analysis\Evidence\Measurement\Contract\MetricDefinition	Analysis.Evidence.Measurement	contract
Qualimetrix\Analysis\Evidence\Coupling\RfcCollector	Analysis.Evidence.Coupling	Qualimetrix\Analysis\Evidence\Measurement\Contract\MetricName	Analysis.Evidence.Measurement	contract
Qualimetrix\Analysis\Evidence\Coupling\RfcCollector	Analysis.Evidence.Coupling	Qualimetrix\Core\Path\RelativePath	Core.Path	contract
Qualimetrix\Analysis\Evidence\Coupling\RfcCollector	Analysis.Evidence.Coupling	Qualimetrix\Core\Symbol\SymbolLevel	Core.Symbol	contract
Qualimetrix\Analysis\Evidence\Coupling\RfcCollector	Analysis.Evidence.Coupling	Qualimetrix\Core\Symbol\SymbolPath	Core.Symbol	contract
Qualimetrix\Analysis\Evidence\Coupling\RfcVisitor	Analysis.Evidence.Coupling	Qualimetrix\Analysis\Evidence\Measurement\Contract\ResettableVisitorInterface	Analysis.Evidence.Measurement	contract
Qualimetrix\Analysis\Evidence\Coupling\UnmatchedFrameworkNamespaceOptions	Analysis.Evidence.Coupling	Qualimetrix\Analysis\Finding\Contract\Rule\RuleOptionKey	Analysis.Finding	contract
Qualimetrix\Analysis\Evidence\Coupling\UnmatchedFrameworkNamespaceOptions	Analysis.Evidence.Coupling	Qualimetrix\Analysis\Finding\Contract\Rule\RuleOptionKeySet	Analysis.Finding	contract
Qualimetrix\Analysis\Evidence\Coupling\UnmatchedFrameworkNamespaceOptions	Analysis.Evidence.Coupling	Qualimetrix\Analysis\Finding\Contract\Rule\RuleOptionShape	Analysis.Finding	contract
Qualimetrix\Analysis\Evidence\Coupling\UnmatchedFrameworkNamespaceOptions	Analysis.Evidence.Coupling	Qualimetrix\Analysis\Finding\Contract\Rule\RuleOptionsInterface	Analysis.Finding	contract
Qualimetrix\Analysis\Evidence\Coupling\UnmatchedFrameworkNamespaceOptions	Analysis.Evidence.Coupling	Qualimetrix\Analysis\Finding\Contract\Severity	Analysis.Finding	contract
Qualimetrix\Analysis\Evidence\Coupling\UnmatchedFrameworkNamespaceRule	Analysis.Evidence.Coupling	Qualimetrix\Analysis\Finding\Contract\ChannelDeclaration	Analysis.Finding	contract
Qualimetrix\Analysis\Evidence\Coupling\UnmatchedFrameworkNamespaceRule	Analysis.Evidence.Coupling	Qualimetrix\Analysis\Finding\Contract\ChannelShape	Analysis.Finding	contract
Qualimetrix\Analysis\Evidence\Coupling\UnmatchedFrameworkNamespaceRule	Analysis.Evidence.Coupling	Qualimetrix\Analysis\Finding\Contract\Finding	Analysis.Finding	contract
Qualimetrix\Analysis\Evidence\Coupling\UnmatchedFrameworkNamespaceRule	Analysis.Evidence.Coupling	Qualimetrix\Analysis\Finding\Contract\Location	Analysis.Finding	contract
Qualimetrix\Analysis\Evidence\Coupling\UnmatchedFrameworkNamespaceRule	Analysis.Evidence.Coupling	Qualimetrix\Analysis\Finding\Contract\OccurrenceKey	Analysis.Finding	contract
Qualimetrix\Analysis\Evidence\Coupling\UnmatchedFrameworkNamespaceRule	Analysis.Evidence.Coupling	Qualimetrix\Analysis\Finding\Contract\Rule\AbstractRule	Analysis.Finding	contract
Qualimetrix\Analysis\Evidence\Coupling\UnmatchedFrameworkNamespaceRule	Analysis.Evidence.Coupling	Qualimetrix\Analysis\Finding\Contract\Rule\AnalysisContext	Analysis.Finding	contract
Qualimetrix\Analysis\Evidence\Coupling\UnmatchedFrameworkNamespaceRule	Analysis.Evidence.Coupling	Qualimetrix\Analysis\Finding\Contract\Rule\RuleOptionsInterface	Analysis.Finding	contract
Qualimetrix\Analysis\Evidence\Coupling\UnmatchedFrameworkNamespaceRule	Analysis.Evidence.Coupling	Qualimetrix\Analysis\Finding\Contract\Severity	Analysis.Finding	contract
Qualimetrix\Analysis\Evidence\Coupling\UnmatchedFrameworkNamespaceRule	Analysis.Evidence.Coupling	Qualimetrix\Core\Pattern\NamespacePattern	Core.Neutral	contract
Qualimetrix\Analysis\Evidence\Coupling\UnmatchedFrameworkNamespaceRule	Analysis.Evidence.Coupling	Qualimetrix\Core\Symbol\MetricSubject	Core.Symbol	contract
Qualimetrix\Analysis\Evidence\Coupling\UnmatchedFrameworkNamespaceRule	Analysis.Evidence.Coupling	Qualimetrix\Core\Symbol\SymbolLevel	Core.Symbol	contract
Qualimetrix\Analysis\Evidence\Coupling\UnmatchedFrameworkNamespaceRule	Analysis.Evidence.Coupling	Qualimetrix\Core\Symbol\SymbolPath	Core.Symbol	contract
Qualimetrix\Analysis\Evidence\DependencyModel\Contract\Dependency	Analysis.Evidence.DependencyModel	Qualimetrix\Core\Symbol\DeclarationPath	Core.Symbol	contract
Qualimetrix\Analysis\Evidence\DependencyModel\Contract\Dependency	Analysis.Evidence.DependencyModel	Qualimetrix\Core\Symbol\LogicalClassPath	Core.Symbol	contract
Qualimetrix\Analysis\Evidence\DependencyModel\Contract\Dependency	Analysis.Evidence.DependencyModel	Qualimetrix\Core\Symbol\SymbolPath	Core.Symbol	contract
Qualimetrix\Analysis\Evidence\DependencyModel\Contract\DependencyGraphInterface	Analysis.Evidence.DependencyModel	Qualimetrix\Core\Symbol\SymbolPath	Core.Symbol	contract
Qualimetrix\Analysis\Evidence\DependencyModel\Contract\DependencyLocationInterface	Analysis.Evidence.DependencyModel	Qualimetrix\Core\Path\RelativePath	Core.Path	contract
Qualimetrix\Analysis\Evidence\DependencyModel\Contract\DependencyTraversalParticipantInterface	Analysis.Evidence.DependencyModel	Qualimetrix\Core\Path\RelativePath	Core.Path	contract
Qualimetrix\Analysis\Evidence\DependencyModel\Contract\DependencyTraversalParticipantInterface	Analysis.Evidence.DependencyModel	Qualimetrix\Core\Symbol\FileDeclarationIndex	Core.Symbol	contract
Qualimetrix\Analysis\Evidence\DependencyModel\DependencyGraph	Analysis.Evidence.DependencyModel	Qualimetrix\Core\Symbol\SymbolPath	Core.Symbol	contract
Qualimetrix\Analysis\Evidence\DependencyModel\DependencyGraphBuilder	Analysis.Evidence.DependencyModel	Qualimetrix\Core\Symbol\PhpBuiltinClassRegistry	Core.Symbol	contract
Qualimetrix\Analysis\Evidence\DependencyModel\DependencyGraphBuilder	Analysis.Evidence.DependencyModel	Qualimetrix\Core\Symbol\SymbolPath	Core.Symbol	contract
Qualimetrix\Analysis\Evidence\DependencyModel\EmptyDependencyGraph	Analysis.Evidence.DependencyModel	Qualimetrix\Core\Symbol\SymbolPath	Core.Symbol	contract
Qualimetrix\Analysis\Evidence\DependencyModel\Extraction\DependencyLocation	Analysis.Evidence.DependencyModel	Qualimetrix\Core\Path\RelativePath	Core.Path	contract
Qualimetrix\Analysis\Evidence\DependencyModel\Extraction\DependencyVisitor	Analysis.Evidence.DependencyModel	Qualimetrix\Core\Path\RelativePath	Core.Path	contract
Qualimetrix\Analysis\Evidence\DependencyModel\Extraction\DependencyVisitor	Analysis.Evidence.DependencyModel	Qualimetrix\Core\Symbol\DeclarationKey	Core.Symbol	contract
Qualimetrix\Analysis\Evidence\DependencyModel\Extraction\DependencyVisitor	Analysis.Evidence.DependencyModel	Qualimetrix\Core\Symbol\DeclarationPath	Core.Symbol	contract
Qualimetrix\Analysis\Evidence\DependencyModel\Extraction\DependencyVisitor	Analysis.Evidence.DependencyModel	Qualimetrix\Core\Symbol\FileDeclarationIndex	Core.Symbol	contract
Qualimetrix\Analysis\Evidence\DependencyModel\Extraction\DependencyVisitor	Analysis.Evidence.DependencyModel	Qualimetrix\Core\Symbol\SymbolPath	Core.Symbol	contract
Qualimetrix\Analysis\Evidence\DependencyModel\Extraction\Handler\DependencyContext	Analysis.Evidence.DependencyModel	Qualimetrix\Core\Path\RelativePath	Core.Path	contract
Qualimetrix\Analysis\Evidence\DependencyModel\Extraction\Handler\DependencyContext	Analysis.Evidence.DependencyModel	Qualimetrix\Core\Symbol\DeclarationPath	Core.Symbol	contract
Qualimetrix\Analysis\Evidence\DependencyModel\Extraction\Handler\DependencyContext	Analysis.Evidence.DependencyModel	Qualimetrix\Core\Symbol\LogicalClassPath	Core.Symbol	contract
Qualimetrix\Analysis\Evidence\DependencyModel\Extraction\Handler\DependencyContext	Analysis.Evidence.DependencyModel	Qualimetrix\Core\Symbol\SymbolPath	Core.Symbol	contract
Qualimetrix\Analysis\Evidence\Design\DataClass\DataClassExclusionCheck	Analysis.Evidence.Design	Qualimetrix\Analysis\Evidence\Measurement\Contract\MetricBag	Analysis.Evidence.Measurement	contract
Qualimetrix\Analysis\Evidence\Design\DataClass\DataClassExclusionCheck	Analysis.Evidence.Design	Qualimetrix\Analysis\Evidence\Measurement\Contract\MetricName	Analysis.Evidence.Measurement	contract
Qualimetrix\Analysis\Evidence\Design\DataClass\DataClassOptions	Analysis.Evidence.Design	Qualimetrix\Analysis\Finding\Contract\Rule\Override\IndependentAxisValidator	Analysis.Finding	contract
Qualimetrix\Analysis\Evidence\Design\DataClass\DataClassOptions	Analysis.Evidence.Design	Qualimetrix\Analysis\Finding\Contract\Rule\Override\OverrideValidatorInterface	Analysis.Finding	contract
Qualimetrix\Analysis\Evidence\Design\DataClass\DataClassOptions	Analysis.Evidence.Design	Qualimetrix\Analysis\Finding\Contract\Rule\RuleOptionKey	Analysis.Finding	contract
Qualimetrix\Analysis\Evidence\Design\DataClass\DataClassOptions	Analysis.Evidence.Design	Qualimetrix\Analysis\Finding\Contract\Rule\RuleOptionKeySet	Analysis.Finding	contract
Qualimetrix\Analysis\Evidence\Design\DataClass\DataClassOptions	Analysis.Evidence.Design	Qualimetrix\Analysis\Finding\Contract\Rule\RuleOptionShape	Analysis.Finding	contract
Qualimetrix\Analysis\Evidence\Design\DataClass\DataClassOptions	Analysis.Evidence.Design	Qualimetrix\Analysis\Finding\Contract\Rule\RuleOptionsInterface	Analysis.Finding	contract
Qualimetrix\Analysis\Evidence\Design\DataClass\DataClassOptions	Analysis.Evidence.Design	Qualimetrix\Analysis\Finding\Contract\Rule\ThresholdAwareOptionsInterface	Analysis.Finding	contract
Qualimetrix\Analysis\Evidence\Design\DataClass\DataClassOptions	Analysis.Evidence.Design	Qualimetrix\Analysis\Finding\Contract\Severity	Analysis.Finding	contract
Qualimetrix\Analysis\Evidence\Design\DataClass\DataClassRule	Analysis.Evidence.Design	Qualimetrix\Analysis\Evidence\Measurement\Contract\MetricName	Analysis.Evidence.Measurement	contract
Qualimetrix\Analysis\Evidence\Design\DataClass\DataClassRule	Analysis.Evidence.Design	Qualimetrix\Analysis\Finding\Contract\ChannelDeclaration	Analysis.Finding	contract
Qualimetrix\Analysis\Evidence\Design\DataClass\DataClassRule	Analysis.Evidence.Design	Qualimetrix\Analysis\Finding\Contract\ChannelShape	Analysis.Finding	contract
Qualimetrix\Analysis\Evidence\Design\DataClass\DataClassRule	Analysis.Evidence.Design	Qualimetrix\Analysis\Finding\Contract\Finding	Analysis.Finding	contract
Qualimetrix\Analysis\Evidence\Design\DataClass\DataClassRule	Analysis.Evidence.Design	Qualimetrix\Analysis\Finding\Contract\JudgedMetrics	Analysis.Finding	contract
Qualimetrix\Analysis\Evidence\Design\DataClass\DataClassRule	Analysis.Evidence.Design	Qualimetrix\Analysis\Finding\Contract\Location	Analysis.Finding	contract
Qualimetrix\Analysis\Evidence\Design\DataClass\DataClassRule	Analysis.Evidence.Design	Qualimetrix\Analysis\Finding\Contract\Rule\AbstractRule	Analysis.Finding	contract
Qualimetrix\Analysis\Evidence\Design\DataClass\DataClassRule	Analysis.Evidence.Design	Qualimetrix\Analysis\Finding\Contract\Rule\AnalysisContext	Analysis.Finding	contract
Qualimetrix\Analysis\Evidence\Design\DataClass\DataClassRule	Analysis.Evidence.Design	Qualimetrix\Analysis\Finding\Contract\Rule\Attribute\CliAlias	Analysis.Finding	contract
Qualimetrix\Analysis\Evidence\Design\DataClass\DataClassRule	Analysis.Evidence.Design	Qualimetrix\Analysis\Finding\Contract\Severity	Analysis.Finding	contract
Qualimetrix\Analysis\Evidence\Design\DataClass\DataClassRule	Analysis.Evidence.Design	Qualimetrix\Core\Observation\WorseDirection	Core.Neutral	contract
Qualimetrix\Analysis\Evidence\Design\DataClass\DataClassRule	Analysis.Evidence.Design	Qualimetrix\Core\Symbol\SymbolInfo	Core.Symbol	contract
Qualimetrix\Analysis\Evidence\Design\DataClass\DataClassRule	Analysis.Evidence.Design	Qualimetrix\Core\Symbol\SymbolLevel	Core.Symbol	contract
Qualimetrix\Analysis\Evidence\Design\DataClass\DataClassRule	Analysis.Evidence.Design	Qualimetrix\Core\Symbol\SymbolType	Core.Symbol	contract
Qualimetrix\Analysis\Evidence\Design\GodClass\GodClassCriteriaEvaluator	Analysis.Evidence.Design	Qualimetrix\Analysis\Evidence\Measurement\Contract\MetricBag	Analysis.Evidence.Measurement	contract
Qualimetrix\Analysis\Evidence\Design\GodClass\GodClassCriteriaEvaluator	Analysis.Evidence.Design	Qualimetrix\Analysis\Evidence\Measurement\Contract\MetricName	Analysis.Evidence.Measurement	contract
Qualimetrix\Analysis\Evidence\Design\GodClass\GodClassOptions	Analysis.Evidence.Design	Qualimetrix\Analysis\Finding\Contract\Rule\Override\OverrideValidatorInterface	Analysis.Finding	contract
Qualimetrix\Analysis\Evidence\Design\GodClass\GodClassOptions	Analysis.Evidence.Design	Qualimetrix\Analysis\Finding\Contract\Rule\Override\WarningOnlyValidator	Analysis.Finding	contract
Qualimetrix\Analysis\Evidence\Design\GodClass\GodClassOptions	Analysis.Evidence.Design	Qualimetrix\Analysis\Finding\Contract\Rule\RuleOptionKey	Analysis.Finding	contract
Qualimetrix\Analysis\Evidence\Design\GodClass\GodClassOptions	Analysis.Evidence.Design	Qualimetrix\Analysis\Finding\Contract\Rule\RuleOptionKeySet	Analysis.Finding	contract
Qualimetrix\Analysis\Evidence\Design\GodClass\GodClassOptions	Analysis.Evidence.Design	Qualimetrix\Analysis\Finding\Contract\Rule\RuleOptionShape	Analysis.Finding	contract
Qualimetrix\Analysis\Evidence\Design\GodClass\GodClassOptions	Analysis.Evidence.Design	Qualimetrix\Analysis\Finding\Contract\Rule\RuleOptionsInterface	Analysis.Finding	contract
Qualimetrix\Analysis\Evidence\Design\GodClass\GodClassOptions	Analysis.Evidence.Design	Qualimetrix\Analysis\Finding\Contract\Rule\ThresholdAwareOptionsInterface	Analysis.Finding	contract
Qualimetrix\Analysis\Evidence\Design\GodClass\GodClassOptions	Analysis.Evidence.Design	Qualimetrix\Analysis\Finding\Contract\Severity	Analysis.Finding	contract
Qualimetrix\Analysis\Evidence\Design\GodClass\GodClassRule	Analysis.Evidence.Design	Qualimetrix\Analysis\Evidence\Measurement\Contract\MetricBag	Analysis.Evidence.Measurement	contract
Qualimetrix\Analysis\Evidence\Design\GodClass\GodClassRule	Analysis.Evidence.Design	Qualimetrix\Analysis\Evidence\Measurement\Contract\MetricName	Analysis.Evidence.Measurement	contract
Qualimetrix\Analysis\Evidence\Design\GodClass\GodClassRule	Analysis.Evidence.Design	Qualimetrix\Analysis\Finding\Contract\ChannelDeclaration	Analysis.Finding	contract
Qualimetrix\Analysis\Evidence\Design\GodClass\GodClassRule	Analysis.Evidence.Design	Qualimetrix\Analysis\Finding\Contract\ChannelShape	Analysis.Finding	contract
Qualimetrix\Analysis\Evidence\Design\GodClass\GodClassRule	Analysis.Evidence.Design	Qualimetrix\Analysis\Finding\Contract\Finding	Analysis.Finding	contract
Qualimetrix\Analysis\Evidence\Design\GodClass\GodClassRule	Analysis.Evidence.Design	Qualimetrix\Analysis\Finding\Contract\Location	Analysis.Finding	contract
Qualimetrix\Analysis\Evidence\Design\GodClass\GodClassRule	Analysis.Evidence.Design	Qualimetrix\Analysis\Finding\Contract\Rule\AbstractRule	Analysis.Finding	contract
Qualimetrix\Analysis\Evidence\Design\GodClass\GodClassRule	Analysis.Evidence.Design	Qualimetrix\Analysis\Finding\Contract\Rule\AnalysisContext	Analysis.Finding	contract
Qualimetrix\Analysis\Evidence\Design\GodClass\GodClassRule	Analysis.Evidence.Design	Qualimetrix\Analysis\Finding\Contract\Rule\Attribute\CliAlias	Analysis.Finding	contract
Qualimetrix\Analysis\Evidence\Design\GodClass\GodClassRule	Analysis.Evidence.Design	Qualimetrix\Analysis\Finding\Contract\Severity	Analysis.Finding	contract
Qualimetrix\Analysis\Evidence\Design\GodClass\GodClassRule	Analysis.Evidence.Design	Qualimetrix\Core\Observation\WorseDirection	Core.Neutral	contract
Qualimetrix\Analysis\Evidence\Design\GodClass\GodClassRule	Analysis.Evidence.Design	Qualimetrix\Core\Symbol\SymbolInfo	Core.Symbol	contract
Qualimetrix\Analysis\Evidence\Design\GodClass\GodClassRule	Analysis.Evidence.Design	Qualimetrix\Core\Symbol\SymbolLevel	Core.Symbol	contract
Qualimetrix\Analysis\Evidence\Design\GodClass\GodClassRule	Analysis.Evidence.Design	Qualimetrix\Core\Symbol\SymbolType	Core.Symbol	contract
Qualimetrix\Analysis\Evidence\Design\Inheritance\DitGlobalCollector	Analysis.Evidence.Design	Qualimetrix\Analysis\Evidence\DependencyModel\Contract\DependencyGraphInterface	Analysis.Evidence.DependencyModel	contract
Qualimetrix\Analysis\Evidence\Design\Inheritance\DitGlobalCollector	Analysis.Evidence.Design	Qualimetrix\Analysis\Evidence\Measurement\Contract\AggregationStrategy	Analysis.Evidence.Measurement	contract
Qualimetrix\Analysis\Evidence\Design\Inheritance\DitGlobalCollector	Analysis.Evidence.Design	Qualimetrix\Analysis\Evidence\Measurement\Contract\GlobalContextCollectorInterface	Analysis.Evidence.Measurement	contract
Qualimetrix\Analysis\Evidence\Design\Inheritance\DitGlobalCollector	Analysis.Evidence.Design	Qualimetrix\Analysis\Evidence\Measurement\Contract\MetricDefinition	Analysis.Evidence.Measurement	contract
Qualimetrix\Analysis\Evidence\Design\Inheritance\DitGlobalCollector	Analysis.Evidence.Design	Qualimetrix\Analysis\Evidence\Measurement\Contract\MetricName	Analysis.Evidence.Measurement	contract
Qualimetrix\Analysis\Evidence\Design\Inheritance\DitGlobalCollector	Analysis.Evidence.Design	Qualimetrix\Analysis\Evidence\Measurement\Contract\MetricRepositoryInterface	Analysis.Evidence.Measurement	contract
Qualimetrix\Analysis\Evidence\Design\Inheritance\DitGlobalCollector	Analysis.Evidence.Design	Qualimetrix\Core\Symbol\SymbolLevel	Core.Symbol	contract
Qualimetrix\Analysis\Evidence\Design\Inheritance\DitGlobalCollector	Analysis.Evidence.Design	Qualimetrix\Core\Symbol\SymbolPath	Core.Symbol	contract
Qualimetrix\Analysis\Evidence\Design\Inheritance\DitGlobalCollector	Analysis.Evidence.Design	Qualimetrix\Core\Symbol\SymbolType	Core.Symbol	contract
Qualimetrix\Analysis\Evidence\Design\Inheritance\ExternalAncestry	Analysis.Evidence.Design	Qualimetrix\Core\Symbol\PhpBuiltinClassRegistry	Core.Symbol	contract
Qualimetrix\Analysis\Evidence\Design\Inheritance\InheritanceDepthCollector	Analysis.Evidence.Design	Qualimetrix\Analysis\Evidence\Measurement\Contract\AbstractCollector	Analysis.Evidence.Measurement	contract
Qualimetrix\Analysis\Evidence\Design\Inheritance\InheritanceDepthCollector	Analysis.Evidence.Design	Qualimetrix\Analysis\Evidence\Measurement\Contract\ClassMetricsProviderInterface	Analysis.Evidence.Measurement	contract
Qualimetrix\Analysis\Evidence\Design\Inheritance\InheritanceDepthCollector	Analysis.Evidence.Design	Qualimetrix\Analysis\Evidence\Measurement\Contract\DeclarationIndexAwareInterface	Analysis.Evidence.Measurement	contract
Qualimetrix\Analysis\Evidence\Design\Inheritance\InheritanceDepthCollector	Analysis.Evidence.Design	Qualimetrix\Analysis\Evidence\Measurement\Contract\DeclarationIndexAwareTrait	Analysis.Evidence.Measurement	contract
Qualimetrix\Analysis\Evidence\Design\Inheritance\InheritanceDepthCollector	Analysis.Evidence.Design	Qualimetrix\Analysis\Evidence\Measurement\Contract\MetricBag	Analysis.Evidence.Measurement	contract
Qualimetrix\Analysis\Evidence\Design\Inheritance\InheritanceDepthCollector	Analysis.Evidence.Design	Qualimetrix\Analysis\Evidence\Measurement\Contract\MetricName	Analysis.Evidence.Measurement	contract
Qualimetrix\Analysis\Evidence\Design\Inheritance\InheritanceDepthCollector	Analysis.Evidence.Design	Qualimetrix\Core\Path\RelativePath	Core.Path	contract
Qualimetrix\Analysis\Evidence\Design\Inheritance\InheritanceDepthCollector	Analysis.Evidence.Design	Qualimetrix\Core\Symbol\PhpBuiltinClassRegistry	Core.Symbol	contract
Qualimetrix\Analysis\Evidence\Design\Inheritance\InheritanceDepthCollector	Analysis.Evidence.Design	Qualimetrix\Core\Symbol\SymbolPath	Core.Symbol	contract
Qualimetrix\Analysis\Evidence\Design\Inheritance\InheritanceDepthResolver	Analysis.Evidence.Design	Qualimetrix\Analysis\Evidence\DependencyModel\Contract\DependencyGraphInterface	Analysis.Evidence.DependencyModel	contract
Qualimetrix\Analysis\Evidence\Design\Inheritance\InheritanceDepthResolver	Analysis.Evidence.Design	Qualimetrix\Analysis\Evidence\DependencyModel\Contract\DependencyType	Analysis.Evidence.DependencyModel	contract
Qualimetrix\Analysis\Evidence\Design\Inheritance\InheritanceDepthResolver	Analysis.Evidence.Design	Qualimetrix\Core\Symbol\DeclarationPath	Core.Symbol	contract
Qualimetrix\Analysis\Evidence\Design\Inheritance\InheritanceDepthResolver	Analysis.Evidence.Design	Qualimetrix\Core\Symbol\PhpBuiltinClassRegistry	Core.Symbol	contract
Qualimetrix\Analysis\Evidence\Design\Inheritance\InheritanceDepthVisitor	Analysis.Evidence.Design	Qualimetrix\Analysis\Evidence\Measurement\Contract\ResettableVisitorInterface	Analysis.Evidence.Measurement	contract
Qualimetrix\Analysis\Evidence\Design\Inheritance\InheritanceOptions	Analysis.Evidence.Design	Qualimetrix\Analysis\Finding\Contract\Rule\Override\StandardOverrideValidatorTrait	Analysis.Finding	contract
Qualimetrix\Analysis\Evidence\Design\Inheritance\InheritanceOptions	Analysis.Evidence.Design	Qualimetrix\Analysis\Finding\Contract\Rule\RuleOptionKey	Analysis.Finding	contract
Qualimetrix\Analysis\Evidence\Design\Inheritance\InheritanceOptions	Analysis.Evidence.Design	Qualimetrix\Analysis\Finding\Contract\Rule\RuleOptionKeySet	Analysis.Finding	contract
Qualimetrix\Analysis\Evidence\Design\Inheritance\InheritanceOptions	Analysis.Evidence.Design	Qualimetrix\Analysis\Finding\Contract\Rule\RuleOptionShape	Analysis.Finding	contract
Qualimetrix\Analysis\Evidence\Design\Inheritance\InheritanceOptions	Analysis.Evidence.Design	Qualimetrix\Analysis\Finding\Contract\Rule\RuleOptionsInterface	Analysis.Finding	contract
Qualimetrix\Analysis\Evidence\Design\Inheritance\InheritanceOptions	Analysis.Evidence.Design	Qualimetrix\Analysis\Finding\Contract\Rule\ThresholdAwareOptionsInterface	Analysis.Finding	contract
Qualimetrix\Analysis\Evidence\Design\Inheritance\InheritanceOptions	Analysis.Evidence.Design	Qualimetrix\Analysis\Finding\Contract\Rule\ThresholdParser	Analysis.Finding	contract
Qualimetrix\Analysis\Evidence\Design\Inheritance\InheritanceOptions	Analysis.Evidence.Design	Qualimetrix\Analysis\Finding\Contract\Severity	Analysis.Finding	contract
Qualimetrix\Analysis\Evidence\Design\Inheritance\InheritanceRule	Analysis.Evidence.Design	Qualimetrix\Analysis\Evidence\Measurement\Contract\MetricName	Analysis.Evidence.Measurement	contract
Qualimetrix\Analysis\Evidence\Design\Inheritance\InheritanceRule	Analysis.Evidence.Design	Qualimetrix\Analysis\Finding\Contract\ChannelDeclaration	Analysis.Finding	contract
Qualimetrix\Analysis\Evidence\Design\Inheritance\InheritanceRule	Analysis.Evidence.Design	Qualimetrix\Analysis\Finding\Contract\ChannelShape	Analysis.Finding	contract
Qualimetrix\Analysis\Evidence\Design\Inheritance\InheritanceRule	Analysis.Evidence.Design	Qualimetrix\Analysis\Finding\Contract\Finding	Analysis.Finding	contract
Qualimetrix\Analysis\Evidence\Design\Inheritance\InheritanceRule	Analysis.Evidence.Design	Qualimetrix\Analysis\Finding\Contract\JudgedMetrics	Analysis.Finding	contract
Qualimetrix\Analysis\Evidence\Design\Inheritance\InheritanceRule	Analysis.Evidence.Design	Qualimetrix\Analysis\Finding\Contract\Location	Analysis.Finding	contract
Qualimetrix\Analysis\Evidence\Design\Inheritance\InheritanceRule	Analysis.Evidence.Design	Qualimetrix\Analysis\Finding\Contract\Rule\AbstractRule	Analysis.Finding	contract
Qualimetrix\Analysis\Evidence\Design\Inheritance\InheritanceRule	Analysis.Evidence.Design	Qualimetrix\Analysis\Finding\Contract\Rule\AnalysisContext	Analysis.Finding	contract
Qualimetrix\Analysis\Evidence\Design\Inheritance\InheritanceRule	Analysis.Evidence.Design	Qualimetrix\Analysis\Finding\Contract\Rule\Attribute\CliAlias	Analysis.Finding	contract
Qualimetrix\Analysis\Evidence\Design\Inheritance\InheritanceRule	Analysis.Evidence.Design	Qualimetrix\Analysis\Finding\Contract\Severity	Analysis.Finding	contract
Qualimetrix\Analysis\Evidence\Design\Inheritance\InheritanceRule	Analysis.Evidence.Design	Qualimetrix\Core\Observation\WorseDirection	Core.Neutral	contract
Qualimetrix\Analysis\Evidence\Design\Inheritance\InheritanceRule	Analysis.Evidence.Design	Qualimetrix\Core\Symbol\MetricSubject	Core.Symbol	contract
Qualimetrix\Analysis\Evidence\Design\Inheritance\InheritanceRule	Analysis.Evidence.Design	Qualimetrix\Core\Symbol\SymbolInfo	Core.Symbol	contract
Qualimetrix\Analysis\Evidence\Design\Inheritance\InheritanceRule	Analysis.Evidence.Design	Qualimetrix\Core\Symbol\SymbolLevel	Core.Symbol	contract
Qualimetrix\Analysis\Evidence\Design\Inheritance\InheritanceRule	Analysis.Evidence.Design	Qualimetrix\Core\Symbol\SymbolType	Core.Symbol	contract
Qualimetrix\Analysis\Evidence\Design\Inheritance\NocCollector	Analysis.Evidence.Design	Qualimetrix\Analysis\Evidence\DependencyModel\Contract\DependencyGraphInterface	Analysis.Evidence.DependencyModel	contract
Qualimetrix\Analysis\Evidence\Design\Inheritance\NocCollector	Analysis.Evidence.Design	Qualimetrix\Analysis\Evidence\DependencyModel\Contract\DependencyType	Analysis.Evidence.DependencyModel	contract
Qualimetrix\Analysis\Evidence\Design\Inheritance\NocCollector	Analysis.Evidence.Design	Qualimetrix\Analysis\Evidence\Measurement\Contract\AggregationStrategy	Analysis.Evidence.Measurement	contract
Qualimetrix\Analysis\Evidence\Design\Inheritance\NocCollector	Analysis.Evidence.Design	Qualimetrix\Analysis\Evidence\Measurement\Contract\GlobalContextCollectorInterface	Analysis.Evidence.Measurement	contract
Qualimetrix\Analysis\Evidence\Design\Inheritance\NocCollector	Analysis.Evidence.Design	Qualimetrix\Analysis\Evidence\Measurement\Contract\MetricDefinition	Analysis.Evidence.Measurement	contract
Qualimetrix\Analysis\Evidence\Design\Inheritance\NocCollector	Analysis.Evidence.Design	Qualimetrix\Analysis\Evidence\Measurement\Contract\MetricName	Analysis.Evidence.Measurement	contract
Qualimetrix\Analysis\Evidence\Design\Inheritance\NocCollector	Analysis.Evidence.Design	Qualimetrix\Analysis\Evidence\Measurement\Contract\MetricRepositoryInterface	Analysis.Evidence.Measurement	contract
Qualimetrix\Analysis\Evidence\Design\Inheritance\NocCollector	Analysis.Evidence.Design	Qualimetrix\Core\Symbol\SymbolLevel	Core.Symbol	contract
Qualimetrix\Analysis\Evidence\Design\Inheritance\NocOptions	Analysis.Evidence.Design	Qualimetrix\Analysis\Finding\Contract\Rule\Override\StandardOverrideValidatorTrait	Analysis.Finding	contract
Qualimetrix\Analysis\Evidence\Design\Inheritance\NocOptions	Analysis.Evidence.Design	Qualimetrix\Analysis\Finding\Contract\Rule\RuleOptionKey	Analysis.Finding	contract
Qualimetrix\Analysis\Evidence\Design\Inheritance\NocOptions	Analysis.Evidence.Design	Qualimetrix\Analysis\Finding\Contract\Rule\RuleOptionKeySet	Analysis.Finding	contract
Qualimetrix\Analysis\Evidence\Design\Inheritance\NocOptions	Analysis.Evidence.Design	Qualimetrix\Analysis\Finding\Contract\Rule\RuleOptionShape	Analysis.Finding	contract
Qualimetrix\Analysis\Evidence\Design\Inheritance\NocOptions	Analysis.Evidence.Design	Qualimetrix\Analysis\Finding\Contract\Rule\RuleOptionsInterface	Analysis.Finding	contract
Qualimetrix\Analysis\Evidence\Design\Inheritance\NocOptions	Analysis.Evidence.Design	Qualimetrix\Analysis\Finding\Contract\Rule\ThresholdAwareOptionsInterface	Analysis.Finding	contract
Qualimetrix\Analysis\Evidence\Design\Inheritance\NocOptions	Analysis.Evidence.Design	Qualimetrix\Analysis\Finding\Contract\Rule\ThresholdParser	Analysis.Finding	contract
Qualimetrix\Analysis\Evidence\Design\Inheritance\NocOptions	Analysis.Evidence.Design	Qualimetrix\Analysis\Finding\Contract\Severity	Analysis.Finding	contract
Qualimetrix\Analysis\Evidence\Design\Inheritance\NocRule	Analysis.Evidence.Design	Qualimetrix\Analysis\Evidence\Measurement\Contract\MetricName	Analysis.Evidence.Measurement	contract
Qualimetrix\Analysis\Evidence\Design\Inheritance\NocRule	Analysis.Evidence.Design	Qualimetrix\Analysis\Finding\Contract\ChannelDeclaration	Analysis.Finding	contract
Qualimetrix\Analysis\Evidence\Design\Inheritance\NocRule	Analysis.Evidence.Design	Qualimetrix\Analysis\Finding\Contract\ChannelShape	Analysis.Finding	contract
Qualimetrix\Analysis\Evidence\Design\Inheritance\NocRule	Analysis.Evidence.Design	Qualimetrix\Analysis\Finding\Contract\Finding	Analysis.Finding	contract
Qualimetrix\Analysis\Evidence\Design\Inheritance\NocRule	Analysis.Evidence.Design	Qualimetrix\Analysis\Finding\Contract\JudgedMetrics	Analysis.Finding	contract
Qualimetrix\Analysis\Evidence\Design\Inheritance\NocRule	Analysis.Evidence.Design	Qualimetrix\Analysis\Finding\Contract\Location	Analysis.Finding	contract
Qualimetrix\Analysis\Evidence\Design\Inheritance\NocRule	Analysis.Evidence.Design	Qualimetrix\Analysis\Finding\Contract\Rule\AbstractRule	Analysis.Finding	contract
Qualimetrix\Analysis\Evidence\Design\Inheritance\NocRule	Analysis.Evidence.Design	Qualimetrix\Analysis\Finding\Contract\Rule\AnalysisContext	Analysis.Finding	contract
Qualimetrix\Analysis\Evidence\Design\Inheritance\NocRule	Analysis.Evidence.Design	Qualimetrix\Analysis\Finding\Contract\Rule\Attribute\CliAlias	Analysis.Finding	contract
Qualimetrix\Analysis\Evidence\Design\Inheritance\NocRule	Analysis.Evidence.Design	Qualimetrix\Analysis\Finding\Contract\Severity	Analysis.Finding	contract
Qualimetrix\Analysis\Evidence\Design\Inheritance\NocRule	Analysis.Evidence.Design	Qualimetrix\Core\Observation\WorseDirection	Core.Neutral	contract
Qualimetrix\Analysis\Evidence\Design\Inheritance\NocRule	Analysis.Evidence.Design	Qualimetrix\Core\Symbol\SymbolInfo	Core.Symbol	contract
Qualimetrix\Analysis\Evidence\Design\Inheritance\NocRule	Analysis.Evidence.Design	Qualimetrix\Core\Symbol\SymbolLevel	Core.Symbol	contract
Qualimetrix\Analysis\Evidence\Design\Inheritance\NocRule	Analysis.Evidence.Design	Qualimetrix\Core\Symbol\SymbolType	Core.Symbol	contract
Qualimetrix\Analysis\Evidence\Design\TypeCoverage\AbstractTypeCoverageRule	Analysis.Evidence.Design	Qualimetrix\Analysis\Evidence\Measurement\Contract\MetricBag	Analysis.Evidence.Measurement	contract
Qualimetrix\Analysis\Evidence\Design\TypeCoverage\AbstractTypeCoverageRule	Analysis.Evidence.Design	Qualimetrix\Analysis\Finding\Contract\ChannelDeclaration	Analysis.Finding	contract
Qualimetrix\Analysis\Evidence\Design\TypeCoverage\AbstractTypeCoverageRule	Analysis.Evidence.Design	Qualimetrix\Analysis\Finding\Contract\ChannelShape	Analysis.Finding	contract
Qualimetrix\Analysis\Evidence\Design\TypeCoverage\AbstractTypeCoverageRule	Analysis.Evidence.Design	Qualimetrix\Analysis\Finding\Contract\Finding	Analysis.Finding	contract
Qualimetrix\Analysis\Evidence\Design\TypeCoverage\AbstractTypeCoverageRule	Analysis.Evidence.Design	Qualimetrix\Analysis\Finding\Contract\JudgedMetrics	Analysis.Finding	contract
Qualimetrix\Analysis\Evidence\Design\TypeCoverage\AbstractTypeCoverageRule	Analysis.Evidence.Design	Qualimetrix\Analysis\Finding\Contract\Location	Analysis.Finding	contract
Qualimetrix\Analysis\Evidence\Design\TypeCoverage\AbstractTypeCoverageRule	Analysis.Evidence.Design	Qualimetrix\Analysis\Finding\Contract\Rule\AbstractRule	Analysis.Finding	contract
Qualimetrix\Analysis\Evidence\Design\TypeCoverage\AbstractTypeCoverageRule	Analysis.Evidence.Design	Qualimetrix\Analysis\Finding\Contract\Rule\AnalysisContext	Analysis.Finding	contract
Qualimetrix\Analysis\Evidence\Design\TypeCoverage\AbstractTypeCoverageRule	Analysis.Evidence.Design	Qualimetrix\Analysis\Finding\Contract\Severity	Analysis.Finding	contract
Qualimetrix\Analysis\Evidence\Design\TypeCoverage\AbstractTypeCoverageRule	Analysis.Evidence.Design	Qualimetrix\Core\Observation\WorseDirection	Core.Neutral	contract
Qualimetrix\Analysis\Evidence\Design\TypeCoverage\AbstractTypeCoverageRule	Analysis.Evidence.Design	Qualimetrix\Core\Symbol\MetricSubject	Core.Symbol	contract
Qualimetrix\Analysis\Evidence\Design\TypeCoverage\AbstractTypeCoverageRule	Analysis.Evidence.Design	Qualimetrix\Core\Symbol\SymbolInfo	Core.Symbol	contract
Qualimetrix\Analysis\Evidence\Design\TypeCoverage\AbstractTypeCoverageRule	Analysis.Evidence.Design	Qualimetrix\Core\Symbol\SymbolLevel	Core.Symbol	contract
Qualimetrix\Analysis\Evidence\Design\TypeCoverage\AbstractTypeCoverageRule	Analysis.Evidence.Design	Qualimetrix\Core\Symbol\SymbolType	Core.Symbol	contract
Qualimetrix\Analysis\Evidence\Design\TypeCoverage\ParamTypeCoverageRule	Analysis.Evidence.Design	Qualimetrix\Analysis\Evidence\Measurement\Contract\MetricName	Analysis.Evidence.Measurement	contract
Qualimetrix\Analysis\Evidence\Design\TypeCoverage\ParamTypeCoverageRule	Analysis.Evidence.Design	Qualimetrix\Analysis\Finding\Contract\Rule\Attribute\CliAlias	Analysis.Finding	contract
Qualimetrix\Analysis\Evidence\Design\TypeCoverage\PropertyTypeCoverageRule	Analysis.Evidence.Design	Qualimetrix\Analysis\Evidence\Measurement\Contract\MetricName	Analysis.Evidence.Measurement	contract
Qualimetrix\Analysis\Evidence\Design\TypeCoverage\PropertyTypeCoverageRule	Analysis.Evidence.Design	Qualimetrix\Analysis\Finding\Contract\Rule\Attribute\CliAlias	Analysis.Finding	contract
Qualimetrix\Analysis\Evidence\Design\TypeCoverage\ReturnTypeCoverageRule	Analysis.Evidence.Design	Qualimetrix\Analysis\Evidence\Measurement\Contract\MetricName	Analysis.Evidence.Measurement	contract
Qualimetrix\Analysis\Evidence\Design\TypeCoverage\ReturnTypeCoverageRule	Analysis.Evidence.Design	Qualimetrix\Analysis\Finding\Contract\Rule\Attribute\CliAlias	Analysis.Finding	contract
Qualimetrix\Analysis\Evidence\Design\TypeCoverage\TypeCoverageCollector	Analysis.Evidence.Design	Qualimetrix\Analysis\Evidence\Measurement\Contract\AbstractCollector	Analysis.Evidence.Measurement	contract
Qualimetrix\Analysis\Evidence\Design\TypeCoverage\TypeCoverageCollector	Analysis.Evidence.Design	Qualimetrix\Analysis\Evidence\Measurement\Contract\AggregationStrategy	Analysis.Evidence.Measurement	contract
Qualimetrix\Analysis\Evidence\Design\TypeCoverage\TypeCoverageCollector	Analysis.Evidence.Design	Qualimetrix\Analysis\Evidence\Measurement\Contract\ClassMetricsProviderInterface	Analysis.Evidence.Measurement	contract
Qualimetrix\Analysis\Evidence\Design\TypeCoverage\TypeCoverageCollector	Analysis.Evidence.Design	Qualimetrix\Analysis\Evidence\Measurement\Contract\MetricBag	Analysis.Evidence.Measurement	contract
Qualimetrix\Analysis\Evidence\Design\TypeCoverage\TypeCoverageCollector	Analysis.Evidence.Design	Qualimetrix\Analysis\Evidence\Measurement\Contract\MetricDefinition	Analysis.Evidence.Measurement	contract
Qualimetrix\Analysis\Evidence\Design\TypeCoverage\TypeCoverageCollector	Analysis.Evidence.Design	Qualimetrix\Analysis\Evidence\Measurement\Contract\MetricName	Analysis.Evidence.Measurement	contract
Qualimetrix\Analysis\Evidence\Design\TypeCoverage\TypeCoverageCollector	Analysis.Evidence.Design	Qualimetrix\Core\Path\RelativePath	Core.Path	contract
Qualimetrix\Analysis\Evidence\Design\TypeCoverage\TypeCoverageCollector	Analysis.Evidence.Design	Qualimetrix\Core\Symbol\SymbolLevel	Core.Symbol	contract
Qualimetrix\Analysis\Evidence\Design\TypeCoverage\TypeCoverageOptions	Analysis.Evidence.Design	Qualimetrix\Analysis\Finding\Contract\Rule\Override\InvertedOverrideValidator	Analysis.Finding	contract
Qualimetrix\Analysis\Evidence\Design\TypeCoverage\TypeCoverageOptions	Analysis.Evidence.Design	Qualimetrix\Analysis\Finding\Contract\Rule\Override\OverrideValidatorInterface	Analysis.Finding	contract
Qualimetrix\Analysis\Evidence\Design\TypeCoverage\TypeCoverageOptions	Analysis.Evidence.Design	Qualimetrix\Analysis\Finding\Contract\Rule\RuleOptionKey	Analysis.Finding	contract
Qualimetrix\Analysis\Evidence\Design\TypeCoverage\TypeCoverageOptions	Analysis.Evidence.Design	Qualimetrix\Analysis\Finding\Contract\Rule\RuleOptionKeySet	Analysis.Finding	contract
Qualimetrix\Analysis\Evidence\Design\TypeCoverage\TypeCoverageOptions	Analysis.Evidence.Design	Qualimetrix\Analysis\Finding\Contract\Rule\RuleOptionShape	Analysis.Finding	contract
Qualimetrix\Analysis\Evidence\Design\TypeCoverage\TypeCoverageOptions	Analysis.Evidence.Design	Qualimetrix\Analysis\Finding\Contract\Rule\RuleOptionsInterface	Analysis.Finding	contract
Qualimetrix\Analysis\Evidence\Design\TypeCoverage\TypeCoverageOptions	Analysis.Evidence.Design	Qualimetrix\Analysis\Finding\Contract\Rule\ThresholdAwareOptionsInterface	Analysis.Finding	contract
Qualimetrix\Analysis\Evidence\Design\TypeCoverage\TypeCoverageOptions	Analysis.Evidence.Design	Qualimetrix\Analysis\Finding\Contract\Rule\ThresholdParser	Analysis.Finding	contract
Qualimetrix\Analysis\Evidence\Design\TypeCoverage\TypeCoverageOptions	Analysis.Evidence.Design	Qualimetrix\Analysis\Finding\Contract\Severity	Analysis.Finding	contract
Qualimetrix\Analysis\Evidence\Design\TypeCoverage\TypeCoveragePercentCollector	Analysis.Evidence.Design	Qualimetrix\Analysis\Evidence\Measurement\Contract\DerivedCollectorInterface	Analysis.Evidence.Measurement	contract
Qualimetrix\Analysis\Evidence\Design\TypeCoverage\TypeCoveragePercentCollector	Analysis.Evidence.Design	Qualimetrix\Analysis\Evidence\Measurement\Contract\MetricBag	Analysis.Evidence.Measurement	contract
Qualimetrix\Analysis\Evidence\Design\TypeCoverage\TypeCoveragePercentCollector	Analysis.Evidence.Design	Qualimetrix\Analysis\Evidence\Measurement\Contract\MetricDefinition	Analysis.Evidence.Measurement	contract
Qualimetrix\Analysis\Evidence\Design\TypeCoverage\TypeCoveragePercentCollector	Analysis.Evidence.Design	Qualimetrix\Analysis\Evidence\Measurement\Contract\MetricName	Analysis.Evidence.Measurement	contract
Qualimetrix\Analysis\Evidence\Design\TypeCoverage\TypeCoveragePercentCollector	Analysis.Evidence.Design	Qualimetrix\Analysis\Evidence\Measurement\Contract\ParallelSafeCollectorInterface	Analysis.Evidence.Measurement	contract
Qualimetrix\Analysis\Evidence\Design\TypeCoverage\TypeCoveragePercentCollector	Analysis.Evidence.Design	Qualimetrix\Core\Symbol\SymbolLevel	Core.Symbol	contract
Qualimetrix\Analysis\Evidence\Design\TypeCoverage\TypeCoverageVisitor	Analysis.Evidence.Design	Qualimetrix\Analysis\Evidence\Measurement\Contract\DeclarationIndexAwareInterface	Analysis.Evidence.Measurement	contract
Qualimetrix\Analysis\Evidence\Design\TypeCoverage\TypeCoverageVisitor	Analysis.Evidence.Design	Qualimetrix\Analysis\Evidence\Measurement\Contract\DeclarationIndexAwareTrait	Analysis.Evidence.Measurement	contract
Qualimetrix\Analysis\Evidence\Design\TypeCoverage\TypeCoverageVisitor	Analysis.Evidence.Design	Qualimetrix\Analysis\Evidence\Measurement\Contract\MetricBag	Analysis.Evidence.Measurement	contract
Qualimetrix\Analysis\Evidence\Design\TypeCoverage\TypeCoverageVisitor	Analysis.Evidence.Design	Qualimetrix\Analysis\Evidence\Measurement\Contract\ResettableVisitorInterface	Analysis.Evidence.Measurement	contract
Qualimetrix\Analysis\Evidence\Design\TypeCoverage\TypeCoverageVisitor	Analysis.Evidence.Design	Qualimetrix\Core\Path\RelativePath	Core.Path	contract
Qualimetrix\Analysis\Evidence\Design\TypeCoverage\TypeCoverageVisitor	Analysis.Evidence.Design	Qualimetrix\Core\Symbol\SymbolPath	Core.Symbol	contract
Qualimetrix\Analysis\Evidence\Duplication\CodeDuplicationOptions	Analysis.Evidence.Duplication	Qualimetrix\Analysis\Finding\Contract\Rule\Override\StandardOverrideValidatorTrait	Analysis.Finding	contract
Qualimetrix\Analysis\Evidence\Duplication\CodeDuplicationOptions	Analysis.Evidence.Duplication	Qualimetrix\Analysis\Finding\Contract\Rule\RuleOptionKey	Analysis.Finding	contract
Qualimetrix\Analysis\Evidence\Duplication\CodeDuplicationOptions	Analysis.Evidence.Duplication	Qualimetrix\Analysis\Finding\Contract\Rule\RuleOptionKeySet	Analysis.Finding	contract
Qualimetrix\Analysis\Evidence\Duplication\CodeDuplicationOptions	Analysis.Evidence.Duplication	Qualimetrix\Analysis\Finding\Contract\Rule\RuleOptionShape	Analysis.Finding	contract
Qualimetrix\Analysis\Evidence\Duplication\CodeDuplicationOptions	Analysis.Evidence.Duplication	Qualimetrix\Analysis\Finding\Contract\Rule\RuleOptionsInterface	Analysis.Finding	contract
Qualimetrix\Analysis\Evidence\Duplication\CodeDuplicationOptions	Analysis.Evidence.Duplication	Qualimetrix\Analysis\Finding\Contract\Rule\ThresholdAwareOptionsInterface	Analysis.Finding	contract
Qualimetrix\Analysis\Evidence\Duplication\CodeDuplicationOptions	Analysis.Evidence.Duplication	Qualimetrix\Analysis\Finding\Contract\Rule\ThresholdParser	Analysis.Finding	contract
Qualimetrix\Analysis\Evidence\Duplication\CodeDuplicationOptions	Analysis.Evidence.Duplication	Qualimetrix\Analysis\Finding\Contract\Severity	Analysis.Finding	contract
Qualimetrix\Analysis\Evidence\Duplication\CodeDuplicationRule	Analysis.Evidence.Duplication	Qualimetrix\Analysis\Finding\Contract\ChannelDeclaration	Analysis.Finding	contract
Qualimetrix\Analysis\Evidence\Duplication\CodeDuplicationRule	Analysis.Evidence.Duplication	Qualimetrix\Analysis\Finding\Contract\ChannelShape	Analysis.Finding	contract
Qualimetrix\Analysis\Evidence\Duplication\CodeDuplicationRule	Analysis.Evidence.Duplication	Qualimetrix\Analysis\Finding\Contract\Finding	Analysis.Finding	contract
Qualimetrix\Analysis\Evidence\Duplication\CodeDuplicationRule	Analysis.Evidence.Duplication	Qualimetrix\Analysis\Finding\Contract\Location	Analysis.Finding	contract
Qualimetrix\Analysis\Evidence\Duplication\CodeDuplicationRule	Analysis.Evidence.Duplication	Qualimetrix\Analysis\Finding\Contract\OccurrenceKey	Analysis.Finding	contract
Qualimetrix\Analysis\Evidence\Duplication\CodeDuplicationRule	Analysis.Evidence.Duplication	Qualimetrix\Analysis\Finding\Contract\Rule\AbstractRule	Analysis.Finding	contract
Qualimetrix\Analysis\Evidence\Duplication\CodeDuplicationRule	Analysis.Evidence.Duplication	Qualimetrix\Analysis\Finding\Contract\Rule\AnalysisContext	Analysis.Finding	contract
Qualimetrix\Analysis\Evidence\Duplication\CodeDuplicationRule	Analysis.Evidence.Duplication	Qualimetrix\Analysis\Finding\Contract\Rule\RuleOptionsInterface	Analysis.Finding	contract
Qualimetrix\Analysis\Evidence\Duplication\CodeDuplicationRule	Analysis.Evidence.Duplication	Qualimetrix\Analysis\Finding\Contract\Severity	Analysis.Finding	contract
Qualimetrix\Analysis\Evidence\Duplication\CodeDuplicationRule	Analysis.Evidence.Duplication	Qualimetrix\Core\Observation\WorseDirection	Core.Neutral	contract
Qualimetrix\Analysis\Evidence\Duplication\CodeDuplicationRule	Analysis.Evidence.Duplication	Qualimetrix\Core\Symbol\MetricSubject	Core.Symbol	contract
Qualimetrix\Analysis\Evidence\Duplication\CodeDuplicationRule	Analysis.Evidence.Duplication	Qualimetrix\Core\Symbol\SymbolLevel	Core.Symbol	contract
Qualimetrix\Analysis\Evidence\Duplication\CodeDuplicationRule	Analysis.Evidence.Duplication	Qualimetrix\Core\Symbol\SymbolPath	Core.Symbol	contract
Qualimetrix\Analysis\Evidence\Duplication\DuplicateBlockFinder	Analysis.Evidence.Duplication	Qualimetrix\Core\Path\RelativePath	Core.Path	contract
Qualimetrix\Analysis\Evidence\Duplication\DuplicateLocation	Analysis.Evidence.Duplication	Qualimetrix\Core\Path\RelativePath	Core.Path	contract
Qualimetrix\Analysis\Evidence\Duplication\DuplicationDetector	Analysis.Evidence.Duplication	Qualimetrix\Analysis\Finding\Contract\RuleConfigurationInterface	Analysis.Finding	contract
Qualimetrix\Analysis\Evidence\Duplication\DuplicationDetector	Analysis.Evidence.Duplication	Qualimetrix\Analysis\Run\Contract\FileSetInspectionParticipantInterface	Analysis.Run	contract
Qualimetrix\Analysis\Evidence\Duplication\DuplicationDetector	Analysis.Evidence.Duplication	Qualimetrix\Core\Path\AbsolutePath	Core.Path	contract
Qualimetrix\Analysis\Evidence\Duplication\HashIndexBuilder	Analysis.Evidence.Duplication	Qualimetrix\Core\Path\AbsolutePath	Core.Path	contract
Qualimetrix\Analysis\Evidence\Duplication\HashIndexBuilder	Analysis.Evidence.Duplication	Qualimetrix\Core\Path\PathFactory	Core.Path	contract
Qualimetrix\Analysis\Evidence\Maintainability\HalsteadCollector	Analysis.Evidence.Maintainability	Qualimetrix\Analysis\Evidence\Measurement\Contract\AbstractCollector	Analysis.Evidence.Measurement	contract
Qualimetrix\Analysis\Evidence\Maintainability\HalsteadCollector	Analysis.Evidence.Maintainability	Qualimetrix\Analysis\Evidence\Measurement\Contract\AggregationStrategy	Analysis.Evidence.Measurement	contract
Qualimetrix\Analysis\Evidence\Maintainability\HalsteadCollector	Analysis.Evidence.Maintainability	Qualimetrix\Analysis\Evidence\Measurement\Contract\CallableMetricsProviderInterface	Analysis.Evidence.Measurement	contract
Qualimetrix\Analysis\Evidence\Maintainability\HalsteadCollector	Analysis.Evidence.Maintainability	Qualimetrix\Analysis\Evidence\Measurement\Contract\MetricBag	Analysis.Evidence.Measurement	contract
Qualimetrix\Analysis\Evidence\Maintainability\HalsteadCollector	Analysis.Evidence.Maintainability	Qualimetrix\Analysis\Evidence\Measurement\Contract\MetricDefinition	Analysis.Evidence.Measurement	contract
Qualimetrix\Analysis\Evidence\Maintainability\HalsteadCollector	Analysis.Evidence.Maintainability	Qualimetrix\Analysis\Evidence\Measurement\Contract\MetricName	Analysis.Evidence.Measurement	contract
Qualimetrix\Analysis\Evidence\Maintainability\HalsteadCollector	Analysis.Evidence.Maintainability	Qualimetrix\Core\Path\RelativePath	Core.Path	contract
Qualimetrix\Analysis\Evidence\Maintainability\HalsteadCollector	Analysis.Evidence.Maintainability	Qualimetrix\Core\Symbol\SymbolLevel	Core.Symbol	contract
Qualimetrix\Analysis\Evidence\Maintainability\HalsteadVisitor	Analysis.Evidence.Maintainability	Qualimetrix\Analysis\Evidence\Measurement\Contract\DeclarationIndexAwareInterface	Analysis.Evidence.Measurement	contract
Qualimetrix\Analysis\Evidence\Maintainability\HalsteadVisitor	Analysis.Evidence.Maintainability	Qualimetrix\Analysis\Evidence\Measurement\Contract\MetricBag	Analysis.Evidence.Measurement	contract
Qualimetrix\Analysis\Evidence\Maintainability\HalsteadVisitor	Analysis.Evidence.Maintainability	Qualimetrix\Analysis\Evidence\Measurement\Contract\MetricName	Analysis.Evidence.Measurement	contract
Qualimetrix\Analysis\Evidence\Maintainability\HalsteadVisitor	Analysis.Evidence.Maintainability	Qualimetrix\Analysis\Evidence\Measurement\Contract\ResettableVisitorInterface	Analysis.Evidence.Measurement	contract
Qualimetrix\Analysis\Evidence\Maintainability\HalsteadVisitor	Analysis.Evidence.Maintainability	Qualimetrix\Analysis\Evidence\Measurement\Contract\VisitorCallableScope	Analysis.Evidence.Measurement	contract
Qualimetrix\Analysis\Evidence\Maintainability\HalsteadVisitor	Analysis.Evidence.Maintainability	Qualimetrix\Analysis\Evidence\Measurement\Contract\VisitorMethodTrackingTrait	Analysis.Evidence.Measurement	contract
Qualimetrix\Analysis\Evidence\Maintainability\HalsteadVisitor	Analysis.Evidence.Maintainability	Qualimetrix\Core\Path\RelativePath	Core.Path	contract
Qualimetrix\Analysis\Evidence\Maintainability\MaintainabilityIndexCollector	Analysis.Evidence.Maintainability	Qualimetrix\Analysis\Evidence\Measurement\Contract\AggregationStrategy	Analysis.Evidence.Measurement	contract
Qualimetrix\Analysis\Evidence\Maintainability\MaintainabilityIndexCollector	Analysis.Evidence.Maintainability	Qualimetrix\Analysis\Evidence\Measurement\Contract\DerivedCollectorInterface	Analysis.Evidence.Measurement	contract
Qualimetrix\Analysis\Evidence\Maintainability\MaintainabilityIndexCollector	Analysis.Evidence.Maintainability	Qualimetrix\Analysis\Evidence\Measurement\Contract\MetricBag	Analysis.Evidence.Measurement	contract
Qualimetrix\Analysis\Evidence\Maintainability\MaintainabilityIndexCollector	Analysis.Evidence.Maintainability	Qualimetrix\Analysis\Evidence\Measurement\Contract\MetricDefinition	Analysis.Evidence.Measurement	contract
Qualimetrix\Analysis\Evidence\Maintainability\MaintainabilityIndexCollector	Analysis.Evidence.Maintainability	Qualimetrix\Analysis\Evidence\Measurement\Contract\MetricName	Analysis.Evidence.Measurement	contract
Qualimetrix\Analysis\Evidence\Maintainability\MaintainabilityIndexCollector	Analysis.Evidence.Maintainability	Qualimetrix\Analysis\Evidence\Measurement\Contract\ParallelSafeCollectorInterface	Analysis.Evidence.Measurement	contract
Qualimetrix\Analysis\Evidence\Maintainability\MaintainabilityIndexCollector	Analysis.Evidence.Maintainability	Qualimetrix\Core\Symbol\SymbolLevel	Core.Symbol	contract
Qualimetrix\Analysis\Evidence\Maintainability\MaintainabilityOptions	Analysis.Evidence.Maintainability	Qualimetrix\Analysis\Finding\Contract\Rule\Override\InvertedOverrideValidator	Analysis.Finding	contract
Qualimetrix\Analysis\Evidence\Maintainability\MaintainabilityOptions	Analysis.Evidence.Maintainability	Qualimetrix\Analysis\Finding\Contract\Rule\Override\OverrideValidatorInterface	Analysis.Finding	contract
Qualimetrix\Analysis\Evidence\Maintainability\MaintainabilityOptions	Analysis.Evidence.Maintainability	Qualimetrix\Analysis\Finding\Contract\Rule\RuleOptionKey	Analysis.Finding	contract
Qualimetrix\Analysis\Evidence\Maintainability\MaintainabilityOptions	Analysis.Evidence.Maintainability	Qualimetrix\Analysis\Finding\Contract\Rule\RuleOptionKeySet	Analysis.Finding	contract
Qualimetrix\Analysis\Evidence\Maintainability\MaintainabilityOptions	Analysis.Evidence.Maintainability	Qualimetrix\Analysis\Finding\Contract\Rule\RuleOptionShape	Analysis.Finding	contract
Qualimetrix\Analysis\Evidence\Maintainability\MaintainabilityOptions	Analysis.Evidence.Maintainability	Qualimetrix\Analysis\Finding\Contract\Rule\RuleOptionsInterface	Analysis.Finding	contract
Qualimetrix\Analysis\Evidence\Maintainability\MaintainabilityOptions	Analysis.Evidence.Maintainability	Qualimetrix\Analysis\Finding\Contract\Rule\ThresholdAwareOptionsInterface	Analysis.Finding	contract
Qualimetrix\Analysis\Evidence\Maintainability\MaintainabilityOptions	Analysis.Evidence.Maintainability	Qualimetrix\Analysis\Finding\Contract\Rule\ThresholdParser	Analysis.Finding	contract
Qualimetrix\Analysis\Evidence\Maintainability\MaintainabilityOptions	Analysis.Evidence.Maintainability	Qualimetrix\Analysis\Finding\Contract\Severity	Analysis.Finding	contract
Qualimetrix\Analysis\Evidence\Maintainability\MaintainabilityRule	Analysis.Evidence.Maintainability	Qualimetrix\Analysis\Evidence\Measurement\Contract\MetricName	Analysis.Evidence.Measurement	contract
Qualimetrix\Analysis\Evidence\Maintainability\MaintainabilityRule	Analysis.Evidence.Maintainability	Qualimetrix\Analysis\Finding\Contract\ChannelDeclaration	Analysis.Finding	contract
Qualimetrix\Analysis\Evidence\Maintainability\MaintainabilityRule	Analysis.Evidence.Maintainability	Qualimetrix\Analysis\Finding\Contract\ChannelShape	Analysis.Finding	contract
Qualimetrix\Analysis\Evidence\Maintainability\MaintainabilityRule	Analysis.Evidence.Maintainability	Qualimetrix\Analysis\Finding\Contract\Finding	Analysis.Finding	contract
Qualimetrix\Analysis\Evidence\Maintainability\MaintainabilityRule	Analysis.Evidence.Maintainability	Qualimetrix\Analysis\Finding\Contract\JudgedMetrics	Analysis.Finding	contract
Qualimetrix\Analysis\Evidence\Maintainability\MaintainabilityRule	Analysis.Evidence.Maintainability	Qualimetrix\Analysis\Finding\Contract\Location	Analysis.Finding	contract
Qualimetrix\Analysis\Evidence\Maintainability\MaintainabilityRule	Analysis.Evidence.Maintainability	Qualimetrix\Analysis\Finding\Contract\Rule\AbstractRule	Analysis.Finding	contract
Qualimetrix\Analysis\Evidence\Maintainability\MaintainabilityRule	Analysis.Evidence.Maintainability	Qualimetrix\Analysis\Finding\Contract\Rule\AnalysisContext	Analysis.Finding	contract
Qualimetrix\Analysis\Evidence\Maintainability\MaintainabilityRule	Analysis.Evidence.Maintainability	Qualimetrix\Analysis\Finding\Contract\Rule\Attribute\CliAlias	Analysis.Finding	contract
Qualimetrix\Analysis\Evidence\Maintainability\MaintainabilityRule	Analysis.Evidence.Maintainability	Qualimetrix\Analysis\Finding\Contract\Severity	Analysis.Finding	contract
Qualimetrix\Analysis\Evidence\Maintainability\MaintainabilityRule	Analysis.Evidence.Maintainability	Qualimetrix\Core\Observation\WorseDirection	Core.Neutral	contract
Qualimetrix\Analysis\Evidence\Maintainability\MaintainabilityRule	Analysis.Evidence.Maintainability	Qualimetrix\Core\Path\RelativePath	Core.Path	contract
Qualimetrix\Analysis\Evidence\Maintainability\MaintainabilityRule	Analysis.Evidence.Maintainability	Qualimetrix\Core\Symbol\MetricSubject	Core.Symbol	contract
Qualimetrix\Analysis\Evidence\Maintainability\MaintainabilityRule	Analysis.Evidence.Maintainability	Qualimetrix\Core\Symbol\SymbolInfo	Core.Symbol	contract
Qualimetrix\Analysis\Evidence\Maintainability\MaintainabilityRule	Analysis.Evidence.Maintainability	Qualimetrix\Core\Symbol\SymbolLevel	Core.Symbol	contract
Qualimetrix\Analysis\Evidence\Measurement\Aggregation\AggregationHelper	Analysis.Evidence.Measurement	Qualimetrix\Core\Symbol\SymbolLevel	Core.Symbol	contract
Qualimetrix\Analysis\Evidence\Measurement\Aggregation\CallableToClassAggregator	Analysis.Evidence.Measurement	Qualimetrix\Core\Profiler\Contract\ProfilerInterface	Core.Profiler	contract
Qualimetrix\Analysis\Evidence\Measurement\Aggregation\CallableToClassAggregator	Analysis.Evidence.Measurement	Qualimetrix\Core\Symbol\CallableKind	Core.Symbol	contract
Qualimetrix\Analysis\Evidence\Measurement\Aggregation\CallableToClassAggregator	Analysis.Evidence.Measurement	Qualimetrix\Core\Symbol\MetricSubject	Core.Symbol	contract
Qualimetrix\Analysis\Evidence\Measurement\Aggregation\CallableToClassAggregator	Analysis.Evidence.Measurement	Qualimetrix\Core\Symbol\SymbolInfo	Core.Symbol	contract
Qualimetrix\Analysis\Evidence\Measurement\Aggregation\CallableToClassAggregator	Analysis.Evidence.Measurement	Qualimetrix\Core\Symbol\SymbolLevel	Core.Symbol	contract
Qualimetrix\Analysis\Evidence\Measurement\Aggregation\ClassToNamespaceAggregator	Analysis.Evidence.Measurement	Qualimetrix\Core\Profiler\Contract\ProfilerInterface	Core.Profiler	contract
Qualimetrix\Analysis\Evidence\Measurement\Aggregation\ClassToNamespaceAggregator	Analysis.Evidence.Measurement	Qualimetrix\Core\Symbol\SymbolLevel	Core.Symbol	contract
Qualimetrix\Analysis\Evidence\Measurement\Aggregation\ClassToNamespaceAggregator	Analysis.Evidence.Measurement	Qualimetrix\Core\Symbol\SymbolPath	Core.Symbol	contract
Qualimetrix\Analysis\Evidence\Measurement\Aggregation\MeasurementAggregationService	Analysis.Evidence.Measurement	Qualimetrix\Analysis\Evidence\DependencyModel\Contract\DependencyGraphInterface	Analysis.Evidence.DependencyModel	contract
Qualimetrix\Analysis\Evidence\Measurement\Aggregation\MeasurementAggregationService	Analysis.Evidence.Measurement	Qualimetrix\Core\Profiler\Contract\ProfilerInterface	Core.Profiler	contract
Qualimetrix\Analysis\Evidence\Measurement\Aggregation\MetricAggregator	Analysis.Evidence.Measurement	Qualimetrix\Core\Profiler\Contract\ProfilerInterface	Core.Profiler	contract
Qualimetrix\Analysis\Evidence\Measurement\Aggregation\MetricAggregator	Analysis.Evidence.Measurement	Qualimetrix\Core\Symbol\SymbolLevel	Core.Symbol	contract
Qualimetrix\Analysis\Evidence\Measurement\Aggregation\NamespaceMetricContributions	Analysis.Evidence.Measurement	Qualimetrix\Core\Symbol\SymbolInfo	Core.Symbol	contract
Qualimetrix\Analysis\Evidence\Measurement\Aggregation\NamespaceMetricContributions	Analysis.Evidence.Measurement	Qualimetrix\Core\Symbol\SymbolLevel	Core.Symbol	contract
Qualimetrix\Analysis\Evidence\Measurement\Aggregation\NamespaceMetricContributions	Analysis.Evidence.Measurement	Qualimetrix\Core\Symbol\SymbolLevelProjection	Core.Symbol	contract
Qualimetrix\Analysis\Evidence\Measurement\Aggregation\NamespaceMetricContributions	Analysis.Evidence.Measurement	Qualimetrix\Core\Symbol\SymbolType	Core.Symbol	contract
Qualimetrix\Analysis\Evidence\Measurement\Aggregation\NamespaceToProjectAggregator	Analysis.Evidence.Measurement	Qualimetrix\Core\Profiler\Contract\ProfilerInterface	Core.Profiler	contract
Qualimetrix\Analysis\Evidence\Measurement\Aggregation\NamespaceToProjectAggregator	Analysis.Evidence.Measurement	Qualimetrix\Core\Symbol\SymbolLevel	Core.Symbol	contract
Qualimetrix\Analysis\Evidence\Measurement\Aggregation\NamespaceToProjectAggregator	Analysis.Evidence.Measurement	Qualimetrix\Core\Symbol\SymbolPath	Core.Symbol	contract
Qualimetrix\Analysis\Evidence\Measurement\Aggregation\TreeAwareNamespaceAggregator	Analysis.Evidence.Measurement	Qualimetrix\Core\Path\RelativePath	Core.Path	contract
Qualimetrix\Analysis\Evidence\Measurement\Aggregation\TreeAwareNamespaceAggregator	Analysis.Evidence.Measurement	Qualimetrix\Core\Symbol\SymbolLevel	Core.Symbol	contract
Qualimetrix\Analysis\Evidence\Measurement\Aggregation\TreeAwareNamespaceAggregator	Analysis.Evidence.Measurement	Qualimetrix\Core\Symbol\SymbolPath	Core.Symbol	contract
Qualimetrix\Analysis\Evidence\Measurement\Contract\CallableMetricsProviderInterface	Analysis.Evidence.Measurement	Qualimetrix\Core\Path\RelativePath	Core.Path	contract
Qualimetrix\Analysis\Evidence\Measurement\Contract\CallableWithMetrics	Analysis.Evidence.Measurement	Qualimetrix\Core\Symbol\CallableKind	Core.Symbol	contract
Qualimetrix\Analysis\Evidence\Measurement\Contract\CallableWithMetrics	Analysis.Evidence.Measurement	Qualimetrix\Core\Symbol\DeclarationPath	Core.Symbol	contract
Qualimetrix\Analysis\Evidence\Measurement\Contract\CallableWithMetrics	Analysis.Evidence.Measurement	Qualimetrix\Core\Symbol\LogicalClassPath	Core.Symbol	contract
Qualimetrix\Analysis\Evidence\Measurement\Contract\ClassMetricsProviderInterface	Analysis.Evidence.Measurement	Qualimetrix\Core\Path\RelativePath	Core.Path	contract
Qualimetrix\Analysis\Evidence\Measurement\Contract\ClassWithMetrics	Analysis.Evidence.Measurement	Qualimetrix\Core\Symbol\DeclarationPath	Core.Symbol	contract
Qualimetrix\Analysis\Evidence\Measurement\Contract\ClassWithMetrics	Analysis.Evidence.Measurement	Qualimetrix\Core\Symbol\MetricSubject	Core.Symbol	contract
Qualimetrix\Analysis\Evidence\Measurement\Contract\DeclarationIndexAwareInterface	Analysis.Evidence.Measurement	Qualimetrix\Core\Symbol\FileDeclarationIndex	Core.Symbol	contract
Qualimetrix\Analysis\Evidence\Measurement\Contract\DeclarationIndexAwareTrait	Analysis.Evidence.Measurement	Qualimetrix\Core\Path\RelativePath	Core.Path	contract
Qualimetrix\Analysis\Evidence\Measurement\Contract\DeclarationIndexAwareTrait	Analysis.Evidence.Measurement	Qualimetrix\Core\Symbol\DeclarationKey	Core.Symbol	contract
Qualimetrix\Analysis\Evidence\Measurement\Contract\DeclarationIndexAwareTrait	Analysis.Evidence.Measurement	Qualimetrix\Core\Symbol\DeclarationPath	Core.Symbol	contract
Qualimetrix\Analysis\Evidence\Measurement\Contract\DeclarationIndexAwareTrait	Analysis.Evidence.Measurement	Qualimetrix\Core\Symbol\FileDeclarationIndex	Core.Symbol	contract
Qualimetrix\Analysis\Evidence\Measurement\Contract\DeclarationIndexAwareTrait	Analysis.Evidence.Measurement	Qualimetrix\Core\Symbol\SymbolPath	Core.Symbol	contract
Qualimetrix\Analysis\Evidence\Measurement\Contract\DeclarationRegistrarFactory	Analysis.Evidence.Measurement	Qualimetrix\Core\Symbol\FileDeclarationIndex	Core.Symbol	contract
Qualimetrix\Analysis\Evidence\Measurement\Contract\DeclarationRegistrarInterface	Analysis.Evidence.Measurement	Qualimetrix\Core\Symbol\FileDeclarationIndex	Core.Symbol	contract
Qualimetrix\Analysis\Evidence\Measurement\Contract\DerivedMetricExtractorInterface	Analysis.Evidence.Measurement	Qualimetrix\Core\Path\RelativePath	Core.Path	contract
Qualimetrix\Analysis\Evidence\Measurement\Contract\FileMeasurementCollectorInterface	Analysis.Evidence.Measurement	Qualimetrix\Core\Path\RelativePath	Core.Path	contract
Qualimetrix\Analysis\Evidence\Measurement\Contract\GlobalContextCollectorInterface	Analysis.Evidence.Measurement	Qualimetrix\Analysis\Evidence\DependencyModel\Contract\DependencyGraphInterface	Analysis.Evidence.DependencyModel	contract
Qualimetrix\Analysis\Evidence\Measurement\Contract\MeasurementAggregationInterface	Analysis.Evidence.Measurement	Qualimetrix\Analysis\Evidence\DependencyModel\Contract\DependencyGraphInterface	Analysis.Evidence.DependencyModel	contract
Qualimetrix\Analysis\Evidence\Measurement\Contract\MetricDefinition	Analysis.Evidence.Measurement	Qualimetrix\Core\Symbol\SymbolLevel	Core.Symbol	contract
Qualimetrix\Analysis\Evidence\Measurement\Contract\MetricRepositoryInterface	Analysis.Evidence.Measurement	Qualimetrix\Core\Path\RelativePath	Core.Path	contract
Qualimetrix\Analysis\Evidence\Measurement\Contract\MetricRepositoryInterface	Analysis.Evidence.Measurement	Qualimetrix\Core\Symbol\MetricSubject	Core.Symbol	contract
Qualimetrix\Analysis\Evidence\Measurement\Contract\MetricRepositoryInterface	Analysis.Evidence.Measurement	Qualimetrix\Core\Symbol\SymbolLevel	Core.Symbol	contract
Qualimetrix\Analysis\Evidence\Measurement\Contract\MetricRepositoryInterface	Analysis.Evidence.Measurement	Qualimetrix\Core\Symbol\SymbolPath	Core.Symbol	contract
Qualimetrix\Analysis\Evidence\Measurement\Contract\NamespaceWithMetrics	Analysis.Evidence.Measurement	Qualimetrix\Core\Symbol\SymbolPath	Core.Symbol	contract
Qualimetrix\Analysis\Evidence\Measurement\Contract\VisitorCallableScope	Analysis.Evidence.Measurement	Qualimetrix\Core\Symbol\CallableKind	Core.Symbol	contract
Qualimetrix\Analysis\Evidence\Measurement\Contract\VisitorCallableScope	Analysis.Evidence.Measurement	Qualimetrix\Core\Symbol\DeclarationOrdinal	Core.Symbol	contract
Qualimetrix\Analysis\Evidence\Measurement\Contract\VisitorMethodTrackingTrait	Analysis.Evidence.Measurement	Qualimetrix\Core\Path\RelativePath	Core.Path	contract
Qualimetrix\Analysis\Evidence\Measurement\Contract\VisitorMethodTrackingTrait	Analysis.Evidence.Measurement	Qualimetrix\Core\Symbol\FileDeclarationIndex	Core.Symbol	contract
Qualimetrix\Analysis\Evidence\Measurement\FileMeasurement\CompositeCollector	Analysis.Evidence.Measurement	Qualimetrix\Analysis\Evidence\DependencyModel\Contract\DependencyTraversalParticipantInterface	Analysis.Evidence.DependencyModel	contract
Qualimetrix\Analysis\Evidence\Measurement\FileMeasurement\CompositeCollector	Analysis.Evidence.Measurement	Qualimetrix\Core\Path\RelativePath	Core.Path	contract
Qualimetrix\Analysis\Evidence\Measurement\FileMeasurement\CompositeCollector	Analysis.Evidence.Measurement	Qualimetrix\Core\Symbol\FileDeclarationIndex	Core.Symbol	contract
Qualimetrix\Analysis\Evidence\Measurement\FileMeasurement\DerivedCollectorExecutionPlan	Analysis.Evidence.Measurement	Qualimetrix\Core\Symbol\SymbolLevel	Core.Symbol	contract
Qualimetrix\Analysis\Evidence\Measurement\FileMeasurement\DerivedCollectorRunner	Analysis.Evidence.Measurement	Qualimetrix\Core\Path\RelativePath	Core.Path	contract
Qualimetrix\Analysis\Evidence\Measurement\FileMeasurement\DerivedCollectorRunner	Analysis.Evidence.Measurement	Qualimetrix\Core\Symbol\CallableKind	Core.Symbol	contract
Qualimetrix\Analysis\Evidence\Measurement\FileMeasurement\DerivedCollectorRunner	Analysis.Evidence.Measurement	Qualimetrix\Core\Symbol\MetricSubject	Core.Symbol	contract
Qualimetrix\Analysis\Evidence\Measurement\FileMeasurement\DerivedCollectorRunner	Analysis.Evidence.Measurement	Qualimetrix\Core\Symbol\SymbolLevel	Core.Symbol	contract
Qualimetrix\Analysis\Evidence\Measurement\FileMeasurement\DerivedMetricExtractor	Analysis.Evidence.Measurement	Qualimetrix\Core\Path\RelativePath	Core.Path	contract
Qualimetrix\Analysis\Evidence\Measurement\FileMeasurement\DerivedMetricExtractor	Analysis.Evidence.Measurement	Qualimetrix\Core\Symbol\MetricSubject	Core.Symbol	contract
Qualimetrix\Analysis\Evidence\Measurement\FileMeasurement\DerivedMetricExtractor	Analysis.Evidence.Measurement	Qualimetrix\Core\Symbol\SymbolLevel	Core.Symbol	contract
Qualimetrix\Analysis\Evidence\Measurement\Namespace_\ProjectNamespaceResolver	Analysis.Evidence.Measurement	Qualimetrix\Core\Path\AbsolutePath	Core.Path	contract
Qualimetrix\Analysis\Evidence\Measurement\Namespace_\ProjectNamespaceResolver	Analysis.Evidence.Measurement	Qualimetrix\Core\Path\RelativePath	Core.Path	contract
Qualimetrix\Analysis\Evidence\Measurement\Repository\InMemoryMetricRepository	Analysis.Evidence.Measurement	Qualimetrix\Core\Path\RelativePath	Core.Path	contract
Qualimetrix\Analysis\Evidence\Measurement\Repository\InMemoryMetricRepository	Analysis.Evidence.Measurement	Qualimetrix\Core\Symbol\MetricSubject	Core.Symbol	contract
Qualimetrix\Analysis\Evidence\Measurement\Repository\InMemoryMetricRepository	Analysis.Evidence.Measurement	Qualimetrix\Core\Symbol\SymbolInfo	Core.Symbol	contract
Qualimetrix\Analysis\Evidence\Measurement\Repository\InMemoryMetricRepository	Analysis.Evidence.Measurement	Qualimetrix\Core\Symbol\SymbolLevel	Core.Symbol	contract
Qualimetrix\Analysis\Evidence\Measurement\Repository\InMemoryMetricRepository	Analysis.Evidence.Measurement	Qualimetrix\Core\Symbol\SymbolLevelProjection	Core.Symbol	contract
Qualimetrix\Analysis\Evidence\Measurement\Repository\InMemoryMetricRepository	Analysis.Evidence.Measurement	Qualimetrix\Core\Symbol\SymbolPath	Core.Symbol	contract
Qualimetrix\Analysis\Evidence\Measurement\Repository\InMemoryMetricRepository	Analysis.Evidence.Measurement	Qualimetrix\Core\Symbol\SymbolType	Core.Symbol	contract
Qualimetrix\Analysis\Evidence\Measurement\Repository\MetricSubjectIndex	Analysis.Evidence.Measurement	Qualimetrix\Core\Path\RelativePath	Core.Path	contract
Qualimetrix\Analysis\Evidence\Measurement\Repository\MetricSubjectIndex	Analysis.Evidence.Measurement	Qualimetrix\Core\Symbol\LogicalClassPath	Core.Symbol	contract
Qualimetrix\Analysis\Evidence\Measurement\Repository\MetricSubjectIndex	Analysis.Evidence.Measurement	Qualimetrix\Core\Symbol\MetricSubject	Core.Symbol	contract
Qualimetrix\Analysis\Evidence\Measurement\Repository\MetricSubjectIndex	Analysis.Evidence.Measurement	Qualimetrix\Core\Symbol\SymbolInfo	Core.Symbol	contract
Qualimetrix\Analysis\Evidence\Measurement\Repository\MetricSubjectIndex	Analysis.Evidence.Measurement	Qualimetrix\Core\Symbol\SymbolPath	Core.Symbol	contract
Qualimetrix\Analysis\Evidence\Measurement\Repository\MetricSubjectIndex	Analysis.Evidence.Measurement	Qualimetrix\Core\Symbol\SymbolType	Core.Symbol	contract
Qualimetrix\Analysis\Evidence\Measurement\Repository\NamespaceMetricIndex	Analysis.Evidence.Measurement	Qualimetrix\Core\Symbol\SymbolInfo	Core.Symbol	contract
Qualimetrix\Analysis\Evidence\Measurement\Repository\NamespaceMetricIndex	Analysis.Evidence.Measurement	Qualimetrix\Core\Symbol\SymbolType	Core.Symbol	contract
Qualimetrix\Analysis\Evidence\Measurement\Repository\RepositoryMerge	Analysis.Evidence.Measurement	Qualimetrix\Core\Path\RelativePath	Core.Path	contract
Qualimetrix\Analysis\Evidence\Measurement\Repository\RepositoryMerge	Analysis.Evidence.Measurement	Qualimetrix\Core\Symbol\LogicalClassPath	Core.Symbol	contract
Qualimetrix\Analysis\Evidence\Measurement\Repository\RepositoryMerge	Analysis.Evidence.Measurement	Qualimetrix\Core\Symbol\SymbolInfo	Core.Symbol	contract
Qualimetrix\Analysis\Evidence\Measurement\Visitor\DeclarationNumbering	Analysis.Evidence.Measurement	Qualimetrix\Core\Symbol\CallableKind	Core.Symbol	contract
Qualimetrix\Analysis\Evidence\Measurement\Visitor\DeclarationNumbering	Analysis.Evidence.Measurement	Qualimetrix\Core\Symbol\DeclarationKey	Core.Symbol	contract
Qualimetrix\Analysis\Evidence\Measurement\Visitor\DeclarationNumbering	Analysis.Evidence.Measurement	Qualimetrix\Core\Symbol\DeclarationOrdinal	Core.Symbol	contract
Qualimetrix\Analysis\Evidence\Measurement\Visitor\DeclarationNumbering	Analysis.Evidence.Measurement	Qualimetrix\Core\Symbol\FileDeclarationIndex	Core.Symbol	contract
Qualimetrix\Analysis\Evidence\Measurement\Visitor\DeclarationNumbering	Analysis.Evidence.Measurement	Qualimetrix\Core\Symbol\SymbolPath	Core.Symbol	contract
Qualimetrix\Analysis\Evidence\Measurement\Visitor\DeclarationRegistrarVisitor	Analysis.Evidence.Measurement	Qualimetrix\Core\Symbol\FileDeclarationIndex	Core.Symbol	contract
Qualimetrix\Analysis\Evidence\Measurement\Visitor\FileEntrySubjectRegistry	Analysis.Evidence.Measurement	Qualimetrix\Core\Symbol\DeclarationOrdinal	Core.Symbol	contract
Qualimetrix\Analysis\Evidence\Measurement\Visitor\FileEntrySubjectRegistry	Analysis.Evidence.Measurement	Qualimetrix\Core\Symbol\MetricSubjectCodec	Core.Symbol	contract
Qualimetrix\Analysis\Evidence\Measurement\Visitor\VisitorCallableMetadata	Analysis.Evidence.Measurement	Qualimetrix\Core\Path\RelativePath	Core.Path	contract
Qualimetrix\Analysis\Evidence\Measurement\Visitor\VisitorCallableMetadata	Analysis.Evidence.Measurement	Qualimetrix\Core\Symbol\CallableKind	Core.Symbol	contract
Qualimetrix\Analysis\Evidence\Measurement\Visitor\VisitorCallableMetadata	Analysis.Evidence.Measurement	Qualimetrix\Core\Symbol\DeclarationPath	Core.Symbol	contract
Qualimetrix\Analysis\Evidence\Measurement\Visitor\VisitorCallableMetadata	Analysis.Evidence.Measurement	Qualimetrix\Core\Symbol\LogicalClassPath	Core.Symbol	contract
Qualimetrix\Analysis\Evidence\Measurement\Visitor\VisitorCallableMetadata	Analysis.Evidence.Measurement	Qualimetrix\Core\Symbol\SymbolPath	Core.Symbol	contract
Qualimetrix\Analysis\Evidence\Measurement\Visitor\VisitorLexicalScope	Analysis.Evidence.Measurement	Qualimetrix\Core\Symbol\CallableKind	Core.Symbol	contract
Qualimetrix\Analysis\Evidence\Measurement\Visitor\VisitorLexicalScope	Analysis.Evidence.Measurement	Qualimetrix\Core\Symbol\DeclarationOrdinal	Core.Symbol	contract
Qualimetrix\Analysis\Evidence\Measurement\Visitor\VisitorLexicalScope	Analysis.Evidence.Measurement	Qualimetrix\Core\Symbol\MetricSubjectCodec	Core.Symbol	contract
Qualimetrix\Analysis\Evidence\Measurement\Visitor\VisitorMethodContext	Analysis.Evidence.Measurement	Qualimetrix\Core\Path\RelativePath	Core.Path	contract
Qualimetrix\Analysis\Evidence\Measurement\Visitor\VisitorMethodContext	Analysis.Evidence.Measurement	Qualimetrix\Core\Symbol\CallableKind	Core.Symbol	contract
Qualimetrix\Analysis\Evidence\Measurement\Visitor\VisitorMethodContext	Analysis.Evidence.Measurement	Qualimetrix\Core\Symbol\FileDeclarationIndex	Core.Symbol	contract
Qualimetrix\Analysis\Evidence\Prioritization\Debt\RemediationTimeRegistry	Analysis.Evidence.Prioritization	Qualimetrix\Analysis\Finding\Contract\ChannelDeclarationRegistryInterface	Analysis.Finding	contract
Qualimetrix\Analysis\Evidence\Prioritization\Debt\RemediationTimeRegistry	Analysis.Evidence.Prioritization	Qualimetrix\Analysis\Finding\Contract\Finding	Analysis.Finding	contract
Qualimetrix\Analysis\Evidence\Prioritization\Debt\RemediationTimeRegistry	Analysis.Evidence.Prioritization	Qualimetrix\Analysis\Finding\Contract\Rule\RuleRemediationMinutesReader	Analysis.Finding	contract
Qualimetrix\Analysis\Evidence\Prioritization\Impact\ClassRankIndex	Analysis.Evidence.Prioritization	Qualimetrix\Core\Path\RelativePath	Core.Path	contract
Qualimetrix\Analysis\Evidence\Prioritization\Impact\ClassRankResolver	Analysis.Evidence.Prioritization	Qualimetrix\Analysis\Evidence\Measurement\Contract\MetricName	Analysis.Evidence.Measurement	contract
Qualimetrix\Analysis\Evidence\Prioritization\Impact\ClassRankResolver	Analysis.Evidence.Prioritization	Qualimetrix\Analysis\Evidence\Measurement\Contract\MetricRepositoryInterface	Analysis.Evidence.Measurement	contract
Qualimetrix\Analysis\Evidence\Prioritization\Impact\ClassRankResolver	Analysis.Evidence.Prioritization	Qualimetrix\Analysis\Evidence\Measurement\Contract\NamespaceTree	Analysis.Evidence.Measurement	contract
Qualimetrix\Analysis\Evidence\Prioritization\Impact\ClassRankResolver	Analysis.Evidence.Prioritization	Qualimetrix\Analysis\Finding\Contract\Finding	Analysis.Finding	contract
Qualimetrix\Analysis\Evidence\Prioritization\Impact\ClassRankResolver	Analysis.Evidence.Prioritization	Qualimetrix\Core\Path\RelativePath	Core.Path	contract
Qualimetrix\Analysis\Evidence\Prioritization\Impact\ClassRankResolver	Analysis.Evidence.Prioritization	Qualimetrix\Core\Symbol\SymbolLevel	Core.Symbol	contract
Qualimetrix\Analysis\Evidence\Prioritization\Impact\ClassRankResolver	Analysis.Evidence.Prioritization	Qualimetrix\Core\Symbol\SymbolPath	Core.Symbol	contract
Qualimetrix\Analysis\Evidence\Prioritization\Impact\ClassRankResolver	Analysis.Evidence.Prioritization	Qualimetrix\Core\Symbol\SymbolType	Core.Symbol	contract
Qualimetrix\Analysis\Evidence\Prioritization\Impact\ImpactCalculator	Analysis.Evidence.Prioritization	Qualimetrix\Analysis\Evidence\Measurement\Contract\MetricRepositoryInterface	Analysis.Evidence.Measurement	contract
Qualimetrix\Analysis\Evidence\Prioritization\Impact\ImpactCalculator	Analysis.Evidence.Prioritization	Qualimetrix\Analysis\Evidence\Measurement\Contract\NamespaceTree	Analysis.Evidence.Measurement	contract
Qualimetrix\Analysis\Evidence\Prioritization\Impact\ImpactCalculator	Analysis.Evidence.Prioritization	Qualimetrix\Analysis\Finding\Contract\Severity	Analysis.Finding	contract
Qualimetrix\Analysis\Evidence\Prioritization\Impact\RankedIssue	Analysis.Evidence.Prioritization	Qualimetrix\Analysis\Finding\Contract\Finding	Analysis.Finding	contract
Qualimetrix\Analysis\Evidence\Security\AbstractSecurityPatternRule	Analysis.Evidence.Security	Qualimetrix\Analysis\Finding\Contract\ChannelDeclaration	Analysis.Finding	contract
Qualimetrix\Analysis\Evidence\Security\AbstractSecurityPatternRule	Analysis.Evidence.Security	Qualimetrix\Analysis\Finding\Contract\ChannelShape	Analysis.Finding	contract
Qualimetrix\Analysis\Evidence\Security\AbstractSecurityPatternRule	Analysis.Evidence.Security	Qualimetrix\Analysis\Finding\Contract\Rule\AbstractRule	Analysis.Finding	contract
Qualimetrix\Analysis\Evidence\Security\AbstractSecurityPatternRule	Analysis.Evidence.Security	Qualimetrix\Analysis\Finding\Contract\Rule\AnalysisContext	Analysis.Finding	contract
Qualimetrix\Analysis\Evidence\Security\AbstractSecurityPatternRule	Analysis.Evidence.Security	Qualimetrix\Analysis\Finding\Contract\Severity	Analysis.Finding	contract
Qualimetrix\Analysis\Evidence\Security\AbstractSecurityPatternRule	Analysis.Evidence.Security	Qualimetrix\Core\Symbol\SymbolLevel	Core.Symbol	contract
Qualimetrix\Analysis\Evidence\Security\Credential\HardcodedCredentialsCollector	Analysis.Evidence.Security	Qualimetrix\Analysis\Evidence\Measurement\Contract\AbstractCollector	Analysis.Evidence.Measurement	contract
Qualimetrix\Analysis\Evidence\Security\Credential\HardcodedCredentialsCollector	Analysis.Evidence.Security	Qualimetrix\Analysis\Evidence\Measurement\Contract\MetricBag	Analysis.Evidence.Measurement	contract
Qualimetrix\Analysis\Evidence\Security\Credential\HardcodedCredentialsCollector	Analysis.Evidence.Security	Qualimetrix\Analysis\Evidence\Measurement\Contract\MetricName	Analysis.Evidence.Measurement	contract
Qualimetrix\Analysis\Evidence\Security\Credential\HardcodedCredentialsVisitor	Analysis.Evidence.Security	Qualimetrix\Analysis\Evidence\Measurement\Contract\DeclarationIndexAwareInterface	Analysis.Evidence.Measurement	contract
Qualimetrix\Analysis\Evidence\Security\Credential\HardcodedCredentialsVisitor	Analysis.Evidence.Security	Qualimetrix\Analysis\Evidence\Measurement\Contract\ResettableVisitorInterface	Analysis.Evidence.Measurement	contract
Qualimetrix\Analysis\Evidence\Security\Credential\HardcodedCredentialsVisitor	Analysis.Evidence.Security	Qualimetrix\Analysis\Evidence\Measurement\Contract\VisitorMethodTrackingTrait	Analysis.Evidence.Measurement	contract
Qualimetrix\Analysis\Evidence\Security\HardcodedCredentialsOptions	Analysis.Evidence.Security	Qualimetrix\Analysis\Finding\Contract\Rule\RuleOptionKey	Analysis.Finding	contract
Qualimetrix\Analysis\Evidence\Security\HardcodedCredentialsOptions	Analysis.Evidence.Security	Qualimetrix\Analysis\Finding\Contract\Rule\RuleOptionKeySet	Analysis.Finding	contract
Qualimetrix\Analysis\Evidence\Security\HardcodedCredentialsOptions	Analysis.Evidence.Security	Qualimetrix\Analysis\Finding\Contract\Rule\RuleOptionShape	Analysis.Finding	contract
Qualimetrix\Analysis\Evidence\Security\HardcodedCredentialsOptions	Analysis.Evidence.Security	Qualimetrix\Analysis\Finding\Contract\Rule\RuleOptionsInterface	Analysis.Finding	contract
Qualimetrix\Analysis\Evidence\Security\HardcodedCredentialsOptions	Analysis.Evidence.Security	Qualimetrix\Analysis\Finding\Contract\Severity	Analysis.Finding	contract
Qualimetrix\Analysis\Evidence\Security\HardcodedCredentialsRule	Analysis.Evidence.Security	Qualimetrix\Analysis\Evidence\Measurement\Contract\MetricName	Analysis.Evidence.Measurement	contract
Qualimetrix\Analysis\Evidence\Security\HardcodedCredentialsRule	Analysis.Evidence.Security	Qualimetrix\Analysis\Finding\Contract\ChannelDeclaration	Analysis.Finding	contract
Qualimetrix\Analysis\Evidence\Security\HardcodedCredentialsRule	Analysis.Evidence.Security	Qualimetrix\Analysis\Finding\Contract\ChannelShape	Analysis.Finding	contract
Qualimetrix\Analysis\Evidence\Security\HardcodedCredentialsRule	Analysis.Evidence.Security	Qualimetrix\Analysis\Finding\Contract\Finding	Analysis.Finding	contract
Qualimetrix\Analysis\Evidence\Security\HardcodedCredentialsRule	Analysis.Evidence.Security	Qualimetrix\Analysis\Finding\Contract\Location	Analysis.Finding	contract
Qualimetrix\Analysis\Evidence\Security\HardcodedCredentialsRule	Analysis.Evidence.Security	Qualimetrix\Analysis\Finding\Contract\OccurrenceKey	Analysis.Finding	contract
Qualimetrix\Analysis\Evidence\Security\HardcodedCredentialsRule	Analysis.Evidence.Security	Qualimetrix\Analysis\Finding\Contract\Rule\AbstractRule	Analysis.Finding	contract
Qualimetrix\Analysis\Evidence\Security\HardcodedCredentialsRule	Analysis.Evidence.Security	Qualimetrix\Analysis\Finding\Contract\Rule\AnalysisContext	Analysis.Finding	contract
Qualimetrix\Analysis\Evidence\Security\HardcodedCredentialsRule	Analysis.Evidence.Security	Qualimetrix\Core\Symbol\MetricSubjectCodec	Core.Symbol	contract
Qualimetrix\Analysis\Evidence\Security\HardcodedCredentialsRule	Analysis.Evidence.Security	Qualimetrix\Core\Symbol\SymbolInfo	Core.Symbol	contract
Qualimetrix\Analysis\Evidence\Security\HardcodedCredentialsRule	Analysis.Evidence.Security	Qualimetrix\Core\Symbol\SymbolLevel	Core.Symbol	contract
Qualimetrix\Analysis\Evidence\Security\SecurityPatternCollector	Analysis.Evidence.Security	Qualimetrix\Analysis\Evidence\Measurement\Contract\AbstractCollector	Analysis.Evidence.Measurement	contract
Qualimetrix\Analysis\Evidence\Security\SecurityPatternCollector	Analysis.Evidence.Security	Qualimetrix\Analysis\Evidence\Measurement\Contract\MetricBag	Analysis.Evidence.Measurement	contract
Qualimetrix\Analysis\Evidence\Security\SecurityPatternFinding	Analysis.Evidence.Security	Qualimetrix\Analysis\Finding\Contract\Finding	Analysis.Finding	contract
Qualimetrix\Analysis\Evidence\Security\SecurityPatternFinding	Analysis.Evidence.Security	Qualimetrix\Analysis\Finding\Contract\Location	Analysis.Finding	contract
Qualimetrix\Analysis\Evidence\Security\SecurityPatternFinding	Analysis.Evidence.Security	Qualimetrix\Analysis\Finding\Contract\OccurrenceKey	Analysis.Finding	contract
Qualimetrix\Analysis\Evidence\Security\SecurityPatternFinding	Analysis.Evidence.Security	Qualimetrix\Analysis\Finding\Contract\Severity	Analysis.Finding	contract
Qualimetrix\Analysis\Evidence\Security\SecurityPatternFinding	Analysis.Evidence.Security	Qualimetrix\Core\Path\RelativePath	Core.Path	contract
Qualimetrix\Analysis\Evidence\Security\SecurityPatternFinding	Analysis.Evidence.Security	Qualimetrix\Core\Symbol\MetricSubject	Core.Symbol	contract
Qualimetrix\Analysis\Evidence\Security\SecurityPatternFinding	Analysis.Evidence.Security	Qualimetrix\Core\Symbol\MetricSubjectCodec	Core.Symbol	contract
Qualimetrix\Analysis\Evidence\Security\SecurityPatternFinding	Analysis.Evidence.Security	Qualimetrix\Core\Symbol\SymbolPath	Core.Symbol	contract
Qualimetrix\Analysis\Evidence\Security\SecurityPatternOptions	Analysis.Evidence.Security	Qualimetrix\Analysis\Finding\Contract\Rule\RuleOptionKey	Analysis.Finding	contract
Qualimetrix\Analysis\Evidence\Security\SecurityPatternOptions	Analysis.Evidence.Security	Qualimetrix\Analysis\Finding\Contract\Rule\RuleOptionKeySet	Analysis.Finding	contract
Qualimetrix\Analysis\Evidence\Security\SecurityPatternOptions	Analysis.Evidence.Security	Qualimetrix\Analysis\Finding\Contract\Rule\RuleOptionShape	Analysis.Finding	contract
Qualimetrix\Analysis\Evidence\Security\SecurityPatternOptions	Analysis.Evidence.Security	Qualimetrix\Analysis\Finding\Contract\Rule\RuleOptionsInterface	Analysis.Finding	contract
Qualimetrix\Analysis\Evidence\Security\SecurityPatternOptions	Analysis.Evidence.Security	Qualimetrix\Analysis\Finding\Contract\Severity	Analysis.Finding	contract
Qualimetrix\Analysis\Evidence\Security\SecurityPatternVisitor	Analysis.Evidence.Security	Qualimetrix\Analysis\Evidence\Measurement\Contract\DeclarationIndexAwareInterface	Analysis.Evidence.Measurement	contract
Qualimetrix\Analysis\Evidence\Security\SecurityPatternVisitor	Analysis.Evidence.Security	Qualimetrix\Analysis\Evidence\Measurement\Contract\ResettableVisitorInterface	Analysis.Evidence.Measurement	contract
Qualimetrix\Analysis\Evidence\Security\SecurityPatternVisitor	Analysis.Evidence.Security	Qualimetrix\Analysis\Evidence\Measurement\Contract\VisitorMethodTrackingTrait	Analysis.Evidence.Measurement	contract
Qualimetrix\Analysis\Evidence\Security\SensitiveParameterCollector	Analysis.Evidence.Security	Qualimetrix\Analysis\Evidence\Measurement\Contract\AbstractCollector	Analysis.Evidence.Measurement	contract
Qualimetrix\Analysis\Evidence\Security\SensitiveParameterCollector	Analysis.Evidence.Security	Qualimetrix\Analysis\Evidence\Measurement\Contract\MetricBag	Analysis.Evidence.Measurement	contract
Qualimetrix\Analysis\Evidence\Security\SensitiveParameterCollector	Analysis.Evidence.Security	Qualimetrix\Analysis\Evidence\Measurement\Contract\MetricName	Analysis.Evidence.Measurement	contract
Qualimetrix\Analysis\Evidence\Security\SensitiveParameterOptions	Analysis.Evidence.Security	Qualimetrix\Analysis\Finding\Contract\Rule\RuleOptionKey	Analysis.Finding	contract
Qualimetrix\Analysis\Evidence\Security\SensitiveParameterOptions	Analysis.Evidence.Security	Qualimetrix\Analysis\Finding\Contract\Rule\RuleOptionKeySet	Analysis.Finding	contract
Qualimetrix\Analysis\Evidence\Security\SensitiveParameterOptions	Analysis.Evidence.Security	Qualimetrix\Analysis\Finding\Contract\Rule\RuleOptionShape	Analysis.Finding	contract
Qualimetrix\Analysis\Evidence\Security\SensitiveParameterOptions	Analysis.Evidence.Security	Qualimetrix\Analysis\Finding\Contract\Rule\RuleOptionsInterface	Analysis.Finding	contract
Qualimetrix\Analysis\Evidence\Security\SensitiveParameterOptions	Analysis.Evidence.Security	Qualimetrix\Analysis\Finding\Contract\Severity	Analysis.Finding	contract
Qualimetrix\Analysis\Evidence\Security\SensitiveParameterRule	Analysis.Evidence.Security	Qualimetrix\Analysis\Evidence\Measurement\Contract\MetricName	Analysis.Evidence.Measurement	contract
Qualimetrix\Analysis\Evidence\Security\SensitiveParameterRule	Analysis.Evidence.Security	Qualimetrix\Analysis\Finding\Contract\ChannelDeclaration	Analysis.Finding	contract
Qualimetrix\Analysis\Evidence\Security\SensitiveParameterRule	Analysis.Evidence.Security	Qualimetrix\Analysis\Finding\Contract\ChannelShape	Analysis.Finding	contract
Qualimetrix\Analysis\Evidence\Security\SensitiveParameterRule	Analysis.Evidence.Security	Qualimetrix\Analysis\Finding\Contract\Finding	Analysis.Finding	contract
Qualimetrix\Analysis\Evidence\Security\SensitiveParameterRule	Analysis.Evidence.Security	Qualimetrix\Analysis\Finding\Contract\Location	Analysis.Finding	contract
Qualimetrix\Analysis\Evidence\Security\SensitiveParameterRule	Analysis.Evidence.Security	Qualimetrix\Analysis\Finding\Contract\OccurrenceKey	Analysis.Finding	contract
Qualimetrix\Analysis\Evidence\Security\SensitiveParameterRule	Analysis.Evidence.Security	Qualimetrix\Analysis\Finding\Contract\Rule\AbstractRule	Analysis.Finding	contract
Qualimetrix\Analysis\Evidence\Security\SensitiveParameterRule	Analysis.Evidence.Security	Qualimetrix\Analysis\Finding\Contract\Rule\AnalysisContext	Analysis.Finding	contract
Qualimetrix\Analysis\Evidence\Security\SensitiveParameterRule	Analysis.Evidence.Security	Qualimetrix\Core\Symbol\MetricSubjectCodec	Core.Symbol	contract
Qualimetrix\Analysis\Evidence\Security\SensitiveParameterRule	Analysis.Evidence.Security	Qualimetrix\Core\Symbol\SymbolInfo	Core.Symbol	contract
Qualimetrix\Analysis\Evidence\Security\SensitiveParameterRule	Analysis.Evidence.Security	Qualimetrix\Core\Symbol\SymbolLevel	Core.Symbol	contract
Qualimetrix\Analysis\Evidence\Security\SensitiveParameterVisitor	Analysis.Evidence.Security	Qualimetrix\Analysis\Evidence\Measurement\Contract\DeclarationIndexAwareInterface	Analysis.Evidence.Measurement	contract
Qualimetrix\Analysis\Evidence\Security\SensitiveParameterVisitor	Analysis.Evidence.Security	Qualimetrix\Analysis\Evidence\Measurement\Contract\ResettableVisitorInterface	Analysis.Evidence.Measurement	contract
Qualimetrix\Analysis\Evidence\Security\SensitiveParameterVisitor	Analysis.Evidence.Security	Qualimetrix\Analysis\Evidence\Measurement\Contract\VisitorMethodTrackingTrait	Analysis.Evidence.Measurement	contract
Qualimetrix\Analysis\Evidence\Size\ClassCountCollector	Analysis.Evidence.Size	Qualimetrix\Analysis\Evidence\Measurement\Contract\AbstractCollector	Analysis.Evidence.Measurement	contract
Qualimetrix\Analysis\Evidence\Size\ClassCountCollector	Analysis.Evidence.Size	Qualimetrix\Analysis\Evidence\Measurement\Contract\AggregationStrategy	Analysis.Evidence.Measurement	contract
Qualimetrix\Analysis\Evidence\Size\ClassCountCollector	Analysis.Evidence.Size	Qualimetrix\Analysis\Evidence\Measurement\Contract\MetricBag	Analysis.Evidence.Measurement	contract
Qualimetrix\Analysis\Evidence\Size\ClassCountCollector	Analysis.Evidence.Size	Qualimetrix\Analysis\Evidence\Measurement\Contract\MetricDefinition	Analysis.Evidence.Measurement	contract
Qualimetrix\Analysis\Evidence\Size\ClassCountCollector	Analysis.Evidence.Size	Qualimetrix\Analysis\Evidence\Measurement\Contract\MetricName	Analysis.Evidence.Measurement	contract
Qualimetrix\Analysis\Evidence\Size\ClassCountCollector	Analysis.Evidence.Size	Qualimetrix\Analysis\Evidence\Measurement\Contract\NamespaceMetricProviderInterface	Analysis.Evidence.Measurement	contract
Qualimetrix\Analysis\Evidence\Size\ClassCountCollector	Analysis.Evidence.Size	Qualimetrix\Analysis\Evidence\Measurement\Contract\NamespaceWithMetrics	Analysis.Evidence.Measurement	contract
Qualimetrix\Analysis\Evidence\Size\ClassCountCollector	Analysis.Evidence.Size	Qualimetrix\Core\Symbol\SymbolLevel	Core.Symbol	contract
Qualimetrix\Analysis\Evidence\Size\ClassCountOptions	Analysis.Evidence.Size	Qualimetrix\Analysis\Finding\Contract\Rule\Override\StandardOverrideValidatorTrait	Analysis.Finding	contract
Qualimetrix\Analysis\Evidence\Size\ClassCountOptions	Analysis.Evidence.Size	Qualimetrix\Analysis\Finding\Contract\Rule\RuleOptionKey	Analysis.Finding	contract
Qualimetrix\Analysis\Evidence\Size\ClassCountOptions	Analysis.Evidence.Size	Qualimetrix\Analysis\Finding\Contract\Rule\RuleOptionKeySet	Analysis.Finding	contract
Qualimetrix\Analysis\Evidence\Size\ClassCountOptions	Analysis.Evidence.Size	Qualimetrix\Analysis\Finding\Contract\Rule\RuleOptionShape	Analysis.Finding	contract
Qualimetrix\Analysis\Evidence\Size\ClassCountOptions	Analysis.Evidence.Size	Qualimetrix\Analysis\Finding\Contract\Rule\RuleOptionsInterface	Analysis.Finding	contract
Qualimetrix\Analysis\Evidence\Size\ClassCountOptions	Analysis.Evidence.Size	Qualimetrix\Analysis\Finding\Contract\Rule\ThresholdAwareOptionsInterface	Analysis.Finding	contract
Qualimetrix\Analysis\Evidence\Size\ClassCountOptions	Analysis.Evidence.Size	Qualimetrix\Analysis\Finding\Contract\Rule\ThresholdParser	Analysis.Finding	contract
Qualimetrix\Analysis\Evidence\Size\ClassCountOptions	Analysis.Evidence.Size	Qualimetrix\Analysis\Finding\Contract\Severity	Analysis.Finding	contract
Qualimetrix\Analysis\Evidence\Size\ClassCountRule	Analysis.Evidence.Size	Qualimetrix\Analysis\Evidence\Measurement\Contract\AggregationStrategy	Analysis.Evidence.Measurement	contract
Qualimetrix\Analysis\Evidence\Size\ClassCountRule	Analysis.Evidence.Size	Qualimetrix\Analysis\Evidence\Measurement\Contract\MetricName	Analysis.Evidence.Measurement	contract
Qualimetrix\Analysis\Evidence\Size\ClassCountRule	Analysis.Evidence.Size	Qualimetrix\Analysis\Finding\Contract\ChannelDeclaration	Analysis.Finding	contract
Qualimetrix\Analysis\Evidence\Size\ClassCountRule	Analysis.Evidence.Size	Qualimetrix\Analysis\Finding\Contract\ChannelShape	Analysis.Finding	contract
Qualimetrix\Analysis\Evidence\Size\ClassCountRule	Analysis.Evidence.Size	Qualimetrix\Analysis\Finding\Contract\Finding	Analysis.Finding	contract
Qualimetrix\Analysis\Evidence\Size\ClassCountRule	Analysis.Evidence.Size	Qualimetrix\Analysis\Finding\Contract\JudgedMetrics	Analysis.Finding	contract
Qualimetrix\Analysis\Evidence\Size\ClassCountRule	Analysis.Evidence.Size	Qualimetrix\Analysis\Finding\Contract\Location	Analysis.Finding	contract
Qualimetrix\Analysis\Evidence\Size\ClassCountRule	Analysis.Evidence.Size	Qualimetrix\Analysis\Finding\Contract\Rule\AbstractRule	Analysis.Finding	contract
Qualimetrix\Analysis\Evidence\Size\ClassCountRule	Analysis.Evidence.Size	Qualimetrix\Analysis\Finding\Contract\Rule\AnalysisContext	Analysis.Finding	contract
Qualimetrix\Analysis\Evidence\Size\ClassCountRule	Analysis.Evidence.Size	Qualimetrix\Analysis\Finding\Contract\Rule\Attribute\CliAlias	Analysis.Finding	contract
Qualimetrix\Analysis\Evidence\Size\ClassCountRule	Analysis.Evidence.Size	Qualimetrix\Analysis\Finding\Contract\Severity	Analysis.Finding	contract
Qualimetrix\Analysis\Evidence\Size\ClassCountRule	Analysis.Evidence.Size	Qualimetrix\Core\Observation\WorseDirection	Core.Neutral	contract
Qualimetrix\Analysis\Evidence\Size\ClassCountRule	Analysis.Evidence.Size	Qualimetrix\Core\Symbol\MetricSubject	Core.Symbol	contract
Qualimetrix\Analysis\Evidence\Size\ClassCountRule	Analysis.Evidence.Size	Qualimetrix\Core\Symbol\SymbolLevel	Core.Symbol	contract
Qualimetrix\Analysis\Evidence\Size\ClassCountVisitor	Analysis.Evidence.Size	Qualimetrix\Analysis\Evidence\Measurement\Contract\ResettableVisitorInterface	Analysis.Evidence.Measurement	contract
Qualimetrix\Analysis\Evidence\Size\LocCollector	Analysis.Evidence.Size	Qualimetrix\Analysis\Evidence\Measurement\Contract\AbstractCollector	Analysis.Evidence.Measurement	contract
Qualimetrix\Analysis\Evidence\Size\LocCollector	Analysis.Evidence.Size	Qualimetrix\Analysis\Evidence\Measurement\Contract\AggregationStrategy	Analysis.Evidence.Measurement	contract
Qualimetrix\Analysis\Evidence\Size\LocCollector	Analysis.Evidence.Size	Qualimetrix\Analysis\Evidence\Measurement\Contract\ClassMetricsProviderInterface	Analysis.Evidence.Measurement	contract
Qualimetrix\Analysis\Evidence\Size\LocCollector	Analysis.Evidence.Size	Qualimetrix\Analysis\Evidence\Measurement\Contract\DeclarationIndexAwareInterface	Analysis.Evidence.Measurement	contract
Qualimetrix\Analysis\Evidence\Size\LocCollector	Analysis.Evidence.Size	Qualimetrix\Analysis\Evidence\Measurement\Contract\DeclarationIndexAwareTrait	Analysis.Evidence.Measurement	contract
Qualimetrix\Analysis\Evidence\Size\LocCollector	Analysis.Evidence.Size	Qualimetrix\Analysis\Evidence\Measurement\Contract\MetricBag	Analysis.Evidence.Measurement	contract
Qualimetrix\Analysis\Evidence\Size\LocCollector	Analysis.Evidence.Size	Qualimetrix\Analysis\Evidence\Measurement\Contract\MetricDefinition	Analysis.Evidence.Measurement	contract
Qualimetrix\Analysis\Evidence\Size\LocCollector	Analysis.Evidence.Size	Qualimetrix\Analysis\Evidence\Measurement\Contract\MetricName	Analysis.Evidence.Measurement	contract
Qualimetrix\Analysis\Evidence\Size\LocCollector	Analysis.Evidence.Size	Qualimetrix\Analysis\Evidence\Measurement\Contract\NamespaceMetricProviderInterface	Analysis.Evidence.Measurement	contract
Qualimetrix\Analysis\Evidence\Size\LocCollector	Analysis.Evidence.Size	Qualimetrix\Analysis\Evidence\Measurement\Contract\NamespaceWithMetrics	Analysis.Evidence.Measurement	contract
Qualimetrix\Analysis\Evidence\Size\LocCollector	Analysis.Evidence.Size	Qualimetrix\Core\Path\RelativePath	Core.Path	contract
Qualimetrix\Analysis\Evidence\Size\LocCollector	Analysis.Evidence.Size	Qualimetrix\Core\Symbol\SymbolLevel	Core.Symbol	contract
Qualimetrix\Analysis\Evidence\Size\LocCollector	Analysis.Evidence.Size	Qualimetrix\Core\Symbol\SymbolPath	Core.Symbol	contract
Qualimetrix\Analysis\Evidence\Size\LocVisitor	Analysis.Evidence.Size	Qualimetrix\Analysis\Evidence\Measurement\Contract\ResettableVisitorInterface	Analysis.Evidence.Measurement	contract
Qualimetrix\Analysis\Evidence\Size\MethodCountCollector	Analysis.Evidence.Size	Qualimetrix\Analysis\Evidence\Measurement\Contract\AbstractCollector	Analysis.Evidence.Measurement	contract
Qualimetrix\Analysis\Evidence\Size\MethodCountCollector	Analysis.Evidence.Size	Qualimetrix\Analysis\Evidence\Measurement\Contract\AggregationStrategy	Analysis.Evidence.Measurement	contract
Qualimetrix\Analysis\Evidence\Size\MethodCountCollector	Analysis.Evidence.Size	Qualimetrix\Analysis\Evidence\Measurement\Contract\ClassMetricsProviderInterface	Analysis.Evidence.Measurement	contract
Qualimetrix\Analysis\Evidence\Size\MethodCountCollector	Analysis.Evidence.Size	Qualimetrix\Analysis\Evidence\Measurement\Contract\DeclarationIndexAwareInterface	Analysis.Evidence.Measurement	contract
Qualimetrix\Analysis\Evidence\Size\MethodCountCollector	Analysis.Evidence.Size	Qualimetrix\Analysis\Evidence\Measurement\Contract\DeclarationIndexAwareTrait	Analysis.Evidence.Measurement	contract
Qualimetrix\Analysis\Evidence\Size\MethodCountCollector	Analysis.Evidence.Size	Qualimetrix\Analysis\Evidence\Measurement\Contract\MetricBag	Analysis.Evidence.Measurement	contract
Qualimetrix\Analysis\Evidence\Size\MethodCountCollector	Analysis.Evidence.Size	Qualimetrix\Analysis\Evidence\Measurement\Contract\MetricDefinition	Analysis.Evidence.Measurement	contract
Qualimetrix\Analysis\Evidence\Size\MethodCountCollector	Analysis.Evidence.Size	Qualimetrix\Analysis\Evidence\Measurement\Contract\MetricName	Analysis.Evidence.Measurement	contract
Qualimetrix\Analysis\Evidence\Size\MethodCountCollector	Analysis.Evidence.Size	Qualimetrix\Core\Path\RelativePath	Core.Path	contract
Qualimetrix\Analysis\Evidence\Size\MethodCountCollector	Analysis.Evidence.Size	Qualimetrix\Core\Symbol\SymbolLevel	Core.Symbol	contract
Qualimetrix\Analysis\Evidence\Size\MethodCountCollector	Analysis.Evidence.Size	Qualimetrix\Core\Symbol\SymbolPath	Core.Symbol	contract
Qualimetrix\Analysis\Evidence\Size\MethodCountOptions	Analysis.Evidence.Size	Qualimetrix\Analysis\Finding\Contract\Rule\Override\StandardOverrideValidatorTrait	Analysis.Finding	contract
Qualimetrix\Analysis\Evidence\Size\MethodCountOptions	Analysis.Evidence.Size	Qualimetrix\Analysis\Finding\Contract\Rule\RuleOptionKey	Analysis.Finding	contract
Qualimetrix\Analysis\Evidence\Size\MethodCountOptions	Analysis.Evidence.Size	Qualimetrix\Analysis\Finding\Contract\Rule\RuleOptionKeySet	Analysis.Finding	contract
Qualimetrix\Analysis\Evidence\Size\MethodCountOptions	Analysis.Evidence.Size	Qualimetrix\Analysis\Finding\Contract\Rule\RuleOptionShape	Analysis.Finding	contract
Qualimetrix\Analysis\Evidence\Size\MethodCountOptions	Analysis.Evidence.Size	Qualimetrix\Analysis\Finding\Contract\Rule\RuleOptionsInterface	Analysis.Finding	contract
Qualimetrix\Analysis\Evidence\Size\MethodCountOptions	Analysis.Evidence.Size	Qualimetrix\Analysis\Finding\Contract\Rule\ThresholdAwareOptionsInterface	Analysis.Finding	contract
Qualimetrix\Analysis\Evidence\Size\MethodCountOptions	Analysis.Evidence.Size	Qualimetrix\Analysis\Finding\Contract\Rule\ThresholdParser	Analysis.Finding	contract
Qualimetrix\Analysis\Evidence\Size\MethodCountOptions	Analysis.Evidence.Size	Qualimetrix\Analysis\Finding\Contract\Severity	Analysis.Finding	contract
Qualimetrix\Analysis\Evidence\Size\MethodCountRule	Analysis.Evidence.Size	Qualimetrix\Analysis\Evidence\Measurement\Contract\MetricName	Analysis.Evidence.Measurement	contract
Qualimetrix\Analysis\Evidence\Size\MethodCountRule	Analysis.Evidence.Size	Qualimetrix\Analysis\Finding\Contract\ChannelDeclaration	Analysis.Finding	contract
Qualimetrix\Analysis\Evidence\Size\MethodCountRule	Analysis.Evidence.Size	Qualimetrix\Analysis\Finding\Contract\ChannelShape	Analysis.Finding	contract
Qualimetrix\Analysis\Evidence\Size\MethodCountRule	Analysis.Evidence.Size	Qualimetrix\Analysis\Finding\Contract\Finding	Analysis.Finding	contract
Qualimetrix\Analysis\Evidence\Size\MethodCountRule	Analysis.Evidence.Size	Qualimetrix\Analysis\Finding\Contract\JudgedMetrics	Analysis.Finding	contract
Qualimetrix\Analysis\Evidence\Size\MethodCountRule	Analysis.Evidence.Size	Qualimetrix\Analysis\Finding\Contract\Location	Analysis.Finding	contract
Qualimetrix\Analysis\Evidence\Size\MethodCountRule	Analysis.Evidence.Size	Qualimetrix\Analysis\Finding\Contract\Rule\AbstractRule	Analysis.Finding	contract
Qualimetrix\Analysis\Evidence\Size\MethodCountRule	Analysis.Evidence.Size	Qualimetrix\Analysis\Finding\Contract\Rule\AnalysisContext	Analysis.Finding	contract
Qualimetrix\Analysis\Evidence\Size\MethodCountRule	Analysis.Evidence.Size	Qualimetrix\Analysis\Finding\Contract\Rule\Attribute\CliAlias	Analysis.Finding	contract
Qualimetrix\Analysis\Evidence\Size\MethodCountRule	Analysis.Evidence.Size	Qualimetrix\Analysis\Finding\Contract\Severity	Analysis.Finding	contract
Qualimetrix\Analysis\Evidence\Size\MethodCountRule	Analysis.Evidence.Size	Qualimetrix\Core\Observation\WorseDirection	Core.Neutral	contract
Qualimetrix\Analysis\Evidence\Size\MethodCountRule	Analysis.Evidence.Size	Qualimetrix\Core\Symbol\MetricSubject	Core.Symbol	contract
Qualimetrix\Analysis\Evidence\Size\MethodCountRule	Analysis.Evidence.Size	Qualimetrix\Core\Symbol\SymbolInfo	Core.Symbol	contract
Qualimetrix\Analysis\Evidence\Size\MethodCountRule	Analysis.Evidence.Size	Qualimetrix\Core\Symbol\SymbolLevel	Core.Symbol	contract
Qualimetrix\Analysis\Evidence\Size\MethodCountRule	Analysis.Evidence.Size	Qualimetrix\Core\Symbol\SymbolType	Core.Symbol	contract
Qualimetrix\Analysis\Evidence\Size\MethodCountVisitor	Analysis.Evidence.Size	Qualimetrix\Analysis\Evidence\Measurement\Contract\ResettableVisitorInterface	Analysis.Evidence.Measurement	contract
Qualimetrix\Analysis\Evidence\Size\MethodStatementCountCollector	Analysis.Evidence.Size	Qualimetrix\Analysis\Evidence\Measurement\Contract\AbstractCollector	Analysis.Evidence.Measurement	contract
Qualimetrix\Analysis\Evidence\Size\MethodStatementCountCollector	Analysis.Evidence.Size	Qualimetrix\Analysis\Evidence\Measurement\Contract\AggregationStrategy	Analysis.Evidence.Measurement	contract
Qualimetrix\Analysis\Evidence\Size\MethodStatementCountCollector	Analysis.Evidence.Size	Qualimetrix\Analysis\Evidence\Measurement\Contract\CallableMetricsProviderInterface	Analysis.Evidence.Measurement	contract
Qualimetrix\Analysis\Evidence\Size\MethodStatementCountCollector	Analysis.Evidence.Size	Qualimetrix\Analysis\Evidence\Measurement\Contract\MetricBag	Analysis.Evidence.Measurement	contract
Qualimetrix\Analysis\Evidence\Size\MethodStatementCountCollector	Analysis.Evidence.Size	Qualimetrix\Analysis\Evidence\Measurement\Contract\MetricDefinition	Analysis.Evidence.Measurement	contract
Qualimetrix\Analysis\Evidence\Size\MethodStatementCountCollector	Analysis.Evidence.Size	Qualimetrix\Analysis\Evidence\Measurement\Contract\MetricName	Analysis.Evidence.Measurement	contract
Qualimetrix\Analysis\Evidence\Size\MethodStatementCountCollector	Analysis.Evidence.Size	Qualimetrix\Core\Path\RelativePath	Core.Path	contract
Qualimetrix\Analysis\Evidence\Size\MethodStatementCountCollector	Analysis.Evidence.Size	Qualimetrix\Core\Symbol\SymbolLevel	Core.Symbol	contract
Qualimetrix\Analysis\Evidence\Size\MethodStatementCountVisitor	Analysis.Evidence.Size	Qualimetrix\Analysis\Evidence\Measurement\Contract\DeclarationIndexAwareInterface	Analysis.Evidence.Measurement	contract
Qualimetrix\Analysis\Evidence\Size\MethodStatementCountVisitor	Analysis.Evidence.Size	Qualimetrix\Analysis\Evidence\Measurement\Contract\MetricBag	Analysis.Evidence.Measurement	contract
Qualimetrix\Analysis\Evidence\Size\MethodStatementCountVisitor	Analysis.Evidence.Size	Qualimetrix\Analysis\Evidence\Measurement\Contract\MetricName	Analysis.Evidence.Measurement	contract
Qualimetrix\Analysis\Evidence\Size\MethodStatementCountVisitor	Analysis.Evidence.Size	Qualimetrix\Analysis\Evidence\Measurement\Contract\ResettableVisitorInterface	Analysis.Evidence.Measurement	contract
Qualimetrix\Analysis\Evidence\Size\MethodStatementCountVisitor	Analysis.Evidence.Size	Qualimetrix\Analysis\Evidence\Measurement\Contract\VisitorCallableScope	Analysis.Evidence.Measurement	contract
Qualimetrix\Analysis\Evidence\Size\MethodStatementCountVisitor	Analysis.Evidence.Size	Qualimetrix\Analysis\Evidence\Measurement\Contract\VisitorMethodTrackingTrait	Analysis.Evidence.Measurement	contract
Qualimetrix\Analysis\Evidence\Size\MethodStatementCountVisitor	Analysis.Evidence.Size	Qualimetrix\Core\Path\RelativePath	Core.Path	contract
Qualimetrix\Analysis\Evidence\Size\PropertyCountOptions	Analysis.Evidence.Size	Qualimetrix\Analysis\Finding\Contract\Rule\Override\StandardOverrideValidatorTrait	Analysis.Finding	contract
Qualimetrix\Analysis\Evidence\Size\PropertyCountOptions	Analysis.Evidence.Size	Qualimetrix\Analysis\Finding\Contract\Rule\RuleOptionKey	Analysis.Finding	contract
Qualimetrix\Analysis\Evidence\Size\PropertyCountOptions	Analysis.Evidence.Size	Qualimetrix\Analysis\Finding\Contract\Rule\RuleOptionKeySet	Analysis.Finding	contract
Qualimetrix\Analysis\Evidence\Size\PropertyCountOptions	Analysis.Evidence.Size	Qualimetrix\Analysis\Finding\Contract\Rule\RuleOptionShape	Analysis.Finding	contract
Qualimetrix\Analysis\Evidence\Size\PropertyCountOptions	Analysis.Evidence.Size	Qualimetrix\Analysis\Finding\Contract\Rule\RuleOptionsInterface	Analysis.Finding	contract
Qualimetrix\Analysis\Evidence\Size\PropertyCountOptions	Analysis.Evidence.Size	Qualimetrix\Analysis\Finding\Contract\Rule\ThresholdAwareOptionsInterface	Analysis.Finding	contract
Qualimetrix\Analysis\Evidence\Size\PropertyCountOptions	Analysis.Evidence.Size	Qualimetrix\Analysis\Finding\Contract\Rule\ThresholdParser	Analysis.Finding	contract
Qualimetrix\Analysis\Evidence\Size\PropertyCountOptions	Analysis.Evidence.Size	Qualimetrix\Analysis\Finding\Contract\Severity	Analysis.Finding	contract
Qualimetrix\Analysis\Evidence\Size\PropertyCountRule	Analysis.Evidence.Size	Qualimetrix\Analysis\Evidence\Measurement\Contract\MetricBag	Analysis.Evidence.Measurement	contract
Qualimetrix\Analysis\Evidence\Size\PropertyCountRule	Analysis.Evidence.Size	Qualimetrix\Analysis\Evidence\Measurement\Contract\MetricName	Analysis.Evidence.Measurement	contract
Qualimetrix\Analysis\Evidence\Size\PropertyCountRule	Analysis.Evidence.Size	Qualimetrix\Analysis\Finding\Contract\ChannelDeclaration	Analysis.Finding	contract
Qualimetrix\Analysis\Evidence\Size\PropertyCountRule	Analysis.Evidence.Size	Qualimetrix\Analysis\Finding\Contract\ChannelShape	Analysis.Finding	contract
Qualimetrix\Analysis\Evidence\Size\PropertyCountRule	Analysis.Evidence.Size	Qualimetrix\Analysis\Finding\Contract\Finding	Analysis.Finding	contract
Qualimetrix\Analysis\Evidence\Size\PropertyCountRule	Analysis.Evidence.Size	Qualimetrix\Analysis\Finding\Contract\JudgedMetrics	Analysis.Finding	contract
Qualimetrix\Analysis\Evidence\Size\PropertyCountRule	Analysis.Evidence.Size	Qualimetrix\Analysis\Finding\Contract\Location	Analysis.Finding	contract
Qualimetrix\Analysis\Evidence\Size\PropertyCountRule	Analysis.Evidence.Size	Qualimetrix\Analysis\Finding\Contract\Rule\AbstractRule	Analysis.Finding	contract
Qualimetrix\Analysis\Evidence\Size\PropertyCountRule	Analysis.Evidence.Size	Qualimetrix\Analysis\Finding\Contract\Rule\AnalysisContext	Analysis.Finding	contract
Qualimetrix\Analysis\Evidence\Size\PropertyCountRule	Analysis.Evidence.Size	Qualimetrix\Analysis\Finding\Contract\Rule\Attribute\CliAlias	Analysis.Finding	contract
Qualimetrix\Analysis\Evidence\Size\PropertyCountRule	Analysis.Evidence.Size	Qualimetrix\Analysis\Finding\Contract\Severity	Analysis.Finding	contract
Qualimetrix\Analysis\Evidence\Size\PropertyCountRule	Analysis.Evidence.Size	Qualimetrix\Core\Observation\WorseDirection	Core.Neutral	contract
Qualimetrix\Analysis\Evidence\Size\PropertyCountRule	Analysis.Evidence.Size	Qualimetrix\Core\Symbol\SymbolInfo	Core.Symbol	contract
Qualimetrix\Analysis\Evidence\Size\PropertyCountRule	Analysis.Evidence.Size	Qualimetrix\Core\Symbol\SymbolLevel	Core.Symbol	contract
Qualimetrix\Analysis\Evidence\Size\PropertyCountRule	Analysis.Evidence.Size	Qualimetrix\Core\Symbol\SymbolType	Core.Symbol	contract
Qualimetrix\Analysis\Finding\Configuration\FindingConfigurationResolver	Analysis.Finding	Qualimetrix\Analysis\Configuration\ConfigSchema	Analysis.Configuration	contract
Qualimetrix\Analysis\Finding\Configuration\FindingConfigurationResolver	Analysis.Finding	Qualimetrix\Analysis\Configuration\Contract\ConfigurationDocument	Analysis.Configuration	contract
Qualimetrix\Analysis\Finding\Contract\ChannelDeclaration	Analysis.Finding	Qualimetrix\Core\Observation\WorseDirection	Core.Neutral	contract
Qualimetrix\Analysis\Finding\Contract\ChannelDeclaration	Analysis.Finding	Qualimetrix\Core\Symbol\SymbolLevel	Core.Symbol	contract
Qualimetrix\Analysis\Finding\Contract\Configuration\FindingConfigurationResolverInterface	Analysis.Finding	Qualimetrix\Analysis\Configuration\Contract\ConfigurationDocument	Analysis.Configuration	contract
Qualimetrix\Analysis\Finding\Contract\Filter\NamespaceExclusionFilter	Analysis.Finding	Qualimetrix\Core\Pattern\NamespaceMatcher	Core.Neutral	contract
Qualimetrix\Analysis\Finding\Contract\Filter\PathExclusionFilter	Analysis.Finding	Qualimetrix\Core\Pattern\PathMatcher	Core.Neutral	contract
Qualimetrix\Analysis\Finding\Contract\Finding	Analysis.Finding	Qualimetrix\Analysis\Evidence\DependencyModel\Contract\DependencyType	Analysis.Evidence.DependencyModel	contract
Qualimetrix\Analysis\Finding\Contract\Finding	Analysis.Finding	Qualimetrix\Core\Symbol\MetricSubject	Core.Symbol	contract
Qualimetrix\Analysis\Finding\Contract\Finding	Analysis.Finding	Qualimetrix\Core\Symbol\SymbolLevel	Core.Symbol	contract
Qualimetrix\Analysis\Finding\Contract\Finding	Analysis.Finding	Qualimetrix\Core\Symbol\SymbolLevelProjection	Core.Symbol	contract
Qualimetrix\Analysis\Finding\Contract\Finding	Analysis.Finding	Qualimetrix\Core\Symbol\SymbolPath	Core.Symbol	contract
Qualimetrix\Analysis\Finding\Contract\LevelActivity	Analysis.Finding	Qualimetrix\Core\Symbol\SymbolLevel	Core.Symbol	contract
Qualimetrix\Analysis\Finding\Contract\Location	Analysis.Finding	Qualimetrix\Analysis\Evidence\DependencyModel\Contract\DependencyLocationInterface	Analysis.Evidence.DependencyModel	contract
Qualimetrix\Analysis\Finding\Contract\Location	Analysis.Finding	Qualimetrix\Core\Path\RelativePath	Core.Path	contract
Qualimetrix\Analysis\Finding\Contract\RuleConfigurationInterface	Analysis.Finding	Qualimetrix\Core\Path\RelativePath	Core.Path	contract
Qualimetrix\Analysis\Finding\Contract\Rule\AbstractRule	Analysis.Finding	Qualimetrix\Core\Symbol\MetricSubject	Core.Symbol	contract
Qualimetrix\Analysis\Finding\Contract\Rule\AnalysisContext	Analysis.Finding	Qualimetrix\Analysis\Evidence\DependencyModel\Contract\DependencyGraphInterface	Analysis.Evidence.DependencyModel	contract
Qualimetrix\Analysis\Finding\Contract\Rule\AnalysisContext	Analysis.Finding	Qualimetrix\Analysis\Evidence\Measurement\Contract\MetricRepositoryInterface	Analysis.Evidence.Measurement	contract
Qualimetrix\Analysis\Finding\Contract\Rule\AnalysisContext	Analysis.Finding	Qualimetrix\Analysis\Evidence\Measurement\Contract\NamespaceTree	Analysis.Evidence.Measurement	contract
Qualimetrix\Analysis\Finding\Contract\Rule\AnalysisContext	Analysis.Finding	Qualimetrix\Core\Symbol\MetricSubject	Core.Symbol	contract
Qualimetrix\Analysis\Finding\Contract\Rule\ChannelLevelAddressing	Analysis.Finding	Qualimetrix\Core\Symbol\SymbolLevel	Core.Symbol	contract
Qualimetrix\Analysis\Finding\Contract\Rule\ChannelLevelSelector	Analysis.Finding	Qualimetrix\Core\Symbol\SymbolLevel	Core.Symbol	contract
Qualimetrix\Analysis\Finding\Contract\Rule\HierarchicalRuleInterface	Analysis.Finding	Qualimetrix\Core\Symbol\SymbolLevel	Core.Symbol	contract
Qualimetrix\Analysis\Finding\Contract\Rule\HierarchicalRuleOptionsInterface	Analysis.Finding	Qualimetrix\Core\Symbol\SymbolLevel	Core.Symbol	contract
Qualimetrix\Analysis\Finding\Contract\Rule\RuleOptionKeySet	Analysis.Finding	Qualimetrix\Analysis\Configuration\ConfigKeySpelling	Analysis.Configuration	contract
Qualimetrix\Analysis\Finding\Contract\Rule\RuleOptionSurface	Analysis.Finding	Qualimetrix\Analysis\Configuration\ConfigKeySpelling	Analysis.Configuration	contract
Qualimetrix\Analysis\Finding\Contract\Rule\RuleSelector	Analysis.Finding	Qualimetrix\Core\Symbol\SymbolLevel	Core.Symbol	contract
Qualimetrix\Analysis\Finding\Contract\Rule\ThresholdParser	Analysis.Finding	Qualimetrix\Analysis\Configuration\Contract\Refusal\ConfigurationRefusal	Analysis.Configuration	contract
Qualimetrix\Analysis\Finding\Contract\Rule\ThresholdParser	Analysis.Finding	Qualimetrix\Analysis\Configuration\Contract\Refusal\RefusedPosition	Analysis.Configuration	contract
Qualimetrix\Analysis\Finding\Contract\Threshold\ThresholdOverride	Analysis.Finding	Qualimetrix\Core\Symbol\MetricSubject	Core.Symbol	contract
Qualimetrix\Analysis\Finding\Exclusion\ConfiguredSuppression	Analysis.Finding	Qualimetrix\Analysis\Configuration\ConfigKeySpelling	Analysis.Configuration	contract
Qualimetrix\Analysis\Finding\Exclusion\RuleNamespaceExclusionProvider	Analysis.Finding	Qualimetrix\Core\Pattern\NamespaceMatcher	Core.Neutral	contract
Qualimetrix\Analysis\Finding\Exclusion\RuleNamespaceExclusionProvider	Analysis.Finding	Qualimetrix\Core\Symbol\SymbolLevel	Core.Symbol	contract
Qualimetrix\Analysis\Finding\Exclusion\RulePathExclusionProvider	Analysis.Finding	Qualimetrix\Core\Path\RelativePath	Core.Path	contract
Qualimetrix\Analysis\Finding\Exclusion\RulePathExclusionProvider	Analysis.Finding	Qualimetrix\Core\Pattern\PathMatcher	Core.Neutral	contract
Qualimetrix\Analysis\Finding\FindingExclusionLedger	Analysis.Finding	Qualimetrix\Core\Path\RelativePath	Core.Path	contract
Qualimetrix\Analysis\Finding\FindingExclusionLedger	Analysis.Finding	Qualimetrix\Core\Symbol\SymbolLevel	Core.Symbol	contract
Qualimetrix\Analysis\Finding\RuleConfiguration\RuleOptionKeyRecognition	Analysis.Finding	Qualimetrix\Analysis\Configuration\ConfigKeySpelling	Analysis.Configuration	contract
Qualimetrix\Analysis\Finding\RuleConfiguration\RuleOptionKeyRecognition	Analysis.Finding	Qualimetrix\Analysis\Configuration\Contract\Refusal\ConfigurationRefusal	Analysis.Configuration	contract
Qualimetrix\Analysis\Finding\RuleConfiguration\RuleOptionKeyRecognition	Analysis.Finding	Qualimetrix\Analysis\Configuration\Contract\Refusal\RefusedPosition	Analysis.Configuration	contract
Qualimetrix\Analysis\Finding\RuleConfiguration\RuleOptionThresholdShorthand	Analysis.Finding	Qualimetrix\Analysis\Configuration\ConfigKeySpelling	Analysis.Configuration	contract
Qualimetrix\Analysis\Finding\RuleConfiguration\RuleOptionsFactory	Analysis.Finding	Qualimetrix\Analysis\Configuration\ConfigKeySpelling	Analysis.Configuration	contract
Qualimetrix\Analysis\Finding\RuleConfiguration\RuleOptionsFactory	Analysis.Finding	Qualimetrix\Analysis\Configuration\Contract\Refusal\ConfigurationOrigin	Analysis.Configuration	contract
Qualimetrix\Analysis\Finding\RuleConfiguration\RuleOptionsFactory	Analysis.Finding	Qualimetrix\Analysis\Configuration\Contract\Refusal\ConfigurationSource	Analysis.Configuration	contract
Qualimetrix\Analysis\Finding\RuleConfiguration\RuleOptionsFactory	Analysis.Finding	Qualimetrix\Analysis\Configuration\RetiredSuppressionOptions	Analysis.Configuration	contract
Qualimetrix\Analysis\Finding\RuleConfiguration\RuleOptionsParser	Analysis.Finding	Qualimetrix\Analysis\Configuration\ConfigKeySpelling	Analysis.Configuration	contract
Qualimetrix\Analysis\Finding\RuleConfiguration\RuleOptionsParser	Analysis.Finding	Qualimetrix\Analysis\Configuration\Contract\Refusal\ConfigurationRefusal	Analysis.Configuration	contract
Qualimetrix\Analysis\Finding\RuleConfiguration\RuleOptionsParser	Analysis.Finding	Qualimetrix\Analysis\Configuration\RetiredSuppressionOptions	Analysis.Configuration	contract
Qualimetrix\Analysis\Finding\RuleConfiguration\RuleOptionsRegistry	Analysis.Finding	Qualimetrix\Core\Path\RelativePath	Core.Path	contract
Qualimetrix\Analysis\Finding\RuleConfiguration\RuleSuppressionSelectorDecoder	Analysis.Finding	Qualimetrix\Analysis\Configuration\Contract\Refusal\ConfigurationRefusal	Analysis.Configuration	contract
Qualimetrix\Analysis\Finding\RuleConfiguration\RuleSuppressionSelectorDecoder	Analysis.Finding	Qualimetrix\Analysis\Configuration\Contract\Refusal\RefusedPosition	Analysis.Configuration	contract
Qualimetrix\Analysis\Finding\RuleConfiguration\RuleSuppressionSelectorDecoder	Analysis.Finding	Qualimetrix\Core\Pattern\NamespacePattern	Core.Neutral	contract
Qualimetrix\Analysis\Finding\RuleConfiguration\RuleSuppressionSelectorDecoder	Analysis.Finding	Qualimetrix\Core\Pattern\PathPattern	Core.Neutral	contract
Qualimetrix\Analysis\Finding\RuleConfiguration\RuleSuppressionSelectorDecoder	Analysis.Finding	Qualimetrix\Core\Pattern\SelectorDefinition	Core.Neutral	contract
Qualimetrix\Analysis\Finding\RuleConfiguration\RuleThresholdKeyGroupRegistry	Analysis.Finding	Qualimetrix\Core\Symbol\SymbolLevel	Core.Symbol	contract
Qualimetrix\Analysis\Finding\RuleExecution	Analysis.Finding	Qualimetrix\Core\Profiler\Contract\ProfilerInterface	Core.Profiler	contract
Qualimetrix\Analysis\Finding\SuppressionBinding\UnboundSuppressionAudit	Analysis.Finding	Qualimetrix\Core\Pattern\NamespacePattern	Core.Neutral	contract
Qualimetrix\Analysis\Finding\SuppressionBinding\UnboundSuppressionAudit	Analysis.Finding	Qualimetrix\Core\Pattern\PathPattern	Core.Neutral	contract
Qualimetrix\Analysis\Finding\SuppressionBinding\UnboundSuppressionAudit	Analysis.Finding	Qualimetrix\Core\Pattern\SelectorDefinition	Core.Neutral	contract
Qualimetrix\Analysis\Finding\SuppressionBinding\UnboundSuppressionAudit	Analysis.Finding	Qualimetrix\Core\Symbol\MetricSubject	Core.Symbol	contract
Qualimetrix\Analysis\Finding\SuppressionBinding\UnboundSuppressionAudit	Analysis.Finding	Qualimetrix\Core\Symbol\SymbolPath	Core.Symbol	contract
Qualimetrix\Analysis\Finding\SuppressionBinding\UnboundSuppressionRule	Analysis.Finding	Qualimetrix\Core\Symbol\SymbolLevel	Core.Symbol	contract
Qualimetrix\Analysis\Finding\SuppressionBinding\ValueScopeJudgement	Analysis.Finding	Qualimetrix\Core\Pattern\NamespacePattern	Core.Neutral	contract
Qualimetrix\Analysis\Finding\SuppressionBinding\ValueScopeJudgement	Analysis.Finding	Qualimetrix\Core\Pattern\PathPattern	Core.Neutral	contract
Qualimetrix\Analysis\Finding\SuppressionBinding\ValueScopeJudgement	Analysis.Finding	Qualimetrix\Core\Pattern\SelectorKind	Core.Neutral	contract
Qualimetrix\Analysis\Policy\Architecture\ArchitecturePolicy	Analysis.Policy.Architecture	Qualimetrix\Analysis\Configuration\Contract\ConfigurationDocument	Analysis.Configuration	contract
Qualimetrix\Analysis\Policy\Architecture\ArchitecturePolicy	Analysis.Policy.Architecture	Qualimetrix\Analysis\Evidence\DependencyModel\Contract\DependencyGraphInterface	Analysis.Evidence.DependencyModel	contract
Qualimetrix\Analysis\Policy\Architecture\ArchitecturePolicy	Analysis.Policy.Architecture	Qualimetrix\Core\Symbol\SymbolPath	Core.Symbol	contract
Qualimetrix\Analysis\Policy\Architecture\Configuration\AllowValidator	Analysis.Policy.Architecture	Qualimetrix\Analysis\Configuration\Contract\Refusal\ConfigurationRefusal	Analysis.Configuration	contract
Qualimetrix\Analysis\Policy\Architecture\Configuration\AllowValidator	Analysis.Policy.Architecture	Qualimetrix\Analysis\Configuration\Contract\Refusal\RefusedPosition	Analysis.Configuration	contract
Qualimetrix\Analysis\Policy\Architecture\Configuration\Allow\AllowAliasExpander	Analysis.Policy.Architecture	Qualimetrix\Analysis\Configuration\Contract\Refusal\ConfigurationRefusal	Analysis.Configuration	contract
Qualimetrix\Analysis\Policy\Architecture\Configuration\Allow\AllowAliasExpander	Analysis.Policy.Architecture	Qualimetrix\Analysis\Configuration\Contract\Refusal\RefusedPosition	Analysis.Configuration	contract
Qualimetrix\Analysis\Policy\Architecture\Configuration\Allow\AllowAliasExpander	Analysis.Policy.Architecture	Qualimetrix\Analysis\Evidence\DependencyModel\Contract\DependencyType	Analysis.Evidence.DependencyModel	contract
Qualimetrix\Analysis\Policy\Architecture\Configuration\ArchitectureConfigurationFactory	Analysis.Policy.Architecture	Qualimetrix\Analysis\Configuration\Contract\Refusal\ConfigurationRefusal	Analysis.Configuration	contract
Qualimetrix\Analysis\Policy\Architecture\Configuration\ArchitectureConfigurationFactory	Analysis.Policy.Architecture	Qualimetrix\Analysis\Configuration\Contract\Refusal\RefusedPosition	Analysis.Configuration	contract
Qualimetrix\Analysis\Policy\Architecture\Configuration\CoverageValidator	Analysis.Policy.Architecture	Qualimetrix\Analysis\Configuration\Contract\Refusal\ConfigurationRefusal	Analysis.Configuration	contract
Qualimetrix\Analysis\Policy\Architecture\Configuration\CoverageValidator	Analysis.Policy.Architecture	Qualimetrix\Analysis\Configuration\Contract\Refusal\RefusedPosition	Analysis.Configuration	contract
Qualimetrix\Analysis\Policy\Architecture\Configuration\DuplicatePatternRejector	Analysis.Policy.Architecture	Qualimetrix\Analysis\Configuration\Contract\Refusal\ConfigurationRefusal	Analysis.Configuration	contract
Qualimetrix\Analysis\Policy\Architecture\Configuration\DuplicatePatternRejector	Analysis.Policy.Architecture	Qualimetrix\Analysis\Configuration\Contract\Refusal\RefusedPosition	Analysis.Configuration	contract
Qualimetrix\Analysis\Policy\Architecture\Configuration\ExactAllowCycleValidator	Analysis.Policy.Architecture	Qualimetrix\Analysis\Configuration\Contract\Refusal\ConfigurationRefusal	Analysis.Configuration	contract
Qualimetrix\Analysis\Policy\Architecture\Configuration\ExcludeBlockValidator	Analysis.Policy.Architecture	Qualimetrix\Analysis\Configuration\Contract\Refusal\ConfigurationRefusal	Analysis.Configuration	contract
Qualimetrix\Analysis\Policy\Architecture\Configuration\ExcludeBlockValidator	Analysis.Policy.Architecture	Qualimetrix\Analysis\Configuration\Contract\Refusal\RefusedPosition	Analysis.Configuration	contract
Qualimetrix\Analysis\Policy\Architecture\Configuration\LayerCriterionNormalizer	Analysis.Policy.Architecture	Qualimetrix\Analysis\Configuration\Contract\Refusal\ConfigurationRefusal	Analysis.Configuration	contract
Qualimetrix\Analysis\Policy\Architecture\Configuration\LayerCriterionNormalizer	Analysis.Policy.Architecture	Qualimetrix\Analysis\Configuration\Contract\Refusal\RefusedPosition	Analysis.Configuration	contract
Qualimetrix\Analysis\Policy\Architecture\Configuration\LayersValidator	Analysis.Policy.Architecture	Qualimetrix\Analysis\Configuration\Contract\Refusal\ConfigurationRefusal	Analysis.Configuration	contract
Qualimetrix\Analysis\Policy\Architecture\Configuration\LayersValidator	Analysis.Policy.Architecture	Qualimetrix\Analysis\Configuration\Contract\Refusal\RefusedPosition	Analysis.Configuration	contract
Qualimetrix\Analysis\Policy\Architecture\Configuration\LongFormAllowEntryNormalizer	Analysis.Policy.Architecture	Qualimetrix\Analysis\Configuration\Contract\Refusal\ConfigurationRefusal	Analysis.Configuration	contract
Qualimetrix\Analysis\Policy\Architecture\Configuration\LongFormAllowEntryNormalizer	Analysis.Policy.Architecture	Qualimetrix\Analysis\Configuration\Contract\Refusal\RefusedPosition	Analysis.Configuration	contract
Qualimetrix\Analysis\Policy\Architecture\Contract\ArchitecturePolicyConfiguratorInterface	Analysis.Policy.Architecture	Qualimetrix\Analysis\Configuration\Contract\ConfigurationDocument	Analysis.Configuration	contract
Qualimetrix\Analysis\Policy\Architecture\Contract\LayerAssignmentInspectorInterface	Analysis.Policy.Architecture	Qualimetrix\Analysis\Evidence\DependencyModel\Contract\DependencyGraphInterface	Analysis.Evidence.DependencyModel	contract
Qualimetrix\Analysis\Policy\Architecture\Contract\LayerAssignmentInspectorInterface	Analysis.Policy.Architecture	Qualimetrix\Core\Symbol\SymbolPath	Core.Symbol	contract
Qualimetrix\Analysis\Policy\Architecture\Contract\LayerPolicyPreparationInterface	Analysis.Policy.Architecture	Qualimetrix\Analysis\Evidence\DependencyModel\Contract\DependencyGraphInterface	Analysis.Evidence.DependencyModel	contract
Qualimetrix\Analysis\Policy\Architecture\LayerViolation\DeclaredLayerReachability	Analysis.Policy.Architecture	Qualimetrix\Analysis\Finding\Contract\Finding	Analysis.Finding	contract
Qualimetrix\Analysis\Policy\Architecture\LayerViolation\DeclaredLayerReachability	Analysis.Policy.Architecture	Qualimetrix\Analysis\Finding\Contract\Location	Analysis.Finding	contract
Qualimetrix\Analysis\Policy\Architecture\LayerViolation\DeclaredLayerReachability	Analysis.Policy.Architecture	Qualimetrix\Analysis\Finding\Contract\Severity	Analysis.Finding	contract
Qualimetrix\Analysis\Policy\Architecture\LayerViolation\DeclaredLayerReachability	Analysis.Policy.Architecture	Qualimetrix\Core\Symbol\MetricSubject	Core.Symbol	contract
Qualimetrix\Analysis\Policy\Architecture\LayerViolation\DeclaredLayerReachability	Analysis.Policy.Architecture	Qualimetrix\Core\Symbol\SymbolPath	Core.Symbol	contract
Qualimetrix\Analysis\Policy\Architecture\LayerViolation\LayerDeclarationValidator	Analysis.Policy.Architecture	Qualimetrix\Analysis\Finding\Contract\ChannelDeclaration	Analysis.Finding	contract
Qualimetrix\Analysis\Policy\Architecture\LayerViolation\LayerDeclarationValidator	Analysis.Policy.Architecture	Qualimetrix\Analysis\Finding\Contract\ChannelShape	Analysis.Finding	contract
Qualimetrix\Analysis\Policy\Architecture\LayerViolation\LayerDeclarationValidator	Analysis.Policy.Architecture	Qualimetrix\Analysis\Finding\Contract\ConfigurationValidatorInterface	Analysis.Finding	contract
Qualimetrix\Analysis\Policy\Architecture\LayerViolation\LayerDeclarationValidator	Analysis.Policy.Architecture	Qualimetrix\Analysis\Finding\Contract\Rule\AnalysisContext	Analysis.Finding	contract
Qualimetrix\Analysis\Policy\Architecture\LayerViolation\LayerDeclarationValidator	Analysis.Policy.Architecture	Qualimetrix\Core\Symbol\SymbolLevel	Core.Symbol	contract
Qualimetrix\Analysis\Policy\Architecture\LayerViolation\LayerEvidenceCollector	Analysis.Policy.Architecture	Qualimetrix\Analysis\Finding\Contract\Rule\AnalysisContext	Analysis.Finding	contract
Qualimetrix\Analysis\Policy\Architecture\LayerViolation\LayerEvidenceCollector	Analysis.Policy.Architecture	Qualimetrix\Core\Symbol\SymbolLevel	Core.Symbol	contract
Qualimetrix\Analysis\Policy\Architecture\LayerViolation\LayerRoutingGuidance	Analysis.Policy.Architecture	Qualimetrix\Analysis\Evidence\DependencyModel\Contract\Dependency	Analysis.Evidence.DependencyModel	contract
Qualimetrix\Analysis\Policy\Architecture\LayerViolation\LayerViolationFinding	Analysis.Policy.Architecture	Qualimetrix\Analysis\Evidence\DependencyModel\Contract\Dependency	Analysis.Evidence.DependencyModel	contract
Qualimetrix\Analysis\Policy\Architecture\LayerViolation\LayerViolationFinding	Analysis.Policy.Architecture	Qualimetrix\Analysis\Finding\Contract\Finding	Analysis.Finding	contract
Qualimetrix\Analysis\Policy\Architecture\LayerViolation\LayerViolationFinding	Analysis.Policy.Architecture	Qualimetrix\Analysis\Finding\Contract\Location	Analysis.Finding	contract
Qualimetrix\Analysis\Policy\Architecture\LayerViolation\LayerViolationFinding	Analysis.Policy.Architecture	Qualimetrix\Analysis\Finding\Contract\OccurrenceKey	Analysis.Finding	contract
Qualimetrix\Analysis\Policy\Architecture\LayerViolation\LayerViolationFinding	Analysis.Policy.Architecture	Qualimetrix\Analysis\Finding\Contract\Severity	Analysis.Finding	contract
Qualimetrix\Analysis\Policy\Architecture\LayerViolation\LayerViolationFinding	Analysis.Policy.Architecture	Qualimetrix\Core\Symbol\MetricSubject	Core.Symbol	contract
Qualimetrix\Analysis\Policy\Architecture\LayerViolation\LayerViolationOptions	Analysis.Policy.Architecture	Qualimetrix\Analysis\Configuration\Contract\Refusal\ConfigurationRefusal	Analysis.Configuration	contract
Qualimetrix\Analysis\Policy\Architecture\LayerViolation\LayerViolationOptions	Analysis.Policy.Architecture	Qualimetrix\Analysis\Configuration\Contract\Refusal\RefusedPosition	Analysis.Configuration	contract
Qualimetrix\Analysis\Policy\Architecture\LayerViolation\LayerViolationOptions	Analysis.Policy.Architecture	Qualimetrix\Analysis\Finding\Contract\Rule\RuleOptionKey	Analysis.Finding	contract
Qualimetrix\Analysis\Policy\Architecture\LayerViolation\LayerViolationOptions	Analysis.Policy.Architecture	Qualimetrix\Analysis\Finding\Contract\Rule\RuleOptionKeySet	Analysis.Finding	contract
Qualimetrix\Analysis\Policy\Architecture\LayerViolation\LayerViolationOptions	Analysis.Policy.Architecture	Qualimetrix\Analysis\Finding\Contract\Rule\RuleOptionShape	Analysis.Finding	contract
Qualimetrix\Analysis\Policy\Architecture\LayerViolation\LayerViolationOptions	Analysis.Policy.Architecture	Qualimetrix\Analysis\Finding\Contract\Rule\RuleOptionsInterface	Analysis.Finding	contract
Qualimetrix\Analysis\Policy\Architecture\LayerViolation\LayerViolationOptions	Analysis.Policy.Architecture	Qualimetrix\Analysis\Finding\Contract\Severity	Analysis.Finding	contract
Qualimetrix\Analysis\Policy\Architecture\LayerViolation\LayerViolationRule	Analysis.Policy.Architecture	Qualimetrix\Analysis\Finding\Contract\ChannelDeclaration	Analysis.Finding	contract
Qualimetrix\Analysis\Policy\Architecture\LayerViolation\LayerViolationRule	Analysis.Policy.Architecture	Qualimetrix\Analysis\Finding\Contract\ChannelShape	Analysis.Finding	contract
Qualimetrix\Analysis\Policy\Architecture\LayerViolation\LayerViolationRule	Analysis.Policy.Architecture	Qualimetrix\Analysis\Finding\Contract\Rule\AbstractRule	Analysis.Finding	contract
Qualimetrix\Analysis\Policy\Architecture\LayerViolation\LayerViolationRule	Analysis.Policy.Architecture	Qualimetrix\Analysis\Finding\Contract\Rule\AnalysisContext	Analysis.Finding	contract
Qualimetrix\Analysis\Policy\Architecture\LayerViolation\LayerViolationRule	Analysis.Policy.Architecture	Qualimetrix\Analysis\Finding\Contract\Rule\Attribute\CliAlias	Analysis.Finding	contract
Qualimetrix\Analysis\Policy\Architecture\LayerViolation\LayerViolationRule	Analysis.Policy.Architecture	Qualimetrix\Analysis\Finding\Contract\Rule\RuleOptionsInterface	Analysis.Finding	contract
Qualimetrix\Analysis\Policy\Architecture\LayerViolation\LayerViolationRule	Analysis.Policy.Architecture	Qualimetrix\Core\Symbol\SymbolLevel	Core.Symbol	contract
Qualimetrix\Analysis\Policy\Architecture\LayerViolation\OwnedLayerTargets	Analysis.Policy.Architecture	Qualimetrix\Core\Symbol\SymbolPath	Core.Symbol	contract
Qualimetrix\Analysis\Policy\Architecture\LayerViolation\OwnedLayerTargets	Analysis.Policy.Architecture	Qualimetrix\Core\Symbol\SymbolType	Core.Symbol	contract
Qualimetrix\Analysis\Policy\Architecture\LayerViolation\UnassignedClassOptions	Analysis.Policy.Architecture	Qualimetrix\Analysis\Configuration\Contract\Refusal\ConfigurationRefusal	Analysis.Configuration	contract
Qualimetrix\Analysis\Policy\Architecture\LayerViolation\UnassignedClassOptions	Analysis.Policy.Architecture	Qualimetrix\Analysis\Configuration\Contract\Refusal\RefusedPosition	Analysis.Configuration	contract
Qualimetrix\Analysis\Policy\Architecture\LayerViolation\UnassignedClassOptions	Analysis.Policy.Architecture	Qualimetrix\Analysis\Finding\Contract\Rule\RuleOptionKey	Analysis.Finding	contract
Qualimetrix\Analysis\Policy\Architecture\LayerViolation\UnassignedClassOptions	Analysis.Policy.Architecture	Qualimetrix\Analysis\Finding\Contract\Rule\RuleOptionKeySet	Analysis.Finding	contract
Qualimetrix\Analysis\Policy\Architecture\LayerViolation\UnassignedClassOptions	Analysis.Policy.Architecture	Qualimetrix\Analysis\Finding\Contract\Rule\RuleOptionShape	Analysis.Finding	contract
Qualimetrix\Analysis\Policy\Architecture\LayerViolation\UnassignedClassOptions	Analysis.Policy.Architecture	Qualimetrix\Analysis\Finding\Contract\Rule\RuleOptionsInterface	Analysis.Finding	contract
Qualimetrix\Analysis\Policy\Architecture\LayerViolation\UnassignedClassOptions	Analysis.Policy.Architecture	Qualimetrix\Analysis\Finding\Contract\Severity	Analysis.Finding	contract
Qualimetrix\Analysis\Policy\Architecture\LayerViolation\UnassignedClassRule	Analysis.Policy.Architecture	Qualimetrix\Analysis\Finding\Contract\ChannelShape	Analysis.Finding	contract
Qualimetrix\Analysis\Policy\Architecture\LayerViolation\UnassignedClassRule	Analysis.Policy.Architecture	Qualimetrix\Analysis\Finding\Contract\Rule\AbstractRule	Analysis.Finding	contract
Qualimetrix\Analysis\Policy\Architecture\LayerViolation\UnassignedClassRule	Analysis.Policy.Architecture	Qualimetrix\Analysis\Finding\Contract\Rule\AnalysisContext	Analysis.Finding	contract
Qualimetrix\Analysis\Policy\Architecture\LayerViolation\UnassignedClassRule	Analysis.Policy.Architecture	Qualimetrix\Analysis\Finding\Contract\Rule\Attribute\CliAlias	Analysis.Finding	contract
Qualimetrix\Analysis\Policy\Architecture\LayerViolation\UnassignedClassRule	Analysis.Policy.Architecture	Qualimetrix\Analysis\Finding\Contract\Rule\RuleOptionsInterface	Analysis.Finding	contract
Qualimetrix\Analysis\Policy\Architecture\LayerViolation\UnassignedClassSummary	Analysis.Policy.Architecture	Qualimetrix\Analysis\Finding\Contract\ChannelDeclaration	Analysis.Finding	contract
Qualimetrix\Analysis\Policy\Architecture\LayerViolation\UnassignedClassSummary	Analysis.Policy.Architecture	Qualimetrix\Analysis\Finding\Contract\Finding	Analysis.Finding	contract
Qualimetrix\Analysis\Policy\Architecture\LayerViolation\UnassignedClassSummary	Analysis.Policy.Architecture	Qualimetrix\Analysis\Finding\Contract\Location	Analysis.Finding	contract
Qualimetrix\Analysis\Policy\Architecture\LayerViolation\UnassignedClassSummary	Analysis.Policy.Architecture	Qualimetrix\Analysis\Finding\Contract\Severity	Analysis.Finding	contract
Qualimetrix\Analysis\Policy\Architecture\LayerViolation\UnassignedClassSummary	Analysis.Policy.Architecture	Qualimetrix\Core\Observation\WorseDirection	Core.Neutral	contract
Qualimetrix\Analysis\Policy\Architecture\LayerViolation\UnassignedClassSummary	Analysis.Policy.Architecture	Qualimetrix\Core\Symbol\MetricSubject	Core.Symbol	contract
Qualimetrix\Analysis\Policy\Architecture\LayerViolation\UnassignedClassSummary	Analysis.Policy.Architecture	Qualimetrix\Core\Symbol\SymbolLevel	Core.Symbol	contract
Qualimetrix\Analysis\Policy\Architecture\LayerViolation\UnassignedClassSummary	Analysis.Policy.Architecture	Qualimetrix\Core\Symbol\SymbolPath	Core.Symbol	contract
Qualimetrix\Analysis\Policy\Architecture\LayerViolation\UnmatchedExcludeDiagnostic	Analysis.Policy.Architecture	Qualimetrix\Analysis\Finding\Contract\Finding	Analysis.Finding	contract
Qualimetrix\Analysis\Policy\Architecture\LayerViolation\UnmatchedExcludeDiagnostic	Analysis.Policy.Architecture	Qualimetrix\Analysis\Finding\Contract\Location	Analysis.Finding	contract
Qualimetrix\Analysis\Policy\Architecture\LayerViolation\UnmatchedExcludeDiagnostic	Analysis.Policy.Architecture	Qualimetrix\Analysis\Finding\Contract\OccurrenceKey	Analysis.Finding	contract
Qualimetrix\Analysis\Policy\Architecture\LayerViolation\UnmatchedExcludeDiagnostic	Analysis.Policy.Architecture	Qualimetrix\Analysis\Finding\Contract\Severity	Analysis.Finding	contract
Qualimetrix\Analysis\Policy\Architecture\LayerViolation\UnmatchedExcludeDiagnostic	Analysis.Policy.Architecture	Qualimetrix\Core\Symbol\MetricSubject	Core.Symbol	contract
Qualimetrix\Analysis\Policy\Architecture\LayerViolation\UnmatchedExcludeDiagnostic	Analysis.Policy.Architecture	Qualimetrix\Core\Symbol\SymbolPath	Core.Symbol	contract
Qualimetrix\Analysis\Policy\Architecture\Layer\ClassContextFactory	Analysis.Policy.Architecture	Qualimetrix\Analysis\Evidence\DependencyModel\Contract\DependencyGraphInterface	Analysis.Evidence.DependencyModel	contract
Qualimetrix\Analysis\Policy\Architecture\Layer\ClassContextFactory	Analysis.Policy.Architecture	Qualimetrix\Analysis\Evidence\DependencyModel\Contract\DependencyType	Analysis.Evidence.DependencyModel	contract
Qualimetrix\Analysis\Policy\Architecture\Layer\ClassContextFactory	Analysis.Policy.Architecture	Qualimetrix\Core\Symbol\SymbolPath	Core.Symbol	contract
Qualimetrix\Analysis\Policy\Architecture\Layer\ClassSet	Analysis.Policy.Architecture	Qualimetrix\Core\Symbol\SymbolPath	Core.Symbol	contract
Qualimetrix\Analysis\Policy\Architecture\Layer\Expansion\LayerExpansionStage	Analysis.Policy.Architecture	Qualimetrix\Analysis\Configuration\Contract\Refusal\ConfigurationRefusal	Analysis.Configuration	contract
Qualimetrix\Analysis\Policy\Architecture\Layer\Expansion\LayerExpansionStage	Analysis.Policy.Architecture	Qualimetrix\Analysis\Configuration\Contract\Refusal\RefusedPosition	Analysis.Configuration	contract
Qualimetrix\Analysis\Policy\Architecture\Layer\Expansion\LayerInstantiator	Analysis.Policy.Architecture	Qualimetrix\Analysis\Configuration\Contract\Refusal\ConfigurationRefusal	Analysis.Configuration	contract
Qualimetrix\Analysis\Policy\Architecture\Layer\Expansion\LayerInstantiator	Analysis.Policy.Architecture	Qualimetrix\Analysis\Configuration\Contract\Refusal\RefusedPosition	Analysis.Configuration	contract
Qualimetrix\Analysis\Policy\Architecture\Layer\LayerPolicy	Analysis.Policy.Architecture	Qualimetrix\Analysis\Evidence\DependencyModel\Contract\DependencyType	Analysis.Evidence.DependencyModel	contract
Qualimetrix\Analysis\Policy\Architecture\Layer\LayerRegistry	Analysis.Policy.Architecture	Qualimetrix\Analysis\Evidence\DependencyModel\Contract\DependencyGraphInterface	Analysis.Evidence.DependencyModel	contract
Qualimetrix\Analysis\Policy\Architecture\Layer\LayerRegistry	Analysis.Policy.Architecture	Qualimetrix\Core\Symbol\SymbolPath	Core.Symbol	contract
Qualimetrix\Analysis\Policy\Baseline\BaselineChannelRenamer	Analysis.Policy.Baseline	Qualimetrix\Analysis\Configuration\Contract\Refusal\ConfigurationRefusal	Analysis.Configuration	contract
Qualimetrix\Analysis\Policy\Baseline\BaselineCleaner	Analysis.Policy.Baseline	Qualimetrix\Analysis\Finding\Contract\ChannelDeclarationRegistryInterface	Analysis.Finding	contract
Qualimetrix\Analysis\Policy\Baseline\BaselineCleaner	Analysis.Policy.Baseline	Qualimetrix\Core\Time\ClockInterface	Core.Neutral	contract
Qualimetrix\Analysis\Policy\Baseline\BaselineEdge	Analysis.Policy.Baseline	Qualimetrix\Analysis\Evidence\DependencyModel\Contract\DependencyType	Analysis.Evidence.DependencyModel	contract
Qualimetrix\Analysis\Policy\Baseline\BaselineEntry	Analysis.Policy.Baseline	Qualimetrix\Analysis\Finding\Contract\ChannelShape	Analysis.Finding	contract
Qualimetrix\Analysis\Policy\Baseline\BaselineEntryParser	Analysis.Policy.Baseline	Qualimetrix\Analysis\Finding\Contract\ChannelDeclarationRegistryInterface	Analysis.Finding	contract
Qualimetrix\Analysis\Policy\Baseline\BaselineEntryParser	Analysis.Policy.Baseline	Qualimetrix\Analysis\Finding\Contract\ChannelShape	Analysis.Finding	contract
Qualimetrix\Analysis\Policy\Baseline\BaselineEntryParser	Analysis.Policy.Baseline	Qualimetrix\Analysis\Finding\Contract\FindingChannel	Analysis.Finding	contract
Qualimetrix\Analysis\Policy\Baseline\BaselineEntryPayload	Analysis.Policy.Baseline	Qualimetrix\Analysis\Finding\Contract\FindingChannel	Analysis.Finding	contract
Qualimetrix\Analysis\Policy\Baseline\BaselineGenerator	Analysis.Policy.Baseline	Qualimetrix\Analysis\Finding\Contract\ChannelDeclarationRegistryInterface	Analysis.Finding	contract
Qualimetrix\Analysis\Policy\Baseline\BaselineGenerator	Analysis.Policy.Baseline	Qualimetrix\Core\Time\ClockInterface	Core.Neutral	contract
Qualimetrix\Analysis\Policy\Baseline\BaselineIdentity	Analysis.Policy.Baseline	Qualimetrix\Analysis\Finding\Contract\Finding	Analysis.Finding	contract
Qualimetrix\Analysis\Policy\Baseline\BaselineIdentity	Analysis.Policy.Baseline	Qualimetrix\Analysis\Finding\Contract\FindingChannel	Analysis.Finding	contract
Qualimetrix\Analysis\Policy\Baseline\BaselineLoader	Analysis.Policy.Baseline	Qualimetrix\Analysis\Configuration\Contract\Refusal\ConfigurationRefusal	Analysis.Configuration	contract
Qualimetrix\Analysis\Policy\Baseline\BaselineMigrator	Analysis.Policy.Baseline	Qualimetrix\Analysis\Finding\Contract\ChannelIdentityInterface	Analysis.Finding	contract
Qualimetrix\Analysis\Policy\Baseline\BaselineUpdater	Analysis.Policy.Baseline	Qualimetrix\Analysis\Finding\Contract\ChannelDeclaration	Analysis.Finding	contract
Qualimetrix\Analysis\Policy\Baseline\BaselineUpdater	Analysis.Policy.Baseline	Qualimetrix\Analysis\Finding\Contract\ChannelDeclarationRegistryInterface	Analysis.Finding	contract
Qualimetrix\Analysis\Policy\Baseline\BaselineUpdater	Analysis.Policy.Baseline	Qualimetrix\Analysis\Finding\Contract\ChannelShape	Analysis.Finding	contract
Qualimetrix\Analysis\Policy\Baseline\BaselineUpdater	Analysis.Policy.Baseline	Qualimetrix\Core\Time\ClockInterface	Core.Neutral	contract
Qualimetrix\Analysis\Policy\Baseline\BaselineWriter	Analysis.Policy.Baseline	Qualimetrix\Core\Path\AbsolutePath	Core.Path	contract
Qualimetrix\Analysis\Policy\Baseline\BaselineWriter	Analysis.Policy.Baseline	Qualimetrix\Core\Path\PathFactory	Core.Path	contract
Qualimetrix\Analysis\Policy\Baseline\BoundaryExplanationService	Analysis.Policy.Baseline	Qualimetrix\Analysis\Evidence\Measurement\Contract\MetricRepositoryInterface	Analysis.Evidence.Measurement	contract
Qualimetrix\Analysis\Policy\Baseline\BoundaryExplanationService	Analysis.Policy.Baseline	Qualimetrix\Analysis\Finding\Contract\AcceptedLevel	Analysis.Finding	contract
Qualimetrix\Analysis\Policy\Baseline\BoundaryExplanationService	Analysis.Policy.Baseline	Qualimetrix\Analysis\Finding\Contract\ChannelIdentityInterface	Analysis.Finding	contract
Qualimetrix\Analysis\Policy\Baseline\BoundaryExplanationService	Analysis.Policy.Baseline	Qualimetrix\Analysis\Finding\Contract\Finding	Analysis.Finding	contract
Qualimetrix\Analysis\Policy\Baseline\BoundaryExplanationService	Analysis.Policy.Baseline	Qualimetrix\Analysis\Finding\Contract\FindingChannel	Analysis.Finding	contract
Qualimetrix\Analysis\Policy\Baseline\BoundaryExplanationService	Analysis.Policy.Baseline	Qualimetrix\Analysis\Finding\Contract\Threshold\ThresholdOverride	Analysis.Finding	contract
Qualimetrix\Analysis\Policy\Baseline\BoundaryExplanationService	Analysis.Policy.Baseline	Qualimetrix\Core\Symbol\MetricSubject	Core.Symbol	contract
Qualimetrix\Analysis\Policy\Baseline\BoundaryExplanationService	Analysis.Policy.Baseline	Qualimetrix\Core\Symbol\SymbolLevelProjection	Core.Symbol	contract
Qualimetrix\Analysis\Policy\Baseline\ChannelRenameMap	Analysis.Policy.Baseline	Qualimetrix\Analysis\Finding\Contract\FindingChannel	Analysis.Finding	contract
Qualimetrix\Analysis\Policy\Baseline\EffectiveBoundary	Analysis.Policy.Baseline	Qualimetrix\Analysis\Finding\Contract\Threshold\ThresholdOverride	Analysis.Finding	contract
Qualimetrix\Analysis\Policy\Baseline\EffectiveBoundaryBaselineSource	Analysis.Policy.Baseline	Qualimetrix\Analysis\Finding\Contract\AcceptedLevel	Analysis.Finding	contract
Qualimetrix\Analysis\Policy\Baseline\ExplainedSubject	Analysis.Policy.Baseline	Qualimetrix\Analysis\Evidence\Measurement\Contract\MetricRepositoryInterface	Analysis.Evidence.Measurement	contract
Qualimetrix\Analysis\Policy\Baseline\ExplainedSubject	Analysis.Policy.Baseline	Qualimetrix\Analysis\Finding\Contract\FindingChannel	Analysis.Finding	contract
Qualimetrix\Analysis\Policy\Baseline\ExplainedSubject	Analysis.Policy.Baseline	Qualimetrix\Core\Path\RelativePath	Core.Path	contract
Qualimetrix\Analysis\Policy\Baseline\ExplainedSubject	Analysis.Policy.Baseline	Qualimetrix\Core\Symbol\MetricSubject	Core.Symbol	contract
Qualimetrix\Analysis\Policy\Baseline\ExplainedSubject	Analysis.Policy.Baseline	Qualimetrix\Core\Symbol\SymbolLevel	Core.Symbol	contract
Qualimetrix\Analysis\Policy\Baseline\Filter\BaselineCeilingStage	Analysis.Policy.Baseline	Qualimetrix\Analysis\Finding\Contract\AcceptedLevel	Analysis.Finding	contract
Qualimetrix\Analysis\Policy\Baseline\Filter\BaselineCeilingStage	Analysis.Policy.Baseline	Qualimetrix\Analysis\Finding\Contract\ChannelDeclarationRegistryInterface	Analysis.Finding	contract
Qualimetrix\Analysis\Policy\Baseline\Filter\BaselineCeilingStage	Analysis.Policy.Baseline	Qualimetrix\Analysis\Finding\Contract\Filter\FindingFilterStage	Analysis.Finding	contract
Qualimetrix\Analysis\Policy\Baseline\Filter\BaselineCeilingStage	Analysis.Policy.Baseline	Qualimetrix\Analysis\Finding\Contract\Filter\FindingFilterStageInterface	Analysis.Finding	contract
Qualimetrix\Analysis\Policy\Baseline\Filter\BaselineCeilingStage	Analysis.Policy.Baseline	Qualimetrix\Analysis\Finding\Contract\Filter\FindingFilterStageResult	Analysis.Finding	contract
Qualimetrix\Analysis\Policy\Baseline\Filter\BaselineCeilingStage	Analysis.Policy.Baseline	Qualimetrix\Core\Observation\WorseDirection	Core.Neutral	contract
Qualimetrix\Analysis\Policy\Baseline\Filter\CeilingOutcome	Analysis.Policy.Baseline	Qualimetrix\Analysis\Finding\Contract\Filter\FindingFilterStageResult	Analysis.Finding	contract
Qualimetrix\Analysis\Policy\Baseline\Filter\GroupCeilingVerdict	Analysis.Policy.Baseline	Qualimetrix\Analysis\Finding\Contract\AcceptedLevel	Analysis.Finding	contract
Qualimetrix\Analysis\Policy\Baseline\GroupAcceptance	Analysis.Policy.Baseline	Qualimetrix\Core\Observation\WorseDirection	Core.Neutral	contract
Qualimetrix\Analysis\Policy\Baseline\RunScope	Analysis.Policy.Baseline	Qualimetrix\Core\Path\AbsolutePath	Core.Path	contract
Qualimetrix\Analysis\Policy\Baseline\RunScope	Analysis.Policy.Baseline	Qualimetrix\Core\Path\PathFactory	Core.Path	contract
Qualimetrix\Analysis\Policy\Inline\Contract\Directive\DirectiveSite	Analysis.Policy.Inline	Qualimetrix\Core\Path\RelativePath	Core.Path	contract
Qualimetrix\Analysis\Policy\Inline\Contract\Directive\InlineDirectivePolicyInterface	Analysis.Policy.Inline	Qualimetrix\Analysis\Finding\Contract\LevelActivity	Analysis.Finding	contract
Qualimetrix\Analysis\Policy\Inline\Contract\Directive\ThresholdDirectiveAuditInput	Analysis.Policy.Inline	Qualimetrix\Analysis\Finding\Contract\RuleExecutionInterface	Analysis.Finding	contract
Qualimetrix\Analysis\Policy\Inline\Contract\Directive\ThresholdDirectiveAuditInput	Analysis.Policy.Inline	Qualimetrix\Analysis\Finding\Contract\RuleExecutionResult	Analysis.Finding	contract
Qualimetrix\Analysis\Policy\Inline\Contract\Directive\ThresholdDirectiveAuditInput	Analysis.Policy.Inline	Qualimetrix\Analysis\Finding\Contract\Rule\AnalysisContext	Analysis.Finding	contract
Qualimetrix\Analysis\Policy\Inline\Contract\RuleValidatorMapFactory	Analysis.Policy.Inline	Qualimetrix\Analysis\Finding\Contract\Rule\HierarchicalRuleOptionsInterface	Analysis.Finding	contract
Qualimetrix\Analysis\Policy\Inline\Contract\RuleValidatorMapFactory	Analysis.Policy.Inline	Qualimetrix\Analysis\Finding\Contract\Rule\Override\OverrideValidatorInterface	Analysis.Finding	contract
Qualimetrix\Analysis\Policy\Inline\Contract\RuleValidatorMapFactory	Analysis.Policy.Inline	Qualimetrix\Analysis\Finding\Contract\Rule\RuleNameReader	Analysis.Finding	contract
Qualimetrix\Analysis\Policy\Inline\Contract\RuleValidatorMapFactory	Analysis.Policy.Inline	Qualimetrix\Analysis\Finding\Contract\Rule\ThresholdAwareOptionsInterface	Analysis.Finding	contract
Qualimetrix\Analysis\Policy\Inline\Contract\SourceControlExtractorInterface	Analysis.Policy.Inline	Qualimetrix\Core\Path\RelativePath	Core.Path	contract
Qualimetrix\Analysis\Policy\Inline\Contract\SuppressionExtractor	Analysis.Policy.Inline	Qualimetrix\Analysis\Finding\Contract\Control\ControlScope	Analysis.Finding	contract
Qualimetrix\Analysis\Policy\Inline\Contract\SuppressionExtractor	Analysis.Policy.Inline	Qualimetrix\Core\Symbol\MetricSubject	Core.Symbol	contract
Qualimetrix\Analysis\Policy\Inline\Contract\Suppression\Suppression	Analysis.Policy.Inline	Qualimetrix\Analysis\Finding\Contract\Control\ControlScope	Analysis.Finding	contract
Qualimetrix\Analysis\Policy\Inline\Contract\Suppression\Suppression	Analysis.Policy.Inline	Qualimetrix\Core\Symbol\MetricSubject	Core.Symbol	contract
Qualimetrix\Analysis\Policy\Inline\Contract\Suppression\Suppression	Analysis.Policy.Inline	Qualimetrix\Core\Symbol\SymbolLevel	Core.Symbol	contract
Qualimetrix\Analysis\Policy\Inline\Contract\Suppression\SuppressionTarget	Analysis.Policy.Inline	Qualimetrix\Analysis\Finding\Contract\FindingChannel	Analysis.Finding	contract
Qualimetrix\Analysis\Policy\Inline\Contract\Suppression\SuppressionTarget	Analysis.Policy.Inline	Qualimetrix\Analysis\Finding\Contract\Rule\ChannelLevelSelector	Analysis.Finding	contract
Qualimetrix\Analysis\Policy\Inline\Contract\Suppression\SuppressionTarget	Analysis.Policy.Inline	Qualimetrix\Core\Symbol\SymbolLevel	Core.Symbol	contract
Qualimetrix\Analysis\Policy\Inline\Contract\ThresholdOverrideExtractor	Analysis.Policy.Inline	Qualimetrix\Analysis\Finding\Contract\Control\ControlScope	Analysis.Finding	contract
Qualimetrix\Analysis\Policy\Inline\Contract\ThresholdOverrideExtractor	Analysis.Policy.Inline	Qualimetrix\Analysis\Finding\Contract\Threshold\ThresholdOverride	Analysis.Finding	contract
Qualimetrix\Analysis\Policy\Inline\Contract\ThresholdOverrideExtractor	Analysis.Policy.Inline	Qualimetrix\Core\Symbol\MetricSubject	Core.Symbol	contract
Qualimetrix\Analysis\Policy\Inline\Contract\Threshold\ThresholdDiagnostic	Analysis.Policy.Inline	Qualimetrix\Core\Symbol\MetricSubject	Core.Symbol	contract
Qualimetrix\Analysis\Policy\Inline\Directive\Audit\AuthoredDirectiveGroup	Analysis.Policy.Inline	Qualimetrix\Core\Path\RelativePath	Core.Path	contract
Qualimetrix\Analysis\Policy\Inline\Directive\Audit\AuthoredDirectiveGroup	Analysis.Policy.Inline	Qualimetrix\Core\Symbol\MetricSubject	Core.Symbol	contract
Qualimetrix\Analysis\Policy\Inline\Directive\Audit\DirectiveUsage	Analysis.Policy.Inline	Qualimetrix\Analysis\Finding\Contract\ChannelDeclarationRegistryInterface	Analysis.Finding	contract
Qualimetrix\Analysis\Policy\Inline\Directive\Audit\DirectiveUsage	Analysis.Policy.Inline	Qualimetrix\Analysis\Finding\Contract\ChannelIdentityInterface	Analysis.Finding	contract
Qualimetrix\Analysis\Policy\Inline\Directive\Audit\DirectiveUsage	Analysis.Policy.Inline	Qualimetrix\Analysis\Finding\Contract\Finding	Analysis.Finding	contract
Qualimetrix\Analysis\Policy\Inline\Directive\Audit\DirectiveUsage	Analysis.Policy.Inline	Qualimetrix\Analysis\Finding\Contract\LevelActivity	Analysis.Finding	contract
Qualimetrix\Analysis\Policy\Inline\Directive\Audit\DirectiveUsage	Analysis.Policy.Inline	Qualimetrix\Analysis\Finding\Contract\RuleConfigurationInterface	Analysis.Finding	contract
Qualimetrix\Analysis\Policy\Inline\Directive\Audit\DirectiveUsage	Analysis.Policy.Inline	Qualimetrix\Analysis\Finding\Contract\Rule\ChannelLevelAddressing	Analysis.Finding	contract
Qualimetrix\Analysis\Policy\Inline\Directive\Audit\DirectiveUsage	Analysis.Policy.Inline	Qualimetrix\Analysis\Finding\Contract\Rule\RuleSelector	Analysis.Finding	contract
Qualimetrix\Analysis\Policy\Inline\Directive\Audit\DirectiveUsage	Analysis.Policy.Inline	Qualimetrix\Analysis\Finding\Contract\Severity	Analysis.Finding	contract
Qualimetrix\Analysis\Policy\Inline\Directive\Audit\DirectiveUsage	Analysis.Policy.Inline	Qualimetrix\Core\Path\RelativePath	Core.Path	contract
Qualimetrix\Analysis\Policy\Inline\Directive\Audit\ExecutionFingerprint	Analysis.Policy.Inline	Qualimetrix\Analysis\Finding\Contract\Finding	Analysis.Finding	contract
Qualimetrix\Analysis\Policy\Inline\Directive\Audit\ExecutionFingerprint	Analysis.Policy.Inline	Qualimetrix\Analysis\Finding\Contract\Location	Analysis.Finding	contract
Qualimetrix\Analysis\Policy\Inline\Directive\Audit\StaleDirectiveFinding	Analysis.Policy.Inline	Qualimetrix\Analysis\Finding\Contract\Finding	Analysis.Finding	contract
Qualimetrix\Analysis\Policy\Inline\Directive\Audit\StaleDirectiveFinding	Analysis.Policy.Inline	Qualimetrix\Analysis\Finding\Contract\Location	Analysis.Finding	contract
Qualimetrix\Analysis\Policy\Inline\Directive\Audit\StaleDirectiveFinding	Analysis.Policy.Inline	Qualimetrix\Analysis\Finding\Contract\Severity	Analysis.Finding	contract
Qualimetrix\Analysis\Policy\Inline\Directive\Audit\StaleDirectiveFinding	Analysis.Policy.Inline	Qualimetrix\Core\Path\RelativePath	Core.Path	contract
Qualimetrix\Analysis\Policy\Inline\Directive\Audit\StaleDirectiveFinding	Analysis.Policy.Inline	Qualimetrix\Core\Symbol\MetricSubject	Core.Symbol	contract
Qualimetrix\Analysis\Policy\Inline\Directive\Audit\StaleDirectiveFinding	Analysis.Policy.Inline	Qualimetrix\Core\Symbol\SymbolPath	Core.Symbol	contract
Qualimetrix\Analysis\Policy\Inline\Directive\Audit\ThresholdDirectiveAudit	Analysis.Policy.Inline	Qualimetrix\Analysis\Finding\Contract\ChannelDeclarationRegistryInterface	Analysis.Finding	contract
Qualimetrix\Analysis\Policy\Inline\Directive\Audit\ThresholdDirectiveAudit	Analysis.Policy.Inline	Qualimetrix\Analysis\Finding\Contract\ChannelIdentityInterface	Analysis.Finding	contract
Qualimetrix\Analysis\Policy\Inline\Directive\Audit\ThresholdDirectiveAudit	Analysis.Policy.Inline	Qualimetrix\Analysis\Finding\Contract\Finding	Analysis.Finding	contract
Qualimetrix\Analysis\Policy\Inline\Directive\Audit\ThresholdDirectiveAudit	Analysis.Policy.Inline	Qualimetrix\Analysis\Finding\Contract\LevelActivity	Analysis.Finding	contract
Qualimetrix\Analysis\Policy\Inline\Directive\Audit\ThresholdDirectiveAudit	Analysis.Policy.Inline	Qualimetrix\Analysis\Finding\Contract\RuleConfigurationInterface	Analysis.Finding	contract
Qualimetrix\Analysis\Policy\Inline\Directive\Audit\ThresholdDirectiveAudit	Analysis.Policy.Inline	Qualimetrix\Analysis\Finding\Contract\Rule\AnalysisContext	Analysis.Finding	contract
Qualimetrix\Analysis\Policy\Inline\Directive\Audit\ThresholdDirectiveAudit	Analysis.Policy.Inline	Qualimetrix\Analysis\Finding\Contract\Rule\RuleSelector	Analysis.Finding	contract
Qualimetrix\Analysis\Policy\Inline\Directive\Audit\ThresholdDirectiveAudit	Analysis.Policy.Inline	Qualimetrix\Analysis\Finding\Contract\Threshold\ThresholdOverride	Analysis.Finding	contract
Qualimetrix\Analysis\Policy\Inline\Directive\Audit\ThresholdDirectiveAudit	Analysis.Policy.Inline	Qualimetrix\Core\Symbol\SymbolLevelProjection	Core.Symbol	contract
Qualimetrix\Analysis\Policy\Inline\Directive\DirectiveAddressability	Analysis.Policy.Inline	Qualimetrix\Analysis\Finding\Contract\ChannelDeclarationRegistryInterface	Analysis.Finding	contract
Qualimetrix\Analysis\Policy\Inline\Directive\DirectiveAddressability	Analysis.Policy.Inline	Qualimetrix\Analysis\Finding\Contract\ChannelIdentityInterface	Analysis.Finding	contract
Qualimetrix\Analysis\Policy\Inline\Directive\DirectiveAddressability	Analysis.Policy.Inline	Qualimetrix\Analysis\Finding\Contract\FindingChannel	Analysis.Finding	contract
Qualimetrix\Analysis\Policy\Inline\Directive\DirectiveAddressability	Analysis.Policy.Inline	Qualimetrix\Analysis\Finding\Contract\Rule\ChannelLevelAddressing	Analysis.Finding	contract
Qualimetrix\Analysis\Policy\Inline\Directive\DirectiveAddressability	Analysis.Policy.Inline	Qualimetrix\Analysis\Finding\Contract\Rule\ChannelLevelSelector	Analysis.Finding	contract
Qualimetrix\Analysis\Policy\Inline\Directive\DirectiveAddressability	Analysis.Policy.Inline	Qualimetrix\Analysis\Finding\Contract\Threshold\ThresholdOverride	Analysis.Finding	contract
Qualimetrix\Analysis\Policy\Inline\Directive\DirectiveChannelBan	Analysis.Policy.Inline	Qualimetrix\Analysis\Finding\Contract\ChannelIdentityInterface	Analysis.Finding	contract
Qualimetrix\Analysis\Policy\Inline\Directive\DirectiveChannelBan	Analysis.Policy.Inline	Qualimetrix\Analysis\Finding\Contract\Rule\NameSelector	Analysis.Finding	contract
Qualimetrix\Analysis\Policy\Inline\Directive\DirectiveLevels	Analysis.Policy.Inline	Qualimetrix\Core\Symbol\SymbolLevelProjection	Core.Symbol	contract
Qualimetrix\Analysis\Policy\Inline\Directive\DirectiveNameHints	Analysis.Policy.Inline	Qualimetrix\Analysis\Finding\Contract\ChannelDeclarationRegistryInterface	Analysis.Finding	contract
Qualimetrix\Analysis\Policy\Inline\Directive\DirectiveNameHints	Analysis.Policy.Inline	Qualimetrix\Analysis\Finding\Contract\ChannelIdentityInterface	Analysis.Finding	contract
Qualimetrix\Analysis\Policy\Inline\Directive\DirectiveNameHints	Analysis.Policy.Inline	Qualimetrix\Analysis\Finding\Contract\FindingChannel	Analysis.Finding	contract
Qualimetrix\Analysis\Policy\Inline\Directive\DirectiveNameHints	Analysis.Policy.Inline	Qualimetrix\Analysis\Finding\Contract\Rule\NameSelector	Analysis.Finding	contract
Qualimetrix\Analysis\Policy\Inline\Directive\InlineDirectiveOptions	Analysis.Policy.Inline	Qualimetrix\Analysis\Configuration\Contract\Refusal\ConfigurationRefusal	Analysis.Configuration	contract
Qualimetrix\Analysis\Policy\Inline\Directive\InlineDirectiveOptions	Analysis.Policy.Inline	Qualimetrix\Analysis\Configuration\Contract\Refusal\RefusedPosition	Analysis.Configuration	contract
Qualimetrix\Analysis\Policy\Inline\Directive\InlineDirectiveOptions	Analysis.Policy.Inline	Qualimetrix\Analysis\Finding\Contract\Rule\RuleOptionKey	Analysis.Finding	contract
Qualimetrix\Analysis\Policy\Inline\Directive\InlineDirectiveOptions	Analysis.Policy.Inline	Qualimetrix\Analysis\Finding\Contract\Rule\RuleOptionKeySet	Analysis.Finding	contract
Qualimetrix\Analysis\Policy\Inline\Directive\InlineDirectiveOptions	Analysis.Policy.Inline	Qualimetrix\Analysis\Finding\Contract\Rule\RuleOptionShape	Analysis.Finding	contract
Qualimetrix\Analysis\Policy\Inline\Directive\InlineDirectiveOptions	Analysis.Policy.Inline	Qualimetrix\Analysis\Finding\Contract\Rule\RuleOptionsInterface	Analysis.Finding	contract
Qualimetrix\Analysis\Policy\Inline\Directive\InlineDirectiveOptions	Analysis.Policy.Inline	Qualimetrix\Analysis\Finding\Contract\Severity	Analysis.Finding	contract
Qualimetrix\Analysis\Policy\Inline\Directive\InlineDirectivePolicy	Analysis.Policy.Inline	Qualimetrix\Analysis\Finding\Contract\LevelActivity	Analysis.Finding	contract
Qualimetrix\Analysis\Policy\Inline\Directive\InlineDirectivePolicy	Analysis.Policy.Inline	Qualimetrix\Analysis\Finding\Contract\Severity	Analysis.Finding	contract
Qualimetrix\Analysis\Policy\Inline\Directive\InlineDirectivePolicy	Analysis.Policy.Inline	Qualimetrix\Analysis\Finding\Contract\Threshold\ThresholdOverride	Analysis.Finding	contract
Qualimetrix\Analysis\Policy\Inline\Directive\InlineDirectiveValidator	Analysis.Policy.Inline	Qualimetrix\Analysis\Finding\Contract\ChannelDeclaration	Analysis.Finding	contract
Qualimetrix\Analysis\Policy\Inline\Directive\InlineDirectiveValidator	Analysis.Policy.Inline	Qualimetrix\Analysis\Finding\Contract\ChannelDeclarationRegistryInterface	Analysis.Finding	contract
Qualimetrix\Analysis\Policy\Inline\Directive\InlineDirectiveValidator	Analysis.Policy.Inline	Qualimetrix\Analysis\Finding\Contract\ChannelIdentityInterface	Analysis.Finding	contract
Qualimetrix\Analysis\Policy\Inline\Directive\InlineDirectiveValidator	Analysis.Policy.Inline	Qualimetrix\Analysis\Finding\Contract\ChannelShape	Analysis.Finding	contract
Qualimetrix\Analysis\Policy\Inline\Directive\InlineDirectiveValidator	Analysis.Policy.Inline	Qualimetrix\Analysis\Finding\Contract\ConfigurationValidatorInterface	Analysis.Finding	contract
Qualimetrix\Analysis\Policy\Inline\Directive\InlineDirectiveValidator	Analysis.Policy.Inline	Qualimetrix\Analysis\Finding\Contract\Finding	Analysis.Finding	contract
Qualimetrix\Analysis\Policy\Inline\Directive\InlineDirectiveValidator	Analysis.Policy.Inline	Qualimetrix\Analysis\Finding\Contract\Location	Analysis.Finding	contract
Qualimetrix\Analysis\Policy\Inline\Directive\InlineDirectiveValidator	Analysis.Policy.Inline	Qualimetrix\Analysis\Finding\Contract\Rule\AnalysisContext	Analysis.Finding	contract
Qualimetrix\Analysis\Policy\Inline\Directive\InlineDirectiveValidator	Analysis.Policy.Inline	Qualimetrix\Analysis\Finding\Contract\Rule\RuleOptionsInterface	Analysis.Finding	contract
Qualimetrix\Analysis\Policy\Inline\Directive\InlineDirectiveValidator	Analysis.Policy.Inline	Qualimetrix\Analysis\Finding\Contract\Severity	Analysis.Finding	contract
Qualimetrix\Analysis\Policy\Inline\Directive\InlineDirectiveValidator	Analysis.Policy.Inline	Qualimetrix\Analysis\Finding\Contract\Threshold\ThresholdOverride	Analysis.Finding	contract
Qualimetrix\Analysis\Policy\Inline\Directive\InlineDirectiveValidator	Analysis.Policy.Inline	Qualimetrix\Core\Path\RelativePath	Core.Path	contract
Qualimetrix\Analysis\Policy\Inline\Directive\InlineDirectiveValidator	Analysis.Policy.Inline	Qualimetrix\Core\Symbol\MetricSubject	Core.Symbol	contract
Qualimetrix\Analysis\Policy\Inline\Directive\InlineDirectiveValidator	Analysis.Policy.Inline	Qualimetrix\Core\Symbol\SymbolLevel	Core.Symbol	contract
Qualimetrix\Analysis\Policy\Inline\Directive\InlineDirectiveValidator	Analysis.Policy.Inline	Qualimetrix\Core\Symbol\SymbolPath	Core.Symbol	contract
Qualimetrix\Analysis\Policy\Inline\Directive\UnusedDirectiveRule	Analysis.Policy.Inline	Qualimetrix\Analysis\Finding\Contract\ChannelDeclaration	Analysis.Finding	contract
Qualimetrix\Analysis\Policy\Inline\Directive\UnusedDirectiveRule	Analysis.Policy.Inline	Qualimetrix\Analysis\Finding\Contract\ChannelShape	Analysis.Finding	contract
Qualimetrix\Analysis\Policy\Inline\Directive\UnusedDirectiveRule	Analysis.Policy.Inline	Qualimetrix\Analysis\Finding\Contract\Rule\AbstractRule	Analysis.Finding	contract
Qualimetrix\Analysis\Policy\Inline\Directive\UnusedDirectiveRule	Analysis.Policy.Inline	Qualimetrix\Analysis\Finding\Contract\Rule\AnalysisContext	Analysis.Finding	contract
Qualimetrix\Analysis\Policy\Inline\Directive\UnusedDirectiveRule	Analysis.Policy.Inline	Qualimetrix\Analysis\Finding\Contract\Rule\RuleOptionsInterface	Analysis.Finding	contract
Qualimetrix\Analysis\Policy\Inline\Directive\UnusedDirectiveRule	Analysis.Policy.Inline	Qualimetrix\Core\Symbol\SymbolLevel	Core.Symbol	contract
Qualimetrix\Analysis\Policy\Inline\Extraction\DeclarationControlBindings	Analysis.Policy.Inline	Qualimetrix\Analysis\Evidence\Measurement\Contract\CallableWithMetrics	Analysis.Evidence.Measurement	contract
Qualimetrix\Analysis\Policy\Inline\Extraction\DeclarationControlBindings	Analysis.Policy.Inline	Qualimetrix\Analysis\Finding\Contract\Control\ControlScope	Analysis.Finding	contract
Qualimetrix\Analysis\Policy\Inline\Extraction\DeclarationControlBindings	Analysis.Policy.Inline	Qualimetrix\Core\Path\RelativePath	Core.Path	contract
Qualimetrix\Analysis\Policy\Inline\Extraction\DeclarationControlBindings	Analysis.Policy.Inline	Qualimetrix\Core\Symbol\MetricSubject	Core.Symbol	contract
Qualimetrix\Analysis\Policy\Inline\Extraction\DeclarationControlBindings	Analysis.Policy.Inline	Qualimetrix\Core\Symbol\SymbolPath	Core.Symbol	contract
Qualimetrix\Analysis\Policy\Inline\Extraction\SourceControlExtractor	Analysis.Policy.Inline	Qualimetrix\Analysis\Finding\Contract\Control\ControlScope	Analysis.Finding	contract
Qualimetrix\Analysis\Policy\Inline\Extraction\SourceControlExtractor	Analysis.Policy.Inline	Qualimetrix\Core\Path\RelativePath	Core.Path	contract
Qualimetrix\Analysis\Policy\Inline\Suppression\SuppressionFilter	Analysis.Policy.Inline	Qualimetrix\Analysis\Finding\Contract\Filter\FindingFilterInterface	Analysis.Finding	contract
Qualimetrix\Analysis\Policy\Inline\Suppression\SuppressionFilter	Analysis.Policy.Inline	Qualimetrix\Analysis\Finding\Contract\Finding	Analysis.Finding	contract
Qualimetrix\Analysis\Run\Collection\CollectionOrchestrator	Analysis.Run	Qualimetrix\Analysis\Evidence\Measurement\Contract\ClassWithMetrics	Analysis.Evidence.Measurement	contract
Qualimetrix\Analysis\Run\Collection\CollectionOrchestrator	Analysis.Run	Qualimetrix\Analysis\Evidence\Measurement\Contract\DerivedMetricExtractorInterface	Analysis.Evidence.Measurement	contract
Qualimetrix\Analysis\Run\Collection\CollectionOrchestrator	Analysis.Run	Qualimetrix\Analysis\Evidence\Measurement\Contract\MetricBag	Analysis.Evidence.Measurement	contract
Qualimetrix\Analysis\Run\Collection\CollectionOrchestrator	Analysis.Run	Qualimetrix\Analysis\Evidence\Measurement\Contract\MetricRepositoryInterface	Analysis.Evidence.Measurement	contract
Qualimetrix\Analysis\Run\Collection\CollectionOrchestrator	Analysis.Run	Qualimetrix\Core\Path\AbsolutePath	Core.Path	contract
Qualimetrix\Analysis\Run\Collection\CollectionOrchestrator	Analysis.Run	Qualimetrix\Core\Path\PathFactory	Core.Path	contract
Qualimetrix\Analysis\Run\Collection\CollectionOrchestrator	Analysis.Run	Qualimetrix\Core\Profiler\Contract\ProfilerInterface	Core.Profiler	contract
Qualimetrix\Analysis\Run\Collection\CollectionOrchestrator	Analysis.Run	Qualimetrix\Core\Symbol\SymbolPath	Core.Symbol	contract
Qualimetrix\Analysis\Run\Collection\FileProcessor	Analysis.Run	Qualimetrix\Analysis\Evidence\Measurement\Contract\CallableMetricsProviderInterface	Analysis.Evidence.Measurement	contract
Qualimetrix\Analysis\Run\Collection\FileProcessor	Analysis.Run	Qualimetrix\Analysis\Evidence\Measurement\Contract\CallableWithMetrics	Analysis.Evidence.Measurement	contract
Qualimetrix\Analysis\Run\Collection\FileProcessor	Analysis.Run	Qualimetrix\Analysis\Evidence\Measurement\Contract\ClassMetricsProviderInterface	Analysis.Evidence.Measurement	contract
Qualimetrix\Analysis\Run\Collection\FileProcessor	Analysis.Run	Qualimetrix\Analysis\Evidence\Measurement\Contract\CollectionOutput	Analysis.Evidence.Measurement	contract
Qualimetrix\Analysis\Run\Collection\FileProcessor	Analysis.Run	Qualimetrix\Analysis\Evidence\Measurement\Contract\FileMeasurementCollectorInterface	Analysis.Evidence.Measurement	contract
Qualimetrix\Analysis\Run\Collection\FileProcessor	Analysis.Run	Qualimetrix\Analysis\Evidence\Measurement\Contract\NamespaceMetricProviderInterface	Analysis.Evidence.Measurement	contract
Qualimetrix\Analysis\Run\Collection\FileProcessor	Analysis.Run	Qualimetrix\Analysis\Policy\Inline\Contract\SourceControlExtractorInterface	Analysis.Policy.Inline	contract
Qualimetrix\Analysis\Run\Collection\FileProcessor	Analysis.Run	Qualimetrix\Core\Ast\FileParserInterface	Core.Neutral	contract
Qualimetrix\Analysis\Run\Collection\FileProcessor	Analysis.Run	Qualimetrix\Core\Exception\ParseException	Core.Neutral	contract
Qualimetrix\Analysis\Run\Collection\FileProcessor	Analysis.Run	Qualimetrix\Core\Path\AbsolutePath	Core.Path	contract
Qualimetrix\Analysis\Run\Collection\FileProcessor	Analysis.Run	Qualimetrix\Core\Path\PathFactory	Core.Path	contract
Qualimetrix\Analysis\Run\Collection\FileProcessor	Analysis.Run	Qualimetrix\Core\Path\RelativePath	Core.Path	contract
Qualimetrix\Analysis\Run\Configuration\ProjectScopeCoverage	Analysis.Run	Qualimetrix\Analysis\Configuration\Contract\Discovery\ComposerAutoloadPathReaderInterface	Analysis.Configuration	contract
Qualimetrix\Analysis\Run\Configuration\ProjectScopeCoverage	Analysis.Run	Qualimetrix\Analysis\Configuration\Contract\Refusal\ConfigurationRefusal	Analysis.Configuration	contract
Qualimetrix\Analysis\Run\Configuration\ProjectScopeCoverage	Analysis.Run	Qualimetrix\Core\Path\AbsolutePath	Core.Path	contract
Qualimetrix\Analysis\Run\Configuration\ProjectScopeCoverage	Analysis.Run	Qualimetrix\Core\Path\PathFactory	Core.Path	contract
Qualimetrix\Analysis\Run\Configuration\ProjectScopeCoverage	Analysis.Run	Qualimetrix\Core\Path\RelativePath	Core.Path	contract
Qualimetrix\Analysis\Run\Configuration\RunConfigurationResolver	Analysis.Run	Qualimetrix\Analysis\Configuration\ConfigSchema	Analysis.Configuration	contract
Qualimetrix\Analysis\Run\Configuration\RunConfigurationResolver	Analysis.Run	Qualimetrix\Analysis\Configuration\Contract\ConfigurationDocument	Analysis.Configuration	contract
Qualimetrix\Analysis\Run\Configuration\RunConfigurationResolver	Analysis.Run	Qualimetrix\Analysis\Configuration\Contract\Refusal\ConfigurationOrigin	Analysis.Configuration	contract
Qualimetrix\Analysis\Run\Configuration\RunConfigurationResolver	Analysis.Run	Qualimetrix\Analysis\Configuration\Contract\Refusal\ConfigurationRefusal	Analysis.Configuration	contract
Qualimetrix\Analysis\Run\Configuration\RunConfigurationResolver	Analysis.Run	Qualimetrix\Analysis\Configuration\Contract\Refusal\ConfigurationSource	Analysis.Configuration	contract
Qualimetrix\Analysis\Run\Configuration\RunConfigurationResolver	Analysis.Run	Qualimetrix\Analysis\Configuration\SelectorYamlDecoder	Analysis.Configuration	contract
Qualimetrix\Analysis\Run\Configuration\RunConfigurationResolver	Analysis.Run	Qualimetrix\Core\Path\AbsolutePath	Core.Path	contract
Qualimetrix\Analysis\Run\Configuration\RunConfigurationResolver	Analysis.Run	Qualimetrix\Core\Path\PathFactory	Core.Path	contract
Qualimetrix\Analysis\Run\Configuration\RunConfigurationResolver	Analysis.Run	Qualimetrix\Core\Pattern\PathPattern	Core.Neutral	contract
Qualimetrix\Analysis\Run\Configuration\RunConfigurationResolver	Analysis.Run	Qualimetrix\Core\Pattern\SelectorDefinition	Core.Neutral	contract
Qualimetrix\Analysis\Run\Contract\Collection\CollectionOrchestratorInterface	Analysis.Run	Qualimetrix\Analysis\Evidence\Measurement\Contract\MetricRepositoryInterface	Analysis.Evidence.Measurement	contract
Qualimetrix\Analysis\Run\Contract\Collection\CollectionOrchestratorInterface	Analysis.Run	Qualimetrix\Core\Path\AbsolutePath	Core.Path	contract
Qualimetrix\Analysis\Run\Contract\Collection\CollectionPhaseOutput	Analysis.Run	Qualimetrix\Core\Path\RelativePath	Core.Path	contract
Qualimetrix\Analysis\Run\Contract\Collection\FileProcessingResult	Analysis.Run	Qualimetrix\Analysis\Evidence\Measurement\Contract\MetricBag	Analysis.Evidence.Measurement	contract
Qualimetrix\Analysis\Run\Contract\Collection\FileProcessingResult	Analysis.Run	Qualimetrix\Core\Path\RelativePath	Core.Path	contract
Qualimetrix\Analysis\Run\Contract\Collection\FileProcessorInterface	Analysis.Run	Qualimetrix\Core\Path\AbsolutePath	Core.Path	contract
Qualimetrix\Analysis\Run\Contract\Collection\Strategy\StrategySelectorInterface	Analysis.Run	Qualimetrix\Core\Path\AbsolutePath	Core.Path	contract
Qualimetrix\Analysis\Run\Contract\Collection\SuccessfulFileProcessing	Analysis.Run	Qualimetrix\Analysis\Evidence\Measurement\Contract\MetricBag	Analysis.Evidence.Measurement	contract
Qualimetrix\Analysis\Run\Contract\Configuration\RunConfiguration	Analysis.Run	Qualimetrix\Core\Path\AbsolutePath	Core.Path	contract
Qualimetrix\Analysis\Run\Contract\Configuration\RunConfigurationResolverInterface	Analysis.Run	Qualimetrix\Analysis\Configuration\Contract\ConfigurationDocument	Analysis.Configuration	contract
Qualimetrix\Analysis\Run\Contract\Discovery\FileDiscoveryFactoryInterface	Analysis.Run	Qualimetrix\Core\Path\AbsolutePath	Core.Path	contract
Qualimetrix\Analysis\Run\Contract\Discovery\FileDiscoveryInterface	Analysis.Run	Qualimetrix\Core\Path\AbsolutePath	Core.Path	contract
Qualimetrix\Analysis\Run\Contract\Discovery\SkippedEntry	Analysis.Run	Qualimetrix\Core\Path\AbsolutePath	Core.Path	contract
Qualimetrix\Analysis\Run\Contract\Discovery\SkippedEntry	Analysis.Run	Qualimetrix\Core\Path\PathFactory	Core.Path	contract
Qualimetrix\Analysis\Run\Contract\Discovery\SkippedEntry	Analysis.Run	Qualimetrix\Core\Path\RelativePath	Core.Path	contract
Qualimetrix\Analysis\Run\Contract\FileSetInspectionParticipantInterface	Analysis.Run	Qualimetrix\Core\Path\AbsolutePath	Core.Path	contract
Qualimetrix\Analysis\Run\Contract\Pipeline\AnalysisCoverage	Analysis.Run	Qualimetrix\Core\Path\RelativePath	Core.Path	contract
Qualimetrix\Analysis\Run\Contract\Pipeline\AnalysisFailure	Analysis.Run	Qualimetrix\Core\Path\RelativePath	Core.Path	contract
Qualimetrix\Analysis\Run\Contract\Pipeline\AnalysisResult	Analysis.Run	Qualimetrix\Analysis\Evidence\Measurement\Contract\MetricRepositoryInterface	Analysis.Evidence.Measurement	contract
Qualimetrix\Analysis\Run\Contract\Pipeline\AnalysisResult	Analysis.Run	Qualimetrix\Analysis\Evidence\Measurement\Contract\NamespaceTree	Analysis.Evidence.Measurement	contract
Qualimetrix\Analysis\Run\Contract\Pipeline\AnalysisResult	Analysis.Run	Qualimetrix\Analysis\Finding\Contract\Finding	Analysis.Finding	contract
Qualimetrix\Analysis\Run\Contract\Pipeline\AnalysisResult	Analysis.Run	Qualimetrix\Analysis\Finding\Contract\RuleExecutionResult	Analysis.Finding	contract
Qualimetrix\Analysis\Run\Contract\Pipeline\AnalysisResult	Analysis.Run	Qualimetrix\Analysis\Finding\Contract\Severity	Analysis.Finding	contract
Qualimetrix\Analysis\Run\Contract\Pipeline\DependencyGraphAnalysisResult	Analysis.Run	Qualimetrix\Analysis\Evidence\DependencyModel\Contract\DependencyGraphInterface	Analysis.Evidence.DependencyModel	contract
Qualimetrix\Analysis\Run\Contract\Pipeline\DependencyGraphAnalyzerInterface	Analysis.Run	Qualimetrix\Core\Path\AbsolutePath	Core.Path	contract
Qualimetrix\Analysis\Run\Contract\Pipeline\DirectiveAuditInterface	Analysis.Run	Qualimetrix\Analysis\Policy\Inline\Contract\Directive\DirectiveSweepScope	Analysis.Policy.Inline	contract
Qualimetrix\Analysis\Run\Contract\Pipeline\DirectiveAuditReport	Analysis.Run	Qualimetrix\Analysis\Policy\Inline\Contract\Directive\DirectiveSweepScope	Analysis.Policy.Inline	contract
Qualimetrix\Analysis\Run\Discovery\AnalysisFileDiscovery	Analysis.Run	Qualimetrix\Core\Path\AbsolutePath	Core.Path	contract
Qualimetrix\Analysis\Run\Discovery\AnalysisFileDiscovery	Analysis.Run	Qualimetrix\Core\Path\PathFactory	Core.Path	contract
Qualimetrix\Analysis\Run\Discovery\AnalysisFileDiscovery	Analysis.Run	Qualimetrix\Core\Path\RelativePath	Core.Path	contract
Qualimetrix\Analysis\Run\Discovery\DirectoryPruner	Analysis.Run	Qualimetrix\Core\Path\AbsolutePath	Core.Path	contract
Qualimetrix\Analysis\Run\Discovery\DirectoryPruner	Analysis.Run	Qualimetrix\Core\Pattern\PathPattern	Core.Neutral	contract
Qualimetrix\Analysis\Run\Discovery\DirectoryPruner	Analysis.Run	Qualimetrix\Core\Pattern\PatternMatch	Core.Neutral	contract
Qualimetrix\Analysis\Run\Discovery\DirectoryPruner	Analysis.Run	Qualimetrix\Core\Pattern\SelectorDefinition	Core.Neutral	contract
Qualimetrix\Analysis\Run\Discovery\DirectoryPruner	Analysis.Run	Qualimetrix\Core\Pattern\SelectorKind	Core.Neutral	contract
Qualimetrix\Analysis\Run\Discovery\FileDiscoveryFactory	Analysis.Run	Qualimetrix\Core\Path\AbsolutePath	Core.Path	contract
Qualimetrix\Analysis\Run\Discovery\FinderFileDiscovery	Analysis.Run	Qualimetrix\Core\Path\AbsolutePath	Core.Path	contract
Qualimetrix\Analysis\Run\ExcludeBinding\ExcludeBindingProbe	Analysis.Run	Qualimetrix\Core\Path\AbsolutePath	Core.Path	contract
Qualimetrix\Analysis\Run\ExcludeBinding\ExcludeBindingProbe	Analysis.Run	Qualimetrix\Core\Pattern\PathPattern	Core.Neutral	contract
Qualimetrix\Analysis\Run\ExcludeBinding\UnjudgedExcludeFinding	Analysis.Run	Qualimetrix\Analysis\Finding\Contract\Finding	Analysis.Finding	contract
Qualimetrix\Analysis\Run\ExcludeBinding\UnjudgedExcludeFinding	Analysis.Run	Qualimetrix\Analysis\Finding\Contract\Location	Analysis.Finding	contract
Qualimetrix\Analysis\Run\ExcludeBinding\UnjudgedExcludeFinding	Analysis.Run	Qualimetrix\Analysis\Finding\Contract\OccurrenceKey	Analysis.Finding	contract
Qualimetrix\Analysis\Run\ExcludeBinding\UnjudgedExcludeFinding	Analysis.Run	Qualimetrix\Analysis\Finding\Contract\Severity	Analysis.Finding	contract
Qualimetrix\Analysis\Run\ExcludeBinding\UnjudgedExcludeFinding	Analysis.Run	Qualimetrix\Core\Path\AbsolutePath	Core.Path	contract
Qualimetrix\Analysis\Run\ExcludeBinding\UnjudgedExcludeFinding	Analysis.Run	Qualimetrix\Core\Symbol\MetricSubject	Core.Symbol	contract
Qualimetrix\Analysis\Run\ExcludeBinding\UnjudgedExcludeFinding	Analysis.Run	Qualimetrix\Core\Symbol\SymbolPath	Core.Symbol	contract
Qualimetrix\Analysis\Run\ExcludeBinding\UnmatchedExcludeAudit	Analysis.Run	Qualimetrix\Analysis\Finding\Contract\Finding	Analysis.Finding	contract
Qualimetrix\Analysis\Run\ExcludeBinding\UnmatchedExcludeAudit	Analysis.Run	Qualimetrix\Analysis\Finding\Contract\Location	Analysis.Finding	contract
Qualimetrix\Analysis\Run\ExcludeBinding\UnmatchedExcludeAudit	Analysis.Run	Qualimetrix\Analysis\Finding\Contract\OccurrenceKey	Analysis.Finding	contract
Qualimetrix\Analysis\Run\ExcludeBinding\UnmatchedExcludeAudit	Analysis.Run	Qualimetrix\Analysis\Finding\Contract\Rule\RuleOptionsInterface	Analysis.Finding	contract
Qualimetrix\Analysis\Run\ExcludeBinding\UnmatchedExcludeAudit	Analysis.Run	Qualimetrix\Analysis\Finding\Contract\Severity	Analysis.Finding	contract
Qualimetrix\Analysis\Run\ExcludeBinding\UnmatchedExcludeAudit	Analysis.Run	Qualimetrix\Core\Path\AbsolutePath	Core.Path	contract
Qualimetrix\Analysis\Run\ExcludeBinding\UnmatchedExcludeAudit	Analysis.Run	Qualimetrix\Core\Pattern\PathPattern	Core.Neutral	contract
Qualimetrix\Analysis\Run\ExcludeBinding\UnmatchedExcludeAudit	Analysis.Run	Qualimetrix\Core\Symbol\MetricSubject	Core.Symbol	contract
Qualimetrix\Analysis\Run\ExcludeBinding\UnmatchedExcludeAudit	Analysis.Run	Qualimetrix\Core\Symbol\SymbolPath	Core.Symbol	contract
Qualimetrix\Analysis\Run\ExcludeBinding\UnmatchedExcludeOptions	Analysis.Run	Qualimetrix\Analysis\Finding\Contract\Rule\RuleOptionKey	Analysis.Finding	contract
Qualimetrix\Analysis\Run\ExcludeBinding\UnmatchedExcludeOptions	Analysis.Run	Qualimetrix\Analysis\Finding\Contract\Rule\RuleOptionKeySet	Analysis.Finding	contract
Qualimetrix\Analysis\Run\ExcludeBinding\UnmatchedExcludeOptions	Analysis.Run	Qualimetrix\Analysis\Finding\Contract\Rule\RuleOptionShape	Analysis.Finding	contract
Qualimetrix\Analysis\Run\ExcludeBinding\UnmatchedExcludeOptions	Analysis.Run	Qualimetrix\Analysis\Finding\Contract\Rule\RuleOptionsInterface	Analysis.Finding	contract
Qualimetrix\Analysis\Run\ExcludeBinding\UnmatchedExcludeOptions	Analysis.Run	Qualimetrix\Analysis\Finding\Contract\Severity	Analysis.Finding	contract
Qualimetrix\Analysis\Run\ExcludeBinding\UnmatchedExcludeRule	Analysis.Run	Qualimetrix\Analysis\Finding\Contract\ChannelDeclaration	Analysis.Finding	contract
Qualimetrix\Analysis\Run\ExcludeBinding\UnmatchedExcludeRule	Analysis.Run	Qualimetrix\Analysis\Finding\Contract\ChannelShape	Analysis.Finding	contract
Qualimetrix\Analysis\Run\ExcludeBinding\UnmatchedExcludeRule	Analysis.Run	Qualimetrix\Analysis\Finding\Contract\Rule\AbstractRule	Analysis.Finding	contract
Qualimetrix\Analysis\Run\ExcludeBinding\UnmatchedExcludeRule	Analysis.Run	Qualimetrix\Analysis\Finding\Contract\Rule\AnalysisContext	Analysis.Finding	contract
Qualimetrix\Analysis\Run\ExcludeBinding\UnmatchedExcludeRule	Analysis.Run	Qualimetrix\Core\Symbol\SymbolLevel	Core.Symbol	contract
Qualimetrix\Analysis\Run\FileSetInspection\FileSetInspectionComposite	Analysis.Run	Qualimetrix\Core\Path\AbsolutePath	Core.Path	contract
Qualimetrix\Analysis\Run\FileSetInspection\FileSetInspectionComposite	Analysis.Run	Qualimetrix\Core\Profiler\Contract\ProfilerInterface	Core.Profiler	contract
Qualimetrix\Analysis\Run\FileSetInspection\RuleSelectorProducerGate	Analysis.Run	Qualimetrix\Analysis\Finding\Contract\Rule\RuleSelector	Analysis.Finding	contract
Qualimetrix\Analysis\Run\Pipeline\AnalysisPipeline	Analysis.Run	Qualimetrix\Analysis\Evidence\ComputedMetrics\Contract\Evaluation\ComputedMetricEvaluator	Analysis.Evidence.ComputedMetrics	contract
Qualimetrix\Analysis\Run\Pipeline\AnalysisPipeline	Analysis.Run	Qualimetrix\Analysis\Evidence\DependencyModel\Contract\DependencyGraphBuilderInterface	Analysis.Evidence.DependencyModel	contract
Qualimetrix\Analysis\Run\Pipeline\AnalysisPipeline	Analysis.Run	Qualimetrix\Analysis\Evidence\DependencyModel\Contract\DependencyGraphInterface	Analysis.Evidence.DependencyModel	contract
Qualimetrix\Analysis\Run\Pipeline\AnalysisPipeline	Analysis.Run	Qualimetrix\Analysis\Evidence\Measurement\Contract\MeasurementAggregationInterface	Analysis.Evidence.Measurement	contract
Qualimetrix\Analysis\Run\Pipeline\AnalysisPipeline	Analysis.Run	Qualimetrix\Analysis\Evidence\Measurement\Contract\MetricRepositoryFactoryInterface	Analysis.Evidence.Measurement	contract
Qualimetrix\Analysis\Run\Pipeline\AnalysisPipeline	Analysis.Run	Qualimetrix\Analysis\Evidence\Measurement\Contract\MetricRepositoryInterface	Analysis.Evidence.Measurement	contract
Qualimetrix\Analysis\Run\Pipeline\AnalysisPipeline	Analysis.Run	Qualimetrix\Analysis\Finding\Contract\RuleExecutionInterface	Analysis.Finding	contract
Qualimetrix\Analysis\Run\Pipeline\AnalysisPipeline	Analysis.Run	Qualimetrix\Analysis\Finding\Contract\Rule\AnalysisContext	Analysis.Finding	contract
Qualimetrix\Analysis\Run\Pipeline\AnalysisPipeline	Analysis.Run	Qualimetrix\Analysis\Policy\Inline\Contract\Directive\DirectiveSweepScope	Analysis.Policy.Inline	contract
Qualimetrix\Analysis\Run\Pipeline\AnalysisPipeline	Analysis.Run	Qualimetrix\Analysis\Policy\Inline\Contract\Directive\DirectiveVerdict	Analysis.Policy.Inline	contract
Qualimetrix\Analysis\Run\Pipeline\AnalysisPipeline	Analysis.Run	Qualimetrix\Core\Path\AbsolutePath	Core.Path	contract
Qualimetrix\Analysis\Run\Pipeline\AnalysisPipeline	Analysis.Run	Qualimetrix\Core\Path\PathFactory	Core.Path	contract
Qualimetrix\Analysis\Run\Pipeline\AnalysisPipeline	Analysis.Run	Qualimetrix\Core\Path\RelativePath	Core.Path	contract
Qualimetrix\Analysis\Run\Pipeline\AnalysisPipeline	Analysis.Run	Qualimetrix\Core\Profiler\Contract\ProfilerInterface	Core.Profiler	contract
Qualimetrix\Analysis\Run\Pipeline\AnalysisPipeline	Analysis.Run	Qualimetrix\Core\Symbol\SymbolLevel	Core.Symbol	contract
Qualimetrix\Analysis\Run\Pipeline\DependencyGraphAnalyzer	Analysis.Run	Qualimetrix\Analysis\Evidence\DependencyModel\Contract\DependencyGraphBuilderInterface	Analysis.Evidence.DependencyModel	contract
Qualimetrix\Analysis\Run\Pipeline\DependencyGraphAnalyzer	Analysis.Run	Qualimetrix\Analysis\Evidence\DependencyModel\Contract\DependencyTraversalParticipantInterface	Analysis.Evidence.DependencyModel	contract
Qualimetrix\Analysis\Run\Pipeline\DependencyGraphAnalyzer	Analysis.Run	Qualimetrix\Analysis\Evidence\Measurement\Contract\DeclarationRegistrarFactory	Analysis.Evidence.Measurement	contract
Qualimetrix\Analysis\Run\Pipeline\DependencyGraphAnalyzer	Analysis.Run	Qualimetrix\Analysis\Evidence\Measurement\Contract\DeclarationRegistrarInterface	Analysis.Evidence.Measurement	contract
Qualimetrix\Analysis\Run\Pipeline\DependencyGraphAnalyzer	Analysis.Run	Qualimetrix\Core\Ast\FileParserInterface	Core.Neutral	contract
Qualimetrix\Analysis\Run\Pipeline\DependencyGraphAnalyzer	Analysis.Run	Qualimetrix\Core\Exception\ParseException	Core.Neutral	contract
Qualimetrix\Analysis\Run\Pipeline\DependencyGraphAnalyzer	Analysis.Run	Qualimetrix\Core\Path\AbsolutePath	Core.Path	contract
Qualimetrix\Analysis\Run\Pipeline\DependencyGraphAnalyzer	Analysis.Run	Qualimetrix\Core\Path\PathFactory	Core.Path	contract
Qualimetrix\Analysis\Run\Pipeline\DependencyGraphAnalyzer	Analysis.Run	Qualimetrix\Core\Symbol\LogicalClassPath	Core.Symbol	contract
Qualimetrix\Analysis\Run\Pipeline\DependencyGraphAnalyzer	Analysis.Run	Qualimetrix\Core\Symbol\SymbolPath	Core.Symbol	contract
Qualimetrix\Analysis\Run\Pipeline\PreparedRun	Analysis.Run	Qualimetrix\Analysis\Evidence\Measurement\Contract\NamespaceTree	Analysis.Evidence.Measurement	contract
Qualimetrix\Analysis\Run\Pipeline\PreparedRun	Analysis.Run	Qualimetrix\Analysis\Finding\Contract\RuleExecutionResult	Analysis.Finding	contract
Qualimetrix\Analysis\Run\Pipeline\PreparedRun	Analysis.Run	Qualimetrix\Analysis\Finding\Contract\Rule\AnalysisContext	Analysis.Finding	contract
Qualimetrix\Analysis\Run\RuleProducerPreparation	Analysis.Run	Qualimetrix\Analysis\Evidence\CircularDependency\Contract\CircularDependencyPreparationInterface	Analysis.Evidence.CircularDependency	contract
Qualimetrix\Analysis\Run\RuleProducerPreparation	Analysis.Run	Qualimetrix\Analysis\Evidence\DependencyModel\Contract\DependencyGraphInterface	Analysis.Evidence.DependencyModel	contract
Qualimetrix\Analysis\Run\RuleProducerPreparation	Analysis.Run	Qualimetrix\Analysis\Finding\Contract\LevelActivity	Analysis.Finding	contract
Qualimetrix\Analysis\Run\RuleProducerPreparation	Analysis.Run	Qualimetrix\Analysis\Finding\Contract\RuleConfigurationInterface	Analysis.Finding	contract
Qualimetrix\Analysis\Run\RuleProducerPreparation	Analysis.Run	Qualimetrix\Analysis\Finding\Contract\RuleExecutionInterface	Analysis.Finding	contract
Qualimetrix\Analysis\Run\RuleProducerPreparation	Analysis.Run	Qualimetrix\Analysis\Finding\Contract\RuleExecutionResult	Analysis.Finding	contract
Qualimetrix\Analysis\Run\RuleProducerPreparation	Analysis.Run	Qualimetrix\Analysis\Finding\Contract\Rule\AnalysisContext	Analysis.Finding	contract
Qualimetrix\Analysis\Run\RuleProducerPreparation	Analysis.Run	Qualimetrix\Analysis\Policy\Architecture\Contract\LayerPolicyPreparationInterface	Analysis.Policy.Architecture	contract
Qualimetrix\Analysis\Run\RuleProducerPreparation	Analysis.Run	Qualimetrix\Analysis\Policy\Inline\Contract\Directive\DirectiveSweepScope	Analysis.Policy.Inline	contract
Qualimetrix\Analysis\Run\RuleProducerPreparation	Analysis.Run	Qualimetrix\Analysis\Policy\Inline\Contract\Directive\InlineDirectivePolicyInterface	Analysis.Policy.Inline	contract
Qualimetrix\Analysis\Run\RuleProducerPreparation	Analysis.Run	Qualimetrix\Analysis\Policy\Inline\Contract\Directive\ThresholdDirectiveAuditInput	Analysis.Policy.Inline	contract
Qualimetrix\Analysis\Run\RuleProducerPreparation	Analysis.Run	Qualimetrix\Analysis\Policy\Inline\Contract\Directive\ThresholdDirectiveAuditInterface	Analysis.Policy.Inline	contract
Qualimetrix\Analysis\Run\RuleProducerPreparation	Analysis.Run	Qualimetrix\Core\Path\AbsolutePath	Core.Path	contract
Qualimetrix\Analysis\Run\RuleProducerPreparation	Analysis.Run	Qualimetrix\Core\Profiler\Contract\ProfilerInterface	Core.Profiler	contract
Qualimetrix\Core\Exception\ParseException	Core.Neutral	Qualimetrix\Core\Path\AbsolutePath	Core.Path	contract
Qualimetrix\Core\Pattern\PathMatcher	Core.Neutral	Qualimetrix\Core\Path\RelativePath	Core.Path	contract
Qualimetrix\Core\Pattern\PathPattern	Core.Neutral	Qualimetrix\Core\Path\RelativePath	Core.Path	contract
Qualimetrix\Core\Symbol\DeclarationPath	Core.Symbol	Qualimetrix\Core\Path\RelativePath	Core.Path	contract
Qualimetrix\Core\Symbol\MetricSubjectCodec	Core.Symbol	Qualimetrix\Core\Path\RelativePath	Core.Path	contract
Qualimetrix\Core\Symbol\SymbolInfo	Core.Symbol	Qualimetrix\Core\Path\RelativePath	Core.Path	contract
Qualimetrix\Core\Symbol\SymbolPath	Core.Symbol	Qualimetrix\Core\Path\RelativePath	Core.Path	contract
Qualimetrix\Infrastructure\Ast\CachedFileParser	Infrastructure.Ast	Qualimetrix\Core\Ast\FileParserInterface	Core.Neutral	contract
Qualimetrix\Infrastructure\Ast\CachedFileParser	Infrastructure.Ast	Qualimetrix\Infrastructure\Cache\CacheFactory	Infrastructure.Cache	contract
Qualimetrix\Infrastructure\Ast\CachedFileParser	Infrastructure.Ast	Qualimetrix\Infrastructure\Cache\CacheInterface	Infrastructure.Cache	contract
Qualimetrix\Infrastructure\Ast\CachedFileParser	Infrastructure.Ast	Qualimetrix\Infrastructure\Cache\CacheKeyGenerator	Infrastructure.Cache	contract
Qualimetrix\Infrastructure\Ast\CachedFileParser	Infrastructure.Ast	Qualimetrix\Infrastructure\Cache\CacheWriteException	Infrastructure.Cache	contract
Qualimetrix\Infrastructure\Ast\CachedFileParser	Infrastructure.Ast	Qualimetrix\Infrastructure\Cache\Contract\CacheConfigurationStoreInterface	Infrastructure.Cache	contract
Qualimetrix\Infrastructure\Ast\FileParserFactory	Infrastructure.Ast	Qualimetrix\Core\Ast\FileParserInterface	Core.Neutral	contract
Qualimetrix\Infrastructure\Ast\FileParserFactory	Infrastructure.Ast	Qualimetrix\Infrastructure\Cache\CacheFactory	Infrastructure.Cache	contract
Qualimetrix\Infrastructure\Ast\FileParserFactory	Infrastructure.Ast	Qualimetrix\Infrastructure\Cache\CacheKeyGenerator	Infrastructure.Cache	contract
Qualimetrix\Infrastructure\Ast\FileParserFactory	Infrastructure.Ast	Qualimetrix\Infrastructure\Cache\Contract\CacheConfigurationStoreInterface	Infrastructure.Cache	contract
Qualimetrix\Infrastructure\Ast\PhpFileParser	Infrastructure.Ast	Qualimetrix\Core\Ast\FileParserInterface	Core.Neutral	contract
Qualimetrix\Infrastructure\Ast\PhpFileParser	Infrastructure.Ast	Qualimetrix\Core\Exception\ParseException	Core.Neutral	contract
Qualimetrix\Infrastructure\Ast\PhpFileParser	Infrastructure.Ast	Qualimetrix\Core\Path\AbsolutePath	Core.Path	contract
Qualimetrix\Infrastructure\Ast\WorkerParserFactory	Infrastructure.Ast	Qualimetrix\Core\Ast\FileParserInterface	Core.Neutral	contract
Qualimetrix\Infrastructure\Ast\WorkerParserFactory	Infrastructure.Ast	Qualimetrix\Core\Path\AbsolutePath	Core.Path	contract
Qualimetrix\Infrastructure\Ast\WorkerParserFactory	Infrastructure.Ast	Qualimetrix\Infrastructure\Cache\CacheConfigurationStore	Infrastructure.Cache	contract
Qualimetrix\Infrastructure\Ast\WorkerParserFactory	Infrastructure.Ast	Qualimetrix\Infrastructure\Cache\CacheKeyGenerator	Infrastructure.Cache	contract
Qualimetrix\Infrastructure\Ast\WorkerParserFactory	Infrastructure.Ast	Qualimetrix\Infrastructure\Cache\Contract\CacheConfiguration	Infrastructure.Cache	contract
Qualimetrix\Infrastructure\Ast\WorkerParserFactory	Infrastructure.Ast	Qualimetrix\Infrastructure\Cache\FileCache	Infrastructure.Cache	contract
Qualimetrix\Infrastructure\Cache\CacheConfigurationResolver	Infrastructure.Cache	Qualimetrix\Analysis\Configuration\ConfigSchema	Analysis.Configuration	contract
Qualimetrix\Infrastructure\Cache\CacheConfigurationResolver	Infrastructure.Cache	Qualimetrix\Analysis\Configuration\Contract\ConfigurationDocument	Analysis.Configuration	contract
Qualimetrix\Infrastructure\Cache\CacheConfigurationResolver	Infrastructure.Cache	Qualimetrix\Analysis\Configuration\Contract\Refusal\ConfigurationRefusal	Analysis.Configuration	contract
Qualimetrix\Infrastructure\Cache\CacheConfigurationResolver	Infrastructure.Cache	Qualimetrix\Core\Path\AbsolutePath	Core.Path	contract
Qualimetrix\Infrastructure\Cache\CacheConfigurationResolver	Infrastructure.Cache	Qualimetrix\Core\Path\PathFactory	Core.Path	contract
Qualimetrix\Infrastructure\Cache\CacheConfigurationStore	Infrastructure.Cache	Qualimetrix\Core\Path\AbsolutePath	Core.Path	contract
Qualimetrix\Infrastructure\Cache\Contract\CacheConfiguration	Infrastructure.Cache	Qualimetrix\Core\Path\AbsolutePath	Core.Path	contract
Qualimetrix\Infrastructure\Cache\Contract\CacheConfigurationResolverInterface	Infrastructure.Cache	Qualimetrix\Analysis\Configuration\Contract\ConfigurationDocument	Analysis.Configuration	contract
Qualimetrix\Infrastructure\Cache\Contract\CacheConfigurationResolverInterface	Infrastructure.Cache	Qualimetrix\Core\Path\AbsolutePath	Core.Path	contract
Qualimetrix\Infrastructure\Cache\FileCache	Infrastructure.Cache	Qualimetrix\Core\Path\AbsolutePath	Core.Path	contract
Qualimetrix\Infrastructure\Cache\FileCache	Infrastructure.Cache	Qualimetrix\Infrastructure\Serializer\SerializerInterface	Infrastructure.Serializer	contract
Qualimetrix\Infrastructure\Cache\FileCache	Infrastructure.Cache	Qualimetrix\Infrastructure\Serializer\SerializerSelector	Infrastructure.Serializer	contract
Qualimetrix\Infrastructure\Composer\DeclaredParentReader	Infrastructure.Composer	Qualimetrix\Analysis\Evidence\Design\Inheritance\Contract\ExternalParentSourceInterface	Analysis.Evidence.Design	contract
Qualimetrix\Infrastructure\Composer\DeclaredParentReader	Infrastructure.Composer	Qualimetrix\Analysis\Evidence\Design\Inheritance\Contract\ParentLookup	Analysis.Evidence.Design	contract
Qualimetrix\Infrastructure\Console\AnalysisPreflight	Infrastructure.Console	Qualimetrix\Analysis\Run\Contract\Configuration\RunConfiguration	Analysis.Run	contract
Qualimetrix\Infrastructure\Console\AnalysisPreflight	Infrastructure.Console	Qualimetrix\Analysis\Run\Contract\Configuration\RunConfigurationResolverInterface	Analysis.Run	contract
Qualimetrix\Infrastructure\Console\AnalysisPreflight	Infrastructure.Console	Qualimetrix\Analysis\Run\Contract\Discovery\FileDiscoveryFactoryInterface	Analysis.Run	contract
Qualimetrix\Infrastructure\Console\AnalysisPreflight	Infrastructure.Console	Qualimetrix\Infrastructure\Cache\Contract\CacheConfigurationResolverInterface	Infrastructure.Cache	contract
Qualimetrix\Infrastructure\Console\AnalysisPreflight	Infrastructure.Console	Qualimetrix\Infrastructure\Parallel\Contract\ParallelConfigurationResolverInterface	Infrastructure.Parallel	contract
Qualimetrix\Infrastructure\Console\AnalysisRuntimeConfigurator	Infrastructure.Console	Qualimetrix\Analysis\Configuration\Contract\ConfigurationDocument	Analysis.Configuration	contract
Qualimetrix\Infrastructure\Console\AnalysisRuntimeConfigurator	Infrastructure.Console	Qualimetrix\Analysis\Evidence\Cohesion\Contract\LcomCollectionConfiguration	Analysis.Evidence.Cohesion	contract
Qualimetrix\Infrastructure\Console\AnalysisRuntimeConfigurator	Infrastructure.Console	Qualimetrix\Analysis\Evidence\Cohesion\Contract\LcomCollectionConfigurationResolverInterface	Analysis.Evidence.Cohesion	contract
Qualimetrix\Infrastructure\Console\AnalysisRuntimeConfigurator	Infrastructure.Console	Qualimetrix\Analysis\Evidence\Cohesion\Contract\LcomCollectionConfigurationStoreInterface	Analysis.Evidence.Cohesion	contract
Qualimetrix\Infrastructure\Console\AnalysisRuntimeConfigurator	Infrastructure.Console	Qualimetrix\Analysis\Evidence\ComputedMetrics\Contract\Configuration\ComputedMetricConfiguratorInterface	Analysis.Evidence.ComputedMetrics	contract
Qualimetrix\Infrastructure\Console\AnalysisRuntimeConfigurator	Infrastructure.Console	Qualimetrix\Analysis\Evidence\ComputedMetrics\Contract\Definition\ResolvedComputedMetricDefinitions	Analysis.Evidence.ComputedMetrics	contract
Qualimetrix\Infrastructure\Console\AnalysisRuntimeConfigurator	Infrastructure.Console	Qualimetrix\Analysis\Evidence\Coupling\Contract\Configuration\CouplingConfiguratorInterface	Analysis.Evidence.Coupling	contract
Qualimetrix\Infrastructure\Console\AnalysisRuntimeConfigurator	Infrastructure.Console	Qualimetrix\Analysis\Finding\Contract\Configuration\FindingConfiguration	Analysis.Finding	contract
Qualimetrix\Infrastructure\Console\AnalysisRuntimeConfigurator	Infrastructure.Console	Qualimetrix\Analysis\Finding\Contract\RuleConfigurationInterface	Analysis.Finding	contract
Qualimetrix\Infrastructure\Console\AnalysisRuntimeConfigurator	Infrastructure.Console	Qualimetrix\Analysis\Finding\Contract\Rule\RuleChannelRegistryInterface	Analysis.Finding	contract
Qualimetrix\Infrastructure\Console\AnalysisRuntimeConfigurator	Infrastructure.Console	Qualimetrix\Analysis\Policy\Architecture\Contract\ArchitecturePolicyConfiguratorInterface	Analysis.Policy.Architecture	contract
Qualimetrix\Infrastructure\Console\AnalysisRuntimeConfigurator	Infrastructure.Console	Qualimetrix\Analysis\Policy\Architecture\Contract\ResolvedArchitecturePolicyInterface	Analysis.Policy.Architecture	contract
Qualimetrix\Infrastructure\Console\Application	Infrastructure.Console	Qualimetrix\Analysis\Configuration\Contract\Refusal\ConfigurationRefusal	Analysis.Configuration	contract
Qualimetrix\Infrastructure\Console\Application	Infrastructure.Console	Qualimetrix\Core\Version	Core.Neutral	contract
Qualimetrix\Infrastructure\Console\ChannelExclusionKeyHints	Infrastructure.Console	Qualimetrix\Analysis\Finding\Contract\FindingChannel	Analysis.Finding	contract
Qualimetrix\Infrastructure\Console\ChannelExclusionKeyHints	Infrastructure.Console	Qualimetrix\Analysis\Finding\Contract\Rule\NameSelector	Analysis.Finding	contract
Qualimetrix\Infrastructure\Console\ChannelExclusionKeyValidator	Infrastructure.Console	Qualimetrix\Analysis\Configuration\Contract\Refusal\ConfigurationRefusal	Analysis.Configuration	contract
Qualimetrix\Infrastructure\Console\ChannelExclusionKeyValidator	Infrastructure.Console	Qualimetrix\Analysis\Finding\Contract\ChannelUniverseInterface	Analysis.Finding	contract
Qualimetrix\Infrastructure\Console\ChannelExclusionKeyValidator	Infrastructure.Console	Qualimetrix\Analysis\Finding\Contract\FindingChannel	Analysis.Finding	contract
Qualimetrix\Infrastructure\Console\ChannelExclusionKeyValidator	Infrastructure.Console	Qualimetrix\Analysis\Finding\Contract\Rule\ChannelLevelAddressing	Analysis.Finding	contract
Qualimetrix\Infrastructure\Console\ChannelExclusionKeyValidator	Infrastructure.Console	Qualimetrix\Analysis\Finding\Contract\Rule\ChannelLevelSelector	Analysis.Finding	contract
Qualimetrix\Infrastructure\Console\ChannelExclusionKeyValidator	Infrastructure.Console	Qualimetrix\Core\Symbol\SymbolLevel	Core.Symbol	contract
Qualimetrix\Infrastructure\Console\CheckCommandDefinition	Infrastructure.Console	Qualimetrix\Analysis\Finding\Contract\Rule\CliAliasReader	Analysis.Finding	contract
Qualimetrix\Infrastructure\Console\CheckCommandDefinition	Infrastructure.Console	Qualimetrix\Infrastructure\Rule\RuleRegistryInterface	Infrastructure.Rule	contract
Qualimetrix\Infrastructure\Console\CheckConfigurationResolvers	Infrastructure.Console	Qualimetrix\Analysis\Configuration\Contract\ConfigurationDocument	Analysis.Configuration	contract
Qualimetrix\Infrastructure\Console\CheckConfigurationResolvers	Infrastructure.Console	Qualimetrix\Analysis\Run\Contract\Configuration\RunConfigurationResolverInterface	Analysis.Run	contract
Qualimetrix\Infrastructure\Console\CheckConfigurationResolvers	Infrastructure.Console	Qualimetrix\Infrastructure\Cache\Contract\CacheConfigurationResolverInterface	Infrastructure.Cache	contract
Qualimetrix\Infrastructure\Console\CheckConfigurationResolvers	Infrastructure.Console	Qualimetrix\Infrastructure\Parallel\Contract\ParallelConfigurationResolverInterface	Infrastructure.Parallel	contract
Qualimetrix\Infrastructure\Console\CheckConfigurationResolvers	Infrastructure.Console	Qualimetrix\Reporting\Contract\OutputFormatResolverInterface	Reporting	contract
Qualimetrix\Infrastructure\Console\CheckConfigurationResolvers	Infrastructure.Console	Qualimetrix\Reporting\FindingProjection\Contract\ConfiguredFindingExclusionsResolverInterface	Reporting	contract
Qualimetrix\Infrastructure\Console\CheckResolvedConfiguration	Infrastructure.Console	Qualimetrix\Analysis\Run\Contract\Configuration\RunConfiguration	Analysis.Run	contract
Qualimetrix\Infrastructure\Console\CheckResolvedConfiguration	Infrastructure.Console	Qualimetrix\Infrastructure\Cache\Contract\CacheConfiguration	Infrastructure.Cache	contract
Qualimetrix\Infrastructure\Console\CheckResolvedConfiguration	Infrastructure.Console	Qualimetrix\Infrastructure\Parallel\Contract\ParallelConfiguration	Infrastructure.Parallel	contract
Qualimetrix\Infrastructure\Console\CheckResolvedConfiguration	Infrastructure.Console	Qualimetrix\Reporting\Contract\OutputFormat	Reporting	contract
Qualimetrix\Infrastructure\Console\CheckResolvedConfiguration	Infrastructure.Console	Qualimetrix\Reporting\FindingProjection\Contract\ConfiguredFindingExclusions	Reporting	contract
Qualimetrix\Infrastructure\Console\CheckScopeResolver	Infrastructure.Console	Qualimetrix\Analysis\Run\Configuration\ProjectScopeCoverage	Analysis.Run	contract
Qualimetrix\Infrastructure\Console\CheckScopeResolver	Infrastructure.Console	Qualimetrix\Analysis\Run\Contract\Configuration\RunConfiguration	Analysis.Run	contract
Qualimetrix\Infrastructure\Console\CheckScopeResolver	Infrastructure.Console	Qualimetrix\Infrastructure\Git\GitScopeResolver	Infrastructure.Git	contract
Qualimetrix\Infrastructure\Console\CliOptionsParser	Infrastructure.Console	Qualimetrix\Analysis\Configuration\ConfigKeySpelling	Analysis.Configuration	contract
Qualimetrix\Infrastructure\Console\CliOptionsParser	Infrastructure.Console	Qualimetrix\Analysis\Configuration\Contract\Refusal\ConfigurationRefusal	Analysis.Configuration	contract
Qualimetrix\Infrastructure\Console\CliOptionsParser	Infrastructure.Console	Qualimetrix\Analysis\Finding\Contract\Rule\FrameworkOptionKeys	Analysis.Finding	contract
Qualimetrix\Infrastructure\Console\CliOptionsParser	Infrastructure.Console	Qualimetrix\Analysis\Finding\Exclusion\ConfiguredSuppression	Analysis.Finding	contract
Qualimetrix\Infrastructure\Console\CliOptionsParser	Infrastructure.Console	Qualimetrix\Analysis\Finding\RuleConfiguration\RuleOptionsParser	Analysis.Finding	contract
Qualimetrix\Infrastructure\Console\CliOptionsParser	Infrastructure.Console	Qualimetrix\Core\Pattern\SelectorDefinition	Core.Neutral	contract
Qualimetrix\Infrastructure\Console\CliSelectorDecoder	Infrastructure.Console	Qualimetrix\Analysis\Configuration\Contract\Refusal\ConfigurationRefusal	Analysis.Configuration	contract
Qualimetrix\Infrastructure\Console\CliSelectorDecoder	Infrastructure.Console	Qualimetrix\Core\Pattern\NamespacePattern	Core.Neutral	contract
Qualimetrix\Infrastructure\Console\CliSelectorDecoder	Infrastructure.Console	Qualimetrix\Core\Pattern\PathPattern	Core.Neutral	contract
Qualimetrix\Infrastructure\Console\CliSelectorDecoder	Infrastructure.Console	Qualimetrix\Core\Pattern\SelectorDefinition	Core.Neutral	contract
Qualimetrix\Infrastructure\Console\Command\AbstractHookCommand	Infrastructure.Console	Qualimetrix\Infrastructure\Git\GitRepositoryLocatorInterface	Infrastructure.Git	contract
Qualimetrix\Infrastructure\Console\Command\BaselineCaptureReporter	Infrastructure.Console	Qualimetrix\Analysis\Policy\Baseline\BaselineCapture	Analysis.Policy.Baseline	contract
Qualimetrix\Infrastructure\Console\Command\BaselineCleanupCommand	Infrastructure.Console	Qualimetrix\Analysis\Configuration\Contract\Refusal\ConfigurationRefusal	Analysis.Configuration	contract
Qualimetrix\Infrastructure\Console\Command\BaselineCleanupCommand	Infrastructure.Console	Qualimetrix\Analysis\Finding\Contract\ChannelDeclarationRegistryInterface	Analysis.Finding	contract
Qualimetrix\Infrastructure\Console\Command\BaselineCleanupCommand	Infrastructure.Console	Qualimetrix\Analysis\Policy\Baseline\BaselineCleaner	Analysis.Policy.Baseline	contract
Qualimetrix\Infrastructure\Console\Command\BaselineCleanupCommand	Infrastructure.Console	Qualimetrix\Analysis\Policy\Baseline\BaselineCleanupCandidate	Analysis.Policy.Baseline	contract
Qualimetrix\Infrastructure\Console\Command\BaselineCleanupCommand	Infrastructure.Console	Qualimetrix\Analysis\Policy\Baseline\BaselineCleanupReason	Analysis.Policy.Baseline	contract
Qualimetrix\Infrastructure\Console\Command\BaselineCleanupCommand	Infrastructure.Console	Qualimetrix\Analysis\Policy\Baseline\BaselineLoader	Analysis.Policy.Baseline	contract
Qualimetrix\Infrastructure\Console\Command\BaselineCleanupCommand	Infrastructure.Console	Qualimetrix\Analysis\Policy\Baseline\BaselineWriter	Analysis.Policy.Baseline	contract
Qualimetrix\Infrastructure\Console\Command\BaselineCleanupCommand	Infrastructure.Console	Qualimetrix\Analysis\Policy\Baseline\EntrySelector	Analysis.Policy.Baseline	contract
Qualimetrix\Infrastructure\Console\Command\BaselineCommand	Infrastructure.Console	Qualimetrix\Analysis\Configuration\Contract\Refusal\ConfigurationRefusal	Analysis.Configuration	contract
Qualimetrix\Infrastructure\Console\Command\BaselineCommand	Infrastructure.Console	Qualimetrix\Analysis\Policy\Baseline\BaselineConflictException	Analysis.Policy.Baseline	contract
Qualimetrix\Infrastructure\Console\Command\BaselineCommand	Infrastructure.Console	Qualimetrix\Analysis\Policy\Baseline\RunScope	Analysis.Policy.Baseline	contract
Qualimetrix\Infrastructure\Console\Command\BaselineCommand	Infrastructure.Console	Qualimetrix\Analysis\Run\Contract\Pipeline\IncompleteAnalysisException	Analysis.Run	contract
Qualimetrix\Infrastructure\Console\Command\BaselineConfiguredThresholds	Infrastructure.Console	Qualimetrix\Analysis\Finding\Contract\Rule\ChannelDeclarationReader	Analysis.Finding	contract
Qualimetrix\Infrastructure\Console\Command\BaselineConfiguredThresholds	Infrastructure.Console	Qualimetrix\Analysis\Finding\Contract\Rule\HierarchicalRuleOptionsInterface	Analysis.Finding	contract
Qualimetrix\Infrastructure\Console\Command\BaselineConfiguredThresholds	Infrastructure.Console	Qualimetrix\Analysis\Finding\Contract\Rule\LevelOptionsInterface	Analysis.Finding	contract
Qualimetrix\Infrastructure\Console\Command\BaselineConfiguredThresholds	Infrastructure.Console	Qualimetrix\Analysis\Finding\Contract\Rule\RuleNameReader	Analysis.Finding	contract
Qualimetrix\Infrastructure\Console\Command\BaselineConfiguredThresholds	Infrastructure.Console	Qualimetrix\Analysis\Finding\Contract\Rule\RuleOptionsInterface	Analysis.Finding	contract
Qualimetrix\Infrastructure\Console\Command\BaselineConfiguredThresholds	Infrastructure.Console	Qualimetrix\Analysis\Finding\Contract\Rule\ThresholdAwareOptionsInterface	Analysis.Finding	contract
Qualimetrix\Infrastructure\Console\Command\BaselineConfiguredThresholds	Infrastructure.Console	Qualimetrix\Analysis\Finding\RuleConfiguration\RuleOptionsFactory	Analysis.Finding	contract
Qualimetrix\Infrastructure\Console\Command\BaselineConfiguredThresholds	Infrastructure.Console	Qualimetrix\Core\Symbol\SymbolLevel	Core.Symbol	contract
Qualimetrix\Infrastructure\Console\Command\BaselineConfiguredThresholds	Infrastructure.Console	Qualimetrix\Infrastructure\Rule\RuleRegistryInterface	Infrastructure.Rule	contract
Qualimetrix\Infrastructure\Console\Command\BaselineExplainCommand	Infrastructure.Console	Qualimetrix\Analysis\Configuration\Contract\Refusal\ConfigurationRefusal	Analysis.Configuration	contract
Qualimetrix\Infrastructure\Console\Command\BaselineExplainCommand	Infrastructure.Console	Qualimetrix\Analysis\Finding\Contract\ChannelDeclarationRegistryInterface	Analysis.Finding	contract
Qualimetrix\Infrastructure\Console\Command\BaselineExplainCommand	Infrastructure.Console	Qualimetrix\Analysis\Finding\Contract\FindingChannel	Analysis.Finding	contract
Qualimetrix\Infrastructure\Console\Command\BaselineExplainCommand	Infrastructure.Console	Qualimetrix\Analysis\Finding\Contract\Threshold\ThresholdOverride	Analysis.Finding	contract
Qualimetrix\Infrastructure\Console\Command\BaselineExplainCommand	Infrastructure.Console	Qualimetrix\Analysis\Policy\Baseline\Baseline	Analysis.Policy.Baseline	contract
Qualimetrix\Infrastructure\Console\Command\BaselineExplainCommand	Infrastructure.Console	Qualimetrix\Analysis\Policy\Baseline\BaselineLoader	Analysis.Policy.Baseline	contract
Qualimetrix\Infrastructure\Console\Command\BaselineExplainCommand	Infrastructure.Console	Qualimetrix\Analysis\Policy\Baseline\BoundaryExplanation	Analysis.Policy.Baseline	contract
Qualimetrix\Infrastructure\Console\Command\BaselineExplainCommand	Infrastructure.Console	Qualimetrix\Analysis\Policy\Baseline\BoundaryExplanationService	Analysis.Policy.Baseline	contract
Qualimetrix\Infrastructure\Console\Command\BaselineExplainCommand	Infrastructure.Console	Qualimetrix\Analysis\Policy\Baseline\BoundaryExplanationStatus	Analysis.Policy.Baseline	contract
Qualimetrix\Infrastructure\Console\Command\BaselineExplainCommand	Infrastructure.Console	Qualimetrix\Analysis\Policy\Baseline\EffectiveBoundary	Analysis.Policy.Baseline	contract
Qualimetrix\Infrastructure\Console\Command\BaselineExplainCommand	Infrastructure.Console	Qualimetrix\Analysis\Policy\Baseline\EffectiveBoundaryBaselineSource	Analysis.Policy.Baseline	contract
Qualimetrix\Infrastructure\Console\Command\BaselineGenerateCommand	Infrastructure.Console	Qualimetrix\Analysis\Configuration\Contract\Refusal\ConfigurationRefusal	Analysis.Configuration	contract
Qualimetrix\Infrastructure\Console\Command\BaselineGenerateCommand	Infrastructure.Console	Qualimetrix\Analysis\Policy\Baseline\Baseline	Analysis.Policy.Baseline	contract
Qualimetrix\Infrastructure\Console\Command\BaselineGenerateCommand	Infrastructure.Console	Qualimetrix\Analysis\Policy\Baseline\BaselineEntry	Analysis.Policy.Baseline	contract
Qualimetrix\Infrastructure\Console\Command\BaselineGenerateCommand	Infrastructure.Console	Qualimetrix\Analysis\Policy\Baseline\BaselineEntryMode	Analysis.Policy.Baseline	contract
Qualimetrix\Infrastructure\Console\Command\BaselineGenerateCommand	Infrastructure.Console	Qualimetrix\Analysis\Policy\Baseline\BaselineGenerator	Analysis.Policy.Baseline	contract
Qualimetrix\Infrastructure\Console\Command\BaselineGenerateCommand	Infrastructure.Console	Qualimetrix\Analysis\Policy\Baseline\BaselineWriter	Analysis.Policy.Baseline	contract
Qualimetrix\Infrastructure\Console\Command\BaselineRenameChannelsCommand	Infrastructure.Console	Qualimetrix\Analysis\Configuration\Contract\Refusal\ConfigurationRefusal	Analysis.Configuration	contract
Qualimetrix\Infrastructure\Console\Command\BaselineRenameChannelsCommand	Infrastructure.Console	Qualimetrix\Analysis\Policy\Baseline\BaselineChannelRenamer	Analysis.Policy.Baseline	contract
Qualimetrix\Infrastructure\Console\Command\BaselineRenameChannelsCommand	Infrastructure.Console	Qualimetrix\Analysis\Policy\Baseline\ChannelRenameMap	Analysis.Policy.Baseline	contract
Qualimetrix\Infrastructure\Console\Command\BaselineRenameChannelsCommand	Infrastructure.Console	Qualimetrix\Analysis\Policy\Baseline\ChannelRenameRefusal	Analysis.Policy.Baseline	contract
Qualimetrix\Infrastructure\Console\Command\BaselineRenameChannelsCommand	Infrastructure.Console	Qualimetrix\Analysis\Policy\Baseline\ChannelRenameReport	Analysis.Policy.Baseline	contract
Qualimetrix\Infrastructure\Console\Command\BaselineRun	Infrastructure.Console	Qualimetrix\Analysis\Configuration\Contract\Refusal\ConfigurationRefusal	Analysis.Configuration	contract
Qualimetrix\Infrastructure\Console\Command\BaselineRun	Infrastructure.Console	Qualimetrix\Analysis\Policy\Baseline\RunScope	Analysis.Policy.Baseline	contract
Qualimetrix\Infrastructure\Console\Command\BaselineRun	Infrastructure.Console	Qualimetrix\Analysis\Run\Contract\Configuration\RunConfigurationResolverInterface	Analysis.Run	contract
Qualimetrix\Infrastructure\Console\Command\BaselineRun	Infrastructure.Console	Qualimetrix\Analysis\Run\Contract\Pipeline\IncompleteAnalysisException	Analysis.Run	contract
Qualimetrix\Infrastructure\Console\Command\BaselineRun	Infrastructure.Console	Qualimetrix\Infrastructure\Cache\Contract\CacheConfigurationResolverInterface	Infrastructure.Cache	contract
Qualimetrix\Infrastructure\Console\Command\BaselineRun	Infrastructure.Console	Qualimetrix\Infrastructure\Parallel\Contract\ParallelConfigurationResolverInterface	Infrastructure.Parallel	contract
Qualimetrix\Infrastructure\Console\Command\BaselineRun	Infrastructure.Console	Qualimetrix\Reporting\FindingProjection\Contract\ConfiguredFindingExclusionsResolverInterface	Reporting	contract
Qualimetrix\Infrastructure\Console\Command\BaselineRun	Infrastructure.Console	Qualimetrix\Reporting\FindingProjection\FindingProjectionOptions	Reporting	contract
Qualimetrix\Infrastructure\Console\Command\BaselineRunContext	Infrastructure.Console	Qualimetrix\Analysis\Policy\Baseline\RunScope	Analysis.Policy.Baseline	contract
Qualimetrix\Infrastructure\Console\Command\BaselineRunContext	Infrastructure.Console	Qualimetrix\Analysis\Run\Contract\Pipeline\AnalysisResult	Analysis.Run	contract
Qualimetrix\Infrastructure\Console\Command\BaselineRunContext	Infrastructure.Console	Qualimetrix\Core\Path\AbsolutePath	Core.Path	contract
Qualimetrix\Infrastructure\Console\Command\BaselineUpdateCommand	Infrastructure.Console	Qualimetrix\Analysis\Policy\Baseline\Baseline	Analysis.Policy.Baseline	contract
Qualimetrix\Infrastructure\Console\Command\BaselineUpdateCommand	Infrastructure.Console	Qualimetrix\Analysis\Policy\Baseline\BaselineLoader	Analysis.Policy.Baseline	contract
Qualimetrix\Infrastructure\Console\Command\BaselineUpdateCommand	Infrastructure.Console	Qualimetrix\Analysis\Policy\Baseline\BaselineUpdateDisposition	Analysis.Policy.Baseline	contract
Qualimetrix\Infrastructure\Console\Command\BaselineUpdateCommand	Infrastructure.Console	Qualimetrix\Analysis\Policy\Baseline\BaselineUpdateResult	Analysis.Policy.Baseline	contract
Qualimetrix\Infrastructure\Console\Command\BaselineUpdateCommand	Infrastructure.Console	Qualimetrix\Analysis\Policy\Baseline\BaselineUpdater	Analysis.Policy.Baseline	contract
Qualimetrix\Infrastructure\Console\Command\BaselineUpdateCommand	Infrastructure.Console	Qualimetrix\Analysis\Policy\Baseline\BaselineWriter	Analysis.Policy.Baseline	contract
Qualimetrix\Infrastructure\Console\Command\ChannelRenameReporter	Infrastructure.Console	Qualimetrix\Analysis\Policy\Baseline\ChannelRenameReport	Analysis.Policy.Baseline	contract
Qualimetrix\Infrastructure\Console\Command\CheckCommand	Infrastructure.Console	Qualimetrix\Analysis\Configuration\Contract\Refusal\ConfigurationRefusal	Analysis.Configuration	contract
Qualimetrix\Infrastructure\Console\Command\CheckCommand	Infrastructure.Console	Qualimetrix\Analysis\Configuration\RetiredSuppressionOptions	Analysis.Configuration	contract
Qualimetrix\Infrastructure\Console\Command\CheckCommand	Infrastructure.Console	Qualimetrix\Analysis\Run\Contract\Configuration\RunConfiguration	Analysis.Run	contract
Qualimetrix\Infrastructure\Console\Command\CheckCommand	Infrastructure.Console	Qualimetrix\Analysis\Run\Contract\Discovery\FileDiscoveryInterface	Analysis.Run	contract
Qualimetrix\Infrastructure\Console\Command\CheckCommand	Infrastructure.Console	Qualimetrix\Analysis\Run\Contract\Pipeline\AnalysisPipelineInterface	Analysis.Run	contract
Qualimetrix\Infrastructure\Console\Command\CheckCommand	Infrastructure.Console	Qualimetrix\Analysis\Run\Contract\Pipeline\AnalysisResult	Analysis.Run	contract
Qualimetrix\Infrastructure\Console\Command\CheckCommand	Infrastructure.Console	Qualimetrix\Core\Path\AbsolutePath	Core.Path	contract
Qualimetrix\Infrastructure\Console\Command\Debug\LayerAssignmentCommand	Infrastructure.Console	Qualimetrix\Analysis\Configuration\Contract\Refusal\ConfigurationRefusal	Analysis.Configuration	contract
Qualimetrix\Infrastructure\Console\Command\Debug\LayerAssignmentCommand	Infrastructure.Console	Qualimetrix\Analysis\Policy\Architecture\Contract\LayerAssignmentMatch	Analysis.Policy.Architecture	contract
Qualimetrix\Infrastructure\Console\Command\Debug\LayerAssignmentCommand	Infrastructure.Console	Qualimetrix\Analysis\Run\Contract\Configuration\GeneratedFilePolicy	Analysis.Run	contract
Qualimetrix\Infrastructure\Console\Command\Debug\LayerAssignmentCommand	Infrastructure.Console	Qualimetrix\Core\Symbol\SymbolPath	Core.Symbol	contract
Qualimetrix\Infrastructure\Console\Command\DirectivesCommand	Infrastructure.Console	Qualimetrix\Analysis\Configuration\Contract\Refusal\ConfigurationRefusal	Analysis.Configuration	contract
Qualimetrix\Infrastructure\Console\Command\DirectivesCommand	Infrastructure.Console	Qualimetrix\Analysis\Policy\Inline\Contract\Directive\DirectiveEffect	Analysis.Policy.Inline	contract
Qualimetrix\Infrastructure\Console\Command\DirectivesCommand	Infrastructure.Console	Qualimetrix\Analysis\Policy\Inline\Contract\Directive\DirectiveSweepScope	Analysis.Policy.Inline	contract
Qualimetrix\Infrastructure\Console\Command\DirectivesCommand	Infrastructure.Console	Qualimetrix\Analysis\Run\Contract\Pipeline\DirectiveAuditInterface	Analysis.Run	contract
Qualimetrix\Infrastructure\Console\Command\DirectivesCommand	Infrastructure.Console	Qualimetrix\Analysis\Run\Contract\Pipeline\DirectiveAuditReport	Analysis.Run	contract
Qualimetrix\Infrastructure\Console\Command\GraphExportCommand	Infrastructure.Console	Qualimetrix\Analysis\Configuration\Contract\Refusal\ConfigurationRefusal	Analysis.Configuration	contract
Qualimetrix\Infrastructure\Console\Command\GraphExportCommand	Infrastructure.Console	Qualimetrix\Analysis\Run\Contract\Pipeline\DependencyGraphAnalysisResult	Analysis.Run	contract
Qualimetrix\Infrastructure\Console\Command\GraphExportCommand	Infrastructure.Console	Qualimetrix\Analysis\Run\Contract\Pipeline\DependencyGraphAnalyzerInterface	Analysis.Run	contract
Qualimetrix\Infrastructure\Console\Command\GraphExportCommand	Infrastructure.Console	Qualimetrix\Analysis\Run\Contract\Pipeline\IncompleteAnalysisException	Analysis.Run	contract
Qualimetrix\Infrastructure\Console\Command\GraphExportCommand	Infrastructure.Console	Qualimetrix\Core\Path\AbsolutePath	Core.Path	contract
Qualimetrix\Infrastructure\Console\Command\GraphExportCommand	Infrastructure.Console	Qualimetrix\Core\Path\PathFactory	Core.Path	contract
Qualimetrix\Infrastructure\Console\Command\GraphExportCommand	Infrastructure.Console	Qualimetrix\Core\Pattern\NamespacePattern	Core.Neutral	contract
Qualimetrix\Infrastructure\Console\Command\GraphExportCommand	Infrastructure.Console	Qualimetrix\Reporting\GraphProjection\Contract\DependencyGraphProjectionInterface	Reporting.GraphProjection	contract
Qualimetrix\Infrastructure\Console\Command\GraphExportCommand	Infrastructure.Console	Qualimetrix\Reporting\GraphProjection\Contract\GraphDirection	Reporting.GraphProjection	contract
Qualimetrix\Infrastructure\Console\Command\GraphExportCommand	Infrastructure.Console	Qualimetrix\Reporting\GraphProjection\Contract\GraphExportFormat	Reporting.GraphProjection	contract
Qualimetrix\Infrastructure\Console\Command\GraphExportCommand	Infrastructure.Console	Qualimetrix\Reporting\GraphProjection\Contract\GraphProjectionRequest	Reporting.GraphProjection	contract
Qualimetrix\Infrastructure\Console\Command\RulesCommand	Infrastructure.Console	Qualimetrix\Analysis\Configuration\Contract\Refusal\ConfigurationRefusal	Analysis.Configuration	contract
Qualimetrix\Infrastructure\Console\Command\RulesCommand	Infrastructure.Console	Qualimetrix\Analysis\Finding\Contract\ChannelDeclarationRegistryInterface	Analysis.Finding	contract
Qualimetrix\Infrastructure\Console\Command\RulesCommand	Infrastructure.Console	Qualimetrix\Analysis\Finding\Contract\RuleExecutionInterface	Analysis.Finding	contract
Qualimetrix\Infrastructure\Console\Command\RulesCommand	Infrastructure.Console	Qualimetrix\Analysis\Finding\Contract\Rule\FrameworkOptionKeys	Analysis.Finding	contract
Qualimetrix\Infrastructure\Console\Command\RulesCommand	Infrastructure.Console	Qualimetrix\Analysis\Finding\Contract\Rule\RuleChannelRegistryInterface	Analysis.Finding	contract
Qualimetrix\Infrastructure\Console\Command\RulesCommand	Infrastructure.Console	Qualimetrix\Analysis\Finding\Contract\Rule\RuleOptionSurface	Analysis.Finding	contract
Qualimetrix\Infrastructure\Console\ConfigurationInputAdapter	Infrastructure.Console	Qualimetrix\Analysis\Configuration\ConfigSchema	Analysis.Configuration	contract
Qualimetrix\Infrastructure\Console\ConfigurationInputAdapter	Infrastructure.Console	Qualimetrix\Analysis\Configuration\Contract\ConfigurationDocument	Analysis.Configuration	contract
Qualimetrix\Infrastructure\Console\ConfigurationInputAdapter	Infrastructure.Console	Qualimetrix\Analysis\Configuration\Contract\Pipeline\ConfigurationPipelineInterface	Analysis.Configuration	contract
Qualimetrix\Infrastructure\Console\ConfigurationInputAdapter	Infrastructure.Console	Qualimetrix\Analysis\Configuration\Contract\Pipeline\ConfigurationResolutionRequest	Analysis.Configuration	contract
Qualimetrix\Infrastructure\Console\ConfigurationInputAdapter	Infrastructure.Console	Qualimetrix\Core\Path\AbsolutePath	Core.Path	contract
Qualimetrix\Infrastructure\Console\ConfigurationInputAdapter	Infrastructure.Console	Qualimetrix\Core\Path\PathFactory	Core.Path	contract
Qualimetrix\Infrastructure\Console\DirectiveAuditPresenter	Infrastructure.Console	Qualimetrix\Analysis\Policy\Inline\Contract\Directive\DirectiveEffect	Analysis.Policy.Inline	contract
Qualimetrix\Infrastructure\Console\DirectiveAuditPresenter	Infrastructure.Console	Qualimetrix\Analysis\Policy\Inline\Contract\Directive\DirectiveSite	Analysis.Policy.Inline	contract
Qualimetrix\Infrastructure\Console\DirectiveAuditPresenter	Infrastructure.Console	Qualimetrix\Analysis\Policy\Inline\Contract\Directive\DirectiveSweepScope	Analysis.Policy.Inline	contract
Qualimetrix\Infrastructure\Console\DirectiveAuditPresenter	Infrastructure.Console	Qualimetrix\Analysis\Policy\Inline\Contract\Directive\DirectiveUnmeasurableReason	Analysis.Policy.Inline	contract
Qualimetrix\Infrastructure\Console\DirectiveAuditPresenter	Infrastructure.Console	Qualimetrix\Analysis\Policy\Inline\Contract\Directive\DirectiveVerdict	Analysis.Policy.Inline	contract
Qualimetrix\Infrastructure\Console\DirectiveAuditPresenter	Infrastructure.Console	Qualimetrix\Analysis\Run\Contract\Pipeline\DirectiveAuditReport	Analysis.Run	contract
Qualimetrix\Infrastructure\Console\DirectiveVerdictTally	Infrastructure.Console	Qualimetrix\Analysis\Policy\Inline\Contract\Directive\DirectiveEffect	Analysis.Policy.Inline	contract
Qualimetrix\Infrastructure\Console\DirectiveVerdictTally	Infrastructure.Console	Qualimetrix\Analysis\Policy\Inline\Contract\Directive\DirectiveVerdict	Analysis.Policy.Inline	contract
Qualimetrix\Infrastructure\Console\ExitCodeResolver	Infrastructure.Console	Qualimetrix\Analysis\Finding\Contract\ChannelDeclarationRegistryInterface	Analysis.Finding	contract
Qualimetrix\Infrastructure\Console\ExitCodeResolver	Infrastructure.Console	Qualimetrix\Analysis\Finding\Contract\Severity	Analysis.Finding	contract
Qualimetrix\Infrastructure\Console\ExitCodeResolver	Infrastructure.Console	Qualimetrix\Reporting\ReportCoverage	Reporting	contract
Qualimetrix\Infrastructure\Console\ExitPolicy	Infrastructure.Console	Qualimetrix\Analysis\Configuration\ConfigSchema	Analysis.Configuration	contract
Qualimetrix\Infrastructure\Console\ExitPolicy	Infrastructure.Console	Qualimetrix\Analysis\Configuration\Contract\Refusal\ConfigurationRefusal	Analysis.Configuration	contract
Qualimetrix\Infrastructure\Console\ExitPolicy	Infrastructure.Console	Qualimetrix\Analysis\Finding\Contract\Severity	Analysis.Finding	contract
Qualimetrix\Infrastructure\Console\FindingFilterOrchestrator	Infrastructure.Console	Qualimetrix\Analysis\Configuration\Contract\Discovery\ComposerAutoloadPathReaderInterface	Analysis.Configuration	contract
Qualimetrix\Infrastructure\Console\FindingFilterOrchestrator	Infrastructure.Console	Qualimetrix\Analysis\Finding\Contract\Filter\FindingFilterStage	Analysis.Finding	contract
Qualimetrix\Infrastructure\Console\FindingFilterOrchestrator	Infrastructure.Console	Qualimetrix\Analysis\Finding\Contract\RuleExclusionStats	Analysis.Finding	contract
Qualimetrix\Infrastructure\Console\FindingFilterOrchestrator	Infrastructure.Console	Qualimetrix\Analysis\Finding\SuppressionBinding\UnboundSuppressionAudit	Analysis.Finding	contract
Qualimetrix\Infrastructure\Console\FindingFilterOrchestrator	Infrastructure.Console	Qualimetrix\Analysis\Finding\SuppressionBinding\ValueScopeJudgement	Analysis.Finding	contract
Qualimetrix\Infrastructure\Console\FindingFilterOrchestrator	Infrastructure.Console	Qualimetrix\Analysis\Policy\Baseline\RunScope	Analysis.Policy.Baseline	contract
Qualimetrix\Infrastructure\Console\FindingFilterOrchestrator	Infrastructure.Console	Qualimetrix\Analysis\Run\Configuration\ProjectScopeCoverage	Analysis.Run	contract
Qualimetrix\Infrastructure\Console\FindingFilterOrchestrator	Infrastructure.Console	Qualimetrix\Analysis\Run\Contract\Pipeline\AnalysisResult	Analysis.Run	contract
Qualimetrix\Infrastructure\Console\FindingFilterOrchestrator	Infrastructure.Console	Qualimetrix\Core\Path\AbsolutePath	Core.Path	contract
Qualimetrix\Infrastructure\Console\FindingFilterOrchestrator	Infrastructure.Console	Qualimetrix\Core\Path\RelativePath	Core.Path	contract
Qualimetrix\Infrastructure\Console\FindingFilterOrchestrator	Infrastructure.Console	Qualimetrix\Infrastructure\Git\GitScopeResolution	Infrastructure.Git	contract
Qualimetrix\Infrastructure\Console\FindingFilterOrchestrator	Infrastructure.Console	Qualimetrix\Reporting\FindingProjection\Contract\ConfiguredFindingExclusions	Reporting	contract
Qualimetrix\Infrastructure\Console\FindingFilterOrchestrator	Infrastructure.Console	Qualimetrix\Reporting\FindingProjection\Contract\GitScopeRequest	Reporting	contract
Qualimetrix\Infrastructure\Console\FindingFilterOrchestrator	Infrastructure.Console	Qualimetrix\Reporting\FindingProjection\FindingProjectionOptions	Reporting	contract
Qualimetrix\Infrastructure\Console\FindingFilterOrchestrator	Infrastructure.Console	Qualimetrix\Reporting\FindingProjection\FindingProjectionResult	Reporting	contract
Qualimetrix\Infrastructure\Console\FindingFilterOrchestrator	Infrastructure.Console	Qualimetrix\Reporting\FindingProjection\FindingProjector	Reporting	contract
Qualimetrix\Infrastructure\Console\FormatterContextFactory	Infrastructure.Console	Qualimetrix\Analysis\Configuration\Contract\Refusal\ConfigurationRefusal	Analysis.Configuration	contract
Qualimetrix\Infrastructure\Console\FormatterContextFactory	Infrastructure.Console	Qualimetrix\Core\Path\AbsolutePath	Core.Path	contract
Qualimetrix\Infrastructure\Console\FormatterContextFactory	Infrastructure.Console	Qualimetrix\Core\Pattern\NamespacePattern	Core.Neutral	contract
Qualimetrix\Infrastructure\Console\FormatterContextFactory	Infrastructure.Console	Qualimetrix\Reporting\FormatterContext	Reporting	contract
Qualimetrix\Infrastructure\Console\FormatterContextFactory	Infrastructure.Console	Qualimetrix\Reporting\Formatter\FormatterInterface	Reporting	contract
Qualimetrix\Infrastructure\Console\FormatterContextFactory	Infrastructure.Console	Qualimetrix\Reporting\Formatter\FormatterRegistryInterface	Reporting	contract
Qualimetrix\Infrastructure\Console\FormatterContextFactory	Infrastructure.Console	Qualimetrix\Reporting\GroupBy	Reporting	contract
Qualimetrix\Infrastructure\Console\LayerAssignmentResolver	Infrastructure.Console	Qualimetrix\Analysis\Configuration\Contract\Refusal\ConfigurationRefusal	Analysis.Configuration	contract
Qualimetrix\Infrastructure\Console\LayerAssignmentResolver	Infrastructure.Console	Qualimetrix\Analysis\Evidence\DependencyModel\Contract\DependencyGraphBuilderInterface	Analysis.Evidence.DependencyModel	contract
Qualimetrix\Infrastructure\Console\LayerAssignmentResolver	Infrastructure.Console	Qualimetrix\Analysis\Evidence\Measurement\Contract\MetricRepositoryFactoryInterface	Analysis.Evidence.Measurement	contract
Qualimetrix\Infrastructure\Console\LayerAssignmentResolver	Infrastructure.Console	Qualimetrix\Analysis\Evidence\Measurement\Contract\MetricRepositoryInterface	Analysis.Evidence.Measurement	contract
Qualimetrix\Infrastructure\Console\LayerAssignmentResolver	Infrastructure.Console	Qualimetrix\Analysis\Policy\Architecture\Contract\LayerAssignmentInspectorInterface	Analysis.Policy.Architecture	contract
Qualimetrix\Infrastructure\Console\LayerAssignmentResolver	Infrastructure.Console	Qualimetrix\Analysis\Run\Contract\Collection\CollectionOrchestratorInterface	Analysis.Run	contract
Qualimetrix\Infrastructure\Console\LayerAssignmentResolver	Infrastructure.Console	Qualimetrix\Analysis\Run\Contract\Collection\CollectionPhaseOutput	Analysis.Run	contract
Qualimetrix\Infrastructure\Console\LayerAssignmentResolver	Infrastructure.Console	Qualimetrix\Analysis\Run\Contract\Discovery\FileDiscoveryFactoryInterface	Analysis.Run	contract
Qualimetrix\Infrastructure\Console\LayerAssignmentResolver	Infrastructure.Console	Qualimetrix\Analysis\Run\Contract\Discovery\GeneratedFileFilterInterface	Analysis.Run	contract
Qualimetrix\Infrastructure\Console\LayerAssignmentResolver	Infrastructure.Console	Qualimetrix\Core\Path\AbsolutePath	Core.Path	contract
Qualimetrix\Infrastructure\Console\LayerAssignmentResolver	Infrastructure.Console	Qualimetrix\Core\Path\PathFactory	Core.Path	contract
Qualimetrix\Infrastructure\Console\LayerAssignmentResolver	Infrastructure.Console	Qualimetrix\Core\Symbol\SymbolLevel	Core.Symbol	contract
Qualimetrix\Infrastructure\Console\LayerAssignmentResolver	Infrastructure.Console	Qualimetrix\Core\Symbol\SymbolPath	Core.Symbol	contract
Qualimetrix\Infrastructure\Console\MeasuredAnalysisRun	Infrastructure.Console	Qualimetrix\Analysis\Run\Contract\Pipeline\AnalysisResult	Analysis.Run	contract
Qualimetrix\Infrastructure\Console\MeasuredFindingSet	Infrastructure.Console	Qualimetrix\Analysis\Run\Contract\Configuration\RunConfiguration	Analysis.Run	contract
Qualimetrix\Infrastructure\Console\MeasuredFindingSet	Infrastructure.Console	Qualimetrix\Analysis\Run\Contract\Discovery\FileDiscoveryFactoryInterface	Analysis.Run	contract
Qualimetrix\Infrastructure\Console\MeasuredFindingSet	Infrastructure.Console	Qualimetrix\Analysis\Run\Contract\Discovery\FileDiscoveryInterface	Analysis.Run	contract
Qualimetrix\Infrastructure\Console\MeasuredFindingSet	Infrastructure.Console	Qualimetrix\Analysis\Run\Contract\Pipeline\AnalysisPipelineInterface	Analysis.Run	contract
Qualimetrix\Infrastructure\Console\MeasuredFindingSet	Infrastructure.Console	Qualimetrix\Reporting\FindingProjection\FindingProjectionOptions	Reporting	contract
Qualimetrix\Infrastructure\Console\MeasuredFindingSet	Infrastructure.Console	Qualimetrix\Reporting\FindingProjection\FindingProjector	Reporting	contract
Qualimetrix\Infrastructure\Console\PreparedAnalysisInput	Infrastructure.Console	Qualimetrix\Analysis\Finding\Contract\Configuration\FindingConfiguration	Analysis.Finding	contract
Qualimetrix\Infrastructure\Console\PreparedAnalysisInput	Infrastructure.Console	Qualimetrix\Analysis\Run\Contract\Configuration\RunConfiguration	Analysis.Run	contract
Qualimetrix\Infrastructure\Console\PreparedAnalysisInput	Infrastructure.Console	Qualimetrix\Analysis\Run\Contract\Discovery\FileDiscoveryInterface	Analysis.Run	contract
Qualimetrix\Infrastructure\Console\ProfilePresenter	Infrastructure.Console	Qualimetrix\Infrastructure\Profiler\Contract\ProfileFormat	Infrastructure.Profiler	contract
Qualimetrix\Infrastructure\Console\ProfilePresenter	Infrastructure.Console	Qualimetrix\Infrastructure\Profiler\Contract\ProfileReportInterface	Infrastructure.Profiler	contract
Qualimetrix\Infrastructure\Console\ProfileSummaryRenderer	Infrastructure.Console	Qualimetrix\Infrastructure\Profiler\Contract\ProfileSummary	Infrastructure.Profiler	contract
Qualimetrix\Infrastructure\Console\Progress\ConsoleProgressBar	Infrastructure.Console	Qualimetrix\Analysis\Run\Contract\Progress\ProgressReporterInterface	Analysis.Run	contract
Qualimetrix\Infrastructure\Console\Progress\SwitchableProgressReporter	Infrastructure.Console	Qualimetrix\Analysis\Run\Contract\Progress\ProgressReporterInterface	Analysis.Run	contract
Qualimetrix\Infrastructure\Console\Refusal\RefusalPresenter	Infrastructure.Console	Qualimetrix\Analysis\Configuration\Contract\Refusal\ConfigurationRefusal	Analysis.Configuration	contract
Qualimetrix\Infrastructure\Console\ResolvedCheckScope	Infrastructure.Console	Qualimetrix\Infrastructure\Git\GitScopeResolution	Infrastructure.Git	contract
Qualimetrix\Infrastructure\Console\ResultPresenter	Infrastructure.Console	Qualimetrix\Analysis\Configuration\Contract\Refusal\ConfigurationRefusal	Analysis.Configuration	contract
Qualimetrix\Infrastructure\Console\ResultPresenter	Infrastructure.Console	Qualimetrix\Analysis\Finding\Contract\RuleConfigurationInterface	Analysis.Finding	contract
Qualimetrix\Infrastructure\Console\ResultPresenter	Infrastructure.Console	Qualimetrix\Analysis\Run\Contract\Pipeline\AnalysisCoverage	Analysis.Run	contract
Qualimetrix\Infrastructure\Console\ResultPresenter	Infrastructure.Console	Qualimetrix\Analysis\Run\Contract\Pipeline\AnalysisFailure	Analysis.Run	contract
Qualimetrix\Infrastructure\Console\ResultPresenter	Infrastructure.Console	Qualimetrix\Analysis\Run\Contract\Pipeline\AnalysisFailureKind	Analysis.Run	contract
Qualimetrix\Infrastructure\Console\ResultPresenter	Infrastructure.Console	Qualimetrix\Analysis\Run\Contract\Pipeline\AnalysisResult	Analysis.Run	contract
Qualimetrix\Infrastructure\Console\ResultPresenter	Infrastructure.Console	Qualimetrix\Core\Path\AbsolutePath	Core.Path	contract
Qualimetrix\Infrastructure\Console\ResultPresenter	Infrastructure.Console	Qualimetrix\Core\Pattern\NamespacePattern	Core.Neutral	contract
Qualimetrix\Infrastructure\Console\ResultPresenter	Infrastructure.Console	Qualimetrix\Core\Profiler\Contract\ProfilerInterface	Core.Profiler	contract
Qualimetrix\Infrastructure\Console\ResultPresenter	Infrastructure.Console	Qualimetrix\Infrastructure\Git\GitScope	Infrastructure.Git	contract
Qualimetrix\Infrastructure\Console\ResultPresenter	Infrastructure.Console	Qualimetrix\Reporting\Contract\OutputFormat	Reporting	contract
Qualimetrix\Infrastructure\Console\ResultPresenter	Infrastructure.Console	Qualimetrix\Reporting\CoverageFailure	Reporting	contract
Qualimetrix\Infrastructure\Console\ResultPresenter	Infrastructure.Console	Qualimetrix\Reporting\DrillDown\DrillDownBinding	Reporting	contract
Qualimetrix\Infrastructure\Console\ResultPresenter	Infrastructure.Console	Qualimetrix\Reporting\DrillDown\FindingFilter	Reporting	contract
Qualimetrix\Infrastructure\Console\ResultPresenter	Infrastructure.Console	Qualimetrix\Reporting\FindingProjection\FindingProjectionOptions	Reporting	contract
Qualimetrix\Infrastructure\Console\ResultPresenter	Infrastructure.Console	Qualimetrix\Reporting\FindingProjection\FindingProjectionResult	Reporting	contract
Qualimetrix\Infrastructure\Console\ResultPresenter	Infrastructure.Console	Qualimetrix\Reporting\FindingProjection\SuppressionCompositionBuilder	Reporting	contract
Qualimetrix\Infrastructure\Console\ResultPresenter	Infrastructure.Console	Qualimetrix\Reporting\FormatterContext	Reporting	contract
Qualimetrix\Infrastructure\Console\ResultPresenter	Infrastructure.Console	Qualimetrix\Reporting\Formatter\FormatterRegistryInterface	Reporting	contract
Qualimetrix\Infrastructure\Console\ResultPresenter	Infrastructure.Console	Qualimetrix\Reporting\Health\SummaryEnricher	Reporting	contract
Qualimetrix\Infrastructure\Console\ResultPresenter	Infrastructure.Console	Qualimetrix\Reporting\ReportBuilder	Reporting	contract
Qualimetrix\Infrastructure\Console\ResultPresenter	Infrastructure.Console	Qualimetrix\Reporting\ReportCoverage	Reporting	contract
Qualimetrix\Infrastructure\Console\RuleInputValidator	Infrastructure.Console	Qualimetrix\Analysis\Configuration\Contract\ConfigurationDocument	Analysis.Configuration	contract
Qualimetrix\Infrastructure\Console\RuleInputValidator	Infrastructure.Console	Qualimetrix\Analysis\Configuration\Contract\Refusal\ConfigurationRefusal	Analysis.Configuration	contract
Qualimetrix\Infrastructure\Console\RuleInputValidator	Infrastructure.Console	Qualimetrix\Analysis\Evidence\ComputedMetrics\Contract\Definition\ResolvedComputedMetricDefinitions	Analysis.Evidence.ComputedMetrics	contract
Qualimetrix\Infrastructure\Console\RuleInputValidator	Infrastructure.Console	Qualimetrix\Analysis\Finding\Contract\ChannelUniverseInterface	Analysis.Finding	contract
Qualimetrix\Infrastructure\Console\RuleInputValidator	Infrastructure.Console	Qualimetrix\Analysis\Finding\Contract\Configuration\FindingCliOverrides	Analysis.Finding	contract
Qualimetrix\Infrastructure\Console\RuleInputValidator	Infrastructure.Console	Qualimetrix\Analysis\Finding\Contract\Configuration\FindingConfiguration	Analysis.Finding	contract
Qualimetrix\Infrastructure\Console\RuleInputValidator	Infrastructure.Console	Qualimetrix\Analysis\Finding\Contract\Configuration\FindingConfigurationResolverInterface	Analysis.Finding	contract
Qualimetrix\Infrastructure\Console\RuleInputValidator	Infrastructure.Console	Qualimetrix\Analysis\Finding\Contract\FindingChannel	Analysis.Finding	contract
Qualimetrix\Infrastructure\Console\RuleInputValidator	Infrastructure.Console	Qualimetrix\Analysis\Finding\Contract\Rule\ChannelLevelAddressing	Analysis.Finding	contract
Qualimetrix\Infrastructure\Console\RuleInputValidator	Infrastructure.Console	Qualimetrix\Analysis\Finding\Contract\Rule\ChannelLevelSelector	Analysis.Finding	contract
Qualimetrix\Infrastructure\Console\RuleInputValidator	Infrastructure.Console	Qualimetrix\Analysis\Finding\Contract\Rule\RuleChannelRegistryInterface	Analysis.Finding	contract
Qualimetrix\Infrastructure\Console\RuleInputValidator	Infrastructure.Console	Qualimetrix\Analysis\Finding\Contract\Rule\RuleSelector	Analysis.Finding	contract
Qualimetrix\Infrastructure\Console\RuleInputValidator	Infrastructure.Console	Qualimetrix\Analysis\Finding\Exclusion\ConfiguredSuppression	Analysis.Finding	contract
Qualimetrix\Infrastructure\Console\RuleInputValidator	Infrastructure.Console	Qualimetrix\Analysis\Finding\RuleConfiguration\RuleOptionsParserFactory	Analysis.Finding	contract
Qualimetrix\Infrastructure\Console\RuleInputValidator	Infrastructure.Console	Qualimetrix\Infrastructure\Rule\Contract\RuleChannelSnapshotFactoryInterface	Infrastructure.Rule	contract
Qualimetrix\Infrastructure\Console\RuleInputValidator	Infrastructure.Console	Qualimetrix\Infrastructure\Rule\RuleRegistryInterface	Infrastructure.Rule	contract
Qualimetrix\Infrastructure\Console\RuleListingPresenter	Infrastructure.Console	Qualimetrix\Analysis\Finding\Contract\Rule\FrameworkOptionKeys	Analysis.Finding	contract
Qualimetrix\Infrastructure\Console\RuntimeConfigurator	Infrastructure.Console	Qualimetrix\Analysis\Configuration\ConfigSchema	Analysis.Configuration	contract
Qualimetrix\Infrastructure\Console\RuntimeConfigurator	Infrastructure.Console	Qualimetrix\Analysis\Configuration\Contract\ConfigurationDocument	Analysis.Configuration	contract
Qualimetrix\Infrastructure\Console\RuntimeConfigurator	Infrastructure.Console	Qualimetrix\Analysis\Finding\Contract\Configuration\FindingConfiguration	Analysis.Finding	contract
Qualimetrix\Infrastructure\Console\RuntimeConfigurator	Infrastructure.Console	Qualimetrix\Analysis\Run\Contract\Configuration\RunConfiguration	Analysis.Run	contract
Qualimetrix\Infrastructure\Console\RuntimeConfigurator	Infrastructure.Console	Qualimetrix\Infrastructure\Cache\CacheFactory	Infrastructure.Cache	contract
Qualimetrix\Infrastructure\Console\RuntimeConfigurator	Infrastructure.Console	Qualimetrix\Infrastructure\Cache\Contract\CacheConfiguration	Infrastructure.Cache	contract
Qualimetrix\Infrastructure\Console\RuntimeConfigurator	Infrastructure.Console	Qualimetrix\Infrastructure\Composer\Contract\AnalysedInstallAnchorInterface	Infrastructure.Composer	contract
Qualimetrix\Infrastructure\Console\RuntimeConfigurator	Infrastructure.Console	Qualimetrix\Infrastructure\Parallel\Contract\ParallelConfiguration	Infrastructure.Parallel	contract
Qualimetrix\Infrastructure\Console\RuntimeConfigurator	Infrastructure.Console	Qualimetrix\Infrastructure\Parallel\Contract\ParallelConfigurationStoreInterface	Infrastructure.Parallel	contract
Qualimetrix\Infrastructure\Console\RuntimeConfigurator	Infrastructure.Console	Qualimetrix\Infrastructure\Profiler\Contract\ProfileSessionControlInterface	Infrastructure.Profiler	contract
Qualimetrix\Infrastructure\Console\RuntimeLimits	Infrastructure.Console	Qualimetrix\Analysis\Configuration\ConfigSchema	Analysis.Configuration	contract
Qualimetrix\Infrastructure\Console\RuntimeLimits	Infrastructure.Console	Qualimetrix\Analysis\Configuration\Contract\Refusal\ConfigurationRefusal	Analysis.Configuration	contract
Qualimetrix\Infrastructure\Console\RuntimeLimitsController	Infrastructure.Console	Qualimetrix\Analysis\Configuration\ConfigSchema	Analysis.Configuration	contract
Qualimetrix\Infrastructure\Console\RuntimeLimitsController	Infrastructure.Console	Qualimetrix\Analysis\Configuration\Contract\Refusal\ConfigurationRefusal	Analysis.Configuration	contract
Qualimetrix\Infrastructure\Console\RuntimeLoggerConfigurator	Infrastructure.Console	Qualimetrix\Analysis\Configuration\Contract\Refusal\ConfigurationRefusal	Analysis.Configuration	contract
Qualimetrix\Infrastructure\Console\RuntimeLoggerConfigurator	Infrastructure.Console	Qualimetrix\Infrastructure\Logging\Contract\LoggerFactoryInterface	Infrastructure.Logging	contract
Qualimetrix\Infrastructure\Console\RuntimeLoggerConfigurator	Infrastructure.Console	Qualimetrix\Infrastructure\Logging\LoggerHolder	Infrastructure.Logging	contract
Qualimetrix\Infrastructure\DependencyInjection\CompilerPass\ChannelDeclarationCompilerPass	Infrastructure.DependencyInjection	Qualimetrix\Analysis\Evidence\ComputedMetrics\Contract\Finding\ComputedMetricChannelFamily	Analysis.Evidence.ComputedMetrics	contract
Qualimetrix\Infrastructure\DependencyInjection\CompilerPass\ChannelDeclarationCompilerPass	Infrastructure.DependencyInjection	Qualimetrix\Analysis\Evidence\Prioritization\Debt\RemediationTimeRegistry	Analysis.Evidence.Prioritization	contract
Qualimetrix\Infrastructure\DependencyInjection\CompilerPass\ChannelDeclarationCompilerPass	Infrastructure.DependencyInjection	Qualimetrix\Analysis\Finding\ChannelPresentationView	Analysis.Finding	internal
Qualimetrix\Infrastructure\DependencyInjection\CompilerPass\ChannelDeclarationCompilerPass	Infrastructure.DependencyInjection	Qualimetrix\Analysis\Finding\Contract\ChannelDeclaration	Analysis.Finding	contract
Qualimetrix\Infrastructure\DependencyInjection\CompilerPass\ChannelDeclarationCompilerPass	Infrastructure.DependencyInjection	Qualimetrix\Analysis\Finding\Contract\ChannelShape	Analysis.Finding	contract
Qualimetrix\Infrastructure\DependencyInjection\CompilerPass\ChannelDeclarationCompilerPass	Infrastructure.DependencyInjection	Qualimetrix\Analysis\Finding\Contract\FindingChannel	Analysis.Finding	contract
Qualimetrix\Infrastructure\DependencyInjection\CompilerPass\ChannelDeclarationCompilerPass	Infrastructure.DependencyInjection	Qualimetrix\Analysis\Finding\Contract\ProducerDeclaration	Analysis.Finding	contract
Qualimetrix\Infrastructure\DependencyInjection\CompilerPass\ChannelDeclarationCompilerPass	Infrastructure.DependencyInjection	Qualimetrix\Analysis\Finding\Contract\Rule\ChannelDeclarationReader	Analysis.Finding	contract
Qualimetrix\Infrastructure\DependencyInjection\CompilerPass\ChannelDeclarationCompilerPass	Infrastructure.DependencyInjection	Qualimetrix\Analysis\Finding\Contract\Rule\ProducerName	Analysis.Finding	contract
Qualimetrix\Infrastructure\DependencyInjection\CompilerPass\ChannelDeclarationCompilerPass	Infrastructure.DependencyInjection	Qualimetrix\Analysis\Finding\Contract\Rule\RuleDocsPageReader	Analysis.Finding	contract
Qualimetrix\Infrastructure\DependencyInjection\CompilerPass\ChannelDeclarationCompilerPass	Infrastructure.DependencyInjection	Qualimetrix\Analysis\Finding\Contract\Rule\RuleNameReader	Analysis.Finding	contract
Qualimetrix\Infrastructure\DependencyInjection\CompilerPass\ChannelDeclarationCompilerPass	Infrastructure.DependencyInjection	Qualimetrix\Analysis\Finding\Contract\Rule\RuleRemediationMinutesReader	Analysis.Finding	contract
Qualimetrix\Infrastructure\DependencyInjection\CompilerPass\ChannelDeclarationCompilerPass	Infrastructure.DependencyInjection	Qualimetrix\Analysis\Finding\Contract\Rule\RuleShapeReader	Analysis.Finding	contract
Qualimetrix\Infrastructure\DependencyInjection\CompilerPass\ChannelDeclarationCompilerPass	Infrastructure.DependencyInjection	Qualimetrix\Analysis\Finding\Contract\Rule\ThresholdOverrideSupportReader	Analysis.Finding	contract
Qualimetrix\Infrastructure\DependencyInjection\CompilerPass\ChannelDeclarationCompilerPass	Infrastructure.DependencyInjection	Qualimetrix\Infrastructure\Rule\ChannelUniverse	Infrastructure.Rule	internal
Qualimetrix\Infrastructure\DependencyInjection\CompilerPass\ChannelDeclarationCompilerPass	Infrastructure.DependencyInjection	Qualimetrix\Infrastructure\Rule\KnownRuleNamesAdapter	Infrastructure.Rule	internal
Qualimetrix\Infrastructure\DependencyInjection\CompilerPass\ConfigurationValidatorCompilerPass	Infrastructure.DependencyInjection	Qualimetrix\Infrastructure\Rule\ConfigurationValidatorRegistry	Infrastructure.Rule	internal
Qualimetrix\Infrastructure\DependencyInjection\CompilerPass\FileSetInspectionParticipantCompilerPass	Infrastructure.DependencyInjection	Qualimetrix\Analysis\Run\Contract\FileSetInspectionParticipantInterface	Analysis.Run	contract
Qualimetrix\Infrastructure\DependencyInjection\CompilerPass\JudgedMetricDeclarationGuard	Infrastructure.DependencyInjection	Qualimetrix\Analysis\Evidence\Measurement\Contract\MetricName	Analysis.Evidence.Measurement	contract
Qualimetrix\Infrastructure\DependencyInjection\CompilerPass\JudgedMetricDeclarationGuard	Infrastructure.DependencyInjection	Qualimetrix\Analysis\Finding\Contract\ChannelDeclaration	Analysis.Finding	contract
Qualimetrix\Infrastructure\DependencyInjection\CompilerPass\JudgedMetricDeclarationGuard	Infrastructure.DependencyInjection	Qualimetrix\Analysis\Finding\Contract\ChannelShape	Analysis.Finding	contract
Qualimetrix\Infrastructure\DependencyInjection\CompilerPass\ParallelCollectorClassesCompilerPass	Infrastructure.DependencyInjection	Qualimetrix\Infrastructure\Parallel\FileProcessingTaskFactory	Infrastructure.Parallel	internal
Qualimetrix\Infrastructure\DependencyInjection\CompilerPass\RuleOptionsCompilerPass	Infrastructure.DependencyInjection	Qualimetrix\Analysis\Finding\Contract\Rule\RuleNameReader	Analysis.Finding	contract
Qualimetrix\Infrastructure\DependencyInjection\CompilerPass\RuleOptionsCompilerPass	Infrastructure.DependencyInjection	Qualimetrix\Analysis\Finding\Contract\Rule\RuleOptionsInterface	Analysis.Finding	contract
Qualimetrix\Infrastructure\DependencyInjection\CompilerPass\RuleOptionsCompilerPass	Infrastructure.DependencyInjection	Qualimetrix\Analysis\Finding\RuleConfiguration\RuleOptionsFactory	Analysis.Finding	contract
Qualimetrix\Infrastructure\DependencyInjection\CompilerPass\RuleOptionsCompilerPass	Infrastructure.DependencyInjection	Qualimetrix\Infrastructure\Logging\DelegatingLogger	Infrastructure.Logging	internal
Qualimetrix\Infrastructure\DependencyInjection\CompilerPass\RuleRegistryCompilerPass	Infrastructure.DependencyInjection	Qualimetrix\Analysis\Finding\Contract\Rule\RuleNameReader	Analysis.Finding	contract
Qualimetrix\Infrastructure\DependencyInjection\CompilerPass\RuleRegistryCompilerPass	Infrastructure.DependencyInjection	Qualimetrix\Infrastructure\Rule\RuleRegistry	Infrastructure.Rule	internal
Qualimetrix\Infrastructure\DependencyInjection\CompilerPass\ThresholdValidatorMapCompilerPass	Infrastructure.DependencyInjection	Qualimetrix\Analysis\Policy\Inline\Contract\RuleValidatorMapFactory	Analysis.Policy.Inline	contract
Qualimetrix\Infrastructure\DependencyInjection\CompilerPass\ThresholdValidatorMapCompilerPass	Infrastructure.DependencyInjection	Qualimetrix\Analysis\Policy\Inline\Contract\ThresholdOverrideExtractor	Analysis.Policy.Inline	contract
Qualimetrix\Infrastructure\DependencyInjection\Configurator\AnalysisConfigurator	Infrastructure.DependencyInjection	Qualimetrix\Analysis\Configuration\Contract\Discovery\ComposerAutoloadPathReaderInterface	Analysis.Configuration	contract
Qualimetrix\Infrastructure\DependencyInjection\Configurator\AnalysisConfigurator	Infrastructure.DependencyInjection	Qualimetrix\Analysis\Evidence\CircularDependency\Contract\CircularDependencyPreparationInterface	Analysis.Evidence.CircularDependency	contract
Qualimetrix\Infrastructure\DependencyInjection\Configurator\AnalysisConfigurator	Infrastructure.DependencyInjection	Qualimetrix\Analysis\Evidence\DependencyModel\Contract\DependencyGraphBuilderInterface	Analysis.Evidence.DependencyModel	contract
Qualimetrix\Infrastructure\DependencyInjection\Configurator\AnalysisConfigurator	Infrastructure.DependencyInjection	Qualimetrix\Analysis\Evidence\Measurement\Contract\DerivedMetricExtractorInterface	Analysis.Evidence.Measurement	contract
Qualimetrix\Infrastructure\DependencyInjection\Configurator\AnalysisConfigurator	Infrastructure.DependencyInjection	Qualimetrix\Analysis\Evidence\Measurement\Contract\FileMeasurementCollectorInterface	Analysis.Evidence.Measurement	contract
Qualimetrix\Infrastructure\DependencyInjection\Configurator\AnalysisConfigurator	Infrastructure.DependencyInjection	Qualimetrix\Analysis\Evidence\Measurement\Contract\MeasurementAggregationInterface	Analysis.Evidence.Measurement	contract
Qualimetrix\Infrastructure\DependencyInjection\Configurator\AnalysisConfigurator	Infrastructure.DependencyInjection	Qualimetrix\Analysis\Evidence\Measurement\Contract\MetricRepositoryFactoryInterface	Analysis.Evidence.Measurement	contract
Qualimetrix\Infrastructure\DependencyInjection\Configurator\AnalysisConfigurator	Infrastructure.DependencyInjection	Qualimetrix\Analysis\Finding\Contract\ChannelDeclarationRegistryInterface	Analysis.Finding	contract
Qualimetrix\Infrastructure\DependencyInjection\Configurator\AnalysisConfigurator	Infrastructure.DependencyInjection	Qualimetrix\Analysis\Finding\Contract\ChannelIdentityInterface	Analysis.Finding	contract
Qualimetrix\Infrastructure\DependencyInjection\Configurator\AnalysisConfigurator	Infrastructure.DependencyInjection	Qualimetrix\Analysis\Finding\Contract\RuleConfigurationInterface	Analysis.Finding	contract
Qualimetrix\Infrastructure\DependencyInjection\Configurator\AnalysisConfigurator	Infrastructure.DependencyInjection	Qualimetrix\Analysis\Finding\Contract\RuleExecutionInterface	Analysis.Finding	contract
Qualimetrix\Infrastructure\DependencyInjection\Configurator\AnalysisConfigurator	Infrastructure.DependencyInjection	Qualimetrix\Analysis\Finding\Contract\Rule\RuleSelector	Analysis.Finding	contract
Qualimetrix\Infrastructure\DependencyInjection\Configurator\AnalysisConfigurator	Infrastructure.DependencyInjection	Qualimetrix\Analysis\Policy\Architecture\Contract\LayerPolicyPreparationInterface	Analysis.Policy.Architecture	contract
Qualimetrix\Infrastructure\DependencyInjection\Configurator\AnalysisConfigurator	Infrastructure.DependencyInjection	Qualimetrix\Analysis\Policy\Inline\Contract\Directive\InlineDirectivePolicyInterface	Analysis.Policy.Inline	contract
Qualimetrix\Infrastructure\DependencyInjection\Configurator\AnalysisConfigurator	Infrastructure.DependencyInjection	Qualimetrix\Analysis\Policy\Inline\Contract\Directive\ThresholdDirectiveAuditInterface	Analysis.Policy.Inline	contract
Qualimetrix\Infrastructure\DependencyInjection\Configurator\AnalysisConfigurator	Infrastructure.DependencyInjection	Qualimetrix\Analysis\Policy\Inline\Contract\SuppressionExtractor	Analysis.Policy.Inline	contract
Qualimetrix\Infrastructure\DependencyInjection\Configurator\AnalysisConfigurator	Infrastructure.DependencyInjection	Qualimetrix\Analysis\Policy\Inline\Contract\ThresholdOverrideExtractor	Analysis.Policy.Inline	contract
Qualimetrix\Infrastructure\DependencyInjection\Configurator\AnalysisConfigurator	Infrastructure.DependencyInjection	Qualimetrix\Analysis\Run\Configuration\ProjectScopeCoverage	Analysis.Run	contract
Qualimetrix\Infrastructure\DependencyInjection\Configurator\AnalysisConfigurator	Infrastructure.DependencyInjection	Qualimetrix\Analysis\Run\Contract\Collection\CollectionOrchestratorInterface	Analysis.Run	contract
Qualimetrix\Infrastructure\DependencyInjection\Configurator\AnalysisConfigurator	Infrastructure.DependencyInjection	Qualimetrix\Analysis\Run\Contract\Collection\FileProcessorInterface	Analysis.Run	contract
Qualimetrix\Infrastructure\DependencyInjection\Configurator\AnalysisConfigurator	Infrastructure.DependencyInjection	Qualimetrix\Analysis\Run\Contract\Collection\Strategy\StrategySelectorInterface	Analysis.Run	contract
Qualimetrix\Infrastructure\DependencyInjection\Configurator\AnalysisConfigurator	Infrastructure.DependencyInjection	Qualimetrix\Analysis\Run\Contract\Discovery\FileDiscoveryFactoryInterface	Analysis.Run	contract
Qualimetrix\Infrastructure\DependencyInjection\Configurator\AnalysisConfigurator	Infrastructure.DependencyInjection	Qualimetrix\Analysis\Run\Contract\Discovery\FileDiscoveryInterface	Analysis.Run	contract
Qualimetrix\Infrastructure\DependencyInjection\Configurator\AnalysisConfigurator	Infrastructure.DependencyInjection	Qualimetrix\Analysis\Run\Contract\Discovery\GeneratedFileFilterInterface	Analysis.Run	contract
Qualimetrix\Infrastructure\DependencyInjection\Configurator\AnalysisConfigurator	Infrastructure.DependencyInjection	Qualimetrix\Analysis\Run\Contract\Pipeline\AnalysisPipelineInterface	Analysis.Run	contract
Qualimetrix\Infrastructure\DependencyInjection\Configurator\AnalysisConfigurator	Infrastructure.DependencyInjection	Qualimetrix\Analysis\Run\Contract\Pipeline\DirectiveAuditInterface	Analysis.Run	contract
Qualimetrix\Infrastructure\DependencyInjection\Configurator\AnalysisConfigurator	Infrastructure.DependencyInjection	Qualimetrix\Analysis\Run\Contract\Progress\ProgressReporterInterface	Analysis.Run	contract
Qualimetrix\Infrastructure\DependencyInjection\Configurator\AnalysisConfigurator	Infrastructure.DependencyInjection	Qualimetrix\Core\Ast\FileParserInterface	Core.Neutral	contract
Qualimetrix\Infrastructure\DependencyInjection\Configurator\AnalysisConfigurator	Infrastructure.DependencyInjection	Qualimetrix\Core\Profiler\Contract\ProfilerInterface	Core.Profiler	contract
Qualimetrix\Infrastructure\DependencyInjection\Configurator\AnalysisConfigurator	Infrastructure.DependencyInjection	Qualimetrix\Infrastructure\Logging\DelegatingLogger	Infrastructure.Logging	internal
Qualimetrix\Infrastructure\DependencyInjection\Configurator\ArchitectureConfigurator	Infrastructure.DependencyInjection	Qualimetrix\Analysis\Evidence\DependencyModel\Contract\DependencyGraphBuilderInterface	Analysis.Evidence.DependencyModel	contract
Qualimetrix\Infrastructure\DependencyInjection\Configurator\ArchitectureConfigurator	Infrastructure.DependencyInjection	Qualimetrix\Analysis\Evidence\Measurement\Contract\MetricRepositoryFactoryInterface	Analysis.Evidence.Measurement	contract
Qualimetrix\Infrastructure\DependencyInjection\Configurator\ArchitectureConfigurator	Infrastructure.DependencyInjection	Qualimetrix\Analysis\Policy\Architecture\Contract\ArchitecturePolicyConfiguratorInterface	Analysis.Policy.Architecture	contract
Qualimetrix\Infrastructure\DependencyInjection\Configurator\ArchitectureConfigurator	Infrastructure.DependencyInjection	Qualimetrix\Analysis\Policy\Architecture\Contract\LayerAssignmentInspectorInterface	Analysis.Policy.Architecture	contract
Qualimetrix\Infrastructure\DependencyInjection\Configurator\ArchitectureConfigurator	Infrastructure.DependencyInjection	Qualimetrix\Analysis\Policy\Architecture\Contract\LayerPolicyPreparationInterface	Analysis.Policy.Architecture	contract
Qualimetrix\Infrastructure\DependencyInjection\Configurator\ArchitectureConfigurator	Infrastructure.DependencyInjection	Qualimetrix\Analysis\Run\Contract\Collection\CollectionOrchestratorInterface	Analysis.Run	contract
Qualimetrix\Infrastructure\DependencyInjection\Configurator\ArchitectureConfigurator	Infrastructure.DependencyInjection	Qualimetrix\Analysis\Run\Contract\Discovery\FileDiscoveryFactoryInterface	Analysis.Run	contract
Qualimetrix\Infrastructure\DependencyInjection\Configurator\ArchitectureConfigurator	Infrastructure.DependencyInjection	Qualimetrix\Analysis\Run\Contract\Discovery\GeneratedFileFilterInterface	Analysis.Run	contract
Qualimetrix\Infrastructure\DependencyInjection\Configurator\ArchitectureConfigurator	Infrastructure.DependencyInjection	Qualimetrix\Infrastructure\Console\AnalysisPreflight	Infrastructure.Console	internal
Qualimetrix\Infrastructure\DependencyInjection\Configurator\ArchitectureConfigurator	Infrastructure.DependencyInjection	Qualimetrix\Infrastructure\Console\Refusal\RefusalPresenter	Infrastructure.Console	internal
Qualimetrix\Infrastructure\DependencyInjection\Configurator\CircularDependencyConfigurator	Infrastructure.DependencyInjection	Qualimetrix\Analysis\Evidence\CircularDependency\Contract\CircularDependencyPreparationInterface	Analysis.Evidence.CircularDependency	contract
Qualimetrix\Infrastructure\DependencyInjection\Configurator\CollectorConfigurator	Infrastructure.DependencyInjection	Qualimetrix\Core\Profiler\Contract\ProfilerInterface	Core.Profiler	contract
Qualimetrix\Infrastructure\DependencyInjection\Configurator\CollectorConfigurator	Infrastructure.DependencyInjection	Qualimetrix\Infrastructure\Logging\DelegatingLogger	Infrastructure.Logging	internal
Qualimetrix\Infrastructure\DependencyInjection\Configurator\CollectorConfigurator	Infrastructure.DependencyInjection	Qualimetrix\Infrastructure\Parallel\Configuration\ParallelConfigurationResolver	Infrastructure.Parallel	internal
Qualimetrix\Infrastructure\DependencyInjection\Configurator\CollectorConfigurator	Infrastructure.DependencyInjection	Qualimetrix\Infrastructure\Parallel\Contract\ParallelConfigurationResolverInterface	Infrastructure.Parallel	contract
Qualimetrix\Infrastructure\DependencyInjection\Configurator\CollectorConfigurator	Infrastructure.DependencyInjection	Qualimetrix\Infrastructure\Parallel\Contract\ParallelConfigurationStoreInterface	Infrastructure.Parallel	contract
Qualimetrix\Infrastructure\DependencyInjection\Configurator\CollectorConfigurator	Infrastructure.DependencyInjection	Qualimetrix\Infrastructure\Parallel\FileProcessingTaskFactory	Infrastructure.Parallel	internal
Qualimetrix\Infrastructure\DependencyInjection\Configurator\CollectorConfigurator	Infrastructure.DependencyInjection	Qualimetrix\Infrastructure\Parallel\Runtime\ParallelConfigurationStore	Infrastructure.Parallel	internal
Qualimetrix\Infrastructure\DependencyInjection\Configurator\CollectorConfigurator	Infrastructure.DependencyInjection	Qualimetrix\Infrastructure\Parallel\Strategy\AmphpParallelStrategy	Infrastructure.Parallel	internal
Qualimetrix\Infrastructure\DependencyInjection\Configurator\CollectorConfigurator	Infrastructure.DependencyInjection	Qualimetrix\Infrastructure\Parallel\Strategy\SequentialStrategy	Infrastructure.Parallel	internal
Qualimetrix\Infrastructure\DependencyInjection\Configurator\CollectorConfigurator	Infrastructure.DependencyInjection	Qualimetrix\Infrastructure\Parallel\Strategy\WorkerCountDetector	Infrastructure.Parallel	internal
Qualimetrix\Infrastructure\DependencyInjection\Configurator\ComputedMetricsConfigurator	Infrastructure.DependencyInjection	Qualimetrix\Analysis\Evidence\ComputedMetrics\Contract\Finding\ComputedMetricChannelFamily	Analysis.Evidence.ComputedMetrics	contract
Qualimetrix\Infrastructure\DependencyInjection\Configurator\ComputedMetricsConfigurator	Infrastructure.DependencyInjection	Qualimetrix\Analysis\Finding\RuleConfiguration\RuleOptionsFactory	Analysis.Finding	contract
Qualimetrix\Infrastructure\DependencyInjection\Configurator\ComputedMetricsConfigurator	Infrastructure.DependencyInjection	Qualimetrix\Core\Profiler\Contract\ProfilerInterface	Core.Profiler	contract
Qualimetrix\Infrastructure\DependencyInjection\Configurator\ConfigurationConfigurator	Infrastructure.DependencyInjection	Qualimetrix\Analysis\Configuration\Contract\Discovery\ComposerAutoloadPathReaderInterface	Analysis.Configuration	contract
Qualimetrix\Infrastructure\DependencyInjection\Configurator\ConfigurationConfigurator	Infrastructure.DependencyInjection	Qualimetrix\Analysis\Configuration\Contract\Pipeline\ConfigurationPipelineInterface	Analysis.Configuration	contract
Qualimetrix\Infrastructure\DependencyInjection\Configurator\CoreServicesConfigurator	Infrastructure.DependencyInjection	Qualimetrix\Analysis\Run\Contract\Progress\ProgressReporterInterface	Analysis.Run	contract
Qualimetrix\Infrastructure\DependencyInjection\Configurator\CoreServicesConfigurator	Infrastructure.DependencyInjection	Qualimetrix\Core\Profiler\Contract\ProfilerInterface	Core.Profiler	contract
Qualimetrix\Infrastructure\DependencyInjection\Configurator\CoreServicesConfigurator	Infrastructure.DependencyInjection	Qualimetrix\Core\Time\ClockInterface	Core.Neutral	contract
Qualimetrix\Infrastructure\DependencyInjection\Configurator\CoreServicesConfigurator	Infrastructure.DependencyInjection	Qualimetrix\Core\Time\SystemClock	Core.Neutral	internal
Qualimetrix\Infrastructure\DependencyInjection\Configurator\CoreServicesConfigurator	Infrastructure.DependencyInjection	Qualimetrix\Infrastructure\Console\Progress\SwitchableProgressReporter	Infrastructure.Console	internal
Qualimetrix\Infrastructure\DependencyInjection\Configurator\CoreServicesConfigurator	Infrastructure.DependencyInjection	Qualimetrix\Infrastructure\Logging\Contract\LoggerFactoryInterface	Infrastructure.Logging	contract
Qualimetrix\Infrastructure\DependencyInjection\Configurator\CoreServicesConfigurator	Infrastructure.DependencyInjection	Qualimetrix\Infrastructure\Logging\DelegatingLogger	Infrastructure.Logging	internal
Qualimetrix\Infrastructure\DependencyInjection\Configurator\CoreServicesConfigurator	Infrastructure.DependencyInjection	Qualimetrix\Infrastructure\Logging\LoggerFactory	Infrastructure.Logging	contract
Qualimetrix\Infrastructure\DependencyInjection\Configurator\CoreServicesConfigurator	Infrastructure.DependencyInjection	Qualimetrix\Infrastructure\Logging\LoggerHolder	Infrastructure.Logging	contract
Qualimetrix\Infrastructure\DependencyInjection\Configurator\CoreServicesConfigurator	Infrastructure.DependencyInjection	Qualimetrix\Infrastructure\Profiler\Contract\ProfileReportInterface	Infrastructure.Profiler	contract
Qualimetrix\Infrastructure\DependencyInjection\Configurator\CoreServicesConfigurator	Infrastructure.DependencyInjection	Qualimetrix\Infrastructure\Profiler\Contract\ProfileSessionControlInterface	Infrastructure.Profiler	contract
Qualimetrix\Infrastructure\DependencyInjection\Configurator\CoreServicesConfigurator	Infrastructure.DependencyInjection	Qualimetrix\Infrastructure\Profiler\ProfileSession	Infrastructure.Profiler	internal
Qualimetrix\Infrastructure\DependencyInjection\Configurator\CouplingConfigurator	Infrastructure.DependencyInjection	Qualimetrix\Analysis\Evidence\Coupling\Contract\Configuration\CouplingConfiguratorInterface	Analysis.Evidence.Coupling	contract
Qualimetrix\Infrastructure\DependencyInjection\Configurator\DependencyModelConfigurator	Infrastructure.DependencyInjection	Qualimetrix\Analysis\Evidence\Cohesion\Contract\LcomCollectionConfigurationStoreInterface	Analysis.Evidence.Cohesion	contract
Qualimetrix\Infrastructure\DependencyInjection\Configurator\DependencyModelConfigurator	Infrastructure.DependencyInjection	Qualimetrix\Analysis\Evidence\DependencyModel\Contract\DependencyTraversalParticipantInterface	Analysis.Evidence.DependencyModel	contract
Qualimetrix\Infrastructure\DependencyInjection\Configurator\DependencyModelConfigurator	Infrastructure.DependencyInjection	Qualimetrix\Analysis\Run\Contract\Collection\Strategy\StrategySelectorInterface	Analysis.Run	contract
Qualimetrix\Infrastructure\DependencyInjection\Configurator\DependencyModelConfigurator	Infrastructure.DependencyInjection	Qualimetrix\Infrastructure\Cache\Contract\CacheConfigurationStoreInterface	Infrastructure.Cache	contract
Qualimetrix\Infrastructure\DependencyInjection\Configurator\DependencyModelConfigurator	Infrastructure.DependencyInjection	Qualimetrix\Infrastructure\Logging\DelegatingLogger	Infrastructure.Logging	internal
Qualimetrix\Infrastructure\DependencyInjection\Configurator\DependencyModelConfigurator	Infrastructure.DependencyInjection	Qualimetrix\Infrastructure\Parallel\Contract\ParallelConfigurationStoreInterface	Infrastructure.Parallel	contract
Qualimetrix\Infrastructure\DependencyInjection\Configurator\DependencyModelConfigurator	Infrastructure.DependencyInjection	Qualimetrix\Infrastructure\Parallel\Strategy\StrategySelector	Infrastructure.Parallel	internal
Qualimetrix\Infrastructure\DependencyInjection\Configurator\DesignConfigurator	Infrastructure.DependencyInjection	Qualimetrix\Analysis\Evidence\Design\Inheritance\Contract\ExternalParentSourceInterface	Analysis.Evidence.Design	contract
Qualimetrix\Infrastructure\DependencyInjection\Configurator\DesignConfigurator	Infrastructure.DependencyInjection	Qualimetrix\Infrastructure\Composer\Contract\AnalysedInstallAnchorInterface	Infrastructure.Composer	contract
Qualimetrix\Infrastructure\DependencyInjection\Configurator\DuplicationConfigurator	Infrastructure.DependencyInjection	Qualimetrix\Analysis\Finding\Contract\RuleConfigurationInterface	Analysis.Finding	contract
Qualimetrix\Infrastructure\DependencyInjection\Configurator\FindingConfigurator	Infrastructure.DependencyInjection	Qualimetrix\Analysis\Finding\Contract\ChannelIdentityInterface	Analysis.Finding	contract
Qualimetrix\Infrastructure\DependencyInjection\Configurator\FindingConfigurator	Infrastructure.DependencyInjection	Qualimetrix\Analysis\Finding\Contract\RuleConfigurationInterface	Analysis.Finding	contract
Qualimetrix\Infrastructure\DependencyInjection\Configurator\FindingConfigurator	Infrastructure.DependencyInjection	Qualimetrix\Analysis\Finding\Contract\RuleExecutionInterface	Analysis.Finding	contract
Qualimetrix\Infrastructure\DependencyInjection\Configurator\FindingConfigurator	Infrastructure.DependencyInjection	Qualimetrix\Analysis\Finding\Contract\Rule\RuleSelector	Analysis.Finding	contract
Qualimetrix\Infrastructure\DependencyInjection\Configurator\FindingConfigurator	Infrastructure.DependencyInjection	Qualimetrix\Analysis\Finding\RuleConfiguration\RuleOptionsFactory	Analysis.Finding	contract
Qualimetrix\Infrastructure\DependencyInjection\Configurator\FindingConfigurator	Infrastructure.DependencyInjection	Qualimetrix\Core\Profiler\Contract\ProfilerInterface	Core.Profiler	contract
Qualimetrix\Infrastructure\DependencyInjection\Configurator\MeasurementConfigurator	Infrastructure.DependencyInjection	Qualimetrix\Analysis\Evidence\Cohesion\Configuration\LcomCollectionConfigurationResolver	Analysis.Evidence.Cohesion	internal
Qualimetrix\Infrastructure\DependencyInjection\Configurator\MeasurementConfigurator	Infrastructure.DependencyInjection	Qualimetrix\Analysis\Evidence\Cohesion\Contract\LcomCollectionConfigurationResolverInterface	Analysis.Evidence.Cohesion	contract
Qualimetrix\Infrastructure\DependencyInjection\Configurator\MeasurementConfigurator	Infrastructure.DependencyInjection	Qualimetrix\Analysis\Evidence\Cohesion\Contract\LcomCollectionConfigurationStoreInterface	Analysis.Evidence.Cohesion	contract
Qualimetrix\Infrastructure\DependencyInjection\Configurator\MeasurementConfigurator	Infrastructure.DependencyInjection	Qualimetrix\Analysis\Evidence\Cohesion\Runtime\LcomCollectionConfigurationStore	Analysis.Evidence.Cohesion	internal
Qualimetrix\Infrastructure\DependencyInjection\Configurator\MeasurementConfigurator	Infrastructure.DependencyInjection	Qualimetrix\Analysis\Evidence\DependencyModel\Contract\DependencyTraversalParticipantInterface	Analysis.Evidence.DependencyModel	contract
Qualimetrix\Infrastructure\DependencyInjection\Configurator\MeasurementConfigurator	Infrastructure.DependencyInjection	Qualimetrix\Analysis\Evidence\Measurement\Contract\DeclarationRegistrarFactory	Analysis.Evidence.Measurement	contract
Qualimetrix\Infrastructure\DependencyInjection\Configurator\MeasurementConfigurator	Infrastructure.DependencyInjection	Qualimetrix\Analysis\Evidence\Measurement\Contract\DerivedMetricExtractorInterface	Analysis.Evidence.Measurement	contract
Qualimetrix\Infrastructure\DependencyInjection\Configurator\MeasurementConfigurator	Infrastructure.DependencyInjection	Qualimetrix\Analysis\Evidence\Measurement\Contract\FileMeasurementCollectorInterface	Analysis.Evidence.Measurement	contract
Qualimetrix\Infrastructure\DependencyInjection\Configurator\MeasurementConfigurator	Infrastructure.DependencyInjection	Qualimetrix\Analysis\Evidence\Measurement\Contract\MeasurementAggregationInterface	Analysis.Evidence.Measurement	contract
Qualimetrix\Infrastructure\DependencyInjection\Configurator\MeasurementConfigurator	Infrastructure.DependencyInjection	Qualimetrix\Analysis\Evidence\Measurement\Contract\MetricRepositoryFactoryInterface	Analysis.Evidence.Measurement	contract
Qualimetrix\Infrastructure\DependencyInjection\Configurator\MeasurementConfigurator	Infrastructure.DependencyInjection	Qualimetrix\Analysis\Evidence\Measurement\Contract\MetricRepositoryInterface	Analysis.Evidence.Measurement	contract
Qualimetrix\Infrastructure\DependencyInjection\Configurator\MeasurementConfigurator	Infrastructure.DependencyInjection	Qualimetrix\Analysis\Evidence\Measurement\Contract\ProjectNamespaceResolverInterface	Analysis.Evidence.Measurement	contract
Qualimetrix\Infrastructure\DependencyInjection\Configurator\MeasurementConfigurator	Infrastructure.DependencyInjection	Qualimetrix\Core\Profiler\Contract\ProfilerInterface	Core.Profiler	contract
Qualimetrix\Infrastructure\DependencyInjection\Configurator\OutputConfigurator	Infrastructure.DependencyInjection	Qualimetrix\Analysis\Configuration\Contract\Discovery\ComposerAutoloadPathReaderInterface	Analysis.Configuration	contract
Qualimetrix\Infrastructure\DependencyInjection\Configurator\OutputConfigurator	Infrastructure.DependencyInjection	Qualimetrix\Analysis\Configuration\Contract\Pipeline\ConfigurationPipelineInterface	Analysis.Configuration	contract
Qualimetrix\Infrastructure\DependencyInjection\Configurator\OutputConfigurator	Infrastructure.DependencyInjection	Qualimetrix\Analysis\Evidence\Cohesion\Contract\LcomCollectionConfigurationResolverInterface	Analysis.Evidence.Cohesion	contract
Qualimetrix\Infrastructure\DependencyInjection\Configurator\OutputConfigurator	Infrastructure.DependencyInjection	Qualimetrix\Analysis\Evidence\Cohesion\Contract\LcomCollectionConfigurationStoreInterface	Analysis.Evidence.Cohesion	contract
Qualimetrix\Infrastructure\DependencyInjection\Configurator\OutputConfigurator	Infrastructure.DependencyInjection	Qualimetrix\Analysis\Evidence\ComputedMetrics\Contract\Configuration\ComputedMetricConfiguratorInterface	Analysis.Evidence.ComputedMetrics	contract
Qualimetrix\Infrastructure\DependencyInjection\Configurator\OutputConfigurator	Infrastructure.DependencyInjection	Qualimetrix\Analysis\Evidence\Coupling\Contract\Configuration\CouplingConfiguratorInterface	Analysis.Evidence.Coupling	contract
Qualimetrix\Infrastructure\DependencyInjection\Configurator\OutputConfigurator	Infrastructure.DependencyInjection	Qualimetrix\Analysis\Evidence\DependencyModel\Contract\DependencyGraphBuilderInterface	Analysis.Evidence.DependencyModel	contract
Qualimetrix\Infrastructure\DependencyInjection\Configurator\OutputConfigurator	Infrastructure.DependencyInjection	Qualimetrix\Analysis\Evidence\DependencyModel\Contract\DependencyTraversalParticipantInterface	Analysis.Evidence.DependencyModel	contract
Qualimetrix\Infrastructure\DependencyInjection\Configurator\OutputConfigurator	Infrastructure.DependencyInjection	Qualimetrix\Analysis\Evidence\Measurement\Contract\DeclarationRegistrarFactory	Analysis.Evidence.Measurement	contract
Qualimetrix\Infrastructure\DependencyInjection\Configurator\OutputConfigurator	Infrastructure.DependencyInjection	Qualimetrix\Analysis\Finding\Configuration\FindingConfigurationResolver	Analysis.Finding	internal
Qualimetrix\Infrastructure\DependencyInjection\Configurator\OutputConfigurator	Infrastructure.DependencyInjection	Qualimetrix\Analysis\Finding\Contract\ChannelDeclarationRegistryInterface	Analysis.Finding	contract
Qualimetrix\Infrastructure\DependencyInjection\Configurator\OutputConfigurator	Infrastructure.DependencyInjection	Qualimetrix\Analysis\Finding\Contract\Configuration\FindingConfigurationResolverInterface	Analysis.Finding	contract
Qualimetrix\Infrastructure\DependencyInjection\Configurator\OutputConfigurator	Infrastructure.DependencyInjection	Qualimetrix\Analysis\Finding\Contract\RuleConfigurationInterface	Analysis.Finding	contract
Qualimetrix\Infrastructure\DependencyInjection\Configurator\OutputConfigurator	Infrastructure.DependencyInjection	Qualimetrix\Analysis\Finding\Contract\RuleExecutionInterface	Analysis.Finding	contract
Qualimetrix\Infrastructure\DependencyInjection\Configurator\OutputConfigurator	Infrastructure.DependencyInjection	Qualimetrix\Analysis\Finding\Contract\Rule\RuleChannelRegistryInterface	Analysis.Finding	contract
Qualimetrix\Infrastructure\DependencyInjection\Configurator\OutputConfigurator	Infrastructure.DependencyInjection	Qualimetrix\Analysis\Finding\Contract\Rule\RuleSelector	Analysis.Finding	contract
Qualimetrix\Infrastructure\DependencyInjection\Configurator\OutputConfigurator	Infrastructure.DependencyInjection	Qualimetrix\Analysis\Finding\RuleConfiguration\RuleOptionsFactory	Analysis.Finding	contract
Qualimetrix\Infrastructure\DependencyInjection\Configurator\OutputConfigurator	Infrastructure.DependencyInjection	Qualimetrix\Analysis\Policy\Architecture\Contract\ArchitecturePolicyConfiguratorInterface	Analysis.Policy.Architecture	contract
Qualimetrix\Infrastructure\DependencyInjection\Configurator\OutputConfigurator	Infrastructure.DependencyInjection	Qualimetrix\Analysis\Policy\Baseline\BaselineChannelRenamer	Analysis.Policy.Baseline	contract
Qualimetrix\Infrastructure\DependencyInjection\Configurator\OutputConfigurator	Infrastructure.DependencyInjection	Qualimetrix\Analysis\Policy\Baseline\BaselineCleaner	Analysis.Policy.Baseline	contract
Qualimetrix\Infrastructure\DependencyInjection\Configurator\OutputConfigurator	Infrastructure.DependencyInjection	Qualimetrix\Analysis\Policy\Baseline\BaselineGenerator	Analysis.Policy.Baseline	contract
Qualimetrix\Infrastructure\DependencyInjection\Configurator\OutputConfigurator	Infrastructure.DependencyInjection	Qualimetrix\Analysis\Policy\Baseline\BaselineLoader	Analysis.Policy.Baseline	contract
Qualimetrix\Infrastructure\DependencyInjection\Configurator\OutputConfigurator	Infrastructure.DependencyInjection	Qualimetrix\Analysis\Policy\Baseline\BaselineUpdater	Analysis.Policy.Baseline	contract
Qualimetrix\Infrastructure\DependencyInjection\Configurator\OutputConfigurator	Infrastructure.DependencyInjection	Qualimetrix\Analysis\Policy\Baseline\BaselineWriter	Analysis.Policy.Baseline	contract
Qualimetrix\Infrastructure\DependencyInjection\Configurator\OutputConfigurator	Infrastructure.DependencyInjection	Qualimetrix\Analysis\Policy\Baseline\BoundaryExplanationService	Analysis.Policy.Baseline	contract
Qualimetrix\Infrastructure\DependencyInjection\Configurator\OutputConfigurator	Infrastructure.DependencyInjection	Qualimetrix\Analysis\Policy\Inline\Contract\AnnotationSuppressionInterface	Analysis.Policy.Inline	contract
Qualimetrix\Infrastructure\DependencyInjection\Configurator\OutputConfigurator	Infrastructure.DependencyInjection	Qualimetrix\Analysis\Run\Configuration\ProjectScopeCoverage	Analysis.Run	contract
Qualimetrix\Infrastructure\DependencyInjection\Configurator\OutputConfigurator	Infrastructure.DependencyInjection	Qualimetrix\Analysis\Run\Configuration\RunConfigurationResolver	Analysis.Run	internal
Qualimetrix\Infrastructure\DependencyInjection\Configurator\OutputConfigurator	Infrastructure.DependencyInjection	Qualimetrix\Analysis\Run\Contract\Configuration\RunConfigurationResolverInterface	Analysis.Run	contract
Qualimetrix\Infrastructure\DependencyInjection\Configurator\OutputConfigurator	Infrastructure.DependencyInjection	Qualimetrix\Analysis\Run\Contract\Discovery\FileDiscoveryFactoryInterface	Analysis.Run	contract
Qualimetrix\Infrastructure\DependencyInjection\Configurator\OutputConfigurator	Infrastructure.DependencyInjection	Qualimetrix\Analysis\Run\Contract\Discovery\FileDiscoveryInterface	Analysis.Run	contract
Qualimetrix\Infrastructure\DependencyInjection\Configurator\OutputConfigurator	Infrastructure.DependencyInjection	Qualimetrix\Analysis\Run\Contract\Pipeline\AnalysisPipelineInterface	Analysis.Run	contract
Qualimetrix\Infrastructure\DependencyInjection\Configurator\OutputConfigurator	Infrastructure.DependencyInjection	Qualimetrix\Analysis\Run\Contract\Pipeline\DependencyGraphAnalyzerInterface	Analysis.Run	contract
Qualimetrix\Infrastructure\DependencyInjection\Configurator\OutputConfigurator	Infrastructure.DependencyInjection	Qualimetrix\Analysis\Run\Contract\Pipeline\DirectiveAuditInterface	Analysis.Run	contract
Qualimetrix\Infrastructure\DependencyInjection\Configurator\OutputConfigurator	Infrastructure.DependencyInjection	Qualimetrix\Core\Ast\FileParserInterface	Core.Neutral	contract
Qualimetrix\Infrastructure\DependencyInjection\Configurator\OutputConfigurator	Infrastructure.DependencyInjection	Qualimetrix\Core\Profiler\Contract\ProfilerInterface	Core.Profiler	contract
Qualimetrix\Infrastructure\DependencyInjection\Configurator\OutputConfigurator	Infrastructure.DependencyInjection	Qualimetrix\Infrastructure\Cache\CacheFactory	Infrastructure.Cache	contract
Qualimetrix\Infrastructure\DependencyInjection\Configurator\OutputConfigurator	Infrastructure.DependencyInjection	Qualimetrix\Infrastructure\Cache\Contract\CacheConfigurationResolverInterface	Infrastructure.Cache	contract
Qualimetrix\Infrastructure\DependencyInjection\Configurator\OutputConfigurator	Infrastructure.DependencyInjection	Qualimetrix\Infrastructure\Composer\Contract\AnalysedInstallAnchorInterface	Infrastructure.Composer	contract
Qualimetrix\Infrastructure\DependencyInjection\Configurator\OutputConfigurator	Infrastructure.DependencyInjection	Qualimetrix\Infrastructure\Console\AnalysisPreflight	Infrastructure.Console	internal
Qualimetrix\Infrastructure\DependencyInjection\Configurator\OutputConfigurator	Infrastructure.DependencyInjection	Qualimetrix\Infrastructure\Console\AnalysisRuntimeConfigurator	Infrastructure.Console	internal
Qualimetrix\Infrastructure\DependencyInjection\Configurator\OutputConfigurator	Infrastructure.DependencyInjection	Qualimetrix\Infrastructure\Console\CheckConfigurationResolvers	Infrastructure.Console	internal
Qualimetrix\Infrastructure\DependencyInjection\Configurator\OutputConfigurator	Infrastructure.DependencyInjection	Qualimetrix\Infrastructure\Console\Command\BaselineCleanupCommand	Infrastructure.Console	internal
Qualimetrix\Infrastructure\DependencyInjection\Configurator\OutputConfigurator	Infrastructure.DependencyInjection	Qualimetrix\Infrastructure\Console\Command\BaselineConfiguredThresholds	Infrastructure.Console	internal
Qualimetrix\Infrastructure\DependencyInjection\Configurator\OutputConfigurator	Infrastructure.DependencyInjection	Qualimetrix\Infrastructure\Console\Command\BaselineExplainCommand	Infrastructure.Console	internal
Qualimetrix\Infrastructure\DependencyInjection\Configurator\OutputConfigurator	Infrastructure.DependencyInjection	Qualimetrix\Infrastructure\Console\Command\BaselineGenerateCommand	Infrastructure.Console	internal
Qualimetrix\Infrastructure\DependencyInjection\Configurator\OutputConfigurator	Infrastructure.DependencyInjection	Qualimetrix\Infrastructure\Console\Command\BaselineRenameChannelsCommand	Infrastructure.Console	internal
Qualimetrix\Infrastructure\DependencyInjection\Configurator\OutputConfigurator	Infrastructure.DependencyInjection	Qualimetrix\Infrastructure\Console\Command\BaselineRun	Infrastructure.Console	internal
Qualimetrix\Infrastructure\DependencyInjection\Configurator\OutputConfigurator	Infrastructure.DependencyInjection	Qualimetrix\Infrastructure\Console\Command\BaselineRunInterface	Infrastructure.Console	internal
Qualimetrix\Infrastructure\DependencyInjection\Configurator\OutputConfigurator	Infrastructure.DependencyInjection	Qualimetrix\Infrastructure\Console\Command\BaselineUpdateCommand	Infrastructure.Console	internal
Qualimetrix\Infrastructure\DependencyInjection\Configurator\OutputConfigurator	Infrastructure.DependencyInjection	Qualimetrix\Infrastructure\Console\Command\CheckCommand	Infrastructure.Console	internal
Qualimetrix\Infrastructure\DependencyInjection\Configurator\OutputConfigurator	Infrastructure.DependencyInjection	Qualimetrix\Infrastructure\Console\Command\DirectivesCommand	Infrastructure.Console	internal
Qualimetrix\Infrastructure\DependencyInjection\Configurator\OutputConfigurator	Infrastructure.DependencyInjection	Qualimetrix\Infrastructure\Console\Command\GraphExportCommand	Infrastructure.Console	internal
Qualimetrix\Infrastructure\DependencyInjection\Configurator\OutputConfigurator	Infrastructure.DependencyInjection	Qualimetrix\Infrastructure\Console\Command\HookInstallCommand	Infrastructure.Console	internal
Qualimetrix\Infrastructure\DependencyInjection\Configurator\OutputConfigurator	Infrastructure.DependencyInjection	Qualimetrix\Infrastructure\Console\Command\HookStatusCommand	Infrastructure.Console	internal
Qualimetrix\Infrastructure\DependencyInjection\Configurator\OutputConfigurator	Infrastructure.DependencyInjection	Qualimetrix\Infrastructure\Console\Command\HookUninstallCommand	Infrastructure.Console	internal
Qualimetrix\Infrastructure\DependencyInjection\Configurator\OutputConfigurator	Infrastructure.DependencyInjection	Qualimetrix\Infrastructure\Console\Command\RulesCommand	Infrastructure.Console	internal
Qualimetrix\Infrastructure\DependencyInjection\Configurator\OutputConfigurator	Infrastructure.DependencyInjection	Qualimetrix\Infrastructure\Console\ConfigurationInputAdapter	Infrastructure.Console	internal
Qualimetrix\Infrastructure\DependencyInjection\Configurator\OutputConfigurator	Infrastructure.DependencyInjection	Qualimetrix\Infrastructure\Console\ErrorStream	Infrastructure.Console	internal
Qualimetrix\Infrastructure\DependencyInjection\Configurator\OutputConfigurator	Infrastructure.DependencyInjection	Qualimetrix\Infrastructure\Console\ExitCodeResolver	Infrastructure.Console	internal
Qualimetrix\Infrastructure\DependencyInjection\Configurator\OutputConfigurator	Infrastructure.DependencyInjection	Qualimetrix\Infrastructure\Console\FindingFilterOrchestrator	Infrastructure.Console	internal
Qualimetrix\Infrastructure\DependencyInjection\Configurator\OutputConfigurator	Infrastructure.DependencyInjection	Qualimetrix\Infrastructure\Console\FormatterContextFactory	Infrastructure.Console	internal
Qualimetrix\Infrastructure\DependencyInjection\Configurator\OutputConfigurator	Infrastructure.DependencyInjection	Qualimetrix\Infrastructure\Console\MeasuredFindingSet	Infrastructure.Console	internal
Qualimetrix\Infrastructure\DependencyInjection\Configurator\OutputConfigurator	Infrastructure.DependencyInjection	Qualimetrix\Infrastructure\Console\ProfilePresenter	Infrastructure.Console	internal
Qualimetrix\Infrastructure\DependencyInjection\Configurator\OutputConfigurator	Infrastructure.DependencyInjection	Qualimetrix\Infrastructure\Console\ProfileSummaryRenderer	Infrastructure.Console	internal
Qualimetrix\Infrastructure\DependencyInjection\Configurator\OutputConfigurator	Infrastructure.DependencyInjection	Qualimetrix\Infrastructure\Console\Progress\ProgressConfigurator	Infrastructure.Console	internal
Qualimetrix\Infrastructure\DependencyInjection\Configurator\OutputConfigurator	Infrastructure.DependencyInjection	Qualimetrix\Infrastructure\Console\Progress\SwitchableProgressReporter	Infrastructure.Console	internal
Qualimetrix\Infrastructure\DependencyInjection\Configurator\OutputConfigurator	Infrastructure.DependencyInjection	Qualimetrix\Infrastructure\Console\Refusal\RefusalPresenter	Infrastructure.Console	internal
Qualimetrix\Infrastructure\DependencyInjection\Configurator\OutputConfigurator	Infrastructure.DependencyInjection	Qualimetrix\Infrastructure\Console\ResultPresenter	Infrastructure.Console	internal
Qualimetrix\Infrastructure\DependencyInjection\Configurator\OutputConfigurator	Infrastructure.DependencyInjection	Qualimetrix\Infrastructure\Console\RuleInputValidator	Infrastructure.Console	internal
Qualimetrix\Infrastructure\DependencyInjection\Configurator\OutputConfigurator	Infrastructure.DependencyInjection	Qualimetrix\Infrastructure\Console\RuleListingPresenter	Infrastructure.Console	internal
Qualimetrix\Infrastructure\DependencyInjection\Configurator\OutputConfigurator	Infrastructure.DependencyInjection	Qualimetrix\Infrastructure\Console\RunningBinaryLocator	Infrastructure.Console	internal
Qualimetrix\Infrastructure\DependencyInjection\Configurator\OutputConfigurator	Infrastructure.DependencyInjection	Qualimetrix\Infrastructure\Console\RunningBinaryLocatorInterface	Infrastructure.Console	internal
Qualimetrix\Infrastructure\DependencyInjection\Configurator\OutputConfigurator	Infrastructure.DependencyInjection	Qualimetrix\Infrastructure\Console\RuntimeConfigurator	Infrastructure.Console	internal
Qualimetrix\Infrastructure\DependencyInjection\Configurator\OutputConfigurator	Infrastructure.DependencyInjection	Qualimetrix\Infrastructure\Console\RuntimeLimitsController	Infrastructure.Console	internal
Qualimetrix\Infrastructure\DependencyInjection\Configurator\OutputConfigurator	Infrastructure.DependencyInjection	Qualimetrix\Infrastructure\Git\GitRepositoryLocator	Infrastructure.Git	internal
Qualimetrix\Infrastructure\DependencyInjection\Configurator\OutputConfigurator	Infrastructure.DependencyInjection	Qualimetrix\Infrastructure\Git\GitRepositoryLocatorInterface	Infrastructure.Git	contract
Qualimetrix\Infrastructure\DependencyInjection\Configurator\OutputConfigurator	Infrastructure.DependencyInjection	Qualimetrix\Infrastructure\Logging\Contract\LoggerFactoryInterface	Infrastructure.Logging	contract
Qualimetrix\Infrastructure\DependencyInjection\Configurator\OutputConfigurator	Infrastructure.DependencyInjection	Qualimetrix\Infrastructure\Logging\DelegatingLogger	Infrastructure.Logging	internal
Qualimetrix\Infrastructure\DependencyInjection\Configurator\OutputConfigurator	Infrastructure.DependencyInjection	Qualimetrix\Infrastructure\Logging\LoggerHolder	Infrastructure.Logging	contract
Qualimetrix\Infrastructure\DependencyInjection\Configurator\OutputConfigurator	Infrastructure.DependencyInjection	Qualimetrix\Infrastructure\Parallel\Contract\ParallelConfigurationResolverInterface	Infrastructure.Parallel	contract
Qualimetrix\Infrastructure\DependencyInjection\Configurator\OutputConfigurator	Infrastructure.DependencyInjection	Qualimetrix\Infrastructure\Parallel\Contract\ParallelConfigurationStoreInterface	Infrastructure.Parallel	contract
Qualimetrix\Infrastructure\DependencyInjection\Configurator\OutputConfigurator	Infrastructure.DependencyInjection	Qualimetrix\Infrastructure\Profiler\Contract\ProfileReportInterface	Infrastructure.Profiler	contract
Qualimetrix\Infrastructure\DependencyInjection\Configurator\OutputConfigurator	Infrastructure.DependencyInjection	Qualimetrix\Infrastructure\Profiler\Contract\ProfileSessionControlInterface	Infrastructure.Profiler	contract
Qualimetrix\Infrastructure\DependencyInjection\Configurator\OutputConfigurator	Infrastructure.DependencyInjection	Qualimetrix\Infrastructure\Rule\Contract\RuleChannelSnapshotFactoryInterface	Infrastructure.Rule	contract
Qualimetrix\Infrastructure\DependencyInjection\Configurator\OutputConfigurator	Infrastructure.DependencyInjection	Qualimetrix\Infrastructure\Rule\RuleRegistryInterface	Infrastructure.Rule	contract
Qualimetrix\Infrastructure\DependencyInjection\Configurator\OutputConfigurator	Infrastructure.DependencyInjection	Qualimetrix\Reporting\Configuration\OutputFormatResolver	Reporting	internal
Qualimetrix\Infrastructure\DependencyInjection\Configurator\OutputConfigurator	Infrastructure.DependencyInjection	Qualimetrix\Reporting\Contract\OutputFormatResolverInterface	Reporting	contract
Qualimetrix\Infrastructure\DependencyInjection\Configurator\OutputConfigurator	Infrastructure.DependencyInjection	Qualimetrix\Reporting\DrillDown\FindingFilter	Reporting	contract
Qualimetrix\Infrastructure\DependencyInjection\Configurator\OutputConfigurator	Infrastructure.DependencyInjection	Qualimetrix\Reporting\FindingProjection\Configuration\ConfiguredFindingExclusionsResolver	Reporting	internal
Qualimetrix\Infrastructure\DependencyInjection\Configurator\OutputConfigurator	Infrastructure.DependencyInjection	Qualimetrix\Reporting\FindingProjection\Contract\ConfiguredFindingExclusionsResolverInterface	Reporting	contract
Qualimetrix\Infrastructure\DependencyInjection\Configurator\OutputConfigurator	Infrastructure.DependencyInjection	Qualimetrix\Reporting\FindingProjection\Contract\GitScopeQueryInterface	Reporting	contract
Qualimetrix\Infrastructure\DependencyInjection\Configurator\OutputConfigurator	Infrastructure.DependencyInjection	Qualimetrix\Reporting\Formatter\FormatterRegistryInterface	Reporting	contract
Qualimetrix\Infrastructure\DependencyInjection\Configurator\OutputConfigurator	Infrastructure.DependencyInjection	Qualimetrix\Reporting\Health\SummaryEnricher	Reporting	contract
Qualimetrix\Infrastructure\DependencyInjection\Configurator\ParserConfigurator	Infrastructure.DependencyInjection	Qualimetrix\Core\Ast\FileParserInterface	Core.Neutral	contract
Qualimetrix\Infrastructure\DependencyInjection\Configurator\ParserConfigurator	Infrastructure.DependencyInjection	Qualimetrix\Infrastructure\Ast\CachedFileParser	Infrastructure.Ast	contract
Qualimetrix\Infrastructure\DependencyInjection\Configurator\ParserConfigurator	Infrastructure.DependencyInjection	Qualimetrix\Infrastructure\Ast\FileParserFactory	Infrastructure.Ast	internal
Qualimetrix\Infrastructure\DependencyInjection\Configurator\ParserConfigurator	Infrastructure.DependencyInjection	Qualimetrix\Infrastructure\Ast\PhpFileParser	Infrastructure.Ast	contract
Qualimetrix\Infrastructure\DependencyInjection\Configurator\ParserConfigurator	Infrastructure.DependencyInjection	Qualimetrix\Infrastructure\Cache\CacheConfigurationResolver	Infrastructure.Cache	internal
Qualimetrix\Infrastructure\DependencyInjection\Configurator\ParserConfigurator	Infrastructure.DependencyInjection	Qualimetrix\Infrastructure\Cache\CacheConfigurationStore	Infrastructure.Cache	contract
Qualimetrix\Infrastructure\DependencyInjection\Configurator\ParserConfigurator	Infrastructure.DependencyInjection	Qualimetrix\Infrastructure\Cache\CacheFactory	Infrastructure.Cache	contract
Qualimetrix\Infrastructure\DependencyInjection\Configurator\ParserConfigurator	Infrastructure.DependencyInjection	Qualimetrix\Infrastructure\Cache\CacheInterface	Infrastructure.Cache	contract
Qualimetrix\Infrastructure\DependencyInjection\Configurator\ParserConfigurator	Infrastructure.DependencyInjection	Qualimetrix\Infrastructure\Cache\CacheKeyGenerator	Infrastructure.Cache	contract
Qualimetrix\Infrastructure\DependencyInjection\Configurator\ParserConfigurator	Infrastructure.DependencyInjection	Qualimetrix\Infrastructure\Cache\Contract\CacheConfigurationResolverInterface	Infrastructure.Cache	contract
Qualimetrix\Infrastructure\DependencyInjection\Configurator\ParserConfigurator	Infrastructure.DependencyInjection	Qualimetrix\Infrastructure\Cache\Contract\CacheConfigurationStoreInterface	Infrastructure.Cache	contract
Qualimetrix\Infrastructure\DependencyInjection\Configurator\ParserConfigurator	Infrastructure.DependencyInjection	Qualimetrix\Infrastructure\Logging\DelegatingLogger	Infrastructure.Logging	internal
Qualimetrix\Infrastructure\DependencyInjection\Configurator\RuleConfigurator	Infrastructure.DependencyInjection	Qualimetrix\Analysis\Configuration\Contract\KnownRuleNamesProviderInterface	Analysis.Configuration	contract
Qualimetrix\Infrastructure\DependencyInjection\Configurator\RuleConfigurator	Infrastructure.DependencyInjection	Qualimetrix\Analysis\Finding\ChannelPresentationView	Analysis.Finding	internal
Qualimetrix\Infrastructure\DependencyInjection\Configurator\RuleConfigurator	Infrastructure.DependencyInjection	Qualimetrix\Analysis\Finding\Contract\ChannelDeclarationRegistryInterface	Analysis.Finding	contract
Qualimetrix\Infrastructure\DependencyInjection\Configurator\RuleConfigurator	Infrastructure.DependencyInjection	Qualimetrix\Analysis\Finding\Contract\ChannelIdentityInterface	Analysis.Finding	contract
Qualimetrix\Infrastructure\DependencyInjection\Configurator\RuleConfigurator	Infrastructure.DependencyInjection	Qualimetrix\Analysis\Finding\Contract\ChannelPresentationInterface	Analysis.Finding	contract
Qualimetrix\Infrastructure\DependencyInjection\Configurator\RuleConfigurator	Infrastructure.DependencyInjection	Qualimetrix\Analysis\Finding\Contract\ChannelUniverseInterface	Analysis.Finding	contract
Qualimetrix\Infrastructure\DependencyInjection\Configurator\RuleConfigurator	Infrastructure.DependencyInjection	Qualimetrix\Analysis\Finding\Contract\RuleExecutionInterface	Analysis.Finding	contract
Qualimetrix\Infrastructure\DependencyInjection\Configurator\RuleConfigurator	Infrastructure.DependencyInjection	Qualimetrix\Analysis\Finding\Contract\Rule\RuleChannelRegistryInterface	Analysis.Finding	contract
Qualimetrix\Infrastructure\DependencyInjection\Configurator\RuleConfigurator	Infrastructure.DependencyInjection	Qualimetrix\Analysis\Finding\Contract\Rule\RuleSelector	Analysis.Finding	contract
Qualimetrix\Infrastructure\DependencyInjection\Configurator\RuleConfigurator	Infrastructure.DependencyInjection	Qualimetrix\Infrastructure\Rule\ChannelUniverse	Infrastructure.Rule	internal
Qualimetrix\Infrastructure\DependencyInjection\Configurator\RuleConfigurator	Infrastructure.DependencyInjection	Qualimetrix\Infrastructure\Rule\ComputedMetricChannelPresentation	Infrastructure.Rule	internal
Qualimetrix\Infrastructure\DependencyInjection\Configurator\RuleConfigurator	Infrastructure.DependencyInjection	Qualimetrix\Infrastructure\Rule\ConfigurationValidatorRegistry	Infrastructure.Rule	internal
Qualimetrix\Infrastructure\DependencyInjection\Configurator\RuleConfigurator	Infrastructure.DependencyInjection	Qualimetrix\Infrastructure\Rule\Contract\RuleChannelSnapshotFactoryInterface	Infrastructure.Rule	contract
Qualimetrix\Infrastructure\DependencyInjection\Configurator\RuleConfigurator	Infrastructure.DependencyInjection	Qualimetrix\Infrastructure\Rule\KnownRuleNamesAdapter	Infrastructure.Rule	internal
Qualimetrix\Infrastructure\DependencyInjection\Configurator\RuleConfigurator	Infrastructure.DependencyInjection	Qualimetrix\Infrastructure\Rule\RuleRegistry	Infrastructure.Rule	internal
Qualimetrix\Infrastructure\DependencyInjection\Configurator\RuleConfigurator	Infrastructure.DependencyInjection	Qualimetrix\Infrastructure\Rule\RuleRegistryInterface	Infrastructure.Rule	contract
Qualimetrix\Infrastructure\DependencyInjection\ContainerFactory	Infrastructure.DependencyInjection	Qualimetrix\Analysis\Evidence\Cohesion\Contract\LcomCollectionConfigurableInterface	Analysis.Evidence.Cohesion	contract
Qualimetrix\Infrastructure\DependencyInjection\ContainerFactory	Infrastructure.DependencyInjection	Qualimetrix\Analysis\Evidence\Measurement\Contract\DerivedCollectorInterface	Analysis.Evidence.Measurement	contract
Qualimetrix\Infrastructure\DependencyInjection\ContainerFactory	Infrastructure.DependencyInjection	Qualimetrix\Analysis\Evidence\Measurement\Contract\GlobalContextCollectorInterface	Analysis.Evidence.Measurement	contract
Qualimetrix\Infrastructure\DependencyInjection\ContainerFactory	Infrastructure.DependencyInjection	Qualimetrix\Analysis\Evidence\Measurement\Contract\MetricCollectorInterface	Analysis.Evidence.Measurement	contract
Qualimetrix\Infrastructure\DependencyInjection\ContainerFactory	Infrastructure.DependencyInjection	Qualimetrix\Analysis\Run\Contract\FileSetInspectionParticipantInterface	Analysis.Run	contract
Qualimetrix\Infrastructure\DependencyInjection\ContainerFactory	Infrastructure.DependencyInjection	Qualimetrix\Reporting\Formatter\FormatterInterface	Reporting	contract
Qualimetrix\Infrastructure\Git\ChangedFile	Infrastructure.Git	Qualimetrix\Core\Path\AbsolutePath	Core.Path	contract
Qualimetrix\Infrastructure\Git\ChangedFile	Infrastructure.Git	Qualimetrix\Core\Path\PathFactory	Core.Path	contract
Qualimetrix\Infrastructure\Git\ChangedFile	Infrastructure.Git	Qualimetrix\Core\Path\RelativePath	Core.Path	contract
Qualimetrix\Infrastructure\Git\GitClient	Infrastructure.Git	Qualimetrix\Core\Path\AbsolutePath	Core.Path	contract
Qualimetrix\Infrastructure\Git\GitRepositoryLocator	Infrastructure.Git	Qualimetrix\Core\Path\AbsolutePath	Core.Path	contract
Qualimetrix\Infrastructure\Git\GitRepositoryLocator	Infrastructure.Git	Qualimetrix\Core\Path\RelativePath	Core.Path	contract
Qualimetrix\Infrastructure\Git\GitRepositoryLocatorInterface	Infrastructure.Git	Qualimetrix\Core\Path\AbsolutePath	Core.Path	contract
Qualimetrix\Infrastructure\Git\GitScopeResolution	Infrastructure.Git	Qualimetrix\Analysis\Run\Contract\Discovery\FileDiscoveryInterface	Analysis.Run	contract
Qualimetrix\Infrastructure\Git\GitScopeResolution	Infrastructure.Git	Qualimetrix\Core\Path\AbsolutePath	Core.Path	contract
Qualimetrix\Infrastructure\Git\GitScopeResolver	Infrastructure.Git	Qualimetrix\Analysis\Run\Contract\Configuration\RunConfiguration	Analysis.Run	contract
Qualimetrix\Infrastructure\Git\GitScopeResolver	Infrastructure.Git	Qualimetrix\Analysis\Run\Contract\Discovery\FileDiscoveryFactoryInterface	Analysis.Run	contract
Qualimetrix\Infrastructure\Git\ReportingGitScopeQuery	Infrastructure.Git	Qualimetrix\Core\Path\AbsolutePath	Core.Path	contract
Qualimetrix\Infrastructure\Git\ReportingGitScopeQuery	Infrastructure.Git	Qualimetrix\Reporting\FindingProjection\Contract\GitScopeQueryInterface	Reporting	contract
Qualimetrix\Infrastructure\Git\ReportingGitScopeQuery	Infrastructure.Git	Qualimetrix\Reporting\FindingProjection\Contract\GitScopeRequest	Reporting	contract
Qualimetrix\Infrastructure\Git\ReportingGitScopeQuery	Infrastructure.Git	Qualimetrix\Reporting\FindingProjection\Contract\GitScopeResult	Reporting	contract
Qualimetrix\Infrastructure\Parallel\Configuration\ParallelConfigurationResolver	Infrastructure.Parallel	Qualimetrix\Analysis\Configuration\ConfigSchema	Analysis.Configuration	contract
Qualimetrix\Infrastructure\Parallel\Configuration\ParallelConfigurationResolver	Infrastructure.Parallel	Qualimetrix\Analysis\Configuration\Contract\ConfigurationDocument	Analysis.Configuration	contract
Qualimetrix\Infrastructure\Parallel\Contract\ParallelConfigurationResolverInterface	Infrastructure.Parallel	Qualimetrix\Analysis\Configuration\Contract\ConfigurationDocument	Analysis.Configuration	contract
Qualimetrix\Infrastructure\Parallel\FileProcessingTask	Infrastructure.Parallel	Qualimetrix\Analysis\Evidence\Cohesion\Contract\LcomCollectionConfiguration	Analysis.Evidence.Cohesion	contract
Qualimetrix\Infrastructure\Parallel\FileProcessingTask	Infrastructure.Parallel	Qualimetrix\Analysis\Run\Contract\Collection\FileProcessingResult	Analysis.Run	contract
Qualimetrix\Infrastructure\Parallel\FileProcessingTask	Infrastructure.Parallel	Qualimetrix\Core\Path\AbsolutePath	Core.Path	contract
Qualimetrix\Infrastructure\Parallel\FileProcessingTaskFactory	Infrastructure.Parallel	Qualimetrix\Analysis\Evidence\Cohesion\Contract\LcomCollectionConfigurationStoreInterface	Analysis.Evidence.Cohesion	contract
Qualimetrix\Infrastructure\Parallel\FileProcessingTaskFactory	Infrastructure.Parallel	Qualimetrix\Analysis\Evidence\DependencyModel\Contract\DependencyTraversalParticipantInterface	Analysis.Evidence.DependencyModel	contract
Qualimetrix\Infrastructure\Parallel\FileProcessingTaskFactory	Infrastructure.Parallel	Qualimetrix\Core\Path\AbsolutePath	Core.Path	contract
Qualimetrix\Infrastructure\Parallel\Strategy\AmphpParallelStrategy	Infrastructure.Parallel	Qualimetrix\Analysis\Run\Contract\Collection\FileProcessingFailureKind	Analysis.Run	contract
Qualimetrix\Infrastructure\Parallel\Strategy\AmphpParallelStrategy	Infrastructure.Parallel	Qualimetrix\Analysis\Run\Contract\Collection\FileProcessingResult	Analysis.Run	contract
Qualimetrix\Infrastructure\Parallel\Strategy\AmphpParallelStrategy	Infrastructure.Parallel	Qualimetrix\Analysis\Run\Contract\Collection\Strategy\ExecutionStrategyInterface	Analysis.Run	contract
Qualimetrix\Infrastructure\Parallel\Strategy\AmphpParallelStrategy	Infrastructure.Parallel	Qualimetrix\Analysis\Run\Contract\Collection\Strategy\ParallelCapableInterface	Analysis.Run	contract
Qualimetrix\Infrastructure\Parallel\Strategy\AmphpParallelStrategy	Infrastructure.Parallel	Qualimetrix\Core\Path\AbsolutePath	Core.Path	contract
Qualimetrix\Infrastructure\Parallel\Strategy\AmphpParallelStrategy	Infrastructure.Parallel	Qualimetrix\Core\Path\PathFactory	Core.Path	contract
Qualimetrix\Infrastructure\Parallel\Strategy\AmphpParallelStrategy	Infrastructure.Parallel	Qualimetrix\Core\Path\RelativePath	Core.Path	contract
Qualimetrix\Infrastructure\Parallel\Strategy\SequentialStrategy	Infrastructure.Parallel	Qualimetrix\Analysis\Run\Contract\Collection\Strategy\ExecutionStrategyInterface	Analysis.Run	contract
Qualimetrix\Infrastructure\Parallel\Strategy\SequentialStrategy	Infrastructure.Parallel	Qualimetrix\Core\Profiler\Contract\ProfilerInterface	Core.Profiler	contract
Qualimetrix\Infrastructure\Parallel\Strategy\StrategySelector	Infrastructure.Parallel	Qualimetrix\Analysis\Run\Contract\Collection\Strategy\ExecutionStrategyInterface	Analysis.Run	contract
Qualimetrix\Infrastructure\Parallel\Strategy\StrategySelector	Infrastructure.Parallel	Qualimetrix\Analysis\Run\Contract\Collection\Strategy\StrategySelectorInterface	Analysis.Run	contract
Qualimetrix\Infrastructure\Parallel\Strategy\StrategySelector	Infrastructure.Parallel	Qualimetrix\Core\Path\AbsolutePath	Core.Path	contract
Qualimetrix\Infrastructure\Parallel\Strategy\StrategySelector	Infrastructure.Parallel	Qualimetrix\Infrastructure\Cache\Contract\CacheConfigurationStoreInterface	Infrastructure.Cache	contract
Qualimetrix\Infrastructure\Parallel\WorkerBootstrap	Infrastructure.Parallel	Qualimetrix\Analysis\Evidence\Cohesion\Contract\LcomCollectionConfigurableInterface	Analysis.Evidence.Cohesion	contract
Qualimetrix\Infrastructure\Parallel\WorkerBootstrap	Infrastructure.Parallel	Qualimetrix\Analysis\Evidence\Cohesion\Contract\LcomCollectionConfiguration	Analysis.Evidence.Cohesion	contract
Qualimetrix\Infrastructure\Parallel\WorkerBootstrap	Infrastructure.Parallel	Qualimetrix\Analysis\Evidence\DependencyModel\Contract\DependencyTraversalParticipantInterface	Analysis.Evidence.DependencyModel	contract
Qualimetrix\Infrastructure\Parallel\WorkerBootstrap	Infrastructure.Parallel	Qualimetrix\Analysis\Evidence\Measurement\Contract\DeclarationRegistrarFactory	Analysis.Evidence.Measurement	contract
Qualimetrix\Infrastructure\Parallel\WorkerBootstrap	Infrastructure.Parallel	Qualimetrix\Analysis\Evidence\Measurement\Contract\FileMeasurementCollectorInterface	Analysis.Evidence.Measurement	contract
Qualimetrix\Infrastructure\Parallel\WorkerBootstrap	Infrastructure.Parallel	Qualimetrix\Analysis\Evidence\Measurement\Contract\ParallelSafeCollectorInterface	Analysis.Evidence.Measurement	contract
Qualimetrix\Infrastructure\Parallel\WorkerBootstrap	Infrastructure.Parallel	Qualimetrix\Analysis\Policy\Inline\Contract\RuleValidatorMapFactory	Analysis.Policy.Inline	contract
Qualimetrix\Infrastructure\Parallel\WorkerBootstrap	Infrastructure.Parallel	Qualimetrix\Analysis\Policy\Inline\Contract\SourceControlExtractorInterface	Analysis.Policy.Inline	contract
Qualimetrix\Infrastructure\Parallel\WorkerBootstrap	Infrastructure.Parallel	Qualimetrix\Analysis\Policy\Inline\Contract\SuppressionExtractor	Analysis.Policy.Inline	contract
Qualimetrix\Infrastructure\Parallel\WorkerBootstrap	Infrastructure.Parallel	Qualimetrix\Analysis\Policy\Inline\Contract\ThresholdOverrideExtractor	Analysis.Policy.Inline	contract
Qualimetrix\Infrastructure\Parallel\WorkerBootstrap	Infrastructure.Parallel	Qualimetrix\Analysis\Run\Contract\Collection\FileProcessorInterface	Analysis.Run	contract
Qualimetrix\Infrastructure\Parallel\WorkerBootstrap	Infrastructure.Parallel	Qualimetrix\Core\Path\AbsolutePath	Core.Path	contract
Qualimetrix\Infrastructure\Parallel\WorkerBootstrap	Infrastructure.Parallel	Qualimetrix\Infrastructure\Ast\WorkerParserFactory	Infrastructure.Ast	contract
Qualimetrix\Infrastructure\Profiler\ProfileSession	Infrastructure.Profiler	Qualimetrix\Core\Profiler\Contract\ProfilerInterface	Core.Profiler	contract
Qualimetrix\Infrastructure\Rule\ChannelUniverse	Infrastructure.Rule	Qualimetrix\Analysis\Evidence\ComputedMetrics\Contract\Definition\ComputedMetricDefinitionCatalogInterface	Analysis.Evidence.ComputedMetrics	contract
Qualimetrix\Infrastructure\Rule\ChannelUniverse	Infrastructure.Rule	Qualimetrix\Analysis\Finding\Contract\ChannelDeclaration	Analysis.Finding	contract
Qualimetrix\Infrastructure\Rule\ChannelUniverse	Infrastructure.Rule	Qualimetrix\Analysis\Finding\Contract\ChannelUniverseInterface	Analysis.Finding	contract
Qualimetrix\Infrastructure\Rule\ChannelUniverse	Infrastructure.Rule	Qualimetrix\Analysis\Finding\Contract\FindingChannel	Analysis.Finding	contract
Qualimetrix\Infrastructure\Rule\ChannelUniverse	Infrastructure.Rule	Qualimetrix\Analysis\Finding\Contract\Rule\NameSelector	Analysis.Finding	contract
Qualimetrix\Infrastructure\Rule\ChannelUniverse	Infrastructure.Rule	Qualimetrix\Core\Observation\WorseDirection	Core.Neutral	contract
Qualimetrix\Infrastructure\Rule\ComputedMetricChannelPresentation	Infrastructure.Rule	Qualimetrix\Analysis\Evidence\ComputedMetrics\Contract\Definition\ComputedMetricDefinitionCatalogInterface	Analysis.Evidence.ComputedMetrics	contract
Qualimetrix\Infrastructure\Rule\ComputedMetricChannelPresentation	Infrastructure.Rule	Qualimetrix\Analysis\Finding\Contract\ChannelPresentation	Analysis.Finding	contract
Qualimetrix\Infrastructure\Rule\ComputedMetricChannelPresentation	Infrastructure.Rule	Qualimetrix\Analysis\Finding\Contract\ChannelPresentationInterface	Analysis.Finding	contract
Qualimetrix\Infrastructure\Rule\Contract\RuleChannelSnapshotFactoryInterface	Infrastructure.Rule	Qualimetrix\Analysis\Evidence\ComputedMetrics\Contract\Definition\ResolvedComputedMetricDefinitions	Analysis.Evidence.ComputedMetrics	contract
Qualimetrix\Infrastructure\Rule\Contract\RuleChannelSnapshotFactoryInterface	Infrastructure.Rule	Qualimetrix\Analysis\Finding\Contract\ChannelUniverseInterface	Analysis.Finding	contract
Qualimetrix\Infrastructure\Rule\KnownRuleNamesAdapter	Infrastructure.Rule	Qualimetrix\Analysis\Configuration\Contract\KnownRuleNamesProviderInterface	Analysis.Configuration	contract
Qualimetrix\Infrastructure\Rule\RuleRegistry	Infrastructure.Rule	Qualimetrix\Analysis\Finding\Contract\Rule\CliAliasReader	Analysis.Finding	contract
Qualimetrix\Infrastructure\Rule\RuleRegistry	Infrastructure.Rule	Qualimetrix\Analysis\Finding\Contract\Rule\RuleNameReader	Analysis.Finding	contract
Qualimetrix\Reporting\Configuration\OutputFormatResolver	Reporting	Qualimetrix\Analysis\Configuration\ConfigSchema	Analysis.Configuration	contract
Qualimetrix\Reporting\Configuration\OutputFormatResolver	Reporting	Qualimetrix\Analysis\Configuration\Contract\ConfigurationDocument	Analysis.Configuration	contract
Qualimetrix\Reporting\Configuration\OutputFormatResolver	Reporting	Qualimetrix\Analysis\Configuration\Contract\Refusal\ConfigurationRefusal	Analysis.Configuration	contract
Qualimetrix\Reporting\Contract\OutputFormatResolverInterface	Reporting	Qualimetrix\Analysis\Configuration\Contract\ConfigurationDocument	Analysis.Configuration	contract
Qualimetrix\Reporting\DrillDown\DrillDownBinding	Reporting	Qualimetrix\Analysis\Evidence\ComputedMetrics\Health\Contract\Offender\RankedOffenderLevels	Analysis.Evidence.ComputedMetrics.Health	contract
Qualimetrix\Reporting\DrillDown\DrillDownBinding	Reporting	Qualimetrix\Analysis\Evidence\Measurement\Contract\MetricRepositoryInterface	Analysis.Evidence.Measurement	contract
Qualimetrix\Reporting\DrillDown\DrillDownBinding	Reporting	Qualimetrix\Analysis\Evidence\Measurement\Contract\NamespaceTree	Analysis.Evidence.Measurement	contract
Qualimetrix\Reporting\DrillDown\DrillDownBinding	Reporting	Qualimetrix\Core\Pattern\NamespacePattern	Core.Neutral	contract
Qualimetrix\Reporting\DrillDown\DrillDownBinding	Reporting	Qualimetrix\Core\Symbol\SymbolLevel	Core.Symbol	contract
Qualimetrix\Reporting\DrillDown\DrillDownBinding	Reporting	Qualimetrix\Core\Symbol\SymbolPath	Core.Symbol	contract
Qualimetrix\Reporting\DrillDown\FindingFilter	Reporting	Qualimetrix\Analysis\Evidence\ComputedMetrics\Health\Contract\Offender\WorstOffender	Analysis.Evidence.ComputedMetrics.Health	contract
Qualimetrix\Reporting\DrillDown\FindingFilter	Reporting	Qualimetrix\Analysis\Finding\Contract\Finding	Analysis.Finding	contract
Qualimetrix\Reporting\DrillDown\FindingFilter	Reporting	Qualimetrix\Core\Symbol\SymbolType	Core.Symbol	contract
Qualimetrix\Reporting\FindingProjection\Configuration\ConfiguredFindingExclusionsResolver	Reporting	Qualimetrix\Analysis\Configuration\ConfigSchema	Analysis.Configuration	contract
Qualimetrix\Reporting\FindingProjection\Configuration\ConfiguredFindingExclusionsResolver	Reporting	Qualimetrix\Analysis\Configuration\Contract\ConfigurationDocument	Analysis.Configuration	contract
Qualimetrix\Reporting\FindingProjection\Configuration\ConfiguredFindingExclusionsResolver	Reporting	Qualimetrix\Analysis\Configuration\Contract\Refusal\ConfigurationOrigin	Analysis.Configuration	contract
Qualimetrix\Reporting\FindingProjection\Configuration\ConfiguredFindingExclusionsResolver	Reporting	Qualimetrix\Analysis\Configuration\Contract\Refusal\ConfigurationRefusal	Analysis.Configuration	contract
Qualimetrix\Reporting\FindingProjection\Configuration\ConfiguredFindingExclusionsResolver	Reporting	Qualimetrix\Analysis\Configuration\Contract\Refusal\ConfigurationSource	Analysis.Configuration	contract
Qualimetrix\Reporting\FindingProjection\Configuration\ConfiguredFindingExclusionsResolver	Reporting	Qualimetrix\Analysis\Configuration\SelectorYamlDecoder	Analysis.Configuration	contract
Qualimetrix\Reporting\FindingProjection\Contract\ConfiguredFindingExclusionsResolverInterface	Reporting	Qualimetrix\Analysis\Configuration\Contract\ConfigurationDocument	Analysis.Configuration	contract
Qualimetrix\Reporting\FindingProjection\Contract\GitScopeRequest	Reporting	Qualimetrix\Core\Path\AbsolutePath	Core.Path	contract
Qualimetrix\Reporting\FindingProjection\DeclaredChannelFileScope	Reporting	Qualimetrix\Analysis\Evidence\CircularDependency\Contract\CircularDependencyPreparationInterface	Analysis.Evidence.CircularDependency	contract
Qualimetrix\Reporting\FindingProjection\DeclaredChannelFileScope	Reporting	Qualimetrix\Analysis\Finding\Contract\Filter\ChannelFileScope	Analysis.Finding	contract
Qualimetrix\Reporting\FindingProjection\DeclaredChannelFileScope	Reporting	Qualimetrix\Analysis\Policy\Architecture\Contract\LayerPolicyPreparationInterface	Analysis.Policy.Architecture	contract
Qualimetrix\Reporting\FindingProjection\DirectiveSuppressorResolver	Reporting	Qualimetrix\Analysis\Finding\Contract\Finding	Analysis.Finding	contract
Qualimetrix\Reporting\FindingProjection\FindingProjectionResult	Reporting	Qualimetrix\Analysis\Finding\Contract\Filter\FindingFilterStage	Analysis.Finding	contract
Qualimetrix\Reporting\FindingProjection\FindingProjector	Reporting	Qualimetrix\Analysis\Finding\Contract\ChannelDeclarationRegistryInterface	Analysis.Finding	contract
Qualimetrix\Reporting\FindingProjection\FindingProjector	Reporting	Qualimetrix\Analysis\Finding\Contract\Filter\FindingFilterInterface	Analysis.Finding	contract
Qualimetrix\Reporting\FindingProjection\FindingProjector	Reporting	Qualimetrix\Analysis\Finding\Contract\Filter\FindingFilterStage	Analysis.Finding	contract
Qualimetrix\Reporting\FindingProjection\FindingProjector	Reporting	Qualimetrix\Analysis\Finding\Contract\Filter\NamespaceExclusionFilter	Analysis.Finding	contract
Qualimetrix\Reporting\FindingProjection\FindingProjector	Reporting	Qualimetrix\Analysis\Finding\Contract\Filter\PathExclusionFilter	Analysis.Finding	contract
Qualimetrix\Reporting\FindingProjection\FindingProjector	Reporting	Qualimetrix\Analysis\Finding\Contract\Filter\PredicateFilterStage	Analysis.Finding	contract
Qualimetrix\Reporting\FindingProjection\FindingProjector	Reporting	Qualimetrix\Analysis\Finding\Contract\Finding	Analysis.Finding	contract
Qualimetrix\Reporting\FindingProjection\FindingProjector	Reporting	Qualimetrix\Analysis\Policy\Baseline\BaselineLoader	Analysis.Policy.Baseline	contract
Qualimetrix\Reporting\FindingProjection\FindingProjector	Reporting	Qualimetrix\Analysis\Policy\Baseline\Filter\BaselineCeilingStage	Analysis.Policy.Baseline	contract
Qualimetrix\Reporting\FindingProjection\FindingProjector	Reporting	Qualimetrix\Analysis\Policy\Inline\Contract\AnnotationSuppressionInterface	Analysis.Policy.Inline	contract
Qualimetrix\Reporting\FindingProjection\FindingProjector	Reporting	Qualimetrix\Core\Pattern\NamespaceMatcher	Core.Neutral	contract
Qualimetrix\Reporting\FindingProjection\FindingProjector	Reporting	Qualimetrix\Core\Pattern\PathMatcher	Core.Neutral	contract
Qualimetrix\Reporting\FindingProjection\RuleExclusionLedgerAttributor	Reporting	Qualimetrix\Analysis\Finding\Contract\RuleConfigurationInterface	Analysis.Finding	contract
Qualimetrix\Reporting\FindingProjection\RuleExclusionLedgerAttributor	Reporting	Qualimetrix\Analysis\Finding\Contract\RuleExclusionAttribution	Analysis.Finding	contract
Qualimetrix\Reporting\FindingProjection\RuleExclusionLedgerAttributor	Reporting	Qualimetrix\Analysis\Finding\Contract\RuleExecutionResult	Analysis.Finding	contract
Qualimetrix\Reporting\FindingProjection\SuppressedFinding	Reporting	Qualimetrix\Analysis\Finding\Contract\Finding	Analysis.Finding	contract
Qualimetrix\Reporting\FindingProjection\SuppressionCompositionBuilder	Reporting	Qualimetrix\Analysis\Finding\Contract\Filter\FindingFilterStage	Analysis.Finding	contract
Qualimetrix\Reporting\FindingProjection\SuppressionCompositionBuilder	Reporting	Qualimetrix\Analysis\Finding\Contract\Finding	Analysis.Finding	contract
Qualimetrix\Reporting\FindingProjection\SuppressionCompositionBuilder	Reporting	Qualimetrix\Analysis\Finding\Contract\RuleConfigurationInterface	Analysis.Finding	contract
Qualimetrix\Reporting\FindingProjection\SuppressionCompositionBuilder	Reporting	Qualimetrix\Analysis\Finding\Contract\RuleExecutionResult	Analysis.Finding	contract
Qualimetrix\Reporting\FindingProjection\SuppressionCompositionBuilder	Reporting	Qualimetrix\Core\Pattern\NamespaceMatcher	Core.Neutral	contract
Qualimetrix\Reporting\FindingProjection\SuppressionCompositionBuilder	Reporting	Qualimetrix\Core\Pattern\NamespacePattern	Core.Neutral	contract
Qualimetrix\Reporting\FindingProjection\SuppressionCompositionBuilder	Reporting	Qualimetrix\Core\Pattern\PathMatcher	Core.Neutral	contract
Qualimetrix\Reporting\FindingProjection\SuppressionCompositionBuilder	Reporting	Qualimetrix\Core\Pattern\PathPattern	Core.Neutral	contract
Qualimetrix\Reporting\FindingProjection\SuppressionMechanism	Reporting	Qualimetrix\Analysis\Finding\Contract\Filter\FindingFilterStage	Analysis.Finding	contract
Qualimetrix\Reporting\FormatterContext	Reporting	Qualimetrix\Core\Path\RelativePath	Core.Path	contract
Qualimetrix\Reporting\FormatterContext	Reporting	Qualimetrix\Core\Pattern\NamespacePattern	Core.Neutral	contract
Qualimetrix\Reporting\Formatter\AcceptedLevelNarrator	Reporting	Qualimetrix\Analysis\Finding\Contract\ChannelShape	Analysis.Finding	contract
Qualimetrix\Reporting\Formatter\AcceptedLevelNarrator	Reporting	Qualimetrix\Analysis\Finding\Contract\Finding	Analysis.Finding	contract
Qualimetrix\Reporting\Formatter\CheckstyleFormatter	Reporting	Qualimetrix\Analysis\Finding\Contract\Finding	Analysis.Finding	contract
Qualimetrix\Reporting\Formatter\CheckstyleFormatter	Reporting	Qualimetrix\Analysis\Finding\Contract\Severity	Analysis.Finding	contract
Qualimetrix\Reporting\Formatter\Detail\DebtBreakdownRenderer	Reporting	Qualimetrix\Analysis\Evidence\Prioritization\Debt\DebtCalculator	Analysis.Evidence.Prioritization	contract
Qualimetrix\Reporting\Formatter\Detail\DebtBreakdownRenderer	Reporting	Qualimetrix\Analysis\Evidence\Prioritization\Debt\DebtSummary	Analysis.Evidence.Prioritization	contract
Qualimetrix\Reporting\Formatter\Detail\DetailedFindingRenderer	Reporting	Qualimetrix\Analysis\Evidence\Prioritization\Debt\DebtCalculator	Analysis.Evidence.Prioritization	contract
Qualimetrix\Reporting\Formatter\Detail\FindingDetailRenderer	Reporting	Qualimetrix\Analysis\Finding\Contract\Finding	Analysis.Finding	contract
Qualimetrix\Reporting\Formatter\Detail\FindingDetailRenderer	Reporting	Qualimetrix\Analysis\Finding\Contract\Severity	Analysis.Finding	contract
Qualimetrix\Reporting\Formatter\GitLabCodeQualityFormatter	Reporting	Qualimetrix\Analysis\Finding\Contract\Finding	Analysis.Finding	contract
Qualimetrix\Reporting\Formatter\GitLabCodeQualityFormatter	Reporting	Qualimetrix\Analysis\Finding\Contract\Severity	Analysis.Finding	contract
Qualimetrix\Reporting\Formatter\GithubActionsFormatter	Reporting	Qualimetrix\Analysis\Finding\Contract\Finding	Analysis.Finding	contract
Qualimetrix\Reporting\Formatter\GithubActionsFormatter	Reporting	Qualimetrix\Analysis\Finding\Contract\Severity	Analysis.Finding	contract
Qualimetrix\Reporting\Formatter\Health\HealthCoverageNarrator	Reporting	Qualimetrix\Analysis\Evidence\ComputedMetrics\Health\Contract\Score\HealthCoverage	Analysis.Evidence.ComputedMetrics.Health	contract
Qualimetrix\Reporting\Formatter\Health\HealthTextFormatter	Reporting	Qualimetrix\Analysis\Evidence\ComputedMetrics\Health\Contract\Score\DecompositionItem	Analysis.Evidence.ComputedMetrics.Health	contract
Qualimetrix\Reporting\Formatter\Health\HealthTextFormatter	Reporting	Qualimetrix\Analysis\Evidence\ComputedMetrics\Health\Contract\Score\HealthScore	Analysis.Evidence.ComputedMetrics.Health	contract
Qualimetrix\Reporting\Formatter\Health\HealthTextFormatter	Reporting	Qualimetrix\Analysis\Evidence\Measurement\Contract\MetricName	Analysis.Evidence.Measurement	contract
Qualimetrix\Reporting\Formatter\Health\HealthTextFormatter	Reporting	Qualimetrix\Core\Version	Core.Neutral	contract
Qualimetrix\Reporting\Formatter\Html\HtmlDebtCalculator	Reporting	Qualimetrix\Analysis\Evidence\Prioritization\Debt\DebtCalculator	Analysis.Evidence.Prioritization	contract
Qualimetrix\Reporting\Formatter\Html\HtmlFindingPartitioner	Reporting	Qualimetrix\Core\Symbol\SymbolPath	Core.Symbol	contract
Qualimetrix\Reporting\Formatter\Html\HtmlFindingPartitioner	Reporting	Qualimetrix\Core\Symbol\SymbolType	Core.Symbol	contract
Qualimetrix\Reporting\Formatter\Html\HtmlMetricAggregator	Reporting	Qualimetrix\Analysis\Evidence\ComputedMetrics\Contract\Definition\HealthDimension	Analysis.Evidence.ComputedMetrics	contract
Qualimetrix\Reporting\Formatter\Html\HtmlMetricAggregator	Reporting	Qualimetrix\Analysis\Evidence\Measurement\Contract\AggregationStrategy	Analysis.Evidence.Measurement	contract
Qualimetrix\Reporting\Formatter\Html\HtmlMetricAggregator	Reporting	Qualimetrix\Analysis\Evidence\Measurement\Contract\MetricName	Analysis.Evidence.Measurement	contract
Qualimetrix\Reporting\Formatter\Html\HtmlTreeBuilder	Reporting	Qualimetrix\Analysis\Evidence\ComputedMetrics\Contract\Definition\ComputedMetricDefinitionCatalogInterface	Analysis.Evidence.ComputedMetrics	contract
Qualimetrix\Reporting\Formatter\Html\HtmlTreeBuilder	Reporting	Qualimetrix\Analysis\Evidence\Measurement\Contract\AggregationStrategy	Analysis.Evidence.Measurement	contract
Qualimetrix\Reporting\Formatter\Html\HtmlTreeBuilder	Reporting	Qualimetrix\Analysis\Evidence\Measurement\Contract\MetricName	Analysis.Evidence.Measurement	contract
Qualimetrix\Reporting\Formatter\Html\HtmlTreeBuilder	Reporting	Qualimetrix\Analysis\Evidence\Measurement\Contract\MetricRepositoryInterface	Analysis.Evidence.Measurement	contract
Qualimetrix\Reporting\Formatter\Html\HtmlTreeBuilder	Reporting	Qualimetrix\Analysis\Evidence\Prioritization\Debt\DebtCalculator	Analysis.Evidence.Prioritization	contract
Qualimetrix\Reporting\Formatter\Html\HtmlTreeBuilder	Reporting	Qualimetrix\Core\Symbol\SymbolLevel	Core.Symbol	contract
Qualimetrix\Reporting\Formatter\Html\HtmlTreeBuilder	Reporting	Qualimetrix\Core\Symbol\SymbolPath	Core.Symbol	contract
Qualimetrix\Reporting\Formatter\Html\HtmlTreeBuilder	Reporting	Qualimetrix\Core\Version	Core.Neutral	contract
Qualimetrix\Reporting\Formatter\Json\JsonFindingSection	Reporting	Qualimetrix\Analysis\Evidence\Prioritization\Debt\RemediationTimeRegistry	Analysis.Evidence.Prioritization	contract
Qualimetrix\Reporting\Formatter\Json\JsonFindingSection	Reporting	Qualimetrix\Analysis\Finding\Contract\Finding	Analysis.Finding	contract
Qualimetrix\Reporting\Formatter\Json\JsonFormatter	Reporting	Qualimetrix\Analysis\Evidence\Prioritization\Debt\DebtCalculator	Analysis.Evidence.Prioritization	contract
Qualimetrix\Reporting\Formatter\Json\JsonFormatter	Reporting	Qualimetrix\Analysis\Finding\Contract\Severity	Analysis.Finding	contract
Qualimetrix\Reporting\Formatter\Json\JsonFormatter	Reporting	Qualimetrix\Core\Version	Core.Neutral	contract
Qualimetrix\Reporting\Formatter\Json\JsonHealthSection	Reporting	Qualimetrix\Analysis\Evidence\ComputedMetrics\Contract\Definition\HealthDimension	Analysis.Evidence.ComputedMetrics	contract
Qualimetrix\Reporting\Formatter\Json\JsonHealthSection	Reporting	Qualimetrix\Analysis\Evidence\ComputedMetrics\Health\Contract\Score\DecompositionItem	Analysis.Evidence.ComputedMetrics.Health	contract
Qualimetrix\Reporting\Formatter\Json\JsonHealthSection	Reporting	Qualimetrix\Analysis\Evidence\ComputedMetrics\Health\Contract\Score\HealthContributor	Analysis.Evidence.ComputedMetrics.Health	contract
Qualimetrix\Reporting\Formatter\Json\JsonHealthSection	Reporting	Qualimetrix\Analysis\Evidence\ComputedMetrics\Health\Contract\Score\HealthCoverage	Analysis.Evidence.ComputedMetrics.Health	contract
Qualimetrix\Reporting\Formatter\Json\JsonHealthSection	Reporting	Qualimetrix\Core\Pattern\SelectorKind	Core.Neutral	contract
Qualimetrix\Reporting\Formatter\Json\JsonHealthSection	Reporting	Qualimetrix\Core\Symbol\SymbolPath	Core.Symbol	contract
Qualimetrix\Reporting\Formatter\Json\JsonOffenderSection	Reporting	Qualimetrix\Analysis\Evidence\ComputedMetrics\Health\Contract\DrillDown\WorstClassDrillDown	Analysis.Evidence.ComputedMetrics.Health	contract
Qualimetrix\Reporting\Formatter\Json\JsonOffenderSection	Reporting	Qualimetrix\Analysis\Evidence\ComputedMetrics\Health\Contract\Offender\WorstOffender	Analysis.Evidence.ComputedMetrics.Health	contract
Qualimetrix\Reporting\Formatter\MetricsJsonFormatter	Reporting	Qualimetrix\Core\Symbol\SymbolLevel	Core.Symbol	contract
Qualimetrix\Reporting\Formatter\MetricsJsonFormatter	Reporting	Qualimetrix\Core\Symbol\SymbolType	Core.Symbol	contract
Qualimetrix\Reporting\Formatter\MetricsJsonFormatter	Reporting	Qualimetrix\Core\Version	Core.Neutral	contract
Qualimetrix\Reporting\Formatter\Ordering\FindingSorter	Reporting	Qualimetrix\Analysis\Finding\Contract\Finding	Analysis.Finding	contract
Qualimetrix\Reporting\Formatter\Ordering\FindingSorter	Reporting	Qualimetrix\Analysis\Finding\Contract\Severity	Analysis.Finding	contract
Qualimetrix\Reporting\Formatter\Sarif\SarifFormatter	Reporting	Qualimetrix\Analysis\Finding\Contract\Finding	Analysis.Finding	contract
Qualimetrix\Reporting\Formatter\Sarif\SarifFormatter	Reporting	Qualimetrix\Analysis\Finding\Contract\Location	Analysis.Finding	contract
Qualimetrix\Reporting\Formatter\Sarif\SarifFormatter	Reporting	Qualimetrix\Core\Version	Core.Neutral	contract
Qualimetrix\Reporting\Formatter\Sarif\SarifRuleCollector	Reporting	Qualimetrix\Analysis\Finding\Contract\ChannelPresentation	Analysis.Finding	contract
Qualimetrix\Reporting\Formatter\Sarif\SarifRuleCollector	Reporting	Qualimetrix\Analysis\Finding\Contract\ChannelPresentationInterface	Analysis.Finding	contract
Qualimetrix\Reporting\Formatter\Sarif\SarifRuleCollector	Reporting	Qualimetrix\Analysis\Finding\Contract\Severity	Analysis.Finding	contract
Qualimetrix\Reporting\Formatter\Summary\FindingSummaryRenderer	Reporting	Qualimetrix\Analysis\Evidence\Prioritization\Debt\DebtSummary	Analysis.Evidence.Prioritization	contract
Qualimetrix\Reporting\Formatter\Summary\FindingSummaryRenderer	Reporting	Qualimetrix\Analysis\Evidence\Prioritization\Debt\RemediationTimeRegistry	Analysis.Evidence.Prioritization	contract
Qualimetrix\Reporting\Formatter\Summary\FindingSummaryRenderer	Reporting	Qualimetrix\Analysis\Finding\Contract\Severity	Analysis.Finding	contract
Qualimetrix\Reporting\Formatter\Summary\HealthBarRenderer	Reporting	Qualimetrix\Analysis\Evidence\ComputedMetrics\Contract\Definition\HealthDimension	Analysis.Evidence.ComputedMetrics	contract
Qualimetrix\Reporting\Formatter\Summary\HealthBarRenderer	Reporting	Qualimetrix\Analysis\Evidence\ComputedMetrics\Health\Contract\Score\DecompositionItem	Analysis.Evidence.ComputedMetrics.Health	contract
Qualimetrix\Reporting\Formatter\Summary\HealthBarRenderer	Reporting	Qualimetrix\Analysis\Evidence\ComputedMetrics\Health\Contract\Score\HealthScore	Analysis.Evidence.ComputedMetrics.Health	contract
Qualimetrix\Reporting\Formatter\Summary\HealthBarRenderer	Reporting	Qualimetrix\Core\Pattern\SelectorKind	Core.Neutral	contract
Qualimetrix\Reporting\Formatter\Summary\HealthBarRenderer	Reporting	Qualimetrix\Core\Symbol\SymbolPath	Core.Symbol	contract
Qualimetrix\Reporting\Formatter\Summary\OffenderListRenderer	Reporting	Qualimetrix\Analysis\Evidence\ComputedMetrics\Health\Contract\DrillDown\WorstClassDrillDown	Analysis.Evidence.ComputedMetrics.Health	contract
Qualimetrix\Reporting\Formatter\Summary\OffenderListRenderer	Reporting	Qualimetrix\Analysis\Evidence\ComputedMetrics\Health\Contract\Offender\WorstOffender	Analysis.Evidence.ComputedMetrics.Health	contract
Qualimetrix\Reporting\Formatter\Summary\SummaryFormatter	Reporting	Qualimetrix\Core\Version	Core.Neutral	contract
Qualimetrix\Reporting\Formatter\Summary\TopIssuesRenderer	Reporting	Qualimetrix\Analysis\Evidence\Prioritization\Debt\DebtSummary	Analysis.Evidence.Prioritization	contract
Qualimetrix\Reporting\Formatter\Summary\TopIssuesRenderer	Reporting	Qualimetrix\Analysis\Evidence\Prioritization\Impact\RankedIssue	Analysis.Evidence.Prioritization	contract
Qualimetrix\Reporting\Formatter\Summary\TopIssuesRenderer	Reporting	Qualimetrix\Analysis\Finding\Contract\Finding	Analysis.Finding	contract
Qualimetrix\Reporting\Formatter\Summary\TopIssuesRenderer	Reporting	Qualimetrix\Analysis\Finding\Contract\Severity	Analysis.Finding	contract
Qualimetrix\Reporting\Formatter\Summary\TopIssuesRenderer	Reporting	Qualimetrix\Core\Symbol\SymbolType	Core.Symbol	contract
Qualimetrix\Reporting\Formatter\Suppressed\SuppressedFormatter	Reporting	Qualimetrix\Core\Version	Core.Neutral	contract
Qualimetrix\Reporting\Formatter\TextFormatter	Reporting	Qualimetrix\Analysis\Evidence\Prioritization\Debt\DebtCalculator	Analysis.Evidence.Prioritization	contract
Qualimetrix\Reporting\Formatter\TextFormatter	Reporting	Qualimetrix\Analysis\Finding\Contract\Finding	Analysis.Finding	contract
Qualimetrix\Reporting\Formatter\TextFormatter	Reporting	Qualimetrix\Analysis\Finding\Contract\Severity	Analysis.Finding	contract
Qualimetrix\Reporting\Formatter\TextFormatter	Reporting	Qualimetrix\Core\Symbol\SymbolType	Core.Symbol	contract
Qualimetrix\Reporting\Formatter\TextFormatter	Reporting	Qualimetrix\Core\Version	Core.Neutral	contract
Qualimetrix\Reporting\GraphProjection\Contract\DependencyGraphProjectionInterface	Reporting.GraphProjection	Qualimetrix\Analysis\Evidence\DependencyModel\Contract\DependencyGraphInterface	Analysis.Evidence.DependencyModel	contract
Qualimetrix\Reporting\GraphProjection\DependencyGraphProjector	Reporting.GraphProjection	Qualimetrix\Analysis\Evidence\DependencyModel\Contract\DependencyGraphInterface	Analysis.Evidence.DependencyModel	contract
Qualimetrix\Reporting\GraphProjection\DotExporter	Reporting.GraphProjection	Qualimetrix\Analysis\Evidence\DependencyModel\Contract\DependencyGraphInterface	Analysis.Evidence.DependencyModel	contract
Qualimetrix\Reporting\GraphProjection\DotExporter	Reporting.GraphProjection	Qualimetrix\Core\Symbol\SymbolPath	Core.Symbol	contract
Qualimetrix\Reporting\GraphProjection\JsonGraphExporter	Reporting.GraphProjection	Qualimetrix\Analysis\Evidence\DependencyModel\Contract\DependencyGraphInterface	Analysis.Evidence.DependencyModel	contract
Qualimetrix\Reporting\GraphProjection\NamespaceFilter	Reporting.GraphProjection	Qualimetrix\Core\Pattern\NamespaceMatcher	Core.Neutral	contract
Qualimetrix\Reporting\GraphProjection\NamespaceFilter	Reporting.GraphProjection	Qualimetrix\Core\Symbol\SymbolPath	Core.Symbol	contract
Qualimetrix\Reporting\Health\HealthHintProjector	Reporting	Qualimetrix\Analysis\Evidence\ComputedMetrics\Health\Contract\Metadata\HealthMetricMetadataCollection	Analysis.Evidence.ComputedMetrics.Health	contract
Qualimetrix\Reporting\Health\HealthHintProjector	Reporting	Qualimetrix\Analysis\Evidence\ComputedMetrics\Health\Contract\Metadata\HealthMetricMetadataProviderInterface	Analysis.Evidence.ComputedMetrics.Health	contract
Qualimetrix\Reporting\Health\HealthScoreResolver	Reporting	Qualimetrix\Analysis\Evidence\ComputedMetrics\Health\Contract\DrillDown\HealthScoreDrillDown	Analysis.Evidence.ComputedMetrics.Health	contract
Qualimetrix\Reporting\Health\SummaryEnricher	Reporting	Qualimetrix\Analysis\Evidence\ComputedMetrics\Health\Contract\Summary\HealthSummary	Analysis.Evidence.ComputedMetrics.Health	contract
Qualimetrix\Reporting\Health\SummaryEnricher	Reporting	Qualimetrix\Analysis\Evidence\ComputedMetrics\Health\Contract\Summary\HealthSummaryBuilder	Analysis.Evidence.ComputedMetrics.Health	contract
Qualimetrix\Reporting\Health\SummaryEnricher	Reporting	Qualimetrix\Analysis\Evidence\Measurement\Contract\AggregationStrategy	Analysis.Evidence.Measurement	contract
Qualimetrix\Reporting\Health\SummaryEnricher	Reporting	Qualimetrix\Analysis\Evidence\Measurement\Contract\MetricName	Analysis.Evidence.Measurement	contract
Qualimetrix\Reporting\Health\SummaryEnricher	Reporting	Qualimetrix\Analysis\Evidence\Measurement\Contract\NamespaceTree	Analysis.Evidence.Measurement	contract
Qualimetrix\Reporting\Health\SummaryEnricher	Reporting	Qualimetrix\Analysis\Evidence\Prioritization\Debt\DebtCalculator	Analysis.Evidence.Prioritization	contract
Qualimetrix\Reporting\Health\SummaryEnricher	Reporting	Qualimetrix\Analysis\Evidence\Prioritization\Impact\ImpactCalculator	Analysis.Evidence.Prioritization	contract
Qualimetrix\Reporting\Health\SummaryEnricher	Reporting	Qualimetrix\Core\Symbol\SymbolPath	Core.Symbol	contract
Qualimetrix\Reporting\Report	Reporting	Qualimetrix\Analysis\Evidence\Measurement\Contract\MetricRepositoryInterface	Analysis.Evidence.Measurement	contract
Qualimetrix\Reporting\Report	Reporting	Qualimetrix\Analysis\Evidence\Measurement\Contract\NamespaceTree	Analysis.Evidence.Measurement	contract
Qualimetrix\Reporting\Report	Reporting	Qualimetrix\Analysis\Finding\Contract\Finding	Analysis.Finding	contract
Qualimetrix\Reporting\Report	Reporting	Qualimetrix\Analysis\Finding\Contract\Severity	Analysis.Finding	contract
Qualimetrix\Reporting\ReportBuilder	Reporting	Qualimetrix\Analysis\Evidence\Measurement\Contract\MetricRepositoryInterface	Analysis.Evidence.Measurement	contract
Qualimetrix\Reporting\ReportBuilder	Reporting	Qualimetrix\Analysis\Evidence\Measurement\Contract\NamespaceTree	Analysis.Evidence.Measurement	contract
Qualimetrix\Reporting\ReportBuilder	Reporting	Qualimetrix\Analysis\Finding\Contract\Finding	Analysis.Finding	contract
Qualimetrix\Reporting\ReportBuilder	Reporting	Qualimetrix\Analysis\Finding\Contract\Severity	Analysis.Finding	contract
