# ДЕЙСТВУЮЩЕЕ ОБЕЩАНИЕ — продукт этапа 01 захода X17 (пакет L, первый из двух независимых свидетелей).
# Снят на дереве 6a833ab8fcd5004e964e32a59bfeb9978c39739c (ветка x17-promise-effect), 2026-09-11.
# ПЕРЕВЫВЕДЕН трижды: 0cc78d4b (§P6 — пакет документации переписал носители), 4ecd3ee1 (ревью
# нашло, что носитель обещал больше, чем делает продукт, и раунд его сузил) и рабочее дерево
# (противоречие носителей, найденное перевыводом-2, вылечено в источнике). Пакет L2, ветка
# x18-promise-cure, 2026-09-11. Диф каждого — в блоках ПЕРЕВЫВОД, ПЕРЕВЫВОД-2 и ПЕРЕВЫВОД-3.
#
# =========================== ЧЕМ ПОЛУЧЕНО ===========================
# ОБЕЩАНИЕ (колонки promised_forms / null_means / equivalences / coexistence / carrier / status)
#   прочитано ТОЛЬКО из внешних носителей:
#     - website/docs/** (EN-половина);
#     - докблоки контрактов RuleOptionKeySet и LevelOptionsInterface (две строки frozen-файла).
#   Ни одно тело fromArray(), ни фабрика, ни резолверы, ни нормализатор не читались. Списка
#   запрещённых файлов из задания пакет держался дословно.
#
# ЗНАМЕНАТЕЛЬ (какие СТРОКИ существуют — не что они обещают) получен машинно:
#   1. Оси A: <scratch>/enumerate-paths.php — ContainerFactory()->create()
#        ->get(RuleExecutionInterface::class)->allRules()  -> 54 имени продюсера
#        ->$optionsClass::acceptedOptionKeys()             -> RuleOptionKeySet, обе половины
#                                                             ($accepted и $answeredByTheClass)
#                                                             читаются рефлексией приватных свойств
#        ->levelOptionsClasses() у HierarchicalRuleOptionsInterface -> слоты и их классы
#      Получено 209 строк: 205 accepted (160 верхних + 45 уровневых — ВОСПРОИЗВОДИТ число
#      key-pairs.tsv и 00-overview.md) + 4 answeredByTheClass.
#   2. CLI-алиасы: RuleMetadata::$aliases того же контейнера -> РОВНО 80, как в 00-overview.md.
#   3. Framework-ключи: 3 × 54 продюсера = 162 (арифметика 02 §5, «в разрезе продюсеров»).
#   4. Ось D: measurement/config-paths.tsv, 54 позиции, колонка door.
#   5. Ось B: measurement/key-pairs.tsv, 465 строк; колонка kind — идентичность строки, НЕ обещание.
#      Колонка interaction того файла выведена из кода и в реестр НЕ переносилась.
#
#   (Знаменатель оси A снят исполнением, а не взят из артефактов — см. отдельный блок
#    «ОТСТУПЛЕНИЕ ОТ АСИММЕТРИИ» ниже; он же называет контрмеру.)
#
# ПРАВИЛО ПРИСВОЕНИЯ НОСИТЕЛЯ (какой абзац какого файла накрывает какой класс строк).
#   Общие носители, накрывающие классы строк:
#     C1  website/docs/getting-started/configuration.md:862-864 (+ website/docs/getting-started/configuration.md:867-868,
#         website/docs/getting-started/configuration.md:877, website/docs/getting-started/configuration.md:915-925), раздел «A key written
#         with no value» — «Writing a key and leaving it empty — `key:` or the explicit YAML null
#         `key: ~` — means the default is taken for that key's own value, at every depth and in
#         every section»
#         -> null_means=default и форма `null` в promised_forms НА ЛЮБОЙ ГЛУБИНЕ И В ЛЮБОЙ СЕКЦИИ,
#         то есть и у корней ВНЕ `rules:` (ось D), а не только под `rules:`.
#         СУЖЕНО 4ecd3ee1, и это не формальность: прежняя формулировка обещала, что `key: ~` значит
#         РОВНО то же, что ненаписанный ключ. Теперь обещано только про ЗНАЧЕНИЕ ключа — «for that
#         key's own value». Сама запись ключа продолжает считаться (см. C20).
#         ДВЕ ГРАНИЦЫ, названные носителем, а не молчаливые:
#           - внутри `rules:` эквивалентность с ненаписанным ключом кончается (website/docs/getting-started/configuration.md:877)
#             — это C20, и она СНИМАЕТ 9 строк реестра с координаты null_means=default;
#           - элемент списка: `- ~` отказывает (website/docs/getting-started/configuration.md:915-925). Сетка строк
#             на элементы не имеет, поэтому карв-аут не даёт ни одной строки — «ЧЕГО НЕ ВИДИТ».
#         ОСЬ D СУЖЕНИЕМ НЕ ЗАТРОНУТА, и это прочитано, а не предположено: website/docs/getting-started/configuration.md:877
#         прямо ограничивает остановку эквивалентности словами «Inside `rules:`», а пример
#         website/docs/getting-started/configuration.md:867-868 по-прежнему пишет `cache: ~` и `coupling: ~`.
#     C19 website/docs/getting-started/configuration.md:779-858, раздел «The shape of a value» — «The two rules
#         below hold for **every** key in this document — the roots, the sections, the `rules:`
#         subtree and the level slots inside it alike»; таблица форм (website/docs/getting-started/configuration.md:801-810)
#         и ПЯТЬ следствий (website/docs/getting-started/configuration.md:812-858; на 0cc78d4b их было четыре).
#         Носитель формы, ЯВНО объявляющий свой охват всем документом. Он решает:
#           - `"15"` там, где объявлено число: строка, а не число -> отказ
#             (website/docs/getting-started/configuration.md:804 + website/docs/getting-started/configuration.md:815-816);
#           - `"false"` / `abc` / `1`-as-string там, где объявлен bool: не `true`/`false` ->
#             отказ (website/docs/getting-started/configuration.md:803);
#           - значение с CLI — текст по построению, приводится ДО суда о форме, поэтому кавычечное
#             написание на дверях rule-opt / cli-root / cli-alias ПРИНИМАЕТСЯ (website/docs/getting-started/configuration.md:817-820);
#           - пустая строка отказывает там, где нужна непустая, и на `--fail-on=`, `--format=`,
#             `--cache-dir=`, `--memory-limit=` поимённо (website/docs/getting-started/configuration.md:855-858);
#           - список и карта не взаимозаменяемы (website/docs/getting-started/configuration.md:842-846) — подтверждение C2, новых строк нет.
#         ЧЕГО C19 НЕ РЕШАЕТ, и это цена, а не придирка: он даёт ТАКСОНОМИЮ форм («a whole number»
#         против «a number»), но нигде не пишет, КАКУЮ из них объявляет КОНКРЕТНЫЙ ключ. Пример
#         с целым значением совместим с обеими. Поэтому форма `float` на числовых ключах осталась
#         DECIDED ровно с прежней записью, а `string-number` снялась с решения: и «a whole number»,
#         и «a number» одинаково не принимают строку.
#         ДВА НОВЫХ УТВЕРЖДЕНИЯ C19 НЕ ЛОЖАТСЯ НИ НА ОДНУ СТРОКУ СЕТКИ (обе записаны в «ЧЕГО НЕ
#         ВИДИТ», строк под них не заведено):
#           - website/docs/getting-started/configuration.md:788-791 — судится ЛЮБОЙ источник значения, а не только
#             победивший: `format:` неверной формы в файле отказывает, даже если CLI его перекрыл.
#             Строка формы — это (дверь × путь), и междверного взаимодействия она не несёт.
#           - website/docs/getting-started/configuration.md:847-854 — корневой `suppress_paths:` читает НЕКАВЫЧЕЧНОЕ
#             число как имя каталога, `suppress_namespaces:` и per-rule `suppress_paths:` его
#             отказывают, а `paths:` / `exclude:` МОЛЧА ВЫБРАСЫВАЮТ такой элемент. Это форма
#             ЭЛЕМЕНТА, оси под неё нет; и это ОБЕЩАННОЕ МОЛЧАНИЕ — раунд такого вида ещё не судил.
#     C20 website/docs/getting-started/configuration.md:877-913, «Inside `rules:` that is where the equivalence stops»
#         — НОВЫЙ носитель 4ecd3ee1, и он сужает C1. Внутри `rules:` запись ключа сама по себе
#         значима: «two readers ask whether a key is **present** rather than what it holds».
#         Он называет ДВА таких читателя:
#           (а) website/docs/getting-started/configuration.md:883-902 — верхнеуровневый пороговый ключ ВЫБИРАЕТ плоскую
#               форму иерархического правила, «с `~` ровно так же, как с числом», и блоки
#               `callable:` / `class:` / `namespace:` рядом с ним ТОГДА НЕ ЧИТАЮТСЯ. Ключи названы
#               поимённо: `threshold` у complexity.ccn / cognitive / npath; `threshold|warning|error`
#               у coupling.cbo; `threshold|max_warning|max_error` у coupling.instability.
#           (б) website/docs/getting-started/configuration.md:904-913 — `threshold: ~` рядом с `warning:`/`error:` ОТКАЗЫВАЕТ
#               документ (exit 3), а не откатывается в градуированный режим.
#         ЧТО C20 ДЕЛАЕТ С РЕЕСТРОМ:
#           - 9 строк формы (дверь yaml, те самые поимённые ключи) сменили координату
#             null_means: default -> default-value-present-key. ПЯТОЕ значение координаты сверх
#             четырёх, по прецеденту addressed-answer: значение ключа берёт дефолт (C1), а его
#             ПРИСУТСТВИЕ выбирает плоскую форму (C20а). Обе половины ПРОЧИТАНЫ, поэтому статус
#             строк не понижался. Стенд обязан судить их так: `key: ~` рядом с блоком уровня
#             НЕ ведёт себя как отсутствие ключа, и блок уровня не читается.
#             ЦЕНА, НАЗВАННАЯ ЯВНО: пробника под это значение у стенда нет — значение заведено
#             здесь и сейчас, а стенд пакету недоступен. До появления пробника эти 9 строк
#             НЕ СУДЯТСЯ, а не зелены. Заводить ли пробник — решение оркестратора, тем более что
#             плоская ветка пяти иерархических классов заморожена планом.
#           - дверь rule-opt теми же путями НЕ затронута: там null_means=refuse отвечает на другой
#             вопрос (пустое значение после `=`), а примеры C20 написаны YAML-ом под `rules:`.
#           - 90 строк kind=pair координаты same-source (сокращение × уровень) несут пометку в note.
#             ИСТОРИЯ ИХ СТАТУСА, чтобы её нельзя было прочесть как один шаг: перевывод-2 опустил 6 из
#             них PROMISED -> DECIDED, потому что C6c и C20 спорили; перевывод-3 спор снял (C6c
#             переписан), но НАЗАД ОНИ НЕ ВЕРНУЛИСЬ — и не потому, что носителей всё ещё два, а потому,
#             что единственное теперь прочтение колонка coexistence выразить не может. Разбор — в
#             блоке ПЕРЕВЫВОД-3.
#     C2  configuration.md:708-714 «Type errors» — «a clear message instead of silent fallback
#         to defaults» -> дополнение к promised_forms обязано ОТКАЗЫВАТЬ, а не приводить молча.
#         Это носитель, превращающий молчаливое приведение в дефект.
#     C3  configuration.md:206-209 + докблок RuleOptionKeySet.php:28-34 -> equivalences:
#         snake = camel = kebab.
#     C5  configuration.md:130-136 (`enabled: false`) -> форма ключа `enabled`.
#     C6a configuration.md:138-151 (пример warning/error) -> числовая форма пороговых ключей.
#         КОМПОЗИЦИЯ пары по этому абзацу НЕ выводится: он пишет один уровень одного правила.
#         Строка kind=pair получает PROMISED-compose только тогда, когда ОДИН yaml-блок
#         документации пишет оба ключа ИМЕННО ЭТОГО правила рядом; carrier тогда — file:line
#         начала блока. Совместность собрана машинно (индекс блоков из того же скана), а не
#         обобщением с чужого примера: обобщение было находкой ревью и снято.
#     C6b configuration.md:152-166 — «You cannot mix `threshold` with explicit `warning`/`error`
#         **from the same configuration layer**» -> coexistence=refuse для пар
#         (threshold × warning|error) координаты same-source; и эквивалентность threshold:N ≡
#         warning:N,error:N.
#     C6c website/docs/getting-started/configuration.md:185-217 — ПЕРЕПИСАН 4ecd3ee1 после того, как
#         перевывод-2 нашёл, что прежняя формулировка спорит с C20. Прежний текст утверждал, что
#         сокращение `complexity.ccn`-образного правила «достаёт ТОЛЬКО более гранулярный уровень»,
#         а слот `class` держит своё значение. Пробой оркестратора обе половины оказались ложны.
#         Сегодня носитель говорит ОДИН раз и прямо: «A bare `threshold` at a hierarchical rule's own
#         top level REPLACES the level blocks, it does not add to them… whatever `callable:` /
#         `class:` / `namespace:` blocks stand beside it are not read — silently, with no word about
#         them», у `complexity.*` вдобавок «apply it to the callable level and SWITCH THE CLASS LEVEL
#         OFF… reports nothing about classes at all», у coupling.cbo/instability «uniformly to BOTH
#         levels at once» с тем же замещением. C20 теперь ССЫЛАЕТСЯ на этот абзац, а не повторяет его.
#     C7  configuration.md:211-214 — «An empty level block means the same as an omitted one…
#         `callable: false` is refused» -> форма слота уровня (карта|null, bool отказан).
#     C8  website/docs/usage/cli-options.md:669-674 — «`--rule-opt` carries scalar values»
#         -> на CLI-дверях список и карта не обещаны.
#     C9  configuration.md:216-237 / 239-258 / 311-320 (три framework-ключа) + 301-309
#         («Works for every rule … regardless of whether that rule's Options class declares
#         such a field») -> 162 строки framework × продюсер.
#     C13 configuration.md:724-742 — неизвестный ключ правила отказывает на ЛЮБОЙ глубине, exit 3.
#         ГРАНИЦА C13, переписанная после проверки оркестратором: C13 говорит про ключ, которого
#         у правила НИКОГДА НЕ БЫЛО. Ключ, который правило ДЕРЖАЛО И УРОНИЛО, — другой случай, и
#         общий отказ по C13 для него НЕДОСТАТОЧЕН: читателю нужен ответ про удаление, а не про
#         незнакомое имя. Три ключа `unreachable_layer_severity` / `potential_shadow_severity` /
#         `empty_template_severity` — именно этот случай (носитель C18), и половина
#         `answeredByTheClass` у них НАМЕРЕННАЯ, а не недосмотр.
#     C17 докблок RuleOptionKeySet.php:23-27 — половина `answeredByTheClass` заведена ровно для
#         ключа, про который класс отвечает СВОИМИ СЛОВАМИ («refuse it in its own words, or accept
#         a spelling that means "leave things as they are"»), и читатель «must neither warn nor
#         refuse on these». Носитель того, что адресный ответ класса законен и обязателен.
#     C18 default-thresholds.md:100, :102, :103 — «The removed `<имя>` option no longer exists —
#         severity is fixed» -> обещание для трёх удалённых severity-ключей: отказ, НАЗЫВАЮЩИЙ
#         удаление и то, чем оно заменено. Строки PROMISED, форма значения на них не влияет.
#     C14 cli-options.md:663-667 — три способа ошибиться в `--rule-opt` отказывают exit 3.
#     C16 докблок LevelOptionsInterface.php:33-39 — слот отвечает сам за себя (карта своих ключей).
#   ПАРЫ, ЛЕЖАЩИЕ В ДВУХ ВИДАХ СРАЗУ. key-pairs.tsv даёт 465 строк при 446 различных парах.
#   Строка реестра остаётся на каждую строку знаменателя, но одна пара не может нести два
#   противоположных обещания: 7 таких столкновений сведены к вердикту более конкретного вида,
#   и обе строки несут его с пометкой COLLISION в note.
#
#   Индивидуальные носители: если website/docs/** содержит ПРИМЕР этого самого пути
#   (yaml-блок под `rules: <правило>: [<уровень>:] <ключ>:` либо `--rule-opt=…` в bash-блоке,
#   либо строка таблицы алиасов `| \`--alias=N\` |`), форма берётся из примера, а carrier —
#   это file:line примера. Так накрыто 138 из 209 путей оси A; остальные — общими носителями.
#
# ===================== ОТСТУПЛЕНИЕ ОТ АСИММЕТРИИ =====================
# Решение принято ОРКЕСТРАТОРОМ, пакет L его исполняет. Запись первоклассная, а не сноска:
# на асимметрии авторства стоит весь этап 01, и всякая её щель обязана быть видна отсюда.
#
# (а) ЧТО СДЕЛАНО. Список строк оси A снят ИСПОЛНЕНИЕМ: ContainerFactory -> allRules() ->
#     $optionsClass::acceptedOptionKeys() -> обе половины RuleOptionKeySet, плюс
#     levelOptionsClasses() для слотов, плюс RuleMetadata::$aliases для двери cli-alias.
#     Причина: знаменатель оси A из готовых перечислений measurement/ НЕ СОБИРАЕТСЯ.
#     key-pairs.tsv даёт лишь 140 из 160 верхнеуровневых пар «правило × ключ» (ключ без
#     партнёра в пару не попадает), а 205 мест-предмета form-deciding-sites.tsv — другая
#     популяция, и 03-cure.md §P1.3 говорит это прямо. Способ — тот же, которым знаменатель
#     снимал key-pairs.tsv, и он воспроизводит его числа точно: 205 = 160 + 45 и 80 алиасов.
#
# (б) ЧТО ИМЕННО ВЗЯТО ИЗ КОДА. ТОЛЬКО СПИСОК СТРОК — имена правил, имена ключей, имена слотов,
#     имена алиасов. НИЧЕГО ОБ ОБЕЩАНИИ. Сегодняшний RuleOptionKeySet несёт одни имена; формы
#     в нём нет вовсе (её кладёт туда P1), поэтому утечке формы из кода в реестр неоткуда
#     взяться. Ни одно тело fromArray(), ни фабрика, ни резолверы не читались.
#
# (в) ЧЕМ ЭТО ПЛОХО И ЧТО ЭТО ЗАКРЫВАЕТ. Знаменатель становится зависимым от той самой
#     декларации, которую заход проверяет: ключ, который код ЧИТАЕТ, но acceptedOptionKeys()
#     не объявляет, в эту сетку не попадёт по построению — и промолчит. Контрмера названа
#     планом и не заводится здесь заново: ПЯТОЕ МНОЖЕСТВО сверки этапа 02,
#     `consumer \ declaration` (02 §6) — ключевые литералы, читаемые телами fromArray(),
#     которых нет в объявлении. Оно и есть независимый знаменатель против кругового, и
#     становится свидетельством после разбора 117 мест без ключа (первое действие P1).
#
# (г) ЦЕНА ОТКАТА. Реестр перевыводится СМЕНОЙ ОДНОГО ИСТОЧНИКА ЗНАМЕНАТЕЛЯ: тело обещания
#     (promised_forms / null_means / equivalences / coexistence / carrier) не зависит от того,
#     откуда пришёл список строк, и при замене источника не правится.
#
# =============== ПЕРЕВЫВОД ПОСЛЕ ПАКЕТА ДОКУМЕНТАЦИИ (0cc78d4b) ===============
# ЧТО ИЗМЕНИЛОСЬ В НОСИТЕЛЯХ. В website/docs/** на этом дереве изменён РОВНО ОДИН файл
#   (и его RU-перевод): configuration.md, один hunk. Двустрочный `!!! tip` про `~`
#   (старые 749-750) удалён и заменён двумя разделами — «The shape of a value» (строки 749-799 на 0cc78d4b)
#   и «A key written with no value» (строки 801-829 на 0cc78d4b). Все прочие цитируемые диапазоны
#   website/docs/** и три диапазона докблоков совпадают с замороженными побайтно
#   (349 из 349 sha сошлись на 0cc78d4b) — ни один из них не правился и не сдвинулся,
#   потому что верхний цитируемый номер строки в configuration.md — 714, а hunk начинается
#   с 749. Перевывод затронул ТОЛЬКО то, что стоит на переписанном месте.
#
# ЧТО ИЗМЕНИЛОСЬ В ОБЕЩАНИИ, словами носителя, а не наблюдением за продуктом:
#   (1) Старый текст обещал `~` безусловно: «this is always valid», и стоял ВНУТРИ подраздела
#       про ключи опций правила — поэтому реестр им корни вне `rules:` не накрывал, и у 50 строк
#       оси D координата null стояла решением раунда. Новый текст стоит СВОИМ разделом, сам
#       называет охват — «на любой глубине и в любой секции» — и пишет `cache: ~`, `coupling: ~`,
#       то есть корни вне `rules:`, прямо в примере. Обещание стало ЧИТАЕМЫМ там, где было решённым.
#   (2) Одновременно обещание СУЖЕНО: элемент списка назван единственным местом, где `~` не значит
#       «ключ не написан», и там, где список объявлен как список непустых строк, `- ~` отказывает.
#       Безусловного «always valid» больше нет. Ни одной строки реестра это сужение не меняет:
#       ось строки — форма КОНТЕЙНЕРА, строк на элементы списка сетка не имеет вовсе (см.
#       «ЧЕГО ЭТОТ СПОСОБ НЕ ВИДИТ»). Сужение записано там как пробел ПРОТИВ названного обещания.
#   (3) Появился носитель C19 — раздел формы, объявляющий охват всем документом. Он снял с решения
#       раунда `string-number` и `string-nonnumber` и оставил на решении `float` (см. C19).
#
# ДИФ ПЕРЕВЫВОДА ПО ВИДАМ (строк; виды не складываются — одна строка может попасть в несколько):
#   строка заведена / удалена ................    0 / 0
#   строка сменила ТЕЛО ОБЕЩАНИЯ .............    0   (promised_forms / null_means / equivalences /
#                                                     coexistence не изменились НИ В ОДНОЙ строке:
#                                                     сменилось не что обещано, а читано это или решено)
#   строка сменила КООРДИНАТЫ НОСИТЕЛЯ .......   50   (50 yaml-строк оси D: к carrier добавлен
#                                                     configuration.md:801-805)
#   строка сменила СТАТУС ....................  121   (все DECIDED -> PROMISED; обратных нет)
#   строка сменила ОБОСНОВАНИЕ ...............  501   (note и/или decided_forms; из них 25 —
#                                                     только переформулировка при том же вердикте)
#   ВСЕГО ЗАТРОНУТО ..........................  501
#
# ПРАВИЛО, ПО КОТОРОМУ МЕНЯЛСЯ СТАТУС: DECIDED -> PROMISED только если decided_forms была НЕПУСТА
#   и опустела, и carrier непуст. Две строки `architecture.unassigned-class.enabled` (координата
#   addressed-answer, C17) имели пустую decided_forms и до перевывода — они решение раунда, а не
#   прочтение, и статуса не меняли.
#
# ЧЕГО ПЕРЕВЫВОД НЕ ПОКРЫВАЕТ:
#   - RU-половина сайта не проверяется ничем: configuration.ru.md получил тот же hunk (83 строки,
#     та же структура, тот же карв-аут), но ни одна строка реестра её не цитирует, и расхождение
#     перевода с EN не покраснеет нигде.
#   - ADR 0054 и ADR 0055 и записи CHANGELOG носителями НЕ приняты и в carrier не попали.
#     Причина — прежняя граница шапки: реестр читает website/docs/** и докблоки контрактов.
#     CHANGELOG — журнал ИЗМЕНЕНИЯ («было / стало»), а не действующее обещание; ADR — обоснование.
#     Цена решения названа: таблица CHANGELOG КОНКРЕТНЕЕ страницы на двух формах (`enabled: [7331]`
#     и `suppress_paths: 7331`), которые страница накрывает только общим «another shape ends the run».
#   - Носители, которых перевывод не читал: изменён ровно один файл, поэтому непрочитанных
#     изменённых носителей нет; но НЕизменённые носители перечитаны не были — они заморожены
#     побайтно, и это свидетельство о тексте, а не о смысле.
#   - Обещание, которого не несёт ни одна страница, перевыводом не появляется: 16 из 80 CLI-алиасов
#     не описаны нигде вовсе (16 строк «no carrier names this key at all»), и после перевывода их
#     ровно столько же.
#
# =============== ПЕРЕВЫВОД-2 ПОСЛЕ РЕВЬЮ НОСИТЕЛЯ (4ecd3ee1) ===============
# ЧИТАТЬ КАК ИСТОРИЮ, А НЕ КАК ДЕЙСТВУЮЩЕЕ ПРОЧТЕНИЕ. Блок описывает состояние на 4ecd3ee1;
#   противоречие носителей, которым он обосновывает шесть понижений, ПОСЛЕ НЕГО вылечено в
#   источнике, и координаты носителей с тех пор переехали. Действующее прочтение и вердикт по тем
#   же шести строкам — в блоке ПЕРЕВЫВОД-3 ниже.
# ЗАЧЕМ ВТОРОЙ ПЕРЕВЫВОД. Ревью нашло, что носитель, перевыведенный первым разом, ОБЕЩАЛ БОЛЬШЕ,
#   ЧЕМ ДЕЛАЕТ ПРОДУКТ: «This holds at every depth and in every section» — а внутри `rules:` правило
#   «`null` = ненаписанный ключ» не действует, потому что читающие места спрашивают о ПРИСУТСТВИИ
#   ключа. Лечили носитель, а не поведение (плоская ветка заморожена планом), поэтому сужение обязано
#   быть видно ЗДЕСЬ. Это ровно тот случай, ради которого перевывод ходит в обе стороны.
#
# ИЗМЕНЁННЫЕ ДИАПАЗОНЫ: 16, и они делятся надвое — 9 СДВИНУЛИСЬ (текст побайтно тот же, номера
#   другие) и 7 ИЗМЕНЕНЫ ПО ТЕКСТУ. Проверено сравнением текста на 3ef1823b и на рабочем дереве:
#     СДВИГ:    768-777->771-780, 770->773, 771->774, 772->775, 773-774->776-777,
#               782-783->785-786, 784-787->787-790, 791-795->794-798, 796-799->807-810
#     ИЗМЕНЁН:  749-799->749-810 (раздел целиком), 751-758->751-761 и 756-758->756-761 (добавлено
#               «Every source the value arrives from is judged»), 779-799->782-810 (следствий стало
#               пять: добавлен `suppress_paths:`), 801-805->812-816 (СУЖЕНА головная фраза),
#               801-829->812-877 (раздел целиком), 818-828->866-876 («the one place» -> «the other»).
#   Все 349 диапазонов первого снимка и три докблока P1 по-прежнему побайтно те же.
#
# ДИФ ПЕРЕВЫВОДА-2 ПО ВИДАМ:
#   строка заведена / удалена ................    0 / 0
#   строка сменила ТЕЛО ОБЕЩАНИЯ .............    9   (координата null_means: default ->
#                                                     default-value-present-key, C20)
#   строка сменила КООРДИНАТЫ НОСИТЕЛЯ .......   50   (колонка carrier оси D: 801-805 -> 814-816;
#                                                     плюс 1414 ремапов цитат внутри note и шапки —
#                                                     983 сдвига и 431 по изменённому тексту)
#   строка сменила СТАТУС ....................    6   PROMISED -> DECIDED, обратных НЕТ
#   строка сменила ОБОСНОВАНИЕ ...............  591
#   ВСЕГО ЗАТРОНУТО ..........................  591
#
# ШЕСТЬ ОБРАТНЫХ ПЕРЕЕЗДОВ, поимённо. Это пары (верхний `threshold` × слот `class`) у
#   complexity.ccn, complexity.cognitive, complexity.npath — по две на правило:
#   `class.threshold x threshold` и `class: x threshold`, координата same-source.
#   Они стояли PROMISED со ссылкой на C6c (website/docs/getting-started/configuration.md:185-217): «сокращение
#   `complexity.ccn`-образного правила достаёт ТОЛЬКО более гранулярный слот, поэтому ЭТОТ слот
#   держит своё значение». Новый C20 (website/docs/getting-started/configuration.md:887-890) говорит обратное:
#   блоки `callable:` / `class:` / `namespace:`, написанные рядом, НЕ ЧИТАЮТСЯ. Два носителя на
#   ОДНОЙ странице спорят об одной паре -> победитель больше не прочитан -> DECIDED по собственному
#   правилу реестра. Значение coexistence оставлено как стояло, а не выбрано молча: какой носитель
#   главнее — ВОЗВРАТ ОРКЕСТРАТОРУ, и до его решения страница противоречит сама себе.
#
# ЕЩЁ 84 СТРОКИ ТОЙ ЖЕ ПОПУЛЯЦИИ помечены в note и статуса не меняли:
#   - 15 (ccn-семейство × `callable`): C6c и C20 здесь СОГЛАСНЫ — сокращение правит этот слот;
#     но ни один носитель не называет ответ в словаре колонки coexistence. Решение раунда стоит.
#   - 60 (coupling.cbo и coupling.instability × оба слота): эти строки прямо записаны как
#     «носитель не говорит, кто выигрывает», и C20 ТЕПЕРЬ ГОВОРИТ. Повысить их до PROMISED нельзя
#     без значения coexistence со смыслом «сокращение выигрывает, блок молча выброшен» — такого
#     значения в словаре нет (есть только compose и refuse). Заводить его я не стал: это переписало
#     бы целую ось по моему прочтению. ВОЗВРАТ ОРКЕСТРАТОРУ, названный, а не замолчанный.
#   - 18 строк координаты cross-source той же популяции остаются DEFERRED: C20 говорит про один
#     документ, а cross-source — вынос раунда.
#
# ПРОВЕРКА ПРЕДУПРЕЖДЕНИЯ ОРКЕСТРАТОРА («не держалось ли повышение статуса на завышенном обещании»).
#   Из 121 строки, повышенной перевыводом-1, поимённых путей C20 касаются РОВНО ТРИ:
#   `rules.coupling.instability.threshold`, `.max-warning`, `.max-error` (дверь yaml). Их повышение
#   держалось НЕ на `~`: сверено по git — до перевывода-1 у них стояло decided_forms=[string-number]
#   с записью «quoted number: see above; ADR 0052 row 4 -> refuse», и снял их с решения раздел формы
#   C19, а не обещание про `~`. Их координата null_means теперь исправлена (C20), статус не понижен,
#   и это ИСПРАВЛЕНИЕ ТЕЛА ОБЕЩАНИЯ, а не «просто правка note».
#
# КОНВЕНЦИЯ ЦИТИРОВАНИЯ, введённая здесь и обязательная дальше:
#   ПОЛНЫЙ ПУТЬ (`website/docs/...:749-810`) = живая ссылка на действующий носитель. Она и только
#   она собирается сторожем заморозки и пиннится по sha.
#   КОРОТКАЯ ФОРМА («строки 749-799 на 0cc78d4b») = историческая ссылка на то, что носитель говорил
#   РАНЬШЕ. Она НЕ замораживается: заморозить её значило бы пиннить чужой текст под старым номером.
#   Исторические цитаты блока ПЕРЕВЫВОД (первого) переписаны в короткую форму именно поэтому.
#
# =============== ПЕРЕВЫВОД-3 ПОСЛЕ ЛЕЧЕНИЯ ПРОТИВОРЕЧИЯ (рабочее дерево) ===============
# ЧТО ИСПРАВЛЕНО В ИСТОЧНИКЕ. Противоречие, найденное перевыводом-2, устранено там, где ему и место —
#   на странице. Пробой оркестратора выяснилось, что прежний C6c лгал не наполовину, а целиком:
#   уровень `class` у `complexity.*` не «держит своё значение», а ВЫКЛЮЧАЕТСЯ, и ветка открывается
#   по факту записи ключа, не по его значению. Правило теперь сформулировано ОДИН раз в разделе
#   Rules (website/docs/getting-started/configuration.md:185-217), а блок про `~` (website/docs/getting-started/configuration.md:887-890)
#   на него ССЫЛАЕТСЯ вместо повтора.
#
# ДИАПАЗОНЫ: разошёлся 51, и это НЕ «один переписан, пятьдесят сдвинуты».
#   Проверено тем же способом, что и в прошлый раз — поиском прежнего sha на новых координатах:
#     СДВИГ ..... 46 (44 со смещением +26, и ДВА со смещением +27: строки 855-864 и 866-876
#                 в нумерации перевывода-2 — под ними переписан блок C20, и он стал длиннее
#                 на строку. Координаты здесь исторические, поэтому в короткой форме)
#     ИЗМЕНЁН ... 5: :183-191 и :190-190 (раздел Rules, названо оркестратором) И ЕЩЁ ТРИ, которые
#                 названы не были: :829-864, :835-853, :839-841 — то есть сам блок C20. Он не
#                 сдвинулся, а был переписан: утверждение заменено ссылкой на раздел Rules.
#   ФАКТ ДЛЯ ОТЧЁТА, а не придирка: перевыводить пришлось ровно тот абзац, на который опираются
#   шесть спорных строк, и поверить на слово «остальные 50 — сдвиг» значило бы не перечитать его.
#   Двойное смещение (+26 / +27) той же природы: сводка «весь файл ниже сдвинулся на N» неверна,
#   когда правок две.
#
# ДИФ ПЕРЕВЫВОДА-3 ПО ВИДАМ:
#   строка заведена / удалена ................    0 / 0
#   строка сменила ТЕЛО ОБЕЩАНИЯ .............    0
#   строка сменила СТАТУС ....................    0   (PROMISED -> DECIDED 0; DECIDED -> PROMISED 0)
#   строка сменила ОБОСНОВАНИЕ ...............   90   (все kind=pair той же популяции)
#   ВСЕГО ЗАТРОНУТО (сверх ремапа) ...........   90
#   РЕМАП КООРДИНАТ (цитата переехала, утверждение не тронуто): 3084 цитаты — 2896 сдвигов и 188 по
#   изменённому тексту — в 792 ячейках note, 572 ячейках equivalences и 241 ячейке carrier.
#
# ВЕРДИКТ ПО ШЕСТИ СТРОКАМ: В PROMISED ОНИ НЕ ВОЗВРАЩАЮТСЯ. Два вопроса разведены, потому что
#   ответы на них разные:
#   (1) Спорят ли носители? БОЛЬШЕ НЕТ. Прежняя формулировка, на которую эти строки ссылались,
#       со страницы убрана целиком; C6c и C20 говорят одно и то же, и второй ссылается на первый.
#       Основание перевывода-2 для понижения исчезло.
#   (2) Накрывает ли единственное теперь прочтение их случай? НЕ В ТОЙ КОЛОНКЕ, В КОТОРОЙ СТОИТ
#       СТРОКА. Носитель говорит «REPLACES the level blocks, it does not add to them» и «not read —
#       silently, with no word about them». Значит:
#         - `compose` (оба применяются) носитель ПРЯМО ОТРИЦАЕТ;
#         - `refuse` носитель отрицает тоже — он настаивает, что выброс МОЛЧАЛИВ;
#         - верное прочтение — «сокращение замещает, молча» — в словаре колонки coexistence
#           отсутствует (в нём только compose и refuse).
#       А у `complexity.*` носитель говорит СВЕРХ ТОГО: «switch the class level off… reports nothing
#       about classes at all». Это утверждение о НАХОДКАХ, а не о том, чьё значение победило, и его
#       не выразит никакое значение coexistence — нужна координата «форма × соседство» оси C.
#   Поэтому строки остаются решением раунда, но ПО НОВОЙ ПРИЧИНЕ, и причина эта — ровно та же, что
#   у 60 строк coupling.cbo / coupling.instability. Два остатка сошлись в один, и это делает возврат
#   по оси C одним требованием, а не двумя.
#
# ПРИНЯТЫЙ ОСТАТОК (решение оркестратора, зафиксировано здесь, чинить в этом заходе не надо):
#   - значение coexistence со смыслом «сокращение выигрывает молча» НУЖНО, но заводить его сейчас
#     значит менять словарь реестра ради 60 строк под конец раунда; уходит входом в заход по оси C
#     вместе с координатой «форма × соседство».
#   - у `default-value-present-key` нет пробника на стенде, поэтому 9 строк НЕ СУДЯТСЯ, А НЕ ЗЕЛЕНЫ.
# ======================= ЧЕГО ЭТОТ СПОСОБ НЕ ВИДИТ =======================
# - ОБЕЩАННОЕ МОЛЧАНИЕ элемента списка (website/docs/getting-started/configuration.md:847-854, добавлено 4ecd3ee1):
#   корневой `suppress_paths:` читает некавычечное число как имя каталога, `suppress_namespaces:`
#   и per-rule `suppress_paths:` его отказывают, а `paths:` / `exclude:` МОЛЧА ВЫБРАСЫВАЮТ такой
#   элемент. Всё это форма ЭЛЕМЕНТА; оси под неё нет. Вторая позиция в той же дыре, что и `- ~`.
#   ЧАСТИЧНО ВЫЛЕЧЕНО, и остаток именно поэтому виден: расхождение по числовому имени каталога
#   между четырьмя дверями теперь разрешено в пользу корневого `suppress_paths:` — он читает такое
#   имя как имя. Молчаливый выброс у `paths:` / `exclude:` при этом ОСТАЛСЯ и остаётся тем же видом
#   обещания, что и `- ~`: обещанным молчанием, под которое у сетки нет строки.
# - МЕЖДВЕРНОЕ обещание (website/docs/getting-started/configuration.md:788-791, добавлено 4ecd3ee1): судится любой
#   источник значения, а не только победивший. Строка формы — это (дверь × путь) и такого
#   взаимодействия не несёт; к 108 отложенным cross-source строкам оси B это отношения не имеет —
#   те про СОСЕДСТВО ключей, а это про форму.
# - Обещание, живущее только в RU-половине сайта, в CHANGELOG, в README компонентов, в ADR
#   и в сообщениях самого продукта. Сканировалась EN-половина website/docs.
# - Обещание прозой, не сводимое к форме значения (что ЗНАЧИТ порог, а не какой он формы).
# - Формы ЭЛЕМЕНТОВ списков: ось строки — форма КОНТЕЙНЕРА. Шесть UNENUMERATED позиций
#   config-paths.tsv и элементы framework-списков этой сеткой не накрыты по построению.
#   С 0cc78d4b это перестало быть только пробелом сетки и стало пробелом ПРОТИВ НАЗВАННОГО
#   обещания: носитель C1 (website/docs/getting-started/configuration.md:915-925) отдельно оговаривает элемент списка как
#   единственное место, где `~` не значит «ключ не написан», и отказывает ему — «там, где список
#   объявлен как список непустых строк». Какие именно списки так объявлены, ни одна страница не
#   пишет, и строки на элементы у сетки нет вовсе. Поэтому обещание про `- ~` в реестре НЕ
#   ПРЕДСТАВЛЕНО ни одной строкой, и наблюдение «один и тот же `~`-элемент отвергает один корень
#   из четырёх» этой сеткой не судится. Заведение оси элементов — вопрос оркестратору, не правка.
# - Извлечение примера — машинное и регулярками по fenced-блокам: пример, написанный прозой
#   или в таблице (кроме таблицы алиасов), не найден. Найденный пример доказывает, что форма
#   ДОПУСТИМА, и не доказывает, что она единственная.
# - Строка `kind=pair` несёт обещание о СОСЕДСТВЕ и ничего не говорит о форме соседей.
# - Эта сетка — знаменатель и оракул этапа 02, а не доказательство полноты: реестр, написанный
#   под известный пол дефектов, пол проходит и вне его остаётся тавтологичным (01-promise.md §Пол).
#
# =============== ЭТАП 01 ЗАХОДА X19 — ОСЬ C, КОМПОЗИЦИЯ ИСТОЧНИКОВ ===============
# Ветка x19-source-composition, база 02a6ca66. План: docs/internal/plans/source-composition/
# 00-overview.md и docs/internal/plans/source-composition/01-promise.md — не путать с
# одноимённым файлом docs/internal/plans/promise-effect/01-promise.md, первым этапом ДРУГОГО
# захода (X17); оба названы «01-promise.md» в разных деревьях плана.
#
# ЧЕМ ПОЛУЧЕНО (дословно, ось C, три новых kind).
#   ОБЕЩАНИЕ (carrier/status/note новых строк) прочитано ТОЛЬКО из:
#     - website/docs/getting-started/configuration.md — EN, прочитан ЦЕЛИКОМ (919 строк);
#     - website/docs/usage/cli-options.md — EN, прочитан ЦЕЛИКОМ (1004 строки);
#     - website/docs/usage/baseline.md — прогреплен на "precedence|override": ничего сверх
#       уже процитированного не нашлось (только --force / формат объяснений, вне оси C);
#     - website/docs/ci-cd/github-actions.md, website/docs/ci-cd/other-ci.md,
#       website/docs/usage/usage-scenarios.md — прогреплены на "preset" и
#       "precedence|override": ни одна из трёх страниц не ставит preset рядом с флагом и не
#       говорит о порядке источников;
#     - website/docs/reference/default-thresholds.md — прочитан ЦЕЛИКОМ; это таблица
#       дефолтов по правилам, ни слова о композиции источников, носителем оси C не стал.
#   Список запрещённых файлов из задания — RuleOptionsFactory.php, FindingConfigurationRes-
#     olver.php (и любой *ConfigurationResolver.php), RuleOptionThresholdModeResolver.php,
#     RuleThresholdKeyGroupRegistry.php, RuleOptionsRegistry.php, RuleOptionsParser.php,
#     CliOptionsParser.php, PresetStage.php, ConfigFileStage.php — не открывался, не
#     грепался. Продукт не запускался НИ РАЗУ для чтения поведения (никакого `bin/qmx check`
#     на пробном qmx.yaml/preset). `composer check:artifacts` был исполнен ПОСЛЕ того, как
#     все 14 строк уже написаны и заморожены (DoD-5, диагностика ниже) — он не кормил собой
#     ни одну строку реестра.
#
#   ЗНАМЕНАТЕЛЬ (какие СТРОКИ обязаны существовать, не что они обещают) получен из
#   measurement/writer-applicability.tsv, секции 3 и 4, колонки id/party/capability/
#   paths_or_count ТОЛЬКО: 7 путевых пар (P6, P7, P8, P9, P11, P12, P14), 5 слотовых пар
#   (P5, P10, P13, P15, P16 — не путь, а объектный слот; вынесены, см. «ЧЕГО НЕ ВИДИТ»),
#   30 из 33 переключаемых групп (секция 4, TD2) и четыре формы троек T1-T4 (пятая, T5,
#   отмечена в колонке party как невозможная — над CLI-ведром слоя нет).
#
# ОТСТУПЛЕНИЕ ОТ АСИММЕТРИИ, ЭТАП 01 X19 — названо первоклассно, по прецеденту блока
# «ОТСТУПЛЕНИЕ ОТ АСИММЕТРИИ» выше (этап 01 X17).
#   ЧТО ПРОИЗОШЛО. Секции writer-applicability.tsv читались построчным выводом (`sed`),
#   который печатает ВСЮ строку, а не только колонки id/party/capability/paths_or_count.
#   В контекст поэтому попали колонки evidence и note секций 3 и 4 — с цитатами строк
#   ЗАПРЕЩЁННЫХ файлов (например, "RuleOptionThresholdModeResolver.php:84-91",
#   "CliOptionsParser.php:55-56 (??=)") и прозаическим описанием механизма (deepMerge,
#   evictOverriddenMode). Тем же способом по невнимательности были показаны ЦЕЛИКОМ секции
#   1, 2 и 5 (WRITERS, CAPABILITY MATRIX, THE SECOND READER) — задание называло только 3 и 4.
#   ЧЕМ ЭТО ОПАСНО. Это ровно тот канал, которого асимметрия избегает: знание МЕХАНИЗМА могло
#   подменить собой чтение НОСИТЕЛЯ и превратить код в скрытого «второго свидетеля».
#   КОНТРМЕРА. Ни carrier, ни status, ни note ни одной новой строки не опирается на
#   увиденное там. Carrier каждой новой строки — цитата из website/docs/**, независимо
#   перечитанного инструментом чтения строка в строку уже ПОСЛЕ этого инцидента, с проверенными
#   номерами строк. Там, где секции 3-4 дали факт из РАЗРЕШЁННЫХ колонок (что путевых пар 7,
#   что переключаемых групп 30 из 33, что T5 невозможна), тот же факт заданием и был разрешён —
#   утечка ничего не добавила сверх дозволенного для этой части.
#   ЦЕНА ОТКАТА. Обещание строки (carrier/status/note) не зависит от этого блока и его не
#   цитирует; чинить пришлось бы отдельную строку, а не пересобирать пакет.
#
# ЧЕГО ЭТОТ СПОСОБ НЕ ВИДИТ (ось C, этап 01).
#   - 5 СЛОТОВЫХ ПАР — P5 (defaults), P10 (preset), P13 (qmx.yaml), P15 (#[CliAlias]), P16
#     (--rule-opt), каждая против @qmx-threshold: не путь конфигурации, а объектный слот на
#     уже построенном объекте опций; другой механизм, другой оракул (source-composition/
#     01-promise.md «Что чиним»; 00-overview.md, таблица выносов). Ни одной строки под них.
#   - СОДЕРЖИМОЕ ПОСТАВЛЯЕМЫХ ПРЕСЕТОВ (YAML-тела `strict`/`legacy`/`ci`) не читалось вовсе:
#     знаменатель утверждает про СПОСОБНОСТЬ PresetStage отдать любой путь, а не про то, какой
#     путь какой-то КОНКРЕТНЫЙ пресет действительно пишет. Ни одна строка не цитирует
#     содержимое пресета как carrier — только страницы, где сам продукт описывает порядок.
#   - Словарь promised_winner (low|high|refuse|unpromised) не несёт значения «оба применяются»
#     (accumulate/compose). Носитель прямо обещает такой исход для списочных путей: «later
#     presets override earlier ones, except list keys like `disabled_rules` which accumulate»
#     (website/docs/getting-started/configuration.md:636) — третий исход, для которого в этой
#     форме нет слова. Не натянут на low/high/refuse; назван в note строки P6 и здесь же — тем
#     же приёмом, каким выше (блок ПЕРЕВЫВОД-3) названа вакансия «сокращение выигрывает молча»
#     в словаре coexistence. ВОЗВРАТ ОРКЕСТРАТОРУ, а не решение пакета.
#   - Тем же приёмом не превращена в строку соседняя асимметрия двери: список/карта
#     СПИСОЧНОГО rule-option пути (например, `suppress_namespace_channels`) НЕ ЗАПИСЫВАЕТСЯ
#     через `--rule-opt` вовсе — «configured in YAML, not through `--rule-opt`... `--rule-opt`
#     carries scalar values» (website/docs/usage/cli-options.md:669-674). Дверь, которая не
#     может дотянуться до пути, ничего не «проигрывает» и не «выигрывает» — это уже факт формы
#     двери (kind=form, уже в реестре), а не факт композиции; заводить под него composition-path
#     значило бы задвоить существующие строки формы натянутым толкованием.
#   - composition-triple: ни одна из прочитанных страниц не обсуждает судьбу слота, который
#     нижний слой написал в одиночку, после того как средний слой переключил режим и его
#     эвикнул, а верхний слой пишет режим обратно неполным набором ключей. Все четыре строки
#     T1-T4 поэтому DECIDED/unpromised — это ОЖИДАЕМЫЙ исход (source-composition/01-promise.md,
#     «Ожидаемый исход, и почему он не подгонка»), а не пробел разведки.
#   - RU-половина сайта, CHANGELOG, ADR, README компонентов — по-прежнему не носители (правило
#     шапки этапа 01 X17 выше); ось C эту границу не меняет и не расширяет.
#
# ИТОГОВЫЕ ЧИСЛА ОСИ C (этап 01 X19, добавлено к сумме выше):
#   новых строк ......... 14  (kind=composition-path 7, kind=composition-bucket 3,
#                               kind=composition-triple 4)
#   PROMISED ............  9  (composition-path: P6,P7,P8,P9,P11,P12; composition-bucket: 3)
#   DECIDED .............  5  (composition-path: P14; composition-triple: T1-T4)
#   DEFERRED ............  0
#
# =========================== ИТОГОВЫЕ ЧИСЛА ===========================
#   ФОРМА НА CLI-ДВЕРЯХ — это НАПИСАНИЕ. Строка двери rule-opt / cli-alias / cli-root называет
#   те же восемь форм, но пробой каждой служит её текстовое написание после `=`:
#   int `15`, float `1.9`, bool `true`, string-nonnumber `abc`, string-number `"15"`,
#   null — пустое значение после `=`, list `[a]`, map `{a: b}`.
#   FRAMEWORK-КЛЮЧИ СТРОК ДВЕРИ rule-opt НЕ ИМЕЮТ: знаменатель 02 §5 фиксирует 162 = 3 × 54
#   («в разрезе продюсеров»), а C8 делает список и карту на этой двери незаписываемыми вовсе.
#
#   строк всего ......... 1308   (kind=form 728, kind=pair 573, kind=deferred 7)
#   PROMISED ............  407   (292 на 6a833ab8 -> 413 после перевывода-1 -> 407 после -2)
#   DECIDED .............  786   (901 -> 780 -> 786)
#   DEFERRED ............  115   (108 строк координаты cross-source оси B + 7 строк выноса раунда)
#   test-only ...........    0   — НИ ОДНА строка не опирается на тест. Единственный тест, который
#                                  план называл кандидатом (itAcceptsANullLevelSlotAsAnOmittedOne),
#                                  накрыт носителем C7, поэтому в утверждение о независимости
#                                  входит весь реестр, кроме DECIDED и DEFERRED.
#   РАЗМЕР СЕТКИ ПО ОСЯМ:
#     ось A — 209 объявленных путей (205 accepted = 160 верхних + 45 уровневых; + 4
#             answeredByTheClass) × 2 двери (yaml, rule-opt) = 418
#           + 162 framework-пути (3 ключа × 54 продюсера), дверь yaml
#           + 80 путей двери cli-alias
#           = 660 строк. Форм восемь: null, bool, int, float, string-number, string-nonnumber,
#             list, map. Строка — (дверь × путь), формы живут в promised_forms/decided_forms.
#     ось B — 465 строк координаты same-source (предмет раунда)
#           + 108 строк координаты cross-source (90 объявленных threshold-групп + 18
#             «сокращение × уровневый блок»), все DEFERRED. Строка ключуется парой И координатой.
#     ось D — 54 позиции config-paths.tsv -> 68 строк (позиции с door=both дают yaml и cli-root).
#
# СТАТУС СТРОКИ:
#   PROMISED — и принятое множество форм, и отказ дополнения выведены из носителей.
#   DECIDED  — хотя бы одна из восьми форм (или семантика `null`, или победитель пары) носителем
#              не решается; решение принято раундом по оси ADR 0052 и записано в note.
#              Колонка decided_forms называет ИМЕННО те формы, которые решены, а не прочитаны:
#              строка со статусом DECIDED всё равно несёт carrier для прочитанной своей половины.
#              Из утверждения о независимости DECIDED исключается целиком (консервативно).
#   DEFERRED — вынесено решением раунда, цена в note.
#   null_means=addressed-answer — четвёртое значение координаты сверх трёх схемы 01-promise.md,
#              заведено ради одного случая (`architecture.unassigned-class: enabled`): обещан не
#              дефолт, не отказ и не «не обещано», а ОТВЕТ САМОГО КЛАССА своими словами (C17).
#              Стенд обязан признать дефектом и молчание, и общий отказ по C13.
#
# СХЕМА СТРОКИ — пять форм: form/pair/deferred сняты этапом 01 X17 (промисс-эффект),
# composition-path/composition-bucket/composition-triple добавлены этапом 01 X19 (ось C,
# docs/internal/plans/source-composition/01-promise.md) В ТЕ ЖЕ ДЕСЯТЬ КОЛОНОК — заморозка и
# сторож покрытия остаются одним механизмом на весь файл. Последняя колонка (decided_forms) —
# сверх обязательных, заведена, чтобы «решено» и «прочитано» внутри одной строки не слипались;
# три новых kind её не используют (пусто), как и kind=pair и kind=deferred.
#   kind=form               | door | path              | promised_forms    | null_means  | equivalences        | carrier | status | note | decided_forms
#   kind=pair               | rule | key_a              | key_b             | source_scope| coexistence         | carrier | status | note | (пусто)
#   kind=deferred            | (пусто ×5)                                                                       |         | status | что и по какой цене | (пусто)
#   kind=composition-path   | path | writer_low         | writer_high       | path_scope  | promised_winner     | carrier | status | note | (пусто)
#   kind=composition-bucket | rule | key_low@writer_low | key_high@writer_high | level    | promised_outcome    | carrier | status | note | (пусто)
#   kind=composition-triple | rule | path@slot          | l1/l2/l3          | T1..T4      | promised_survival   | carrier | status | note | (пусто)
#
# ПРАВИЛО РАСКЛАДКИ composition-* (колонки переиспользованы, как для kind=pair):
#   composition-path — «путь × пара» (source-composition/01-promise.md): колонка 2 держит
#     ЕДИНЫЙ разделяемый предмет спора (путь), как «rule» держит его для kind=pair; колонки
#     3-4 держат двух спорящих ПИСАТЕЛЕЙ (а не два ключа); колонка 5 — область пути
#     (unrestricted | 80-alias-restricted, из writer-applicability.tsv §3, party-колонка);
#     колонка 6 — вердикт (промисс-эффектный аналог coexistence).
#   composition-bucket — «два разных ключа одной группы» (`rule` в колонке 2, как у pair);
#     колонки 3-4 упаковывают ПАРУ (ключ, писатель) через `@`, потому что у формы четыре
#     координаты идентичности (rule, key_low, key_high, writer_low, writer_high) и только
#     две свободные колонки для них; колонка 5 — уровень иерархического правила (callable,
#     class, ...), где расположена спорящая группа; колонка 6 — вердикт.
#   composition-triple — шесть координат идентичности (rule, path, slot, l1, l2, l3) на
#     четыре свободные колонки: путь и слот упакованы через `@` в колонку 3, тройка слоёв —
#     через `/` в колонку 4 (порядок L1/L2/L3), колонка 5 держит КОД ФОРМЫ (T1-T4,
#     writer-applicability.tsv §4) вместо не нужного здесь скоупа-пути; колонка 6 — вердикт.
#
# ПЕРЕВЫВОД-4 (6 строк architecture.*, идентифицированы по (kind, door, path), НЕ по номеру строки —
#   этот блок сам дважды сдвигался внутри одной правки пакета, номер строки в этом файле есть
#   движущаяся цель по построению — пакет P-F этапа 04 X19,
#   docs/internal/plans/source-composition/04-remainder.md, дерево e6ca7136): ремонт конверта S10
#   (353635d8) обнажил 18 defect=yes строк architecture.layers[*], измерение и классификация — в
#   docs/internal/plans/source-composition/measurement/layer-forms.tsv (12 из 18 — вынесенная этим
#   же заходом координата "форма содержимого", не решение этого перевывода; 2 — DECLARATION; 4 —
#   PROMISE, см. ниже).
#
#   DECLARATION (form|yaml|architecture.layers[*].match, form|yaml|architecture.layers[*].exclude.match):
#   снимали promised_forms=«null,string-nonnumber» механически с примера-носителя (`match: all`), не
#   читая абзац на две строки выше, который уже закрывает набор до двух слов (`any|all`,
#   architecture.md:324 и :489/:492). promised_forms сужена до «null»; string-nonnumber переведена в
#   decided_forms рядом с уже бывшим там string-number, формулировкой прецедента
#   form|yaml|architecture.layers[*].name (string-number: «форма валидна, набор значений — нет»).
#   ПОБОЧНЫЙ ЭФФЕКТ, измеренный отдельным прогоном, а не предположенный: Stand::axisD()
#   (Stand.php:~1077) выбирает эталон чувствительности для клетки `|null` как первый НЕ-null элемент
#   promisedForms; после сужения exclude.match до «null» кандидатов не осталось, эталон вырождается в
#   саму пробу с пропущенным ключом, и клетка `architecture.layers[*].exclude.match|null` перешла
#   OK -> NOT OBSERVABLE («omitted == equivalent»). Оставить string-nonnumber в promised_forms ради
#   эталона значило бы вернуть этой же строке defect=yes (Stand.php decidedForms нигде не читает —
#   только promisedForms решает и эталон, и вердикт), то есть подменить один дефект другим. Число
#   NOT OBSERVABLE по architecture: 49 -> 50 (эта одна клетка), названо, не поглощено. Возможное
#   лечение ВНЕ этого пакета: `promise-effect/axis-d-observables.tsv` (не мой файл) поддерживает
#   hit-литерал на путь; если завести туда `architecture.layers[*].match`/`.exclude.match` -> `all`,
#   проба формы string-nonnumber тоже стала бы писать `all`, а это ЧЛЕН закрытого множества — вопрос
#   сам изменится («string-nonnumber отчасти принимается» вместо «отказан»), не проверено и не
#   применено, только названо оркестратору.
#
#   PROMISE (form|yaml|architecture.layers[*].exclude.patterns, form|yaml|architecture.layers[*].exclude.suffix):
#   получили string-nonnumber и string-number в promised_forms — одиночное значение как сокращение
#   списка есть реальная, тестируемая продуктом функция (LayerCriterionNormalizer.php:194-213,
#   LayersValidatorTest::itAcceptsStringShorthandForExcludeCriterionLists, уже существовавший,
#   зелёный ДО этого пакета), которую носитель не называл нигде; теперь называет
#   (architecture.md:336 EN+RU, добавлено этим пакетом).
#
#   PROMISE (form|yaml|architecture.layers[*].patterns, form|yaml|architecture.layers[*].suffix, TOP-LEVEL):
#   новый абзац :336 обещает сокращение для пяти критериев на ОБОИХ уровнях (exclude и вне exclude)
#   одним текстом — оставить эти две строки на «null,list» значило бы, что реестр НЕДООБЕЩАЕТ
#   относительно носителя, который этот же пакет написал. Расширены той же парой форм. НЕ расширены
#   (проверено чтением носителя): form|yaml|architecture.layers[*].{attributes,implements,extends} и
#   их form|yaml|architecture.layers[*].exclude.{attributes,implements,extends} двойники — критерий
#   требует FQN (обратный слэш), канонический `abc`/`7331` им не является, тот же вопрос набора
#   значений, что у `match`, а не вопрос формы.
#   СТЕНД-НАХОДКА (не лечится этим пакетом, promise-effect/** не мой файл): расширение промиса
#   top-level patterns/suffix обнажает РОВНО 4 новые defect=yes строки —
#   `architecture.layers[*].{patterns,suffix}|{string-nonnumber,string-number}` (не 10: attributes/
#   implements/extends не расширены, см. выше, и не становятся дефектами) — REFUSES, ПОТОМУ ЧТО
#   конверт для этих (и только этих непроверенных ранее) TOP-LEVEL строк
#   `promise-effect/axis-d-envelopes.tsv` всё ещё пишет слой с именем `"Domain"` (верхний регистр) без
#   остальных критериев; `LayerDefinition::NAME_REGEX` отказывает этому имени, ПОСЛЕ того как список
#   критерия уже принят (проверено прогоном: `patterns: abc` / `suffix: abc` под `name: Domain` ->
#   «Layer name "Domain" must match pattern...», не отказ по форме листа). Тот же класс дефекта, что
#   S10 чинил для шести exclude.*|null строк, только для второй половины файла (top-level, не
#   exclude) и для строкового, а не для null-написания. Лечение — то же самое: имя слоя в нижний
#   регистр в базовых документах top-level `patterns`/`suffix`/`attributes`/`implements`/`extends`/
#   `match` конверта. Названо оркестратору как задел для будущего S12, не исправлено (границы файлов
#   пакета явно исключают `promise-effect/**`).
#
# ПЕРЕВЫВОД-5 (47 строк оси A, probe=float, вердикт COLLAPSED, decided_by="accepted an unpromised
#   form, target unnamed" — этап 06 X19, docs/internal/plans/source-composition/06-carriers.md).
#   Перепроверено измерением, а не взято со слов плана: ровно 47 строк сетки
#   (`docs/internal/generated/promise-effect/verdicts.tsv`, axis=A, probe=float, verdict=COLLAPSED)
#   несут этот decided_by, 17 door=cli-alias + 15 door=rule-opt + 15 door=yaml.
#
#   ЧТО ДОПИСАНО В НОСИТЕЛЬ. `website/docs/getting-started/configuration.md` (+ RU-перевод), раздел
#   «The shape of a value», вторая консеквенция («A whole number is not a fraction») — единственный
#   носитель, названный планом. Прежде она говорила ТОЛЬКО таксономию форм («where a key genuinely
#   takes a fraction, the refusal says "a number" instead»), не называя НИ ОДНОГО конкретного ключа;
#   именно это и не даёт превратить строку в PROMISED — раздел уже цитировался как C19, но C19 сам
#   заявляет, что не решает «какую из форм объявляет конкретный ключ». Дописанный абзац называет
#   ШЕСТЬ групп ПОИМЁННО, ключ за ключом, а не глобом `*` — глоб был в первой редакции правки и
#   провален собственным ревью пакета: `coupling.distance.*` и `coupling.instability.*` накрыли бы
#   заодно `min-class-count` и `min-afferent`, которые объявлены `integer()` и дробь отказывают, а
#   первая редакция это отрицала. Действующий текст называет только числовые ключи, реально
#   объявленные `number()`: `maintainability.mi.error` / `.warning` / `.threshold`;
#   `coupling.instability.max-error` / `.max-warning` / `.threshold` (и на слотах `class.` /
#   `namespace.`); `coupling.distance.max-distance-error` / `.max-distance-warning` / `.threshold`;
#   `coupling.class-rank.error` / `.warning` / `.threshold`; `design.type-coverage.param.error` /
#   `.warning` / `.threshold` (и на `.property.` / `.return.`); `design.god-class.tcc-threshold`
#   (kebab, как везде на странице — не внутреннее `tccThreshold` алиаса). И симметрично называет
#   счётных соседей той же пары правил, которые дробь отказывают: `coupling.distance.min-class-count`,
#   `coupling.instability.min-afferent` (на каждом слоте уровня) и
#   `coupling.instability.namespace.min-class-count`. Формулировка НЕ ШИРЕ продукта: она называет
#   форму КАЖДОГО ключа поимённо (`RuleOptionShape::number()` против `integer()`), а не пороги
#   вообще, и явно оставляет мирный класс (90 путей / 196 строк) при прежнем отказе. Носитель один,
#   не по одному на группу: точечных повторов на страницах отдельных правил не заведено.
#   Новый диапазон: `website/docs/getting-started/configuration.md:821-840` (EN). Число
#   консеквенций в заголовке абзаца поправлено «Four» -> «Five»: пятая консеквенция
#   (`suppress_paths:`) существовала до этого пакета, но заголовок её не считал — застигнуто по
#   соседству с правкой, не вынесено отдельной строкой реестра (не носитель формы).
#
#   ВТОРОЙ, МЕНЬШИЙ НОСИТЕЛЬ — НЕ ФОРМА, А СУЩЕСТВОВАНИЕ АЛИАСА. Двух строк (`--class-rank-warning`,
#   `--class-rank-error`, door=cli-alias) форма-носитель одна не чинит: до этого пакета
#   promised_forms у них был ПУСТ («unpromised», ADR 0052 «alias not listed in the CLI options
#   table»), и это утверждение о таблице было верным — `#[CliAlias('class-rank-warning', 'warning')]`
#   / `#[CliAlias('class-rank-error', 'error')]` (src/Analysis/Evidence/Coupling/ClassRankRule.php:28-29,
#   провенанс правки таблицы, а не carrier строк данных — их carrier остаётся docs-only) подтвердили,
#   что алиас реальный и рабочий, а в `website/docs/usage/cli-options.md` (+ RU) на него не было ни
#   строки. Дописаны две строки таблицы (EN :714-715, RU те же номера — таблица идентичной формы) в
#   раздел "Coupling" рядом с соседними алиасами того же правила-семейства. Побочный эффект,
#   НАЗВАННЫЙ, а не поглощённый: это заодно чинит `int`-COLLAPSED на тех же двух строках (тот же
#   механизм — «алиас не был обещан вовсе» — бьёт по каждой форме одинаково), хотя 47-строчный список
#   этого пакета не включает `int`-пробу нигде.
#
#   СДВИГ НОМЕРОВ СТРОК, А НЕ ТЕКСТА. Оба дописывания — вставки ВЫШЕ уже процитированных мест той же
#   страницы, поэтому все более поздние цитаты той же страницы сдвинулись, не изменившись по смыслу.
#   Числа ниже — ЧИСТЫЙ (нетто) сдвиг от committed HEAD 35201d9b до дерева этого перевывода, а не
#   сумма двух черновиков правки абзаца, которых было два (первый называл `.*`, второй его снял):
#     - `configuration.md`: старые строки 1-816 побайтно те же (кроме заголовка «Four»->«Five» на
#       месте, без сдвига счёта); старая консеквенция (817-819, 3 строки) заменена новой (817-836,
#       20 строк) — это ИЗМЕНЕНИЕ ТЕКСТА, не сдвиг; старые 820-918 идентичны новым 838-936 (сверено
#       побайтно) — порог сдвига 820, сдвиг +18. Диапазон, пересекающий вставку (C19 :775-836,
#       заголовок консеквенций :808-836), РАСШИРЕН по концу (:775-854, :808-854), а не просто
#       сдвинут — старт остаётся тем же, конец идёт на +18.
#     - `cli-options.md`: 2 строки вставлено между старой 713 и старой 714 (старые 714-1003
#       идентичны новым 716-1005); порог сдвига — 714, сдвиг +2.
#   Ремап цитат — МЕХАНИЧЕСКИЙ (скрипт по регулярному выражению `configuration\.md:(\d+)(-(\d+))?` /
#   `cli-options\.md:(\d+)(-(\d+))?`, каждое число сравнивается с порогом и сдвигается, применён в
#   двух проходах — по одному на каждый черновик абзаца, со сверкой побайтно между ними — и здесь
#   свёрнут в одно итоговое число), ни одна цитата не переписана вручную. Проверено выборочно:
#   старое/новое содержимое по нескольким перемещённым диапазонам (C20, алиасы `--mi-warning`/
#   `--mi-error` :751-752, `--class-rank-warning`/`--class-rank-error` :714-715) сверено побайтно и
#   совпало.
#
# ДИФ ПЕРЕВЫВОДА-5 ПО ВИДАМ:
#   строка заведена / удалена ................    0 / 0
#   строка сменила ТЕЛО ОБЕЩАНИЯ .............   47   (все 47: promised_forms получил `float`; у
#                                                     двух cli-alias строк (`--class-rank-warning`,
#                                                     `--class-rank-error`) null_means ТОЖЕ сменился
#                                                     — было `unpromised` (алиас не назван ни одним
#                                                     носителем), стало `refuse` (пустое значение
#                                                     после `=` отказывает, ADR 0052 row 4), это
#                                                     часть той же смены тела, а не отдельная правка)
#   строка сменила СТАТУС ....................   15   (все 15 door=yaml: DECIDED -> PROMISED,
#                                                     обратных нет; door=rule-opt и door=cli-alias
#                                                     остались DECIDED — null_means там decided
#                                                     раундом, а не носителем, независимо от float)
#   строка сменила КООРДИНАТЫ НОСИТЕЛЯ (только сдвиг, без смены смысла) ........   94   (данные
#                                                     строки за пределами 47; шапка — комментарий-
#                                                     каталог C1-C20 и блоки ПЕРЕВЫВОД* — тоже
#                                                     цитирует конкретные номера строк и сдвинулась
#                                                     вместе с ними, но не строка реестра, число её
#                                                     строк здесь не считается отдельно)
#   ВСЕГО ЗАТРОНУТО (строк данных) ...........  141   (47 + 94)
#   ЦИТАТ, ТЕПЕРЬ УКАЗЫВАЮЩИХ ЗА ВСТАВКУ (сосчитано по финальному файлу регулярным выражением
#     `configuration\.md:(\d+)`/`cli-options\.md:(\d+)`, первое число >= порога сдвига; считает и
#     шапку, и данные; сама цитата нового абзаца, `:817-836`, в это число НЕ входит — её старт 817
#     ниже порога 820, это новый текст, а не сдвинутый) ..........................  321  (270
#     configuration.md, порог 820 + 51 cli-options.md, порог 714)
#
# ПЕРЕСУЖДЕНИЕ СЕТКИ: см. отчёт пакета. Заново прогнан `php scripts/promise-effect.php` на дереве с
#   этим перевыводом; новое число дефектов оси A и состояние ворот чувствительности на 47 строках —
#   в отчёте, не здесь (эта шапка — история носителя, а не отчёт о прогоне).
kind	door|rule|path|rule|rule	path|key_a|writer_low|key_low@writer_low|path@slot	promised_forms|key_b|writer_high|key_high@writer_high|l1/l2/l3	null_means|source_scope|path_scope|level|T1..T4	equivalences|coexistence|promised_winner|promised_outcome|promised_survival	carrier	status	note	decided_forms
form	yaml	rules.code-smell.boolean-argument.allowed-prefixes	null,list,string-nonnumber,string-number	default	website/docs/getting-started/configuration.md:232-235 + src/Analysis/Finding/Contract/Rule/RuleOptionKeySet.php:28-34 snake=camel=kebab	website/docs/rules/code-smell.md:74 + website/docs/rules/code-smell.md:80	PROMISED	form taken from the documented example `[is, has, can, should, will, did, was]  `; complement refused by website/docs/getting-started/configuration.md:738-744 | string-nonnumber, string-number: website/docs/rules/code-smell.md:80 - a single string is the one-element list, and a digit string is an element like any other	
form	rule-opt	rules.code-smell.boolean-argument.allowed-prefixes	string-nonnumber	refuse	website/docs/getting-started/configuration.md:232-235 + src/Analysis/Finding/Contract/Rule/RuleOptionKeySet.php:28-34 snake=camel=kebab	website/docs/rules/code-smell.md:87 + website/docs/rules/code-smell.md:80	DECIDED	form taken from the documented example `[is, has, can, should, will, did, was]  `; complement refused by website/docs/getting-started/configuration.md:738-744 | CLI door carries scalar text only (website/docs/usage/cli-options.md:669-674) | a container value is not writable on this door at all (website/docs/usage/cli-options.md:669-674); only a deeper scalar path is | null: empty value after `=`: no carrier; ADR 0052 row 4 (accepted set closed before analysis) -> refuse | string-nonnumber: website/docs/rules/code-smell.md:80 - a single string is the one-element list, which is exactly what this door can carry; the text after `=` is never split, so the list form stays unwritable here	null
form	yaml	rules.code-smell.boolean-argument.enabled	null,bool	default	website/docs/getting-started/configuration.md:232-235 + src/Analysis/Finding/Contract/Rule/RuleOptionKeySet.php:28-34 snake=camel=kebab	website/docs/getting-started/configuration.md:135	PROMISED	form taken from the documented example `false`; complement refused by website/docs/getting-started/configuration.md:738-744 | string-nonnumber: read from website/docs/getting-started/configuration.md:803 - a boolean accepts `true` / `false`; a quoted `"false"` is a string, and a value of another shape ends the run with exit code 3 (website/docs/getting-started/configuration.md:786-791); string-number: read from website/docs/getting-started/configuration.md:803 - a boolean accepts `true` / `false`; `1`-as-string is a string, and a value of another shape ends the run with exit code 3 (website/docs/getting-started/configuration.md:786-791)	
form	rule-opt	rules.code-smell.boolean-argument.enabled	bool	refuse	website/docs/getting-started/configuration.md:232-235 + src/Analysis/Finding/Contract/Rule/RuleOptionKeySet.php:28-34 snake=camel=kebab	website/docs/getting-started/configuration.md:135 + website/docs/usage/cli-options.md:669-674	DECIDED	form taken from the documented example `false`; complement refused by website/docs/getting-started/configuration.md:738-744 | CLI door carries scalar text only (website/docs/usage/cli-options.md:669-674) | null: empty value after `=`: no carrier; ADR 0052 row 4 (accepted set closed before analysis) -> refuse; string-nonnumber: read from website/docs/getting-started/configuration.md:803 + website/docs/getting-started/configuration.md:817-820 - the text is converted before its shape is judged, and a word that is neither `true` nor `false` is not a boolean; string-number: read from website/docs/getting-started/configuration.md:803 + website/docs/getting-started/configuration.md:817-820 - the text is converted before its shape is judged, so `1` arrives as a number exactly as `25` does, and a number is not one of the two words a boolean accepts (website/docs/getting-started/configuration.md:803)	null
form	yaml	rules.code-smell.boolean-argument.flag-promoted-properties	null,bool	default	website/docs/getting-started/configuration.md:232-235 + src/Analysis/Finding/Contract/Rule/RuleOptionKeySet.php:28-34 snake=camel=kebab	website/docs/rules/code-smell.md:75	PROMISED	form taken from the documented example `false                          # default`; complement refused by website/docs/getting-started/configuration.md:738-744 | string-nonnumber: read from website/docs/getting-started/configuration.md:803 - a boolean accepts `true` / `false`; a quoted `"false"` is a string, and a value of another shape ends the run with exit code 3 (website/docs/getting-started/configuration.md:786-791); string-number: read from website/docs/getting-started/configuration.md:803 - a boolean accepts `true` / `false`; `1`-as-string is a string, and a value of another shape ends the run with exit code 3 (website/docs/getting-started/configuration.md:786-791)	
form	rule-opt	rules.code-smell.boolean-argument.flag-promoted-properties	bool	refuse	website/docs/getting-started/configuration.md:232-235 + src/Analysis/Finding/Contract/Rule/RuleOptionKeySet.php:28-34 snake=camel=kebab	website/docs/rules/code-smell.md:88	DECIDED	form taken from the documented example `false                          # default`; complement refused by website/docs/getting-started/configuration.md:738-744 | CLI door carries scalar text only (website/docs/usage/cli-options.md:669-674) | null: empty value after `=`: no carrier; ADR 0052 row 4 (accepted set closed before analysis) -> refuse; string-nonnumber: read from website/docs/getting-started/configuration.md:803 + website/docs/getting-started/configuration.md:817-820 - the text is converted before its shape is judged, and a word that is neither `true` nor `false` is not a boolean; string-number: read from website/docs/getting-started/configuration.md:803 + website/docs/getting-started/configuration.md:817-820 - the text is converted before its shape is judged, so `1` arrives as a number exactly as `25` does, and a number is not one of the two words a boolean accepts (website/docs/getting-started/configuration.md:803)	null
form	yaml	rules.code-smell.constructor-overinjection.enabled	null,bool	default	website/docs/getting-started/configuration.md:232-235 + src/Analysis/Finding/Contract/Rule/RuleOptionKeySet.php:28-34 snake=camel=kebab	website/docs/getting-started/configuration.md:130-136	PROMISED	no per-path example; class carrier C5-enabled | string-nonnumber: read from website/docs/getting-started/configuration.md:803 - a boolean accepts `true` / `false`; a quoted `"false"` is a string, and a value of another shape ends the run with exit code 3 (website/docs/getting-started/configuration.md:786-791); string-number: read from website/docs/getting-started/configuration.md:803 - a boolean accepts `true` / `false`; `1`-as-string is a string, and a value of another shape ends the run with exit code 3 (website/docs/getting-started/configuration.md:786-791)	
form	rule-opt	rules.code-smell.constructor-overinjection.enabled	bool	refuse	website/docs/getting-started/configuration.md:232-235 + src/Analysis/Finding/Contract/Rule/RuleOptionKeySet.php:28-34 snake=camel=kebab	website/docs/getting-started/configuration.md:130-136 + website/docs/usage/cli-options.md:669-674	DECIDED	no per-path example; class carrier C5-enabled | CLI door carries scalar text only (website/docs/usage/cli-options.md:669-674) | null: empty value after `=`: no carrier; ADR 0052 row 4 (accepted set closed before analysis) -> refuse; string-nonnumber: read from website/docs/getting-started/configuration.md:803 + website/docs/getting-started/configuration.md:817-820 - the text is converted before its shape is judged, and a word that is neither `true` nor `false` is not a boolean; string-number: read from website/docs/getting-started/configuration.md:803 + website/docs/getting-started/configuration.md:817-820 - the text is converted before its shape is judged, so `1` arrives as a number exactly as `25` does, and a number is not one of the two words a boolean accepts (website/docs/getting-started/configuration.md:803)	null
form	yaml	rules.code-smell.constructor-overinjection.error	null,int	default	website/docs/getting-started/configuration.md:232-235 + src/Analysis/Finding/Contract/Rule/RuleOptionKeySet.php:28-34 snake=camel=kebab	website/docs/rules/code-smell.md:580	DECIDED	form taken from the documented example `12`; complement refused by website/docs/getting-started/configuration.md:738-744 | float: carrier shows integers only; "number vs integer" not settled by any carrier; ADR 0052 row 4 -> refuse a fractional threshold rather than truncate; string-number: read from website/docs/getting-started/configuration.md:804 + website/docs/getting-started/configuration.md:815-816 - a quoted number is a string and a whole number does not accept `"15"`; a value of another shape ends the run with exit code 3 (website/docs/getting-started/configuration.md:786-791)	float
form	rule-opt	rules.code-smell.constructor-overinjection.error	int,string-number	refuse	website/docs/getting-started/configuration.md:232-235 + src/Analysis/Finding/Contract/Rule/RuleOptionKeySet.php:28-34 snake=camel=kebab	website/docs/rules/code-smell.md:580 + website/docs/usage/cli-options.md:669-674	DECIDED	form taken from the documented example `12`; complement refused by website/docs/getting-started/configuration.md:738-744 | CLI door carries scalar text only (website/docs/usage/cli-options.md:669-674) | float: carrier shows integers only; "number vs integer" not settled by any carrier; ADR 0052 row 4 -> refuse a fractional threshold rather than truncate; null: empty value after `=`: no carrier; ADR 0052 row 4 (accepted set closed before analysis) -> refuse; string-number: read from website/docs/getting-started/configuration.md:817-820 - a value arriving on the command line is text by construction and is converted before its shape is judged, so the quoted spelling is accepted on this door	float,null
form	yaml	rules.code-smell.constructor-overinjection.threshold	null,int	default	website/docs/getting-started/configuration.md:232-235 + src/Analysis/Finding/Contract/Rule/RuleOptionKeySet.php:28-34 snake=camel=kebab; website/docs/getting-started/configuration.md:152-166 threshold:N == warning:N,error:N	website/docs/getting-started/configuration.md:138-151	DECIDED	no per-path example; class carrier C6a-thresh | float: carrier shows integers only; "number vs integer" not settled by any carrier; ADR 0052 row 4 -> refuse a fractional threshold rather than truncate; string-number: read from website/docs/getting-started/configuration.md:804 + website/docs/getting-started/configuration.md:815-816 - a quoted number is a string and a whole number does not accept `"15"`; a value of another shape ends the run with exit code 3 (website/docs/getting-started/configuration.md:786-791)	float
form	rule-opt	rules.code-smell.constructor-overinjection.threshold	int,string-number	refuse	website/docs/getting-started/configuration.md:232-235 + src/Analysis/Finding/Contract/Rule/RuleOptionKeySet.php:28-34 snake=camel=kebab; website/docs/getting-started/configuration.md:152-166 threshold:N == warning:N,error:N	website/docs/getting-started/configuration.md:138-151 + website/docs/usage/cli-options.md:669-674	DECIDED	no per-path example; class carrier C6a-thresh | CLI door carries scalar text only (website/docs/usage/cli-options.md:669-674) | float: carrier shows integers only; "number vs integer" not settled by any carrier; ADR 0052 row 4 -> refuse a fractional threshold rather than truncate; null: empty value after `=`: no carrier; ADR 0052 row 4 (accepted set closed before analysis) -> refuse; string-number: read from website/docs/getting-started/configuration.md:817-820 - a value arriving on the command line is text by construction and is converted before its shape is judged, so the quoted spelling is accepted on this door	float,null
form	yaml	rules.code-smell.constructor-overinjection.warning	null,int	default	website/docs/getting-started/configuration.md:232-235 + src/Analysis/Finding/Contract/Rule/RuleOptionKeySet.php:28-34 snake=camel=kebab	website/docs/rules/code-smell.md:579	DECIDED	form taken from the documented example `8`; complement refused by website/docs/getting-started/configuration.md:738-744 | float: carrier shows integers only; "number vs integer" not settled by any carrier; ADR 0052 row 4 -> refuse a fractional threshold rather than truncate; string-number: read from website/docs/getting-started/configuration.md:804 + website/docs/getting-started/configuration.md:815-816 - a quoted number is a string and a whole number does not accept `"15"`; a value of another shape ends the run with exit code 3 (website/docs/getting-started/configuration.md:786-791)	float
form	rule-opt	rules.code-smell.constructor-overinjection.warning	int,string-number	refuse	website/docs/getting-started/configuration.md:232-235 + src/Analysis/Finding/Contract/Rule/RuleOptionKeySet.php:28-34 snake=camel=kebab	website/docs/rules/code-smell.md:584	DECIDED	form taken from the documented example `8`; complement refused by website/docs/getting-started/configuration.md:738-744 | CLI door carries scalar text only (website/docs/usage/cli-options.md:669-674) | float: carrier shows integers only; "number vs integer" not settled by any carrier; ADR 0052 row 4 -> refuse a fractional threshold rather than truncate; null: empty value after `=`: no carrier; ADR 0052 row 4 (accepted set closed before analysis) -> refuse; string-number: read from website/docs/getting-started/configuration.md:817-820 - a value arriving on the command line is text by construction and is converted before its shape is judged, so the quoted spelling is accepted on this door	float,null
form	yaml	rules.code-smell.count-in-loop.enabled	null,bool	default	website/docs/getting-started/configuration.md:232-235 + src/Analysis/Finding/Contract/Rule/RuleOptionKeySet.php:28-34 snake=camel=kebab	website/docs/rules/code-smell.md:966	PROMISED	form taken from the documented example `true`; complement refused by website/docs/getting-started/configuration.md:738-744 | string-nonnumber: read from website/docs/getting-started/configuration.md:803 - a boolean accepts `true` / `false`; a quoted `"false"` is a string, and a value of another shape ends the run with exit code 3 (website/docs/getting-started/configuration.md:786-791); string-number: read from website/docs/getting-started/configuration.md:803 - a boolean accepts `true` / `false`; `1`-as-string is a string, and a value of another shape ends the run with exit code 3 (website/docs/getting-started/configuration.md:786-791)	
form	rule-opt	rules.code-smell.count-in-loop.enabled	bool	refuse	website/docs/getting-started/configuration.md:232-235 + src/Analysis/Finding/Contract/Rule/RuleOptionKeySet.php:28-34 snake=camel=kebab	website/docs/rules/code-smell.md:966 + website/docs/usage/cli-options.md:669-674	DECIDED	form taken from the documented example `true`; complement refused by website/docs/getting-started/configuration.md:738-744 | CLI door carries scalar text only (website/docs/usage/cli-options.md:669-674) | null: empty value after `=`: no carrier; ADR 0052 row 4 (accepted set closed before analysis) -> refuse; string-nonnumber: read from website/docs/getting-started/configuration.md:803 + website/docs/getting-started/configuration.md:817-820 - the text is converted before its shape is judged, and a word that is neither `true` nor `false` is not a boolean; string-number: read from website/docs/getting-started/configuration.md:803 + website/docs/getting-started/configuration.md:817-820 - the text is converted before its shape is judged, so `1` arrives as a number exactly as `25` does, and a number is not one of the two words a boolean accepts (website/docs/getting-started/configuration.md:803)	null
form	yaml	rules.code-smell.debug-code.enabled	null,bool	default	website/docs/getting-started/configuration.md:232-235 + src/Analysis/Finding/Contract/Rule/RuleOptionKeySet.php:28-34 snake=camel=kebab	website/docs/rules/code-smell.md:951	PROMISED	form taken from the documented example `true`; complement refused by website/docs/getting-started/configuration.md:738-744 | string-nonnumber: read from website/docs/getting-started/configuration.md:803 - a boolean accepts `true` / `false`; a quoted `"false"` is a string, and a value of another shape ends the run with exit code 3 (website/docs/getting-started/configuration.md:786-791); string-number: read from website/docs/getting-started/configuration.md:803 - a boolean accepts `true` / `false`; `1`-as-string is a string, and a value of another shape ends the run with exit code 3 (website/docs/getting-started/configuration.md:786-791)	
form	rule-opt	rules.code-smell.debug-code.enabled	bool	refuse	website/docs/getting-started/configuration.md:232-235 + src/Analysis/Finding/Contract/Rule/RuleOptionKeySet.php:28-34 snake=camel=kebab	website/docs/rules/code-smell.md:951 + website/docs/usage/cli-options.md:669-674	DECIDED	form taken from the documented example `true`; complement refused by website/docs/getting-started/configuration.md:738-744 | CLI door carries scalar text only (website/docs/usage/cli-options.md:669-674) | null: empty value after `=`: no carrier; ADR 0052 row 4 (accepted set closed before analysis) -> refuse; string-nonnumber: read from website/docs/getting-started/configuration.md:803 + website/docs/getting-started/configuration.md:817-820 - the text is converted before its shape is judged, and a word that is neither `true` nor `false` is not a boolean; string-number: read from website/docs/getting-started/configuration.md:803 + website/docs/getting-started/configuration.md:817-820 - the text is converted before its shape is judged, so `1` arrives as a number exactly as `25` does, and a number is not one of the two words a boolean accepts (website/docs/getting-started/configuration.md:803)	null
form	yaml	rules.code-smell.empty-catch.enabled	null,bool	default	website/docs/getting-started/configuration.md:232-235 + src/Analysis/Finding/Contract/Rule/RuleOptionKeySet.php:28-34 snake=camel=kebab	website/docs/rules/code-smell.md:953	PROMISED	form taken from the documented example `true`; complement refused by website/docs/getting-started/configuration.md:738-744 | string-nonnumber: read from website/docs/getting-started/configuration.md:803 - a boolean accepts `true` / `false`; a quoted `"false"` is a string, and a value of another shape ends the run with exit code 3 (website/docs/getting-started/configuration.md:786-791); string-number: read from website/docs/getting-started/configuration.md:803 - a boolean accepts `true` / `false`; `1`-as-string is a string, and a value of another shape ends the run with exit code 3 (website/docs/getting-started/configuration.md:786-791)	
form	rule-opt	rules.code-smell.empty-catch.enabled	bool	refuse	website/docs/getting-started/configuration.md:232-235 + src/Analysis/Finding/Contract/Rule/RuleOptionKeySet.php:28-34 snake=camel=kebab	website/docs/rules/code-smell.md:953 + website/docs/usage/cli-options.md:669-674	DECIDED	form taken from the documented example `true`; complement refused by website/docs/getting-started/configuration.md:738-744 | CLI door carries scalar text only (website/docs/usage/cli-options.md:669-674) | null: empty value after `=`: no carrier; ADR 0052 row 4 (accepted set closed before analysis) -> refuse; string-nonnumber: read from website/docs/getting-started/configuration.md:803 + website/docs/getting-started/configuration.md:817-820 - the text is converted before its shape is judged, and a word that is neither `true` nor `false` is not a boolean; string-number: read from website/docs/getting-started/configuration.md:803 + website/docs/getting-started/configuration.md:817-820 - the text is converted before its shape is judged, so `1` arrives as a number exactly as `25` does, and a number is not one of the two words a boolean accepts (website/docs/getting-started/configuration.md:803)	null
form	yaml	rules.code-smell.error-suppression.allowed-functions	null,list,string-nonnumber,string-number	default	website/docs/getting-started/configuration.md:232-235 + src/Analysis/Finding/Contract/Rule/RuleOptionKeySet.php:28-34 snake=camel=kebab	website/docs/rules/code-smell.md:290 + website/docs/rules/code-smell.md:298	PROMISED	form taken from the documented example `# default: []`; complement refused by website/docs/getting-started/configuration.md:738-744 | string-nonnumber, string-number: website/docs/rules/code-smell.md:298 - a single string is the one-element list, and a digit string is an element like any other	
form	rule-opt	rules.code-smell.error-suppression.allowed-functions	string-nonnumber	refuse	website/docs/getting-started/configuration.md:232-235 + src/Analysis/Finding/Contract/Rule/RuleOptionKeySet.php:28-34 snake=camel=kebab	website/docs/rules/code-smell.md:303 + website/docs/rules/code-smell.md:298	DECIDED	form taken from the documented example `# default: []`; complement refused by website/docs/getting-started/configuration.md:738-744 | CLI door carries scalar text only (website/docs/usage/cli-options.md:669-674) | a container value is not writable on this door at all (website/docs/usage/cli-options.md:669-674); only a deeper scalar path is | null: empty value after `=`: no carrier; ADR 0052 row 4 (accepted set closed before analysis) -> refuse | string-nonnumber: website/docs/rules/code-smell.md:298 - a single string is the one-element list, which is exactly what this door can carry; the text after `=` is never split, so the list form stays unwritable here	null
form	yaml	rules.code-smell.error-suppression.enabled	null,bool	default	website/docs/getting-started/configuration.md:232-235 + src/Analysis/Finding/Contract/Rule/RuleOptionKeySet.php:28-34 snake=camel=kebab	website/docs/rules/code-smell.md:968	PROMISED	form taken from the documented example `true`; complement refused by website/docs/getting-started/configuration.md:738-744 | string-nonnumber: read from website/docs/getting-started/configuration.md:803 - a boolean accepts `true` / `false`; a quoted `"false"` is a string, and a value of another shape ends the run with exit code 3 (website/docs/getting-started/configuration.md:786-791); string-number: read from website/docs/getting-started/configuration.md:803 - a boolean accepts `true` / `false`; `1`-as-string is a string, and a value of another shape ends the run with exit code 3 (website/docs/getting-started/configuration.md:786-791)	
form	rule-opt	rules.code-smell.error-suppression.enabled	bool	refuse	website/docs/getting-started/configuration.md:232-235 + src/Analysis/Finding/Contract/Rule/RuleOptionKeySet.php:28-34 snake=camel=kebab	website/docs/rules/code-smell.md:968 + website/docs/usage/cli-options.md:669-674	DECIDED	form taken from the documented example `true`; complement refused by website/docs/getting-started/configuration.md:738-744 | CLI door carries scalar text only (website/docs/usage/cli-options.md:669-674) | null: empty value after `=`: no carrier; ADR 0052 row 4 (accepted set closed before analysis) -> refuse; string-nonnumber: read from website/docs/getting-started/configuration.md:803 + website/docs/getting-started/configuration.md:817-820 - the text is converted before its shape is judged, and a word that is neither `true` nor `false` is not a boolean; string-number: read from website/docs/getting-started/configuration.md:803 + website/docs/getting-started/configuration.md:817-820 - the text is converted before its shape is judged, so `1` arrives as a number exactly as `25` does, and a number is not one of the two words a boolean accepts (website/docs/getting-started/configuration.md:803)	null
form	yaml	rules.code-smell.eval.enabled	null,bool	default	website/docs/getting-started/configuration.md:232-235 + src/Analysis/Finding/Contract/Rule/RuleOptionKeySet.php:28-34 snake=camel=kebab	website/docs/rules/code-smell.md:955	PROMISED	form taken from the documented example `false    # disable if you have legitimat`; complement refused by website/docs/getting-started/configuration.md:738-744 | string-nonnumber: read from website/docs/getting-started/configuration.md:803 - a boolean accepts `true` / `false`; a quoted `"false"` is a string, and a value of another shape ends the run with exit code 3 (website/docs/getting-started/configuration.md:786-791); string-number: read from website/docs/getting-started/configuration.md:803 - a boolean accepts `true` / `false`; `1`-as-string is a string, and a value of another shape ends the run with exit code 3 (website/docs/getting-started/configuration.md:786-791)	
form	rule-opt	rules.code-smell.eval.enabled	bool	refuse	website/docs/getting-started/configuration.md:232-235 + src/Analysis/Finding/Contract/Rule/RuleOptionKeySet.php:28-34 snake=camel=kebab	website/docs/rules/code-smell.md:955 + website/docs/usage/cli-options.md:669-674	DECIDED	form taken from the documented example `false    # disable if you have legitimat`; complement refused by website/docs/getting-started/configuration.md:738-744 | CLI door carries scalar text only (website/docs/usage/cli-options.md:669-674) | null: empty value after `=`: no carrier; ADR 0052 row 4 (accepted set closed before analysis) -> refuse; string-nonnumber: read from website/docs/getting-started/configuration.md:803 + website/docs/getting-started/configuration.md:817-820 - the text is converted before its shape is judged, and a word that is neither `true` nor `false` is not a boolean; string-number: read from website/docs/getting-started/configuration.md:803 + website/docs/getting-started/configuration.md:817-820 - the text is converted before its shape is judged, so `1` arrives as a number exactly as `25` does, and a number is not one of the two words a boolean accepts (website/docs/getting-started/configuration.md:803)	null
form	yaml	rules.code-smell.exit.enabled	null,bool	default	website/docs/getting-started/configuration.md:232-235 + src/Analysis/Finding/Contract/Rule/RuleOptionKeySet.php:28-34 snake=camel=kebab	website/docs/rules/code-smell.md:957	PROMISED	form taken from the documented example `true`; complement refused by website/docs/getting-started/configuration.md:738-744 | string-nonnumber: read from website/docs/getting-started/configuration.md:803 - a boolean accepts `true` / `false`; a quoted `"false"` is a string, and a value of another shape ends the run with exit code 3 (website/docs/getting-started/configuration.md:786-791); string-number: read from website/docs/getting-started/configuration.md:803 - a boolean accepts `true` / `false`; `1`-as-string is a string, and a value of another shape ends the run with exit code 3 (website/docs/getting-started/configuration.md:786-791)	
form	rule-opt	rules.code-smell.exit.enabled	bool	refuse	website/docs/getting-started/configuration.md:232-235 + src/Analysis/Finding/Contract/Rule/RuleOptionKeySet.php:28-34 snake=camel=kebab	website/docs/rules/code-smell.md:957 + website/docs/usage/cli-options.md:669-674	DECIDED	form taken from the documented example `true`; complement refused by website/docs/getting-started/configuration.md:738-744 | CLI door carries scalar text only (website/docs/usage/cli-options.md:669-674) | null: empty value after `=`: no carrier; ADR 0052 row 4 (accepted set closed before analysis) -> refuse; string-nonnumber: read from website/docs/getting-started/configuration.md:803 + website/docs/getting-started/configuration.md:817-820 - the text is converted before its shape is judged, and a word that is neither `true` nor `false` is not a boolean; string-number: read from website/docs/getting-started/configuration.md:803 + website/docs/getting-started/configuration.md:817-820 - the text is converted before its shape is judged, so `1` arrives as a number exactly as `25` does, and a number is not one of the two words a boolean accepts (website/docs/getting-started/configuration.md:803)	null
form	yaml	rules.code-smell.goto.enabled	null,bool	default	website/docs/getting-started/configuration.md:232-235 + src/Analysis/Finding/Contract/Rule/RuleOptionKeySet.php:28-34 snake=camel=kebab	website/docs/rules/code-smell.md:959	PROMISED	form taken from the documented example `true`; complement refused by website/docs/getting-started/configuration.md:738-744 | string-nonnumber: read from website/docs/getting-started/configuration.md:803 - a boolean accepts `true` / `false`; a quoted `"false"` is a string, and a value of another shape ends the run with exit code 3 (website/docs/getting-started/configuration.md:786-791); string-number: read from website/docs/getting-started/configuration.md:803 - a boolean accepts `true` / `false`; `1`-as-string is a string, and a value of another shape ends the run with exit code 3 (website/docs/getting-started/configuration.md:786-791)	
form	rule-opt	rules.code-smell.goto.enabled	bool	refuse	website/docs/getting-started/configuration.md:232-235 + src/Analysis/Finding/Contract/Rule/RuleOptionKeySet.php:28-34 snake=camel=kebab	website/docs/rules/code-smell.md:959 + website/docs/usage/cli-options.md:669-674	DECIDED	form taken from the documented example `true`; complement refused by website/docs/getting-started/configuration.md:738-744 | CLI door carries scalar text only (website/docs/usage/cli-options.md:669-674) | null: empty value after `=`: no carrier; ADR 0052 row 4 (accepted set closed before analysis) -> refuse; string-nonnumber: read from website/docs/getting-started/configuration.md:803 + website/docs/getting-started/configuration.md:817-820 - the text is converted before its shape is judged, and a word that is neither `true` nor `false` is not a boolean; string-number: read from website/docs/getting-started/configuration.md:803 + website/docs/getting-started/configuration.md:817-820 - the text is converted before its shape is judged, so `1` arrives as a number exactly as `25` does, and a number is not one of the two words a boolean accepts (website/docs/getting-started/configuration.md:803)	null
form	yaml	rules.code-smell.identical-subexpression.enabled	null,bool	default	website/docs/getting-started/configuration.md:232-235 + src/Analysis/Finding/Contract/Rule/RuleOptionKeySet.php:28-34 snake=camel=kebab	website/docs/rules/code-smell.md:979	PROMISED	form taken from the documented example `true`; complement refused by website/docs/getting-started/configuration.md:738-744 | string-nonnumber: read from website/docs/getting-started/configuration.md:803 - a boolean accepts `true` / `false`; a quoted `"false"` is a string, and a value of another shape ends the run with exit code 3 (website/docs/getting-started/configuration.md:786-791); string-number: read from website/docs/getting-started/configuration.md:803 - a boolean accepts `true` / `false`; `1`-as-string is a string, and a value of another shape ends the run with exit code 3 (website/docs/getting-started/configuration.md:786-791)	
form	rule-opt	rules.code-smell.identical-subexpression.enabled	bool	refuse	website/docs/getting-started/configuration.md:232-235 + src/Analysis/Finding/Contract/Rule/RuleOptionKeySet.php:28-34 snake=camel=kebab	website/docs/rules/code-smell.md:979 + website/docs/usage/cli-options.md:669-674	DECIDED	form taken from the documented example `true`; complement refused by website/docs/getting-started/configuration.md:738-744 | CLI door carries scalar text only (website/docs/usage/cli-options.md:669-674) | null: empty value after `=`: no carrier; ADR 0052 row 4 (accepted set closed before analysis) -> refuse; string-nonnumber: read from website/docs/getting-started/configuration.md:803 + website/docs/getting-started/configuration.md:817-820 - the text is converted before its shape is judged, and a word that is neither `true` nor `false` is not a boolean; string-number: read from website/docs/getting-started/configuration.md:803 + website/docs/getting-started/configuration.md:817-820 - the text is converted before its shape is judged, so `1` arrives as a number exactly as `25` does, and a number is not one of the two words a boolean accepts (website/docs/getting-started/configuration.md:803)	null
form	yaml	rules.code-smell.long-parameter-list.enabled	null,bool	default	website/docs/getting-started/configuration.md:232-235 + src/Analysis/Finding/Contract/Rule/RuleOptionKeySet.php:28-34 snake=camel=kebab	website/docs/getting-started/configuration.md:130-136	PROMISED	no per-path example; class carrier C5-enabled | string-nonnumber: read from website/docs/getting-started/configuration.md:803 - a boolean accepts `true` / `false`; a quoted `"false"` is a string, and a value of another shape ends the run with exit code 3 (website/docs/getting-started/configuration.md:786-791); string-number: read from website/docs/getting-started/configuration.md:803 - a boolean accepts `true` / `false`; `1`-as-string is a string, and a value of another shape ends the run with exit code 3 (website/docs/getting-started/configuration.md:786-791)	
form	rule-opt	rules.code-smell.long-parameter-list.enabled	bool	refuse	website/docs/getting-started/configuration.md:232-235 + src/Analysis/Finding/Contract/Rule/RuleOptionKeySet.php:28-34 snake=camel=kebab	website/docs/getting-started/configuration.md:130-136 + website/docs/usage/cli-options.md:669-674	DECIDED	no per-path example; class carrier C5-enabled | CLI door carries scalar text only (website/docs/usage/cli-options.md:669-674) | null: empty value after `=`: no carrier; ADR 0052 row 4 (accepted set closed before analysis) -> refuse; string-nonnumber: read from website/docs/getting-started/configuration.md:803 + website/docs/getting-started/configuration.md:817-820 - the text is converted before its shape is judged, and a word that is neither `true` nor `false` is not a boolean; string-number: read from website/docs/getting-started/configuration.md:803 + website/docs/getting-started/configuration.md:817-820 - the text is converted before its shape is judged, so `1` arrives as a number exactly as `25` does, and a number is not one of the two words a boolean accepts (website/docs/getting-started/configuration.md:803)	null
form	yaml	rules.code-smell.long-parameter-list.error	null,int	default	website/docs/getting-started/configuration.md:232-235 + src/Analysis/Finding/Contract/Rule/RuleOptionKeySet.php:28-34 snake=camel=kebab	website/docs/rules/code-smell.md:701	DECIDED	form taken from the documented example `6`; complement refused by website/docs/getting-started/configuration.md:738-744 | float: carrier shows integers only; "number vs integer" not settled by any carrier; ADR 0052 row 4 -> refuse a fractional threshold rather than truncate; string-number: read from website/docs/getting-started/configuration.md:804 + website/docs/getting-started/configuration.md:815-816 - a quoted number is a string and a whole number does not accept `"15"`; a value of another shape ends the run with exit code 3 (website/docs/getting-started/configuration.md:786-791)	float
form	rule-opt	rules.code-smell.long-parameter-list.error	int,string-number	refuse	website/docs/getting-started/configuration.md:232-235 + src/Analysis/Finding/Contract/Rule/RuleOptionKeySet.php:28-34 snake=camel=kebab	website/docs/rules/code-smell.md:708	DECIDED	form taken from the documented example `6`; complement refused by website/docs/getting-started/configuration.md:738-744 | CLI door carries scalar text only (website/docs/usage/cli-options.md:669-674) | float: carrier shows integers only; "number vs integer" not settled by any carrier; ADR 0052 row 4 -> refuse a fractional threshold rather than truncate; null: empty value after `=`: no carrier; ADR 0052 row 4 (accepted set closed before analysis) -> refuse; string-number: read from website/docs/getting-started/configuration.md:817-820 - a value arriving on the command line is text by construction and is converted before its shape is judged, so the quoted spelling is accepted on this door	float,null
form	yaml	rules.code-smell.long-parameter-list.threshold	null,int	default	website/docs/getting-started/configuration.md:232-235 + src/Analysis/Finding/Contract/Rule/RuleOptionKeySet.php:28-34 snake=camel=kebab; website/docs/getting-started/configuration.md:152-166 threshold:N == warning:N,error:N	website/docs/getting-started/configuration.md:138-151	DECIDED	no per-path example; class carrier C6a-thresh | float: carrier shows integers only; "number vs integer" not settled by any carrier; ADR 0052 row 4 -> refuse a fractional threshold rather than truncate; string-number: read from website/docs/getting-started/configuration.md:804 + website/docs/getting-started/configuration.md:815-816 - a quoted number is a string and a whole number does not accept `"15"`; a value of another shape ends the run with exit code 3 (website/docs/getting-started/configuration.md:786-791)	float
form	rule-opt	rules.code-smell.long-parameter-list.threshold	int,string-number	refuse	website/docs/getting-started/configuration.md:232-235 + src/Analysis/Finding/Contract/Rule/RuleOptionKeySet.php:28-34 snake=camel=kebab; website/docs/getting-started/configuration.md:152-166 threshold:N == warning:N,error:N	website/docs/getting-started/configuration.md:138-151 + website/docs/usage/cli-options.md:669-674	DECIDED	no per-path example; class carrier C6a-thresh | CLI door carries scalar text only (website/docs/usage/cli-options.md:669-674) | float: carrier shows integers only; "number vs integer" not settled by any carrier; ADR 0052 row 4 -> refuse a fractional threshold rather than truncate; null: empty value after `=`: no carrier; ADR 0052 row 4 (accepted set closed before analysis) -> refuse; string-number: read from website/docs/getting-started/configuration.md:817-820 - a value arriving on the command line is text by construction and is converted before its shape is judged, so the quoted spelling is accepted on this door	float,null
form	yaml	rules.code-smell.long-parameter-list.vo-error	null,int	default	website/docs/getting-started/configuration.md:232-235 + src/Analysis/Finding/Contract/Rule/RuleOptionKeySet.php:28-34 snake=camel=kebab	website/docs/rules/code-smell.md:703	DECIDED	form taken from the documented example `12`; complement refused by website/docs/getting-started/configuration.md:738-744 | float: carrier shows integers only; "number vs integer" not settled by any carrier; ADR 0052 row 4 -> refuse a fractional threshold rather than truncate; string-number: read from website/docs/getting-started/configuration.md:804 + website/docs/getting-started/configuration.md:815-816 - a quoted number is a string and a whole number does not accept `"15"`; a value of another shape ends the run with exit code 3 (website/docs/getting-started/configuration.md:786-791)	float
form	rule-opt	rules.code-smell.long-parameter-list.vo-error	int,string-number	refuse	website/docs/getting-started/configuration.md:232-235 + src/Analysis/Finding/Contract/Rule/RuleOptionKeySet.php:28-34 snake=camel=kebab	website/docs/rules/code-smell.md:710	DECIDED	form taken from the documented example `12`; complement refused by website/docs/getting-started/configuration.md:738-744 | CLI door carries scalar text only (website/docs/usage/cli-options.md:669-674) | float: carrier shows integers only; "number vs integer" not settled by any carrier; ADR 0052 row 4 -> refuse a fractional threshold rather than truncate; null: empty value after `=`: no carrier; ADR 0052 row 4 (accepted set closed before analysis) -> refuse; string-number: read from website/docs/getting-started/configuration.md:817-820 - a value arriving on the command line is text by construction and is converted before its shape is judged, so the quoted spelling is accepted on this door	float,null
form	yaml	rules.code-smell.long-parameter-list.vo-threshold	null,int	default	website/docs/getting-started/configuration.md:232-235 + src/Analysis/Finding/Contract/Rule/RuleOptionKeySet.php:28-34 snake=camel=kebab	website/docs/getting-started/configuration.md:138-151	DECIDED	no per-path example; class carrier C6a-thresh | float: carrier shows integers only; "number vs integer" not settled by any carrier; ADR 0052 row 4 -> refuse a fractional threshold rather than truncate; string-number: read from website/docs/getting-started/configuration.md:804 + website/docs/getting-started/configuration.md:815-816 - a quoted number is a string and a whole number does not accept `"15"`; a value of another shape ends the run with exit code 3 (website/docs/getting-started/configuration.md:786-791)	float
form	rule-opt	rules.code-smell.long-parameter-list.vo-threshold	int,string-number	refuse	website/docs/getting-started/configuration.md:232-235 + src/Analysis/Finding/Contract/Rule/RuleOptionKeySet.php:28-34 snake=camel=kebab	website/docs/getting-started/configuration.md:138-151 + website/docs/usage/cli-options.md:669-674	DECIDED	no per-path example; class carrier C6a-thresh | CLI door carries scalar text only (website/docs/usage/cli-options.md:669-674) | float: carrier shows integers only; "number vs integer" not settled by any carrier; ADR 0052 row 4 -> refuse a fractional threshold rather than truncate; null: empty value after `=`: no carrier; ADR 0052 row 4 (accepted set closed before analysis) -> refuse; string-number: read from website/docs/getting-started/configuration.md:817-820 - a value arriving on the command line is text by construction and is converted before its shape is judged, so the quoted spelling is accepted on this door	float,null
form	yaml	rules.code-smell.long-parameter-list.vo-warning	null,int	default	website/docs/getting-started/configuration.md:232-235 + src/Analysis/Finding/Contract/Rule/RuleOptionKeySet.php:28-34 snake=camel=kebab	website/docs/rules/code-smell.md:702	DECIDED	form taken from the documented example `8     # readonly VO constructors`; complement refused by website/docs/getting-started/configuration.md:738-744 | float: carrier shows integers only; "number vs integer" not settled by any carrier; ADR 0052 row 4 -> refuse a fractional threshold rather than truncate; string-number: read from website/docs/getting-started/configuration.md:804 + website/docs/getting-started/configuration.md:815-816 - a quoted number is a string and a whole number does not accept `"15"`; a value of another shape ends the run with exit code 3 (website/docs/getting-started/configuration.md:786-791)	float
form	rule-opt	rules.code-smell.long-parameter-list.vo-warning	int,string-number	refuse	website/docs/getting-started/configuration.md:232-235 + src/Analysis/Finding/Contract/Rule/RuleOptionKeySet.php:28-34 snake=camel=kebab	website/docs/rules/code-smell.md:709	DECIDED	form taken from the documented example `8     # readonly VO constructors`; complement refused by website/docs/getting-started/configuration.md:738-744 | CLI door carries scalar text only (website/docs/usage/cli-options.md:669-674) | float: carrier shows integers only; "number vs integer" not settled by any carrier; ADR 0052 row 4 -> refuse a fractional threshold rather than truncate; null: empty value after `=`: no carrier; ADR 0052 row 4 (accepted set closed before analysis) -> refuse; string-number: read from website/docs/getting-started/configuration.md:817-820 - a value arriving on the command line is text by construction and is converted before its shape is judged, so the quoted spelling is accepted on this door	float,null
form	yaml	rules.code-smell.long-parameter-list.warning	null,int	default	website/docs/getting-started/configuration.md:232-235 + src/Analysis/Finding/Contract/Rule/RuleOptionKeySet.php:28-34 snake=camel=kebab	website/docs/rules/code-smell.md:700	DECIDED	form taken from the documented example `4        # standard methods/functions`; complement refused by website/docs/getting-started/configuration.md:738-744 | float: carrier shows integers only; "number vs integer" not settled by any carrier; ADR 0052 row 4 -> refuse a fractional threshold rather than truncate; string-number: read from website/docs/getting-started/configuration.md:804 + website/docs/getting-started/configuration.md:815-816 - a quoted number is a string and a whole number does not accept `"15"`; a value of another shape ends the run with exit code 3 (website/docs/getting-started/configuration.md:786-791)	float
form	rule-opt	rules.code-smell.long-parameter-list.warning	int,string-number	refuse	website/docs/getting-started/configuration.md:232-235 + src/Analysis/Finding/Contract/Rule/RuleOptionKeySet.php:28-34 snake=camel=kebab	website/docs/rules/code-smell.md:707	DECIDED	form taken from the documented example `4        # standard methods/functions`; complement refused by website/docs/getting-started/configuration.md:738-744 | CLI door carries scalar text only (website/docs/usage/cli-options.md:669-674) | float: carrier shows integers only; "number vs integer" not settled by any carrier; ADR 0052 row 4 -> refuse a fractional threshold rather than truncate; null: empty value after `=`: no carrier; ADR 0052 row 4 (accepted set closed before analysis) -> refuse; string-number: read from website/docs/getting-started/configuration.md:817-820 - a value arriving on the command line is text by construction and is converted before its shape is judged, so the quoted spelling is accepted on this door	float,null
form	yaml	rules.code-smell.superglobals.enabled	null,bool	default	website/docs/getting-started/configuration.md:232-235 + src/Analysis/Finding/Contract/Rule/RuleOptionKeySet.php:28-34 snake=camel=kebab	website/docs/rules/code-smell.md:961	PROMISED	form taken from the documented example `true`; complement refused by website/docs/getting-started/configuration.md:738-744 | string-nonnumber: read from website/docs/getting-started/configuration.md:803 - a boolean accepts `true` / `false`; a quoted `"false"` is a string, and a value of another shape ends the run with exit code 3 (website/docs/getting-started/configuration.md:786-791); string-number: read from website/docs/getting-started/configuration.md:803 - a boolean accepts `true` / `false`; `1`-as-string is a string, and a value of another shape ends the run with exit code 3 (website/docs/getting-started/configuration.md:786-791)	
form	rule-opt	rules.code-smell.superglobals.enabled	bool	refuse	website/docs/getting-started/configuration.md:232-235 + src/Analysis/Finding/Contract/Rule/RuleOptionKeySet.php:28-34 snake=camel=kebab	website/docs/rules/code-smell.md:961 + website/docs/usage/cli-options.md:669-674	DECIDED	form taken from the documented example `true`; complement refused by website/docs/getting-started/configuration.md:738-744 | CLI door carries scalar text only (website/docs/usage/cli-options.md:669-674) | null: empty value after `=`: no carrier; ADR 0052 row 4 (accepted set closed before analysis) -> refuse; string-nonnumber: read from website/docs/getting-started/configuration.md:803 + website/docs/getting-started/configuration.md:817-820 - the text is converted before its shape is judged, and a word that is neither `true` nor `false` is not a boolean; string-number: read from website/docs/getting-started/configuration.md:803 + website/docs/getting-started/configuration.md:817-820 - the text is converted before its shape is judged, so `1` arrives as a number exactly as `25` does, and a number is not one of the two words a boolean accepts (website/docs/getting-started/configuration.md:803)	null
form	yaml	rules.code-smell.unreachable-code.enabled	null,bool	default	website/docs/getting-started/configuration.md:232-235 + src/Analysis/Finding/Contract/Rule/RuleOptionKeySet.php:28-34 snake=camel=kebab	website/docs/getting-started/configuration.md:130-136	PROMISED	no per-path example; class carrier C5-enabled | string-nonnumber: read from website/docs/getting-started/configuration.md:803 - a boolean accepts `true` / `false`; a quoted `"false"` is a string, and a value of another shape ends the run with exit code 3 (website/docs/getting-started/configuration.md:786-791); string-number: read from website/docs/getting-started/configuration.md:803 - a boolean accepts `true` / `false`; `1`-as-string is a string, and a value of another shape ends the run with exit code 3 (website/docs/getting-started/configuration.md:786-791)	
form	rule-opt	rules.code-smell.unreachable-code.enabled	bool	refuse	website/docs/getting-started/configuration.md:232-235 + src/Analysis/Finding/Contract/Rule/RuleOptionKeySet.php:28-34 snake=camel=kebab	website/docs/getting-started/configuration.md:130-136 + website/docs/usage/cli-options.md:669-674	DECIDED	no per-path example; class carrier C5-enabled | CLI door carries scalar text only (website/docs/usage/cli-options.md:669-674) | null: empty value after `=`: no carrier; ADR 0052 row 4 (accepted set closed before analysis) -> refuse; string-nonnumber: read from website/docs/getting-started/configuration.md:803 + website/docs/getting-started/configuration.md:817-820 - the text is converted before its shape is judged, and a word that is neither `true` nor `false` is not a boolean; string-number: read from website/docs/getting-started/configuration.md:803 + website/docs/getting-started/configuration.md:817-820 - the text is converted before its shape is judged, so `1` arrives as a number exactly as `25` does, and a number is not one of the two words a boolean accepts (website/docs/getting-started/configuration.md:803)	null
form	yaml	rules.code-smell.unreachable-code.error	null,int	default	website/docs/getting-started/configuration.md:232-235 + src/Analysis/Finding/Contract/Rule/RuleOptionKeySet.php:28-34 snake=camel=kebab	website/docs/rules/code-smell.md:929	DECIDED	form taken from the documented example `1`; complement refused by website/docs/getting-started/configuration.md:738-744 | float: carrier shows integers only; "number vs integer" not settled by any carrier; ADR 0052 row 4 -> refuse a fractional threshold rather than truncate; string-number: read from website/docs/getting-started/configuration.md:804 + website/docs/getting-started/configuration.md:815-816 - a quoted number is a string and a whole number does not accept `"15"`; a value of another shape ends the run with exit code 3 (website/docs/getting-started/configuration.md:786-791)	float
form	rule-opt	rules.code-smell.unreachable-code.error	int,string-number	refuse	website/docs/getting-started/configuration.md:232-235 + src/Analysis/Finding/Contract/Rule/RuleOptionKeySet.php:28-34 snake=camel=kebab	website/docs/rules/code-smell.md:934	DECIDED	form taken from the documented example `1`; complement refused by website/docs/getting-started/configuration.md:738-744 | CLI door carries scalar text only (website/docs/usage/cli-options.md:669-674) | float: carrier shows integers only; "number vs integer" not settled by any carrier; ADR 0052 row 4 -> refuse a fractional threshold rather than truncate; null: empty value after `=`: no carrier; ADR 0052 row 4 (accepted set closed before analysis) -> refuse; string-number: read from website/docs/getting-started/configuration.md:817-820 - a value arriving on the command line is text by construction and is converted before its shape is judged, so the quoted spelling is accepted on this door	float,null
form	yaml	rules.code-smell.unreachable-code.threshold	null,int	default	website/docs/getting-started/configuration.md:232-235 + src/Analysis/Finding/Contract/Rule/RuleOptionKeySet.php:28-34 snake=camel=kebab; website/docs/getting-started/configuration.md:152-166 threshold:N == warning:N,error:N	website/docs/getting-started/configuration.md:138-151	DECIDED	no per-path example; class carrier C6a-thresh | float: carrier shows integers only; "number vs integer" not settled by any carrier; ADR 0052 row 4 -> refuse a fractional threshold rather than truncate; string-number: read from website/docs/getting-started/configuration.md:804 + website/docs/getting-started/configuration.md:815-816 - a quoted number is a string and a whole number does not accept `"15"`; a value of another shape ends the run with exit code 3 (website/docs/getting-started/configuration.md:786-791)	float
form	rule-opt	rules.code-smell.unreachable-code.threshold	int,string-number	refuse	website/docs/getting-started/configuration.md:232-235 + src/Analysis/Finding/Contract/Rule/RuleOptionKeySet.php:28-34 snake=camel=kebab; website/docs/getting-started/configuration.md:152-166 threshold:N == warning:N,error:N	website/docs/getting-started/configuration.md:138-151 + website/docs/usage/cli-options.md:669-674	DECIDED	no per-path example; class carrier C6a-thresh | CLI door carries scalar text only (website/docs/usage/cli-options.md:669-674) | float: carrier shows integers only; "number vs integer" not settled by any carrier; ADR 0052 row 4 -> refuse a fractional threshold rather than truncate; null: empty value after `=`: no carrier; ADR 0052 row 4 (accepted set closed before analysis) -> refuse; string-number: read from website/docs/getting-started/configuration.md:817-820 - a value arriving on the command line is text by construction and is converted before its shape is judged, so the quoted spelling is accepted on this door	float,null
form	yaml	rules.code-smell.unreachable-code.warning	null,int	default	website/docs/getting-started/configuration.md:232-235 + src/Analysis/Finding/Contract/Rule/RuleOptionKeySet.php:28-34 snake=camel=kebab	website/docs/rules/code-smell.md:928	DECIDED	form taken from the documented example `1`; complement refused by website/docs/getting-started/configuration.md:738-744 | float: carrier shows integers only; "number vs integer" not settled by any carrier; ADR 0052 row 4 -> refuse a fractional threshold rather than truncate; string-number: read from website/docs/getting-started/configuration.md:804 + website/docs/getting-started/configuration.md:815-816 - a quoted number is a string and a whole number does not accept `"15"`; a value of another shape ends the run with exit code 3 (website/docs/getting-started/configuration.md:786-791)	float
form	rule-opt	rules.code-smell.unreachable-code.warning	int,string-number	refuse	website/docs/getting-started/configuration.md:232-235 + src/Analysis/Finding/Contract/Rule/RuleOptionKeySet.php:28-34 snake=camel=kebab	website/docs/rules/code-smell.md:933	DECIDED	form taken from the documented example `1`; complement refused by website/docs/getting-started/configuration.md:738-744 | CLI door carries scalar text only (website/docs/usage/cli-options.md:669-674) | float: carrier shows integers only; "number vs integer" not settled by any carrier; ADR 0052 row 4 -> refuse a fractional threshold rather than truncate; null: empty value after `=`: no carrier; ADR 0052 row 4 (accepted set closed before analysis) -> refuse; string-number: read from website/docs/getting-started/configuration.md:817-820 - a value arriving on the command line is text by construction and is converted before its shape is judged, so the quoted spelling is accepted on this door	float,null
form	yaml	rules.code-smell.unused-private.enabled	null,bool	default	website/docs/getting-started/configuration.md:232-235 + src/Analysis/Finding/Contract/Rule/RuleOptionKeySet.php:28-34 snake=camel=kebab	website/docs/rules/code-smell.md:977	PROMISED	form taken from the documented example `true`; complement refused by website/docs/getting-started/configuration.md:738-744 | string-nonnumber: read from website/docs/getting-started/configuration.md:803 - a boolean accepts `true` / `false`; a quoted `"false"` is a string, and a value of another shape ends the run with exit code 3 (website/docs/getting-started/configuration.md:786-791); string-number: read from website/docs/getting-started/configuration.md:803 - a boolean accepts `true` / `false`; `1`-as-string is a string, and a value of another shape ends the run with exit code 3 (website/docs/getting-started/configuration.md:786-791)	
form	rule-opt	rules.code-smell.unused-private.enabled	bool	refuse	website/docs/getting-started/configuration.md:232-235 + src/Analysis/Finding/Contract/Rule/RuleOptionKeySet.php:28-34 snake=camel=kebab	website/docs/rules/code-smell.md:977 + website/docs/usage/cli-options.md:669-674	DECIDED	form taken from the documented example `true`; complement refused by website/docs/getting-started/configuration.md:738-744 | CLI door carries scalar text only (website/docs/usage/cli-options.md:669-674) | null: empty value after `=`: no carrier; ADR 0052 row 4 (accepted set closed before analysis) -> refuse; string-nonnumber: read from website/docs/getting-started/configuration.md:803 + website/docs/getting-started/configuration.md:817-820 - the text is converted before its shape is judged, and a word that is neither `true` nor `false` is not a boolean; string-number: read from website/docs/getting-started/configuration.md:803 + website/docs/getting-started/configuration.md:817-820 - the text is converted before its shape is judged, so `1` arrives as a number exactly as `25` does, and a number is not one of the two words a boolean accepts (website/docs/getting-started/configuration.md:803)	null
form	yaml	rules.cohesion.lcom.enabled	null,bool	default	website/docs/getting-started/configuration.md:232-235 + src/Analysis/Finding/Contract/Rule/RuleOptionKeySet.php:28-34 snake=camel=kebab	website/docs/getting-started/configuration.md:130-136	PROMISED	no per-path example; class carrier C5-enabled | string-nonnumber: read from website/docs/getting-started/configuration.md:803 - a boolean accepts `true` / `false`; a quoted `"false"` is a string, and a value of another shape ends the run with exit code 3 (website/docs/getting-started/configuration.md:786-791); string-number: read from website/docs/getting-started/configuration.md:803 - a boolean accepts `true` / `false`; `1`-as-string is a string, and a value of another shape ends the run with exit code 3 (website/docs/getting-started/configuration.md:786-791)	
form	rule-opt	rules.cohesion.lcom.enabled	bool	refuse	website/docs/getting-started/configuration.md:232-235 + src/Analysis/Finding/Contract/Rule/RuleOptionKeySet.php:28-34 snake=camel=kebab	website/docs/getting-started/configuration.md:130-136 + website/docs/usage/cli-options.md:669-674	DECIDED	no per-path example; class carrier C5-enabled | CLI door carries scalar text only (website/docs/usage/cli-options.md:669-674) | null: empty value after `=`: no carrier; ADR 0052 row 4 (accepted set closed before analysis) -> refuse; string-nonnumber: read from website/docs/getting-started/configuration.md:803 + website/docs/getting-started/configuration.md:817-820 - the text is converted before its shape is judged, and a word that is neither `true` nor `false` is not a boolean; string-number: read from website/docs/getting-started/configuration.md:803 + website/docs/getting-started/configuration.md:817-820 - the text is converted before its shape is judged, so `1` arrives as a number exactly as `25` does, and a number is not one of the two words a boolean accepts (website/docs/getting-started/configuration.md:803)	null
form	yaml	rules.cohesion.lcom.error	null,int	default	website/docs/getting-started/configuration.md:232-235 + src/Analysis/Finding/Contract/Rule/RuleOptionKeySet.php:28-34 snake=camel=kebab	website/docs/rules/cohesion.md:30	DECIDED	form taken from the documented example `5`; complement refused by website/docs/getting-started/configuration.md:738-744 | float: carrier shows integers only; "number vs integer" not settled by any carrier; ADR 0052 row 4 -> refuse a fractional threshold rather than truncate; string-number: read from website/docs/getting-started/configuration.md:804 + website/docs/getting-started/configuration.md:815-816 - a quoted number is a string and a whole number does not accept `"15"`; a value of another shape ends the run with exit code 3 (website/docs/getting-started/configuration.md:786-791)	float
form	rule-opt	rules.cohesion.lcom.error	int,string-number	refuse	website/docs/getting-started/configuration.md:232-235 + src/Analysis/Finding/Contract/Rule/RuleOptionKeySet.php:28-34 snake=camel=kebab	website/docs/rules/cohesion.md:30 + website/docs/usage/cli-options.md:669-674	DECIDED	form taken from the documented example `5`; complement refused by website/docs/getting-started/configuration.md:738-744 | CLI door carries scalar text only (website/docs/usage/cli-options.md:669-674) | float: carrier shows integers only; "number vs integer" not settled by any carrier; ADR 0052 row 4 -> refuse a fractional threshold rather than truncate; null: empty value after `=`: no carrier; ADR 0052 row 4 (accepted set closed before analysis) -> refuse; string-number: read from website/docs/getting-started/configuration.md:817-820 - a value arriving on the command line is text by construction and is converted before its shape is judged, so the quoted spelling is accepted on this door	float,null
form	yaml	rules.cohesion.lcom.exclude-methods	null,list,string-nonnumber,string-number	default	website/docs/getting-started/configuration.md:232-235 + src/Analysis/Finding/Contract/Rule/RuleOptionKeySet.php:28-34 snake=camel=kebab	website/docs/rules/cohesion.md:33 + website/docs/rules/cohesion.md:36-38	PROMISED	form taken from the documented example `[getName, getDescription]`; complement refused by website/docs/getting-started/configuration.md:738-744 | string-nonnumber, string-number: website/docs/rules/cohesion.md:36-38 - a single string is the one-element list, and a digit string is an element like any other	
form	rule-opt	rules.cohesion.lcom.exclude-methods	string-nonnumber	refuse	website/docs/getting-started/configuration.md:232-235 + src/Analysis/Finding/Contract/Rule/RuleOptionKeySet.php:28-34 snake=camel=kebab	website/docs/rules/cohesion.md:33 + website/docs/usage/cli-options.md:669-674 + website/docs/rules/cohesion.md:36-38	DECIDED	form taken from the documented example `[getName, getDescription]`; complement refused by website/docs/getting-started/configuration.md:738-744 | CLI door carries scalar text only (website/docs/usage/cli-options.md:669-674) | a container value is not writable on this door at all (website/docs/usage/cli-options.md:669-674); only a deeper scalar path is | null: empty value after `=`: no carrier; ADR 0052 row 4 (accepted set closed before analysis) -> refuse | string-nonnumber: website/docs/rules/cohesion.md:36-38 - a single string is the one-element list, which is exactly what this door can carry; the text after `=` is never split, so the list form stays unwritable here	null
form	yaml	rules.cohesion.lcom.exclude-readonly	null,bool	default	website/docs/getting-started/configuration.md:232-235 + src/Analysis/Finding/Contract/Rule/RuleOptionKeySet.php:28-34 snake=camel=kebab	website/docs/rules/cohesion.md:31	PROMISED	form taken from the documented example `true`; complement refused by website/docs/getting-started/configuration.md:738-744 | string-nonnumber: read from website/docs/getting-started/configuration.md:803 - a boolean accepts `true` / `false`; a quoted `"false"` is a string, and a value of another shape ends the run with exit code 3 (website/docs/getting-started/configuration.md:786-791); string-number: read from website/docs/getting-started/configuration.md:803 - a boolean accepts `true` / `false`; `1`-as-string is a string, and a value of another shape ends the run with exit code 3 (website/docs/getting-started/configuration.md:786-791)	
form	rule-opt	rules.cohesion.lcom.exclude-readonly	bool	refuse	website/docs/getting-started/configuration.md:232-235 + src/Analysis/Finding/Contract/Rule/RuleOptionKeySet.php:28-34 snake=camel=kebab	website/docs/rules/cohesion.md:31 + website/docs/usage/cli-options.md:669-674	DECIDED	form taken from the documented example `true`; complement refused by website/docs/getting-started/configuration.md:738-744 | CLI door carries scalar text only (website/docs/usage/cli-options.md:669-674) | null: empty value after `=`: no carrier; ADR 0052 row 4 (accepted set closed before analysis) -> refuse; string-nonnumber: read from website/docs/getting-started/configuration.md:803 + website/docs/getting-started/configuration.md:817-820 - the text is converted before its shape is judged, and a word that is neither `true` nor `false` is not a boolean; string-number: read from website/docs/getting-started/configuration.md:803 + website/docs/getting-started/configuration.md:817-820 - the text is converted before its shape is judged, so `1` arrives as a number exactly as `25` does, and a number is not one of the two words a boolean accepts (website/docs/getting-started/configuration.md:803)	null
form	yaml	rules.cohesion.lcom.min-methods	null,int	default	website/docs/getting-started/configuration.md:232-235 + src/Analysis/Finding/Contract/Rule/RuleOptionKeySet.php:28-34 snake=camel=kebab	website/docs/rules/cohesion.md:32	DECIDED	form taken from the documented example `3`; complement refused by website/docs/getting-started/configuration.md:738-744 | float: carrier shows integers only; "number vs integer" not settled by any carrier; ADR 0052 row 4 -> refuse a fractional threshold rather than truncate; string-number: read from website/docs/getting-started/configuration.md:804 + website/docs/getting-started/configuration.md:815-816 - a quoted number is a string and a whole number does not accept `"15"`; a value of another shape ends the run with exit code 3 (website/docs/getting-started/configuration.md:786-791)	float
form	rule-opt	rules.cohesion.lcom.min-methods	int,string-number	refuse	website/docs/getting-started/configuration.md:232-235 + src/Analysis/Finding/Contract/Rule/RuleOptionKeySet.php:28-34 snake=camel=kebab	website/docs/rules/cohesion.md:32 + website/docs/usage/cli-options.md:669-674	DECIDED	form taken from the documented example `3`; complement refused by website/docs/getting-started/configuration.md:738-744 | CLI door carries scalar text only (website/docs/usage/cli-options.md:669-674) | float: carrier shows integers only; "number vs integer" not settled by any carrier; ADR 0052 row 4 -> refuse a fractional threshold rather than truncate; null: empty value after `=`: no carrier; ADR 0052 row 4 (accepted set closed before analysis) -> refuse; string-number: read from website/docs/getting-started/configuration.md:817-820 - a value arriving on the command line is text by construction and is converted before its shape is judged, so the quoted spelling is accepted on this door	float,null
form	yaml	rules.cohesion.lcom.threshold	null,int	default	website/docs/getting-started/configuration.md:232-235 + src/Analysis/Finding/Contract/Rule/RuleOptionKeySet.php:28-34 snake=camel=kebab; website/docs/getting-started/configuration.md:152-166 threshold:N == warning:N,error:N	website/docs/getting-started/configuration.md:138-151	DECIDED	no per-path example; class carrier C6a-thresh | float: carrier shows integers only; "number vs integer" not settled by any carrier; ADR 0052 row 4 -> refuse a fractional threshold rather than truncate; string-number: read from website/docs/getting-started/configuration.md:804 + website/docs/getting-started/configuration.md:815-816 - a quoted number is a string and a whole number does not accept `"15"`; a value of another shape ends the run with exit code 3 (website/docs/getting-started/configuration.md:786-791)	float
form	rule-opt	rules.cohesion.lcom.threshold	int,string-number	refuse	website/docs/getting-started/configuration.md:232-235 + src/Analysis/Finding/Contract/Rule/RuleOptionKeySet.php:28-34 snake=camel=kebab; website/docs/getting-started/configuration.md:152-166 threshold:N == warning:N,error:N	website/docs/getting-started/configuration.md:138-151 + website/docs/usage/cli-options.md:669-674	DECIDED	no per-path example; class carrier C6a-thresh | CLI door carries scalar text only (website/docs/usage/cli-options.md:669-674) | float: carrier shows integers only; "number vs integer" not settled by any carrier; ADR 0052 row 4 -> refuse a fractional threshold rather than truncate; null: empty value after `=`: no carrier; ADR 0052 row 4 (accepted set closed before analysis) -> refuse; string-number: read from website/docs/getting-started/configuration.md:817-820 - a value arriving on the command line is text by construction and is converted before its shape is judged, so the quoted spelling is accepted on this door	float,null
form	yaml	rules.cohesion.lcom.warning	null,int	default	website/docs/getting-started/configuration.md:232-235 + src/Analysis/Finding/Contract/Rule/RuleOptionKeySet.php:28-34 snake=camel=kebab	website/docs/rules/cohesion.md:29	DECIDED	form taken from the documented example `3`; complement refused by website/docs/getting-started/configuration.md:738-744 | float: carrier shows integers only; "number vs integer" not settled by any carrier; ADR 0052 row 4 -> refuse a fractional threshold rather than truncate; string-number: read from website/docs/getting-started/configuration.md:804 + website/docs/getting-started/configuration.md:815-816 - a quoted number is a string and a whole number does not accept `"15"`; a value of another shape ends the run with exit code 3 (website/docs/getting-started/configuration.md:786-791)	float
form	rule-opt	rules.cohesion.lcom.warning	int,string-number	refuse	website/docs/getting-started/configuration.md:232-235 + src/Analysis/Finding/Contract/Rule/RuleOptionKeySet.php:28-34 snake=camel=kebab	website/docs/rules/cohesion.md:29 + website/docs/usage/cli-options.md:669-674	DECIDED	form taken from the documented example `3`; complement refused by website/docs/getting-started/configuration.md:738-744 | CLI door carries scalar text only (website/docs/usage/cli-options.md:669-674) | float: carrier shows integers only; "number vs integer" not settled by any carrier; ADR 0052 row 4 -> refuse a fractional threshold rather than truncate; null: empty value after `=`: no carrier; ADR 0052 row 4 (accepted set closed before analysis) -> refuse; string-number: read from website/docs/getting-started/configuration.md:817-820 - a value arriving on the command line is text by construction and is converted before its shape is judged, so the quoted spelling is accepted on this door	float,null
form	yaml	rules.complexity.cognitive.callable	null,map	default	website/docs/getting-started/configuration.md:232-235 + src/Analysis/Finding/Contract/Rule/RuleOptionKeySet.php:28-34 snake=camel=kebab	website/docs/rules/complexity.md:232 + src/Analysis/Finding/Contract/Rule/LevelOptionsInterface.php:33-39	PROMISED	form taken from the documented example ``; complement refused by website/docs/getting-started/configuration.md:738-744 | a slot is a map of its own keys (contract docblock)	
form	rule-opt	rules.complexity.cognitive.callable		refuse	website/docs/getting-started/configuration.md:232-235 + src/Analysis/Finding/Contract/Rule/RuleOptionKeySet.php:28-34 snake=camel=kebab	website/docs/rules/complexity.md:232 + src/Analysis/Finding/Contract/Rule/LevelOptionsInterface.php:33-39 + website/docs/usage/cli-options.md:669-674	DECIDED	form taken from the documented example ``; complement refused by website/docs/getting-started/configuration.md:738-744 | a slot is a map of its own keys (contract docblock) | CLI door carries scalar text only (website/docs/usage/cli-options.md:669-674) | a container value is not writable on this door at all (website/docs/usage/cli-options.md:669-674); only a deeper scalar path is | null: empty value after `=`: no carrier; ADR 0052 row 4 (accepted set closed before analysis) -> refuse	null
form	yaml	rules.complexity.cognitive.class	null,map	default	website/docs/getting-started/configuration.md:232-235 + src/Analysis/Finding/Contract/Rule/RuleOptionKeySet.php:28-34 snake=camel=kebab	website/docs/rules/complexity.md:235 + src/Analysis/Finding/Contract/Rule/LevelOptionsInterface.php:33-39	PROMISED	form taken from the documented example ``; complement refused by website/docs/getting-started/configuration.md:738-744 | a slot is a map of its own keys (contract docblock)	
form	rule-opt	rules.complexity.cognitive.class		refuse	website/docs/getting-started/configuration.md:232-235 + src/Analysis/Finding/Contract/Rule/RuleOptionKeySet.php:28-34 snake=camel=kebab	website/docs/rules/complexity.md:235 + src/Analysis/Finding/Contract/Rule/LevelOptionsInterface.php:33-39 + website/docs/usage/cli-options.md:669-674	DECIDED	form taken from the documented example ``; complement refused by website/docs/getting-started/configuration.md:738-744 | a slot is a map of its own keys (contract docblock) | CLI door carries scalar text only (website/docs/usage/cli-options.md:669-674) | a container value is not writable on this door at all (website/docs/usage/cli-options.md:669-674); only a deeper scalar path is | null: empty value after `=`: no carrier; ADR 0052 row 4 (accepted set closed before analysis) -> refuse	null
form	yaml	rules.complexity.cognitive.enabled	null,bool	default	website/docs/getting-started/configuration.md:232-235 + src/Analysis/Finding/Contract/Rule/RuleOptionKeySet.php:28-34 snake=camel=kebab	website/docs/getting-started/configuration.md:130-136	PROMISED	no per-path example; class carrier C5-enabled | string-nonnumber: read from website/docs/getting-started/configuration.md:803 - a boolean accepts `true` / `false`; a quoted `"false"` is a string, and a value of another shape ends the run with exit code 3 (website/docs/getting-started/configuration.md:786-791); string-number: read from website/docs/getting-started/configuration.md:803 - a boolean accepts `true` / `false`; `1`-as-string is a string, and a value of another shape ends the run with exit code 3 (website/docs/getting-started/configuration.md:786-791)	
form	rule-opt	rules.complexity.cognitive.enabled	bool	refuse	website/docs/getting-started/configuration.md:232-235 + src/Analysis/Finding/Contract/Rule/RuleOptionKeySet.php:28-34 snake=camel=kebab	website/docs/getting-started/configuration.md:130-136 + website/docs/usage/cli-options.md:669-674	DECIDED	no per-path example; class carrier C5-enabled | CLI door carries scalar text only (website/docs/usage/cli-options.md:669-674) | null: empty value after `=`: no carrier; ADR 0052 row 4 (accepted set closed before analysis) -> refuse; string-nonnumber: read from website/docs/getting-started/configuration.md:803 + website/docs/getting-started/configuration.md:817-820 - the text is converted before its shape is judged, and a word that is neither `true` nor `false` is not a boolean; string-number: read from website/docs/getting-started/configuration.md:803 + website/docs/getting-started/configuration.md:817-820 - the text is converted before its shape is judged, so `1` arrives as a number exactly as `25` does, and a number is not one of the two words a boolean accepts (website/docs/getting-started/configuration.md:803)	null
form	yaml	rules.complexity.cognitive.threshold	null,int	default	website/docs/getting-started/configuration.md:232-235 + src/Analysis/Finding/Contract/Rule/RuleOptionKeySet.php:28-34 snake=camel=kebab; website/docs/getting-started/configuration.md:152-166 threshold:N == warning:N,error:N	website/docs/getting-started/configuration.md:138-151	DECIDED	no per-path example; class carrier C6a-thresh | float: carrier shows integers only; "number vs integer" not settled by any carrier; ADR 0052 row 4 -> refuse a fractional threshold rather than truncate; string-number: read from website/docs/getting-started/configuration.md:804 + website/docs/getting-started/configuration.md:815-816 - a quoted number is a string and a whole number does not accept `"15"`; a value of another shape ends the run with exit code 3 (website/docs/getting-started/configuration.md:786-791) | null: NARROWED by website/docs/getting-started/configuration.md:883-902 - inside `rules:` the equivalence with omission stops for this key: it is one of the threshold keys the carrier names for this rule, and writing it at the rule's own top level selects the flat form "with `~` exactly as with a number", so the `callable:`/`class:`/`namespace:` blocks beside it are then not read. The key's OWN VALUE still takes the default (website/docs/getting-started/configuration.md:862-864); what `~` no longer means is an unwritten key. Coordinate value changed default -> default-value-present-key accordingly | X19: the carve-out this value existed for is gone. The carrier no longer says the equivalence stops inside `rules:`, because the product no longer reads a written key with no value as a choice of branch. The value half and the presence half have converged, so the narrower name has nothing left to name.	float
form	rule-opt	rules.complexity.cognitive.threshold	int,string-number	refuse	website/docs/getting-started/configuration.md:232-235 + src/Analysis/Finding/Contract/Rule/RuleOptionKeySet.php:28-34 snake=camel=kebab; website/docs/getting-started/configuration.md:152-166 threshold:N == warning:N,error:N	website/docs/getting-started/configuration.md:138-151 + website/docs/usage/cli-options.md:669-674	DECIDED	no per-path example; class carrier C6a-thresh | CLI door carries scalar text only (website/docs/usage/cli-options.md:669-674) | float: carrier shows integers only; "number vs integer" not settled by any carrier; ADR 0052 row 4 -> refuse a fractional threshold rather than truncate; null: empty value after `=`: no carrier; ADR 0052 row 4 (accepted set closed before analysis) -> refuse; string-number: read from website/docs/getting-started/configuration.md:817-820 - a value arriving on the command line is text by construction and is converted before its shape is judged, so the quoted spelling is accepted on this door	float,null
form	yaml	rules.complexity.cognitive.callable.enabled	null,bool	default	website/docs/getting-started/configuration.md:232-235 + src/Analysis/Finding/Contract/Rule/RuleOptionKeySet.php:28-34 snake=camel=kebab	website/docs/getting-started/configuration.md:130-136	PROMISED	no per-path example; class carrier C5-enabled | string-nonnumber: read from website/docs/getting-started/configuration.md:803 - a boolean accepts `true` / `false`; a quoted `"false"` is a string, and a value of another shape ends the run with exit code 3 (website/docs/getting-started/configuration.md:786-791); string-number: read from website/docs/getting-started/configuration.md:803 - a boolean accepts `true` / `false`; `1`-as-string is a string, and a value of another shape ends the run with exit code 3 (website/docs/getting-started/configuration.md:786-791)	
form	rule-opt	rules.complexity.cognitive.callable.enabled	bool	refuse	website/docs/getting-started/configuration.md:232-235 + src/Analysis/Finding/Contract/Rule/RuleOptionKeySet.php:28-34 snake=camel=kebab	website/docs/getting-started/configuration.md:130-136 + website/docs/usage/cli-options.md:669-674	DECIDED	no per-path example; class carrier C5-enabled | CLI door carries scalar text only (website/docs/usage/cli-options.md:669-674) | null: empty value after `=`: no carrier; ADR 0052 row 4 (accepted set closed before analysis) -> refuse; string-nonnumber: read from website/docs/getting-started/configuration.md:803 + website/docs/getting-started/configuration.md:817-820 - the text is converted before its shape is judged, and a word that is neither `true` nor `false` is not a boolean; string-number: read from website/docs/getting-started/configuration.md:803 + website/docs/getting-started/configuration.md:817-820 - the text is converted before its shape is judged, so `1` arrives as a number exactly as `25` does, and a number is not one of the two words a boolean accepts (website/docs/getting-started/configuration.md:803)	null
form	yaml	rules.complexity.cognitive.callable.error	null,int	default	website/docs/getting-started/configuration.md:232-235 + src/Analysis/Finding/Contract/Rule/RuleOptionKeySet.php:28-34 snake=camel=kebab	website/docs/rules/complexity.md:234	DECIDED	form taken from the documented example `40`; complement refused by website/docs/getting-started/configuration.md:738-744 | float: carrier shows integers only; "number vs integer" not settled by any carrier; ADR 0052 row 4 -> refuse a fractional threshold rather than truncate; string-number: read from website/docs/getting-started/configuration.md:804 + website/docs/getting-started/configuration.md:815-816 - a quoted number is a string and a whole number does not accept `"15"`; a value of another shape ends the run with exit code 3 (website/docs/getting-started/configuration.md:786-791)	float
form	rule-opt	rules.complexity.cognitive.callable.error	int,string-number	refuse	website/docs/getting-started/configuration.md:232-235 + src/Analysis/Finding/Contract/Rule/RuleOptionKeySet.php:28-34 snake=camel=kebab	website/docs/rules/complexity.md:250	DECIDED	form taken from the documented example `40`; complement refused by website/docs/getting-started/configuration.md:738-744 | CLI door carries scalar text only (website/docs/usage/cli-options.md:669-674) | float: carrier shows integers only; "number vs integer" not settled by any carrier; ADR 0052 row 4 -> refuse a fractional threshold rather than truncate; null: empty value after `=`: no carrier; ADR 0052 row 4 (accepted set closed before analysis) -> refuse; string-number: read from website/docs/getting-started/configuration.md:817-820 - a value arriving on the command line is text by construction and is converted before its shape is judged, so the quoted spelling is accepted on this door	float,null
form	yaml	rules.complexity.cognitive.callable.threshold	null,int	default	website/docs/getting-started/configuration.md:232-235 + src/Analysis/Finding/Contract/Rule/RuleOptionKeySet.php:28-34 snake=camel=kebab; website/docs/getting-started/configuration.md:152-166 threshold:N == warning:N,error:N	website/docs/rules/complexity.md:245	DECIDED	form taken from the documented example `20   # warning=20, error=20 → all violat`; complement refused by website/docs/getting-started/configuration.md:738-744 | float: carrier shows integers only; "number vs integer" not settled by any carrier; ADR 0052 row 4 -> refuse a fractional threshold rather than truncate; string-number: read from website/docs/getting-started/configuration.md:804 + website/docs/getting-started/configuration.md:815-816 - a quoted number is a string and a whole number does not accept `"15"`; a value of another shape ends the run with exit code 3 (website/docs/getting-started/configuration.md:786-791)	float
form	rule-opt	rules.complexity.cognitive.callable.threshold	int,string-number	refuse	website/docs/getting-started/configuration.md:232-235 + src/Analysis/Finding/Contract/Rule/RuleOptionKeySet.php:28-34 snake=camel=kebab; website/docs/getting-started/configuration.md:152-166 threshold:N == warning:N,error:N	website/docs/rules/complexity.md:245 + website/docs/usage/cli-options.md:669-674	DECIDED	form taken from the documented example `20   # warning=20, error=20 → all violat`; complement refused by website/docs/getting-started/configuration.md:738-744 | CLI door carries scalar text only (website/docs/usage/cli-options.md:669-674) | float: carrier shows integers only; "number vs integer" not settled by any carrier; ADR 0052 row 4 -> refuse a fractional threshold rather than truncate; null: empty value after `=`: no carrier; ADR 0052 row 4 (accepted set closed before analysis) -> refuse; string-number: read from website/docs/getting-started/configuration.md:817-820 - a value arriving on the command line is text by construction and is converted before its shape is judged, so the quoted spelling is accepted on this door	float,null
form	yaml	rules.complexity.cognitive.callable.warning	null,int	default	website/docs/getting-started/configuration.md:232-235 + src/Analysis/Finding/Contract/Rule/RuleOptionKeySet.php:28-34 snake=camel=kebab	website/docs/rules/complexity.md:233	DECIDED	form taken from the documented example `20`; complement refused by website/docs/getting-started/configuration.md:738-744 | float: carrier shows integers only; "number vs integer" not settled by any carrier; ADR 0052 row 4 -> refuse a fractional threshold rather than truncate; string-number: read from website/docs/getting-started/configuration.md:804 + website/docs/getting-started/configuration.md:815-816 - a quoted number is a string and a whole number does not accept `"15"`; a value of another shape ends the run with exit code 3 (website/docs/getting-started/configuration.md:786-791)	float
form	rule-opt	rules.complexity.cognitive.callable.warning	int,string-number	refuse	website/docs/getting-started/configuration.md:232-235 + src/Analysis/Finding/Contract/Rule/RuleOptionKeySet.php:28-34 snake=camel=kebab	website/docs/rules/complexity.md:249	DECIDED	form taken from the documented example `20`; complement refused by website/docs/getting-started/configuration.md:738-744 | CLI door carries scalar text only (website/docs/usage/cli-options.md:669-674) | float: carrier shows integers only; "number vs integer" not settled by any carrier; ADR 0052 row 4 -> refuse a fractional threshold rather than truncate; null: empty value after `=`: no carrier; ADR 0052 row 4 (accepted set closed before analysis) -> refuse; string-number: read from website/docs/getting-started/configuration.md:817-820 - a value arriving on the command line is text by construction and is converted before its shape is judged, so the quoted spelling is accepted on this door	float,null
form	yaml	rules.complexity.cognitive.class.enabled	null,bool	default	website/docs/getting-started/configuration.md:232-235 + src/Analysis/Finding/Contract/Rule/RuleOptionKeySet.php:28-34 snake=camel=kebab	website/docs/getting-started/configuration.md:130-136	PROMISED	no per-path example; class carrier C5-enabled | string-nonnumber: read from website/docs/getting-started/configuration.md:803 - a boolean accepts `true` / `false`; a quoted `"false"` is a string, and a value of another shape ends the run with exit code 3 (website/docs/getting-started/configuration.md:786-791); string-number: read from website/docs/getting-started/configuration.md:803 - a boolean accepts `true` / `false`; `1`-as-string is a string, and a value of another shape ends the run with exit code 3 (website/docs/getting-started/configuration.md:786-791)	
form	rule-opt	rules.complexity.cognitive.class.enabled	bool	refuse	website/docs/getting-started/configuration.md:232-235 + src/Analysis/Finding/Contract/Rule/RuleOptionKeySet.php:28-34 snake=camel=kebab	website/docs/getting-started/configuration.md:130-136 + website/docs/usage/cli-options.md:669-674	DECIDED	no per-path example; class carrier C5-enabled | CLI door carries scalar text only (website/docs/usage/cli-options.md:669-674) | null: empty value after `=`: no carrier; ADR 0052 row 4 (accepted set closed before analysis) -> refuse; string-nonnumber: read from website/docs/getting-started/configuration.md:803 + website/docs/getting-started/configuration.md:817-820 - the text is converted before its shape is judged, and a word that is neither `true` nor `false` is not a boolean; string-number: read from website/docs/getting-started/configuration.md:803 + website/docs/getting-started/configuration.md:817-820 - the text is converted before its shape is judged, so `1` arrives as a number exactly as `25` does, and a number is not one of the two words a boolean accepts (website/docs/getting-started/configuration.md:803)	null
form	yaml	rules.complexity.cognitive.class.max-error	null,int	default	website/docs/getting-started/configuration.md:232-235 + src/Analysis/Finding/Contract/Rule/RuleOptionKeySet.php:28-34 snake=camel=kebab	website/docs/getting-started/configuration.md:138-151	DECIDED	no per-path example; class carrier C6a-thresh | float: carrier shows integers only; "number vs integer" not settled by any carrier; ADR 0052 row 4 -> refuse a fractional threshold rather than truncate; string-number: read from website/docs/getting-started/configuration.md:804 + website/docs/getting-started/configuration.md:815-816 - a quoted number is a string and a whole number does not accept `"15"`; a value of another shape ends the run with exit code 3 (website/docs/getting-started/configuration.md:786-791)	float
form	rule-opt	rules.complexity.cognitive.class.max-error	int,string-number	refuse	website/docs/getting-started/configuration.md:232-235 + src/Analysis/Finding/Contract/Rule/RuleOptionKeySet.php:28-34 snake=camel=kebab	website/docs/getting-started/configuration.md:138-151 + website/docs/usage/cli-options.md:669-674	DECIDED	no per-path example; class carrier C6a-thresh | CLI door carries scalar text only (website/docs/usage/cli-options.md:669-674) | float: carrier shows integers only; "number vs integer" not settled by any carrier; ADR 0052 row 4 -> refuse a fractional threshold rather than truncate; null: empty value after `=`: no carrier; ADR 0052 row 4 (accepted set closed before analysis) -> refuse; string-number: read from website/docs/getting-started/configuration.md:817-820 - a value arriving on the command line is text by construction and is converted before its shape is judged, so the quoted spelling is accepted on this door	float,null
form	yaml	rules.complexity.cognitive.class.max-warning	null,int	default	website/docs/getting-started/configuration.md:232-235 + src/Analysis/Finding/Contract/Rule/RuleOptionKeySet.php:28-34 snake=camel=kebab	website/docs/rules/complexity.md:236	DECIDED	form taken from the documented example `40`; complement refused by website/docs/getting-started/configuration.md:738-744 | float: carrier shows integers only; "number vs integer" not settled by any carrier; ADR 0052 row 4 -> refuse a fractional threshold rather than truncate; string-number: read from website/docs/getting-started/configuration.md:804 + website/docs/getting-started/configuration.md:815-816 - a quoted number is a string and a whole number does not accept `"15"`; a value of another shape ends the run with exit code 3 (website/docs/getting-started/configuration.md:786-791)	float
form	rule-opt	rules.complexity.cognitive.class.max-warning	int,string-number	refuse	website/docs/getting-started/configuration.md:232-235 + src/Analysis/Finding/Contract/Rule/RuleOptionKeySet.php:28-34 snake=camel=kebab	website/docs/rules/complexity.md:236 + website/docs/usage/cli-options.md:669-674	DECIDED	form taken from the documented example `40`; complement refused by website/docs/getting-started/configuration.md:738-744 | CLI door carries scalar text only (website/docs/usage/cli-options.md:669-674) | float: carrier shows integers only; "number vs integer" not settled by any carrier; ADR 0052 row 4 -> refuse a fractional threshold rather than truncate; null: empty value after `=`: no carrier; ADR 0052 row 4 (accepted set closed before analysis) -> refuse; string-number: read from website/docs/getting-started/configuration.md:817-820 - a value arriving on the command line is text by construction and is converted before its shape is judged, so the quoted spelling is accepted on this door	float,null
form	yaml	rules.complexity.cognitive.class.threshold	null,int	default	website/docs/getting-started/configuration.md:232-235 + src/Analysis/Finding/Contract/Rule/RuleOptionKeySet.php:28-34 snake=camel=kebab; website/docs/getting-started/configuration.md:152-166 threshold:N == warning:N,error:N	website/docs/getting-started/configuration.md:138-151	DECIDED	no per-path example; class carrier C6a-thresh | float: carrier shows integers only; "number vs integer" not settled by any carrier; ADR 0052 row 4 -> refuse a fractional threshold rather than truncate; string-number: read from website/docs/getting-started/configuration.md:804 + website/docs/getting-started/configuration.md:815-816 - a quoted number is a string and a whole number does not accept `"15"`; a value of another shape ends the run with exit code 3 (website/docs/getting-started/configuration.md:786-791)	float
form	rule-opt	rules.complexity.cognitive.class.threshold	int,string-number	refuse	website/docs/getting-started/configuration.md:232-235 + src/Analysis/Finding/Contract/Rule/RuleOptionKeySet.php:28-34 snake=camel=kebab; website/docs/getting-started/configuration.md:152-166 threshold:N == warning:N,error:N	website/docs/getting-started/configuration.md:138-151 + website/docs/usage/cli-options.md:669-674	DECIDED	no per-path example; class carrier C6a-thresh | CLI door carries scalar text only (website/docs/usage/cli-options.md:669-674) | float: carrier shows integers only; "number vs integer" not settled by any carrier; ADR 0052 row 4 -> refuse a fractional threshold rather than truncate; null: empty value after `=`: no carrier; ADR 0052 row 4 (accepted set closed before analysis) -> refuse; string-number: read from website/docs/getting-started/configuration.md:817-820 - a value arriving on the command line is text by construction and is converted before its shape is judged, so the quoted spelling is accepted on this door	float,null
form	yaml	rules.complexity.ccn.callable	null,map	default	website/docs/getting-started/configuration.md:232-235 + src/Analysis/Finding/Contract/Rule/RuleOptionKeySet.php:28-34 snake=camel=kebab	website/docs/usage/usage-scenarios.md:30 + src/Analysis/Finding/Contract/Rule/LevelOptionsInterface.php:33-39	PROMISED	form taken from the documented example ``; complement refused by website/docs/getting-started/configuration.md:738-744 | a slot is a map of its own keys (contract docblock)	
form	rule-opt	rules.complexity.ccn.callable		refuse	website/docs/getting-started/configuration.md:232-235 + src/Analysis/Finding/Contract/Rule/RuleOptionKeySet.php:28-34 snake=camel=kebab	website/docs/usage/usage-scenarios.md:30 + src/Analysis/Finding/Contract/Rule/LevelOptionsInterface.php:33-39 + website/docs/usage/cli-options.md:669-674	DECIDED	form taken from the documented example ``; complement refused by website/docs/getting-started/configuration.md:738-744 | a slot is a map of its own keys (contract docblock) | CLI door carries scalar text only (website/docs/usage/cli-options.md:669-674) | a container value is not writable on this door at all (website/docs/usage/cli-options.md:669-674); only a deeper scalar path is | null: empty value after `=`: no carrier; ADR 0052 row 4 (accepted set closed before analysis) -> refuse	null
form	yaml	rules.complexity.ccn.class	null,map	default	website/docs/getting-started/configuration.md:232-235 + src/Analysis/Finding/Contract/Rule/RuleOptionKeySet.php:28-34 snake=camel=kebab	website/docs/rules/complexity.md:115 + src/Analysis/Finding/Contract/Rule/LevelOptionsInterface.php:33-39	PROMISED	form taken from the documented example ``; complement refused by website/docs/getting-started/configuration.md:738-744 | a slot is a map of its own keys (contract docblock)	
form	rule-opt	rules.complexity.ccn.class		refuse	website/docs/getting-started/configuration.md:232-235 + src/Analysis/Finding/Contract/Rule/RuleOptionKeySet.php:28-34 snake=camel=kebab	website/docs/rules/complexity.md:115 + src/Analysis/Finding/Contract/Rule/LevelOptionsInterface.php:33-39 + website/docs/usage/cli-options.md:669-674	DECIDED	form taken from the documented example ``; complement refused by website/docs/getting-started/configuration.md:738-744 | a slot is a map of its own keys (contract docblock) | CLI door carries scalar text only (website/docs/usage/cli-options.md:669-674) | a container value is not writable on this door at all (website/docs/usage/cli-options.md:669-674); only a deeper scalar path is | null: empty value after `=`: no carrier; ADR 0052 row 4 (accepted set closed before analysis) -> refuse	null
form	yaml	rules.complexity.ccn.enabled	null,bool	default	website/docs/getting-started/configuration.md:232-235 + src/Analysis/Finding/Contract/Rule/RuleOptionKeySet.php:28-34 snake=camel=kebab	website/docs/getting-started/configuration.md:130-136	PROMISED	no per-path example; class carrier C5-enabled | string-nonnumber: read from website/docs/getting-started/configuration.md:803 - a boolean accepts `true` / `false`; a quoted `"false"` is a string, and a value of another shape ends the run with exit code 3 (website/docs/getting-started/configuration.md:786-791); string-number: read from website/docs/getting-started/configuration.md:803 - a boolean accepts `true` / `false`; `1`-as-string is a string, and a value of another shape ends the run with exit code 3 (website/docs/getting-started/configuration.md:786-791)	
form	rule-opt	rules.complexity.ccn.enabled	bool	refuse	website/docs/getting-started/configuration.md:232-235 + src/Analysis/Finding/Contract/Rule/RuleOptionKeySet.php:28-34 snake=camel=kebab	website/docs/getting-started/configuration.md:130-136 + website/docs/usage/cli-options.md:669-674	DECIDED	no per-path example; class carrier C5-enabled | CLI door carries scalar text only (website/docs/usage/cli-options.md:669-674) | null: empty value after `=`: no carrier; ADR 0052 row 4 (accepted set closed before analysis) -> refuse; string-nonnumber: read from website/docs/getting-started/configuration.md:803 + website/docs/getting-started/configuration.md:817-820 - the text is converted before its shape is judged, and a word that is neither `true` nor `false` is not a boolean; string-number: read from website/docs/getting-started/configuration.md:803 + website/docs/getting-started/configuration.md:817-820 - the text is converted before its shape is judged, so `1` arrives as a number exactly as `25` does, and a number is not one of the two words a boolean accepts (website/docs/getting-started/configuration.md:803)	null
form	yaml	rules.complexity.ccn.threshold	null,int	default	website/docs/getting-started/configuration.md:232-235 + src/Analysis/Finding/Contract/Rule/RuleOptionKeySet.php:28-34 snake=camel=kebab; website/docs/getting-started/configuration.md:152-166 threshold:N == warning:N,error:N	website/docs/getting-started/configuration.md:138-151	DECIDED	no per-path example; class carrier C6a-thresh | float: carrier shows integers only; "number vs integer" not settled by any carrier; ADR 0052 row 4 -> refuse a fractional threshold rather than truncate; string-number: read from website/docs/getting-started/configuration.md:804 + website/docs/getting-started/configuration.md:815-816 - a quoted number is a string and a whole number does not accept `"15"`; a value of another shape ends the run with exit code 3 (website/docs/getting-started/configuration.md:786-791) | null: NARROWED by website/docs/getting-started/configuration.md:883-902 - inside `rules:` the equivalence with omission stops for this key: it is one of the threshold keys the carrier names for this rule, and writing it at the rule's own top level selects the flat form "with `~` exactly as with a number", so the `callable:`/`class:`/`namespace:` blocks beside it are then not read. The key's OWN VALUE still takes the default (website/docs/getting-started/configuration.md:862-864); what `~` no longer means is an unwritten key. Coordinate value changed default -> default-value-present-key accordingly | X19: the carve-out this value existed for is gone. The carrier no longer says the equivalence stops inside `rules:`, because the product no longer reads a written key with no value as a choice of branch. The value half and the presence half have converged, so the narrower name has nothing left to name.	float
form	rule-opt	rules.complexity.ccn.threshold	int,string-number	refuse	website/docs/getting-started/configuration.md:232-235 + src/Analysis/Finding/Contract/Rule/RuleOptionKeySet.php:28-34 snake=camel=kebab; website/docs/getting-started/configuration.md:152-166 threshold:N == warning:N,error:N	website/docs/getting-started/configuration.md:138-151 + website/docs/usage/cli-options.md:669-674	DECIDED	no per-path example; class carrier C6a-thresh | CLI door carries scalar text only (website/docs/usage/cli-options.md:669-674) | float: carrier shows integers only; "number vs integer" not settled by any carrier; ADR 0052 row 4 -> refuse a fractional threshold rather than truncate; null: empty value after `=`: no carrier; ADR 0052 row 4 (accepted set closed before analysis) -> refuse; string-number: read from website/docs/getting-started/configuration.md:817-820 - a value arriving on the command line is text by construction and is converted before its shape is judged, so the quoted spelling is accepted on this door	float,null
form	yaml	rules.complexity.ccn.callable.enabled	null,bool	default	website/docs/getting-started/configuration.md:232-235 + src/Analysis/Finding/Contract/Rule/RuleOptionKeySet.php:28-34 snake=camel=kebab	website/docs/getting-started/configuration.md:130-136	PROMISED	no per-path example; class carrier C5-enabled | string-nonnumber: read from website/docs/getting-started/configuration.md:803 - a boolean accepts `true` / `false`; a quoted `"false"` is a string, and a value of another shape ends the run with exit code 3 (website/docs/getting-started/configuration.md:786-791); string-number: read from website/docs/getting-started/configuration.md:803 - a boolean accepts `true` / `false`; `1`-as-string is a string, and a value of another shape ends the run with exit code 3 (website/docs/getting-started/configuration.md:786-791)	
form	rule-opt	rules.complexity.ccn.callable.enabled	bool	refuse	website/docs/getting-started/configuration.md:232-235 + src/Analysis/Finding/Contract/Rule/RuleOptionKeySet.php:28-34 snake=camel=kebab	website/docs/getting-started/configuration.md:130-136 + website/docs/usage/cli-options.md:669-674	DECIDED	no per-path example; class carrier C5-enabled | CLI door carries scalar text only (website/docs/usage/cli-options.md:669-674) | null: empty value after `=`: no carrier; ADR 0052 row 4 (accepted set closed before analysis) -> refuse; string-nonnumber: read from website/docs/getting-started/configuration.md:803 + website/docs/getting-started/configuration.md:817-820 - the text is converted before its shape is judged, and a word that is neither `true` nor `false` is not a boolean; string-number: read from website/docs/getting-started/configuration.md:803 + website/docs/getting-started/configuration.md:817-820 - the text is converted before its shape is judged, so `1` arrives as a number exactly as `25` does, and a number is not one of the two words a boolean accepts (website/docs/getting-started/configuration.md:803)	null
form	yaml	rules.complexity.ccn.callable.error	null,int	default	website/docs/getting-started/configuration.md:232-235 + src/Analysis/Finding/Contract/Rule/RuleOptionKeySet.php:28-34 snake=camel=kebab	website/docs/usage/usage-scenarios.md:32	DECIDED	form taken from the documented example `20`; complement refused by website/docs/getting-started/configuration.md:738-744 | float: carrier shows integers only; "number vs integer" not settled by any carrier; ADR 0052 row 4 -> refuse a fractional threshold rather than truncate; string-number: read from website/docs/getting-started/configuration.md:804 + website/docs/getting-started/configuration.md:815-816 - a quoted number is a string and a whole number does not accept `"15"`; a value of another shape ends the run with exit code 3 (website/docs/getting-started/configuration.md:786-791)	float
form	rule-opt	rules.complexity.ccn.callable.error	int,string-number	refuse	website/docs/getting-started/configuration.md:232-235 + src/Analysis/Finding/Contract/Rule/RuleOptionKeySet.php:28-34 snake=camel=kebab	website/docs/usage/cli-options.md:660	DECIDED	form taken from the documented example `20`; complement refused by website/docs/getting-started/configuration.md:738-744 | CLI door carries scalar text only (website/docs/usage/cli-options.md:669-674) | float: carrier shows integers only; "number vs integer" not settled by any carrier; ADR 0052 row 4 -> refuse a fractional threshold rather than truncate; null: empty value after `=`: no carrier; ADR 0052 row 4 (accepted set closed before analysis) -> refuse; string-number: read from website/docs/getting-started/configuration.md:817-820 - a value arriving on the command line is text by construction and is converted before its shape is judged, so the quoted spelling is accepted on this door	float,null
form	yaml	rules.complexity.ccn.callable.threshold	null,int	default	website/docs/getting-started/configuration.md:232-235 + src/Analysis/Finding/Contract/Rule/RuleOptionKeySet.php:28-34 snake=camel=kebab; website/docs/getting-started/configuration.md:152-166 threshold:N == warning:N,error:N	website/docs/getting-started/configuration.md:160	DECIDED	form taken from the documented example `15    # warning=15, error=15 → all viola`; complement refused by website/docs/getting-started/configuration.md:738-744 | float: carrier shows integers only; "number vs integer" not settled by any carrier; ADR 0052 row 4 -> refuse a fractional threshold rather than truncate; string-number: read from website/docs/getting-started/configuration.md:804 + website/docs/getting-started/configuration.md:815-816 - a quoted number is a string and a whole number does not accept `"15"`; a value of another shape ends the run with exit code 3 (website/docs/getting-started/configuration.md:786-791)	float
form	rule-opt	rules.complexity.ccn.callable.threshold	int,string-number	refuse	website/docs/getting-started/configuration.md:232-235 + src/Analysis/Finding/Contract/Rule/RuleOptionKeySet.php:28-34 snake=camel=kebab; website/docs/getting-started/configuration.md:152-166 threshold:N == warning:N,error:N	website/docs/getting-started/configuration.md:160 + website/docs/usage/cli-options.md:669-674	DECIDED	form taken from the documented example `15    # warning=15, error=15 → all viola`; complement refused by website/docs/getting-started/configuration.md:738-744 | CLI door carries scalar text only (website/docs/usage/cli-options.md:669-674) | float: carrier shows integers only; "number vs integer" not settled by any carrier; ADR 0052 row 4 -> refuse a fractional threshold rather than truncate; null: empty value after `=`: no carrier; ADR 0052 row 4 (accepted set closed before analysis) -> refuse; string-number: read from website/docs/getting-started/configuration.md:817-820 - a value arriving on the command line is text by construction and is converted before its shape is judged, so the quoted spelling is accepted on this door	float,null
form	yaml	rules.complexity.ccn.callable.warning	null,int	default	website/docs/getting-started/configuration.md:232-235 + src/Analysis/Finding/Contract/Rule/RuleOptionKeySet.php:28-34 snake=camel=kebab	website/docs/usage/usage-scenarios.md:31	DECIDED	form taken from the documented example `10`; complement refused by website/docs/getting-started/configuration.md:738-744 | float: carrier shows integers only; "number vs integer" not settled by any carrier; ADR 0052 row 4 -> refuse a fractional threshold rather than truncate; string-number: read from website/docs/getting-started/configuration.md:804 + website/docs/getting-started/configuration.md:815-816 - a quoted number is a string and a whole number does not accept `"15"`; a value of another shape ends the run with exit code 3 (website/docs/getting-started/configuration.md:786-791)	float
form	rule-opt	rules.complexity.ccn.callable.warning	int,string-number	refuse	website/docs/getting-started/configuration.md:232-235 + src/Analysis/Finding/Contract/Rule/RuleOptionKeySet.php:28-34 snake=camel=kebab	website/docs/usage/cli-options.md:659	DECIDED	form taken from the documented example `10`; complement refused by website/docs/getting-started/configuration.md:738-744 | CLI door carries scalar text only (website/docs/usage/cli-options.md:669-674) | float: carrier shows integers only; "number vs integer" not settled by any carrier; ADR 0052 row 4 -> refuse a fractional threshold rather than truncate; null: empty value after `=`: no carrier; ADR 0052 row 4 (accepted set closed before analysis) -> refuse; string-number: read from website/docs/getting-started/configuration.md:817-820 - a value arriving on the command line is text by construction and is converted before its shape is judged, so the quoted spelling is accepted on this door	float,null
form	yaml	rules.complexity.ccn.class.enabled	null,bool	default	website/docs/getting-started/configuration.md:232-235 + src/Analysis/Finding/Contract/Rule/RuleOptionKeySet.php:28-34 snake=camel=kebab	website/docs/rules/complexity.md:117	PROMISED	form taken from the documented example `true   # set to false to disable class-l`; complement refused by website/docs/getting-started/configuration.md:738-744 | string-nonnumber: read from website/docs/getting-started/configuration.md:803 - a boolean accepts `true` / `false`; a quoted `"false"` is a string, and a value of another shape ends the run with exit code 3 (website/docs/getting-started/configuration.md:786-791); string-number: read from website/docs/getting-started/configuration.md:803 - a boolean accepts `true` / `false`; `1`-as-string is a string, and a value of another shape ends the run with exit code 3 (website/docs/getting-started/configuration.md:786-791)	
form	rule-opt	rules.complexity.ccn.class.enabled	bool	refuse	website/docs/getting-started/configuration.md:232-235 + src/Analysis/Finding/Contract/Rule/RuleOptionKeySet.php:28-34 snake=camel=kebab	website/docs/rules/complexity.md:134	DECIDED	form taken from the documented example `true   # set to false to disable class-l`; complement refused by website/docs/getting-started/configuration.md:738-744 | CLI door carries scalar text only (website/docs/usage/cli-options.md:669-674) | null: empty value after `=`: no carrier; ADR 0052 row 4 (accepted set closed before analysis) -> refuse; string-nonnumber: read from website/docs/getting-started/configuration.md:803 + website/docs/getting-started/configuration.md:817-820 - the text is converted before its shape is judged, and a word that is neither `true` nor `false` is not a boolean; string-number: read from website/docs/getting-started/configuration.md:803 + website/docs/getting-started/configuration.md:817-820 - the text is converted before its shape is judged, so `1` arrives as a number exactly as `25` does, and a number is not one of the two words a boolean accepts (website/docs/getting-started/configuration.md:803)	null
form	yaml	rules.complexity.ccn.class.max-error	null,int	default	website/docs/getting-started/configuration.md:232-235 + src/Analysis/Finding/Contract/Rule/RuleOptionKeySet.php:28-34 snake=camel=kebab	website/docs/reference/default-thresholds.md:205	DECIDED	form taken from the documented example `60`; complement refused by website/docs/getting-started/configuration.md:738-744 | float: carrier shows integers only; "number vs integer" not settled by any carrier; ADR 0052 row 4 -> refuse a fractional threshold rather than truncate; string-number: read from website/docs/getting-started/configuration.md:804 + website/docs/getting-started/configuration.md:815-816 - a quoted number is a string and a whole number does not accept `"15"`; a value of another shape ends the run with exit code 3 (website/docs/getting-started/configuration.md:786-791)	float
form	rule-opt	rules.complexity.ccn.class.max-error	int,string-number	refuse	website/docs/getting-started/configuration.md:232-235 + src/Analysis/Finding/Contract/Rule/RuleOptionKeySet.php:28-34 snake=camel=kebab	website/docs/reference/default-thresholds.md:205 + website/docs/usage/cli-options.md:669-674	DECIDED	form taken from the documented example `60`; complement refused by website/docs/getting-started/configuration.md:738-744 | CLI door carries scalar text only (website/docs/usage/cli-options.md:669-674) | float: carrier shows integers only; "number vs integer" not settled by any carrier; ADR 0052 row 4 -> refuse a fractional threshold rather than truncate; null: empty value after `=`: no carrier; ADR 0052 row 4 (accepted set closed before analysis) -> refuse; string-number: read from website/docs/getting-started/configuration.md:817-820 - a value arriving on the command line is text by construction and is converted before its shape is judged, so the quoted spelling is accepted on this door	float,null
form	yaml	rules.complexity.ccn.class.max-warning	null,int	default	website/docs/getting-started/configuration.md:232-235 + src/Analysis/Finding/Contract/Rule/RuleOptionKeySet.php:28-34 snake=camel=kebab	website/docs/rules/complexity.md:116	DECIDED	form taken from the documented example `40`; complement refused by website/docs/getting-started/configuration.md:738-744 | float: carrier shows integers only; "number vs integer" not settled by any carrier; ADR 0052 row 4 -> refuse a fractional threshold rather than truncate; string-number: read from website/docs/getting-started/configuration.md:804 + website/docs/getting-started/configuration.md:815-816 - a quoted number is a string and a whole number does not accept `"15"`; a value of another shape ends the run with exit code 3 (website/docs/getting-started/configuration.md:786-791)	float
form	rule-opt	rules.complexity.ccn.class.max-warning	int,string-number	refuse	website/docs/getting-started/configuration.md:232-235 + src/Analysis/Finding/Contract/Rule/RuleOptionKeySet.php:28-34 snake=camel=kebab	website/docs/rules/complexity.md:133	DECIDED	form taken from the documented example `40`; complement refused by website/docs/getting-started/configuration.md:738-744 | CLI door carries scalar text only (website/docs/usage/cli-options.md:669-674) | float: carrier shows integers only; "number vs integer" not settled by any carrier; ADR 0052 row 4 -> refuse a fractional threshold rather than truncate; null: empty value after `=`: no carrier; ADR 0052 row 4 (accepted set closed before analysis) -> refuse; string-number: read from website/docs/getting-started/configuration.md:817-820 - a value arriving on the command line is text by construction and is converted before its shape is judged, so the quoted spelling is accepted on this door	float,null
form	yaml	rules.complexity.ccn.class.threshold	null,int	default	website/docs/getting-started/configuration.md:232-235 + src/Analysis/Finding/Contract/Rule/RuleOptionKeySet.php:28-34 snake=camel=kebab; website/docs/getting-started/configuration.md:152-166 threshold:N == warning:N,error:N	website/docs/getting-started/configuration.md:138-151	DECIDED	no per-path example; class carrier C6a-thresh | float: carrier shows integers only; "number vs integer" not settled by any carrier; ADR 0052 row 4 -> refuse a fractional threshold rather than truncate; string-number: read from website/docs/getting-started/configuration.md:804 + website/docs/getting-started/configuration.md:815-816 - a quoted number is a string and a whole number does not accept `"15"`; a value of another shape ends the run with exit code 3 (website/docs/getting-started/configuration.md:786-791)	float
form	rule-opt	rules.complexity.ccn.class.threshold	int,string-number	refuse	website/docs/getting-started/configuration.md:232-235 + src/Analysis/Finding/Contract/Rule/RuleOptionKeySet.php:28-34 snake=camel=kebab; website/docs/getting-started/configuration.md:152-166 threshold:N == warning:N,error:N	website/docs/getting-started/configuration.md:138-151 + website/docs/usage/cli-options.md:669-674	DECIDED	no per-path example; class carrier C6a-thresh | CLI door carries scalar text only (website/docs/usage/cli-options.md:669-674) | float: carrier shows integers only; "number vs integer" not settled by any carrier; ADR 0052 row 4 -> refuse a fractional threshold rather than truncate; null: empty value after `=`: no carrier; ADR 0052 row 4 (accepted set closed before analysis) -> refuse; string-number: read from website/docs/getting-started/configuration.md:817-820 - a value arriving on the command line is text by construction and is converted before its shape is judged, so the quoted spelling is accepted on this door	float,null
form	yaml	rules.complexity.npath.callable	null,map	default	website/docs/getting-started/configuration.md:232-235 + src/Analysis/Finding/Contract/Rule/RuleOptionKeySet.php:28-34 snake=camel=kebab	website/docs/rules/complexity.md:374 + src/Analysis/Finding/Contract/Rule/LevelOptionsInterface.php:33-39	PROMISED	form taken from the documented example ``; complement refused by website/docs/getting-started/configuration.md:738-744 | a slot is a map of its own keys (contract docblock)	
form	rule-opt	rules.complexity.npath.callable		refuse	website/docs/getting-started/configuration.md:232-235 + src/Analysis/Finding/Contract/Rule/RuleOptionKeySet.php:28-34 snake=camel=kebab	website/docs/rules/complexity.md:374 + src/Analysis/Finding/Contract/Rule/LevelOptionsInterface.php:33-39 + website/docs/usage/cli-options.md:669-674	DECIDED	form taken from the documented example ``; complement refused by website/docs/getting-started/configuration.md:738-744 | a slot is a map of its own keys (contract docblock) | CLI door carries scalar text only (website/docs/usage/cli-options.md:669-674) | a container value is not writable on this door at all (website/docs/usage/cli-options.md:669-674); only a deeper scalar path is | null: empty value after `=`: no carrier; ADR 0052 row 4 (accepted set closed before analysis) -> refuse	null
form	yaml	rules.complexity.npath.class	null,map	default	website/docs/getting-started/configuration.md:232-235 + src/Analysis/Finding/Contract/Rule/RuleOptionKeySet.php:28-34 snake=camel=kebab	website/docs/rules/complexity.md:377 + src/Analysis/Finding/Contract/Rule/LevelOptionsInterface.php:33-39	PROMISED	form taken from the documented example ``; complement refused by website/docs/getting-started/configuration.md:738-744 | a slot is a map of its own keys (contract docblock)	
form	rule-opt	rules.complexity.npath.class		refuse	website/docs/getting-started/configuration.md:232-235 + src/Analysis/Finding/Contract/Rule/RuleOptionKeySet.php:28-34 snake=camel=kebab	website/docs/rules/complexity.md:377 + src/Analysis/Finding/Contract/Rule/LevelOptionsInterface.php:33-39 + website/docs/usage/cli-options.md:669-674	DECIDED	form taken from the documented example ``; complement refused by website/docs/getting-started/configuration.md:738-744 | a slot is a map of its own keys (contract docblock) | CLI door carries scalar text only (website/docs/usage/cli-options.md:669-674) | a container value is not writable on this door at all (website/docs/usage/cli-options.md:669-674); only a deeper scalar path is | null: empty value after `=`: no carrier; ADR 0052 row 4 (accepted set closed before analysis) -> refuse	null
form	yaml	rules.complexity.npath.enabled	null,bool	default	website/docs/getting-started/configuration.md:232-235 + src/Analysis/Finding/Contract/Rule/RuleOptionKeySet.php:28-34 snake=camel=kebab	website/docs/getting-started/configuration.md:130-136	PROMISED	no per-path example; class carrier C5-enabled | string-nonnumber: read from website/docs/getting-started/configuration.md:803 - a boolean accepts `true` / `false`; a quoted `"false"` is a string, and a value of another shape ends the run with exit code 3 (website/docs/getting-started/configuration.md:786-791); string-number: read from website/docs/getting-started/configuration.md:803 - a boolean accepts `true` / `false`; `1`-as-string is a string, and a value of another shape ends the run with exit code 3 (website/docs/getting-started/configuration.md:786-791)	
form	rule-opt	rules.complexity.npath.enabled	bool	refuse	website/docs/getting-started/configuration.md:232-235 + src/Analysis/Finding/Contract/Rule/RuleOptionKeySet.php:28-34 snake=camel=kebab	website/docs/getting-started/configuration.md:130-136 + website/docs/usage/cli-options.md:669-674	DECIDED	no per-path example; class carrier C5-enabled | CLI door carries scalar text only (website/docs/usage/cli-options.md:669-674) | null: empty value after `=`: no carrier; ADR 0052 row 4 (accepted set closed before analysis) -> refuse; string-nonnumber: read from website/docs/getting-started/configuration.md:803 + website/docs/getting-started/configuration.md:817-820 - the text is converted before its shape is judged, and a word that is neither `true` nor `false` is not a boolean; string-number: read from website/docs/getting-started/configuration.md:803 + website/docs/getting-started/configuration.md:817-820 - the text is converted before its shape is judged, so `1` arrives as a number exactly as `25` does, and a number is not one of the two words a boolean accepts (website/docs/getting-started/configuration.md:803)	null
form	yaml	rules.complexity.npath.threshold	null,int	default	website/docs/getting-started/configuration.md:232-235 + src/Analysis/Finding/Contract/Rule/RuleOptionKeySet.php:28-34 snake=camel=kebab; website/docs/getting-started/configuration.md:152-166 threshold:N == warning:N,error:N	website/docs/getting-started/configuration.md:138-151	DECIDED	no per-path example; class carrier C6a-thresh | float: carrier shows integers only; "number vs integer" not settled by any carrier; ADR 0052 row 4 -> refuse a fractional threshold rather than truncate; string-number: read from website/docs/getting-started/configuration.md:804 + website/docs/getting-started/configuration.md:815-816 - a quoted number is a string and a whole number does not accept `"15"`; a value of another shape ends the run with exit code 3 (website/docs/getting-started/configuration.md:786-791) | null: NARROWED by website/docs/getting-started/configuration.md:883-902 - inside `rules:` the equivalence with omission stops for this key: it is one of the threshold keys the carrier names for this rule, and writing it at the rule's own top level selects the flat form "with `~` exactly as with a number", so the `callable:`/`class:`/`namespace:` blocks beside it are then not read. The key's OWN VALUE still takes the default (website/docs/getting-started/configuration.md:862-864); what `~` no longer means is an unwritten key. Coordinate value changed default -> default-value-present-key accordingly | X19: the carve-out this value existed for is gone. The carrier no longer says the equivalence stops inside `rules:`, because the product no longer reads a written key with no value as a choice of branch. The value half and the presence half have converged, so the narrower name has nothing left to name.	float
form	rule-opt	rules.complexity.npath.threshold	int,string-number	refuse	website/docs/getting-started/configuration.md:232-235 + src/Analysis/Finding/Contract/Rule/RuleOptionKeySet.php:28-34 snake=camel=kebab; website/docs/getting-started/configuration.md:152-166 threshold:N == warning:N,error:N	website/docs/getting-started/configuration.md:138-151 + website/docs/usage/cli-options.md:669-674	DECIDED	no per-path example; class carrier C6a-thresh | CLI door carries scalar text only (website/docs/usage/cli-options.md:669-674) | float: carrier shows integers only; "number vs integer" not settled by any carrier; ADR 0052 row 4 -> refuse a fractional threshold rather than truncate; null: empty value after `=`: no carrier; ADR 0052 row 4 (accepted set closed before analysis) -> refuse; string-number: read from website/docs/getting-started/configuration.md:817-820 - a value arriving on the command line is text by construction and is converted before its shape is judged, so the quoted spelling is accepted on this door	float,null
form	yaml	rules.complexity.npath.callable.enabled	null,bool	default	website/docs/getting-started/configuration.md:232-235 + src/Analysis/Finding/Contract/Rule/RuleOptionKeySet.php:28-34 snake=camel=kebab	website/docs/getting-started/configuration.md:130-136	PROMISED	no per-path example; class carrier C5-enabled | string-nonnumber: read from website/docs/getting-started/configuration.md:803 - a boolean accepts `true` / `false`; a quoted `"false"` is a string, and a value of another shape ends the run with exit code 3 (website/docs/getting-started/configuration.md:786-791); string-number: read from website/docs/getting-started/configuration.md:803 - a boolean accepts `true` / `false`; `1`-as-string is a string, and a value of another shape ends the run with exit code 3 (website/docs/getting-started/configuration.md:786-791)	
form	rule-opt	rules.complexity.npath.callable.enabled	bool	refuse	website/docs/getting-started/configuration.md:232-235 + src/Analysis/Finding/Contract/Rule/RuleOptionKeySet.php:28-34 snake=camel=kebab	website/docs/getting-started/configuration.md:130-136 + website/docs/usage/cli-options.md:669-674	DECIDED	no per-path example; class carrier C5-enabled | CLI door carries scalar text only (website/docs/usage/cli-options.md:669-674) | null: empty value after `=`: no carrier; ADR 0052 row 4 (accepted set closed before analysis) -> refuse; string-nonnumber: read from website/docs/getting-started/configuration.md:803 + website/docs/getting-started/configuration.md:817-820 - the text is converted before its shape is judged, and a word that is neither `true` nor `false` is not a boolean; string-number: read from website/docs/getting-started/configuration.md:803 + website/docs/getting-started/configuration.md:817-820 - the text is converted before its shape is judged, so `1` arrives as a number exactly as `25` does, and a number is not one of the two words a boolean accepts (website/docs/getting-started/configuration.md:803)	null
form	yaml	rules.complexity.npath.callable.error	null,int	default	website/docs/getting-started/configuration.md:232-235 + src/Analysis/Finding/Contract/Rule/RuleOptionKeySet.php:28-34 snake=camel=kebab	website/docs/rules/complexity.md:376	DECIDED	form taken from the documented example `2000`; complement refused by website/docs/getting-started/configuration.md:738-744 | float: carrier shows integers only; "number vs integer" not settled by any carrier; ADR 0052 row 4 -> refuse a fractional threshold rather than truncate; string-number: read from website/docs/getting-started/configuration.md:804 + website/docs/getting-started/configuration.md:815-816 - a quoted number is a string and a whole number does not accept `"15"`; a value of another shape ends the run with exit code 3 (website/docs/getting-started/configuration.md:786-791)	float
form	rule-opt	rules.complexity.npath.callable.error	int,string-number	refuse	website/docs/getting-started/configuration.md:232-235 + src/Analysis/Finding/Contract/Rule/RuleOptionKeySet.php:28-34 snake=camel=kebab	website/docs/rules/complexity.md:376 + website/docs/usage/cli-options.md:669-674	DECIDED	form taken from the documented example `2000`; complement refused by website/docs/getting-started/configuration.md:738-744 | CLI door carries scalar text only (website/docs/usage/cli-options.md:669-674) | float: carrier shows integers only; "number vs integer" not settled by any carrier; ADR 0052 row 4 -> refuse a fractional threshold rather than truncate; null: empty value after `=`: no carrier; ADR 0052 row 4 (accepted set closed before analysis) -> refuse; string-number: read from website/docs/getting-started/configuration.md:817-820 - a value arriving on the command line is text by construction and is converted before its shape is judged, so the quoted spelling is accepted on this door	float,null
form	yaml	rules.complexity.npath.callable.threshold	null,int	default	website/docs/getting-started/configuration.md:232-235 + src/Analysis/Finding/Contract/Rule/RuleOptionKeySet.php:28-34 snake=camel=kebab; website/docs/getting-started/configuration.md:152-166 threshold:N == warning:N,error:N	website/docs/rules/complexity.md:387	DECIDED	form taken from the documented example `300   # warning=300, error=300 → all vio`; complement refused by website/docs/getting-started/configuration.md:738-744 | float: carrier shows integers only; "number vs integer" not settled by any carrier; ADR 0052 row 4 -> refuse a fractional threshold rather than truncate; string-number: read from website/docs/getting-started/configuration.md:804 + website/docs/getting-started/configuration.md:815-816 - a quoted number is a string and a whole number does not accept `"15"`; a value of another shape ends the run with exit code 3 (website/docs/getting-started/configuration.md:786-791)	float
form	rule-opt	rules.complexity.npath.callable.threshold	int,string-number	refuse	website/docs/getting-started/configuration.md:232-235 + src/Analysis/Finding/Contract/Rule/RuleOptionKeySet.php:28-34 snake=camel=kebab; website/docs/getting-started/configuration.md:152-166 threshold:N == warning:N,error:N	website/docs/rules/complexity.md:387 + website/docs/usage/cli-options.md:669-674	DECIDED	form taken from the documented example `300   # warning=300, error=300 → all vio`; complement refused by website/docs/getting-started/configuration.md:738-744 | CLI door carries scalar text only (website/docs/usage/cli-options.md:669-674) | float: carrier shows integers only; "number vs integer" not settled by any carrier; ADR 0052 row 4 -> refuse a fractional threshold rather than truncate; null: empty value after `=`: no carrier; ADR 0052 row 4 (accepted set closed before analysis) -> refuse; string-number: read from website/docs/getting-started/configuration.md:817-820 - a value arriving on the command line is text by construction and is converted before its shape is judged, so the quoted spelling is accepted on this door	float,null
form	yaml	rules.complexity.npath.callable.warning	null,int	default	website/docs/getting-started/configuration.md:232-235 + src/Analysis/Finding/Contract/Rule/RuleOptionKeySet.php:28-34 snake=camel=kebab	website/docs/rules/complexity.md:375	DECIDED	form taken from the documented example `300`; complement refused by website/docs/getting-started/configuration.md:738-744 | float: carrier shows integers only; "number vs integer" not settled by any carrier; ADR 0052 row 4 -> refuse a fractional threshold rather than truncate; string-number: read from website/docs/getting-started/configuration.md:804 + website/docs/getting-started/configuration.md:815-816 - a quoted number is a string and a whole number does not accept `"15"`; a value of another shape ends the run with exit code 3 (website/docs/getting-started/configuration.md:786-791)	float
form	rule-opt	rules.complexity.npath.callable.warning	int,string-number	refuse	website/docs/getting-started/configuration.md:232-235 + src/Analysis/Finding/Contract/Rule/RuleOptionKeySet.php:28-34 snake=camel=kebab	website/docs/rules/complexity.md:391	DECIDED	form taken from the documented example `300`; complement refused by website/docs/getting-started/configuration.md:738-744 | CLI door carries scalar text only (website/docs/usage/cli-options.md:669-674) | float: carrier shows integers only; "number vs integer" not settled by any carrier; ADR 0052 row 4 -> refuse a fractional threshold rather than truncate; null: empty value after `=`: no carrier; ADR 0052 row 4 (accepted set closed before analysis) -> refuse; string-number: read from website/docs/getting-started/configuration.md:817-820 - a value arriving on the command line is text by construction and is converted before its shape is judged, so the quoted spelling is accepted on this door	float,null
form	yaml	rules.complexity.npath.class.enabled	null,bool	default	website/docs/getting-started/configuration.md:232-235 + src/Analysis/Finding/Contract/Rule/RuleOptionKeySet.php:28-34 snake=camel=kebab	website/docs/rules/complexity.md:378	PROMISED	form taken from the documented example `false   # disabled by default`; complement refused by website/docs/getting-started/configuration.md:738-744 | string-nonnumber: read from website/docs/getting-started/configuration.md:803 - a boolean accepts `true` / `false`; a quoted `"false"` is a string, and a value of another shape ends the run with exit code 3 (website/docs/getting-started/configuration.md:786-791); string-number: read from website/docs/getting-started/configuration.md:803 - a boolean accepts `true` / `false`; `1`-as-string is a string, and a value of another shape ends the run with exit code 3 (website/docs/getting-started/configuration.md:786-791)	
form	rule-opt	rules.complexity.npath.class.enabled	bool	refuse	website/docs/getting-started/configuration.md:232-235 + src/Analysis/Finding/Contract/Rule/RuleOptionKeySet.php:28-34 snake=camel=kebab	website/docs/rules/complexity.md:392	DECIDED	form taken from the documented example `false   # disabled by default`; complement refused by website/docs/getting-started/configuration.md:738-744 | CLI door carries scalar text only (website/docs/usage/cli-options.md:669-674) | null: empty value after `=`: no carrier; ADR 0052 row 4 (accepted set closed before analysis) -> refuse; string-nonnumber: read from website/docs/getting-started/configuration.md:803 + website/docs/getting-started/configuration.md:817-820 - the text is converted before its shape is judged, and a word that is neither `true` nor `false` is not a boolean; string-number: read from website/docs/getting-started/configuration.md:803 + website/docs/getting-started/configuration.md:817-820 - the text is converted before its shape is judged, so `1` arrives as a number exactly as `25` does, and a number is not one of the two words a boolean accepts (website/docs/getting-started/configuration.md:803)	null
form	yaml	rules.complexity.npath.class.max-error	null,int	default	website/docs/getting-started/configuration.md:232-235 + src/Analysis/Finding/Contract/Rule/RuleOptionKeySet.php:28-34 snake=camel=kebab	website/docs/getting-started/configuration.md:138-151	DECIDED	no per-path example; class carrier C6a-thresh | float: carrier shows integers only; "number vs integer" not settled by any carrier; ADR 0052 row 4 -> refuse a fractional threshold rather than truncate; string-number: read from website/docs/getting-started/configuration.md:804 + website/docs/getting-started/configuration.md:815-816 - a quoted number is a string and a whole number does not accept `"15"`; a value of another shape ends the run with exit code 3 (website/docs/getting-started/configuration.md:786-791)	float
form	rule-opt	rules.complexity.npath.class.max-error	int,string-number	refuse	website/docs/getting-started/configuration.md:232-235 + src/Analysis/Finding/Contract/Rule/RuleOptionKeySet.php:28-34 snake=camel=kebab	website/docs/getting-started/configuration.md:138-151 + website/docs/usage/cli-options.md:669-674	DECIDED	no per-path example; class carrier C6a-thresh | CLI door carries scalar text only (website/docs/usage/cli-options.md:669-674) | float: carrier shows integers only; "number vs integer" not settled by any carrier; ADR 0052 row 4 -> refuse a fractional threshold rather than truncate; null: empty value after `=`: no carrier; ADR 0052 row 4 (accepted set closed before analysis) -> refuse; string-number: read from website/docs/getting-started/configuration.md:817-820 - a value arriving on the command line is text by construction and is converted before its shape is judged, so the quoted spelling is accepted on this door	float,null
form	yaml	rules.complexity.npath.class.max-warning	null,int	default	website/docs/getting-started/configuration.md:232-235 + src/Analysis/Finding/Contract/Rule/RuleOptionKeySet.php:28-34 snake=camel=kebab	website/docs/getting-started/configuration.md:138-151	DECIDED	no per-path example; class carrier C6a-thresh | float: carrier shows integers only; "number vs integer" not settled by any carrier; ADR 0052 row 4 -> refuse a fractional threshold rather than truncate; string-number: read from website/docs/getting-started/configuration.md:804 + website/docs/getting-started/configuration.md:815-816 - a quoted number is a string and a whole number does not accept `"15"`; a value of another shape ends the run with exit code 3 (website/docs/getting-started/configuration.md:786-791)	float
form	rule-opt	rules.complexity.npath.class.max-warning	int,string-number	refuse	website/docs/getting-started/configuration.md:232-235 + src/Analysis/Finding/Contract/Rule/RuleOptionKeySet.php:28-34 snake=camel=kebab	website/docs/getting-started/configuration.md:138-151 + website/docs/usage/cli-options.md:669-674	DECIDED	no per-path example; class carrier C6a-thresh | CLI door carries scalar text only (website/docs/usage/cli-options.md:669-674) | float: carrier shows integers only; "number vs integer" not settled by any carrier; ADR 0052 row 4 -> refuse a fractional threshold rather than truncate; null: empty value after `=`: no carrier; ADR 0052 row 4 (accepted set closed before analysis) -> refuse; string-number: read from website/docs/getting-started/configuration.md:817-820 - a value arriving on the command line is text by construction and is converted before its shape is judged, so the quoted spelling is accepted on this door	float,null
form	yaml	rules.complexity.npath.class.threshold	null,int	default	website/docs/getting-started/configuration.md:232-235 + src/Analysis/Finding/Contract/Rule/RuleOptionKeySet.php:28-34 snake=camel=kebab; website/docs/getting-started/configuration.md:152-166 threshold:N == warning:N,error:N	website/docs/getting-started/configuration.md:138-151	DECIDED	no per-path example; class carrier C6a-thresh | float: carrier shows integers only; "number vs integer" not settled by any carrier; ADR 0052 row 4 -> refuse a fractional threshold rather than truncate; string-number: read from website/docs/getting-started/configuration.md:804 + website/docs/getting-started/configuration.md:815-816 - a quoted number is a string and a whole number does not accept `"15"`; a value of another shape ends the run with exit code 3 (website/docs/getting-started/configuration.md:786-791)	float
form	rule-opt	rules.complexity.npath.class.threshold	int,string-number	refuse	website/docs/getting-started/configuration.md:232-235 + src/Analysis/Finding/Contract/Rule/RuleOptionKeySet.php:28-34 snake=camel=kebab; website/docs/getting-started/configuration.md:152-166 threshold:N == warning:N,error:N	website/docs/getting-started/configuration.md:138-151 + website/docs/usage/cli-options.md:669-674	DECIDED	no per-path example; class carrier C6a-thresh | CLI door carries scalar text only (website/docs/usage/cli-options.md:669-674) | float: carrier shows integers only; "number vs integer" not settled by any carrier; ADR 0052 row 4 -> refuse a fractional threshold rather than truncate; null: empty value after `=`: no carrier; ADR 0052 row 4 (accepted set closed before analysis) -> refuse; string-number: read from website/docs/getting-started/configuration.md:817-820 - a value arriving on the command line is text by construction and is converted before its shape is judged, so the quoted spelling is accepted on this door	float,null
form	yaml	rules.complexity.wmc.enabled	null,bool	default	website/docs/getting-started/configuration.md:232-235 + src/Analysis/Finding/Contract/Rule/RuleOptionKeySet.php:28-34 snake=camel=kebab	website/docs/getting-started/configuration.md:130-136	PROMISED	no per-path example; class carrier C5-enabled | string-nonnumber: read from website/docs/getting-started/configuration.md:803 - a boolean accepts `true` / `false`; a quoted `"false"` is a string, and a value of another shape ends the run with exit code 3 (website/docs/getting-started/configuration.md:786-791); string-number: read from website/docs/getting-started/configuration.md:803 - a boolean accepts `true` / `false`; `1`-as-string is a string, and a value of another shape ends the run with exit code 3 (website/docs/getting-started/configuration.md:786-791)	
form	rule-opt	rules.complexity.wmc.enabled	bool	refuse	website/docs/getting-started/configuration.md:232-235 + src/Analysis/Finding/Contract/Rule/RuleOptionKeySet.php:28-34 snake=camel=kebab	website/docs/getting-started/configuration.md:130-136 + website/docs/usage/cli-options.md:669-674	DECIDED	no per-path example; class carrier C5-enabled | CLI door carries scalar text only (website/docs/usage/cli-options.md:669-674) | null: empty value after `=`: no carrier; ADR 0052 row 4 (accepted set closed before analysis) -> refuse; string-nonnumber: read from website/docs/getting-started/configuration.md:803 + website/docs/getting-started/configuration.md:817-820 - the text is converted before its shape is judged, and a word that is neither `true` nor `false` is not a boolean; string-number: read from website/docs/getting-started/configuration.md:803 + website/docs/getting-started/configuration.md:817-820 - the text is converted before its shape is judged, so `1` arrives as a number exactly as `25` does, and a number is not one of the two words a boolean accepts (website/docs/getting-started/configuration.md:803)	null
form	yaml	rules.complexity.wmc.error	null,int	default	website/docs/getting-started/configuration.md:232-235 + src/Analysis/Finding/Contract/Rule/RuleOptionKeySet.php:28-34 snake=camel=kebab	website/docs/rules/complexity.md:479	DECIDED	form taken from the documented example `100`; complement refused by website/docs/getting-started/configuration.md:738-744 | float: carrier shows integers only; "number vs integer" not settled by any carrier; ADR 0052 row 4 -> refuse a fractional threshold rather than truncate; string-number: read from website/docs/getting-started/configuration.md:804 + website/docs/getting-started/configuration.md:815-816 - a quoted number is a string and a whole number does not accept `"15"`; a value of another shape ends the run with exit code 3 (website/docs/getting-started/configuration.md:786-791)	float
form	rule-opt	rules.complexity.wmc.error	int,string-number	refuse	website/docs/getting-started/configuration.md:232-235 + src/Analysis/Finding/Contract/Rule/RuleOptionKeySet.php:28-34 snake=camel=kebab	website/docs/rules/complexity.md:493	DECIDED	form taken from the documented example `100`; complement refused by website/docs/getting-started/configuration.md:738-744 | CLI door carries scalar text only (website/docs/usage/cli-options.md:669-674) | float: carrier shows integers only; "number vs integer" not settled by any carrier; ADR 0052 row 4 -> refuse a fractional threshold rather than truncate; null: empty value after `=`: no carrier; ADR 0052 row 4 (accepted set closed before analysis) -> refuse; string-number: read from website/docs/getting-started/configuration.md:817-820 - a value arriving on the command line is text by construction and is converted before its shape is judged, so the quoted spelling is accepted on this door	float,null
form	yaml	rules.complexity.wmc.exclude-data-classes	null,bool	default	website/docs/getting-started/configuration.md:232-235 + src/Analysis/Finding/Contract/Rule/RuleOptionKeySet.php:28-34 snake=camel=kebab	website/docs/rules/complexity.md:480	PROMISED	form taken from the documented example `true`; complement refused by website/docs/getting-started/configuration.md:738-744 | string-nonnumber: read from website/docs/getting-started/configuration.md:803 - a boolean accepts `true` / `false`; a quoted `"false"` is a string, and a value of another shape ends the run with exit code 3 (website/docs/getting-started/configuration.md:786-791); string-number: read from website/docs/getting-started/configuration.md:803 - a boolean accepts `true` / `false`; `1`-as-string is a string, and a value of another shape ends the run with exit code 3 (website/docs/getting-started/configuration.md:786-791)	
form	rule-opt	rules.complexity.wmc.exclude-data-classes	bool	refuse	website/docs/getting-started/configuration.md:232-235 + src/Analysis/Finding/Contract/Rule/RuleOptionKeySet.php:28-34 snake=camel=kebab	website/docs/rules/complexity.md:480 + website/docs/usage/cli-options.md:669-674	DECIDED	form taken from the documented example `true`; complement refused by website/docs/getting-started/configuration.md:738-744 | CLI door carries scalar text only (website/docs/usage/cli-options.md:669-674) | null: empty value after `=`: no carrier; ADR 0052 row 4 (accepted set closed before analysis) -> refuse; string-nonnumber: read from website/docs/getting-started/configuration.md:803 + website/docs/getting-started/configuration.md:817-820 - the text is converted before its shape is judged, and a word that is neither `true` nor `false` is not a boolean; string-number: read from website/docs/getting-started/configuration.md:803 + website/docs/getting-started/configuration.md:817-820 - the text is converted before its shape is judged, so `1` arrives as a number exactly as `25` does, and a number is not one of the two words a boolean accepts (website/docs/getting-started/configuration.md:803)	null
form	yaml	rules.complexity.wmc.threshold	null,int	default	website/docs/getting-started/configuration.md:232-235 + src/Analysis/Finding/Contract/Rule/RuleOptionKeySet.php:28-34 snake=camel=kebab; website/docs/getting-started/configuration.md:152-166 threshold:N == warning:N,error:N	website/docs/rules/complexity.md:488	DECIDED	form taken from the documented example `60     # warning=60, error=60 → all viol`; complement refused by website/docs/getting-started/configuration.md:738-744 | float: carrier shows integers only; "number vs integer" not settled by any carrier; ADR 0052 row 4 -> refuse a fractional threshold rather than truncate; string-number: read from website/docs/getting-started/configuration.md:804 + website/docs/getting-started/configuration.md:815-816 - a quoted number is a string and a whole number does not accept `"15"`; a value of another shape ends the run with exit code 3 (website/docs/getting-started/configuration.md:786-791)	float
form	rule-opt	rules.complexity.wmc.threshold	int,string-number	refuse	website/docs/getting-started/configuration.md:232-235 + src/Analysis/Finding/Contract/Rule/RuleOptionKeySet.php:28-34 snake=camel=kebab; website/docs/getting-started/configuration.md:152-166 threshold:N == warning:N,error:N	website/docs/rules/complexity.md:488 + website/docs/usage/cli-options.md:669-674	DECIDED	form taken from the documented example `60     # warning=60, error=60 → all viol`; complement refused by website/docs/getting-started/configuration.md:738-744 | CLI door carries scalar text only (website/docs/usage/cli-options.md:669-674) | float: carrier shows integers only; "number vs integer" not settled by any carrier; ADR 0052 row 4 -> refuse a fractional threshold rather than truncate; null: empty value after `=`: no carrier; ADR 0052 row 4 (accepted set closed before analysis) -> refuse; string-number: read from website/docs/getting-started/configuration.md:817-820 - a value arriving on the command line is text by construction and is converted before its shape is judged, so the quoted spelling is accepted on this door	float,null
form	yaml	rules.complexity.wmc.warning	null,int	default	website/docs/getting-started/configuration.md:232-235 + src/Analysis/Finding/Contract/Rule/RuleOptionKeySet.php:28-34 snake=camel=kebab	website/docs/rules/complexity.md:478	DECIDED	form taken from the documented example `60`; complement refused by website/docs/getting-started/configuration.md:738-744 | float: carrier shows integers only; "number vs integer" not settled by any carrier; ADR 0052 row 4 -> refuse a fractional threshold rather than truncate; string-number: read from website/docs/getting-started/configuration.md:804 + website/docs/getting-started/configuration.md:815-816 - a quoted number is a string and a whole number does not accept `"15"`; a value of another shape ends the run with exit code 3 (website/docs/getting-started/configuration.md:786-791)	float
form	rule-opt	rules.complexity.wmc.warning	int,string-number	refuse	website/docs/getting-started/configuration.md:232-235 + src/Analysis/Finding/Contract/Rule/RuleOptionKeySet.php:28-34 snake=camel=kebab	website/docs/rules/complexity.md:492	DECIDED	form taken from the documented example `60`; complement refused by website/docs/getting-started/configuration.md:738-744 | CLI door carries scalar text only (website/docs/usage/cli-options.md:669-674) | float: carrier shows integers only; "number vs integer" not settled by any carrier; ADR 0052 row 4 -> refuse a fractional threshold rather than truncate; null: empty value after `=`: no carrier; ADR 0052 row 4 (accepted set closed before analysis) -> refuse; string-number: read from website/docs/getting-started/configuration.md:817-820 - a value arriving on the command line is text by construction and is converted before its shape is judged, so the quoted spelling is accepted on this door	float,null
form	yaml	rules.coupling.cbo.class	null,map	default	website/docs/getting-started/configuration.md:232-235 + src/Analysis/Finding/Contract/Rule/RuleOptionKeySet.php:28-34 snake=camel=kebab	website/docs/rules/coupling.md:129 + src/Analysis/Finding/Contract/Rule/LevelOptionsInterface.php:33-39	PROMISED	form taken from the documented example ``; complement refused by website/docs/getting-started/configuration.md:738-744 | a slot is a map of its own keys (contract docblock)	
form	rule-opt	rules.coupling.cbo.class		refuse	website/docs/getting-started/configuration.md:232-235 + src/Analysis/Finding/Contract/Rule/RuleOptionKeySet.php:28-34 snake=camel=kebab	website/docs/rules/coupling.md:129 + src/Analysis/Finding/Contract/Rule/LevelOptionsInterface.php:33-39 + website/docs/usage/cli-options.md:669-674	DECIDED	form taken from the documented example ``; complement refused by website/docs/getting-started/configuration.md:738-744 | a slot is a map of its own keys (contract docblock) | CLI door carries scalar text only (website/docs/usage/cli-options.md:669-674) | a container value is not writable on this door at all (website/docs/usage/cli-options.md:669-674); only a deeper scalar path is | null: empty value after `=`: no carrier; ADR 0052 row 4 (accepted set closed before analysis) -> refuse	null
form	yaml	rules.coupling.cbo.enabled	null,bool	default	website/docs/getting-started/configuration.md:232-235 + src/Analysis/Finding/Contract/Rule/RuleOptionKeySet.php:28-34 snake=camel=kebab	website/docs/getting-started/configuration.md:130-136	PROMISED	no per-path example; class carrier C5-enabled | string-nonnumber: read from website/docs/getting-started/configuration.md:803 - a boolean accepts `true` / `false`; a quoted `"false"` is a string, and a value of another shape ends the run with exit code 3 (website/docs/getting-started/configuration.md:786-791); string-number: read from website/docs/getting-started/configuration.md:803 - a boolean accepts `true` / `false`; `1`-as-string is a string, and a value of another shape ends the run with exit code 3 (website/docs/getting-started/configuration.md:786-791)	
form	rule-opt	rules.coupling.cbo.enabled	bool	refuse	website/docs/getting-started/configuration.md:232-235 + src/Analysis/Finding/Contract/Rule/RuleOptionKeySet.php:28-34 snake=camel=kebab	website/docs/getting-started/configuration.md:130-136 + website/docs/usage/cli-options.md:669-674	DECIDED	no per-path example; class carrier C5-enabled | CLI door carries scalar text only (website/docs/usage/cli-options.md:669-674) | null: empty value after `=`: no carrier; ADR 0052 row 4 (accepted set closed before analysis) -> refuse; string-nonnumber: read from website/docs/getting-started/configuration.md:803 + website/docs/getting-started/configuration.md:817-820 - the text is converted before its shape is judged, and a word that is neither `true` nor `false` is not a boolean; string-number: read from website/docs/getting-started/configuration.md:803 + website/docs/getting-started/configuration.md:817-820 - the text is converted before its shape is judged, so `1` arrives as a number exactly as `25` does, and a number is not one of the two words a boolean accepts (website/docs/getting-started/configuration.md:803)	null
form	yaml	rules.coupling.cbo.error	null,int	default	website/docs/getting-started/configuration.md:232-235 + src/Analysis/Finding/Contract/Rule/RuleOptionKeySet.php:28-34 snake=camel=kebab	website/docs/rules/coupling.md:189	DECIDED	form taken from the documented example `18`; complement refused by website/docs/getting-started/configuration.md:738-744 | float: carrier shows integers only; "number vs integer" not settled by any carrier; ADR 0052 row 4 -> refuse a fractional threshold rather than truncate; string-number: read from website/docs/getting-started/configuration.md:804 + website/docs/getting-started/configuration.md:815-816 - a quoted number is a string and a whole number does not accept `"15"`; a value of another shape ends the run with exit code 3 (website/docs/getting-started/configuration.md:786-791) | null: NARROWED by website/docs/getting-started/configuration.md:883-902 - inside `rules:` the equivalence with omission stops for this key: it is one of the threshold keys the carrier names for this rule, and writing it at the rule's own top level selects the flat form "with `~` exactly as with a number", so the `callable:`/`class:`/`namespace:` blocks beside it are then not read. The key's OWN VALUE still takes the default (website/docs/getting-started/configuration.md:862-864); what `~` no longer means is an unwritten key. Coordinate value changed default -> default-value-present-key accordingly | X19: the carve-out this value existed for is gone. The carrier no longer says the equivalence stops inside `rules:`, because the product no longer reads a written key with no value as a choice of branch. The value half and the presence half have converged, so the narrower name has nothing left to name.	float
form	rule-opt	rules.coupling.cbo.error	int,string-number	refuse	website/docs/getting-started/configuration.md:232-235 + src/Analysis/Finding/Contract/Rule/RuleOptionKeySet.php:28-34 snake=camel=kebab	website/docs/rules/coupling.md:189 + website/docs/usage/cli-options.md:669-674	DECIDED	form taken from the documented example `18`; complement refused by website/docs/getting-started/configuration.md:738-744 | CLI door carries scalar text only (website/docs/usage/cli-options.md:669-674) | float: carrier shows integers only; "number vs integer" not settled by any carrier; ADR 0052 row 4 -> refuse a fractional threshold rather than truncate; null: empty value after `=`: no carrier; ADR 0052 row 4 (accepted set closed before analysis) -> refuse; string-number: read from website/docs/getting-started/configuration.md:817-820 - a value arriving on the command line is text by construction and is converted before its shape is judged, so the quoted spelling is accepted on this door	float,null
form	yaml	rules.coupling.cbo.namespace	null,map	default	website/docs/getting-started/configuration.md:232-235 + src/Analysis/Finding/Contract/Rule/RuleOptionKeySet.php:28-34 snake=camel=kebab	website/docs/rules/coupling.md:132 + src/Analysis/Finding/Contract/Rule/LevelOptionsInterface.php:33-39	PROMISED	form taken from the documented example ``; complement refused by website/docs/getting-started/configuration.md:738-744 | a slot is a map of its own keys (contract docblock)	
form	rule-opt	rules.coupling.cbo.namespace		refuse	website/docs/getting-started/configuration.md:232-235 + src/Analysis/Finding/Contract/Rule/RuleOptionKeySet.php:28-34 snake=camel=kebab	website/docs/rules/coupling.md:132 + src/Analysis/Finding/Contract/Rule/LevelOptionsInterface.php:33-39 + website/docs/usage/cli-options.md:669-674	DECIDED	form taken from the documented example ``; complement refused by website/docs/getting-started/configuration.md:738-744 | a slot is a map of its own keys (contract docblock) | CLI door carries scalar text only (website/docs/usage/cli-options.md:669-674) | a container value is not writable on this door at all (website/docs/usage/cli-options.md:669-674); only a deeper scalar path is | null: empty value after `=`: no carrier; ADR 0052 row 4 (accepted set closed before analysis) -> refuse	null
form	yaml	rules.coupling.cbo.scope	null	default	website/docs/getting-started/configuration.md:232-235 + src/Analysis/Finding/Contract/Rule/RuleOptionKeySet.php:28-34 snake=camel=kebab	website/docs/rules/coupling.md:128	DECIDED	form taken from the documented example `application  # 'all' (default) or 'appli`; complement refused by website/docs/getting-started/configuration.md:738-744 | string-number: website/docs/getting-started/configuration.md:806-807 makes a quoted digit string shape-VALID here (`a string` / `a non-empty string` accepts it), so the shape section does NOT refuse it; what refuses is the value set of this key, which no carrier states as a shape question; ADR 0052 row 4 still decides -> refuse | X19: the carrier names a CLOSED set -- "'all' (default) or 'application'" -- and the ledger had read its example as a promise that any string is accepted. The narrower reading is the carrier's own; the product now refuses an unlisted word by declaration.	string-number
form	rule-opt	rules.coupling.cbo.scope		refuse	website/docs/getting-started/configuration.md:232-235 + src/Analysis/Finding/Contract/Rule/RuleOptionKeySet.php:28-34 snake=camel=kebab	website/docs/rules/coupling.md:151	DECIDED	form taken from the documented example `application  # 'all' (default) or 'appli`; complement refused by website/docs/getting-started/configuration.md:738-744 | CLI door carries scalar text only (website/docs/usage/cli-options.md:669-674) | null: empty value after `=`: no carrier; ADR 0052 row 4 (accepted set closed before analysis) -> refuse; string-number: website/docs/getting-started/configuration.md:806-807 makes a quoted digit string shape-VALID here (`a string` / `a non-empty string` accepts it), so the shape section does NOT refuse it; what refuses is the value set of this key, which no carrier states as a shape question; ADR 0052 row 4 still decides -> refuse | X19: the carrier names a CLOSED set -- "'all' (default) or 'application'" -- and the ledger had read its example as a promise that any string is accepted. The narrower reading is the carrier's own; the product now refuses an unlisted word by declaration.	null,string-number
form	yaml	rules.coupling.cbo.threshold	null,int	default	website/docs/getting-started/configuration.md:232-235 + src/Analysis/Finding/Contract/Rule/RuleOptionKeySet.php:28-34 snake=camel=kebab; website/docs/getting-started/configuration.md:152-166 threshold:N == warning:N,error:N	website/docs/getting-started/configuration.md:214	DECIDED	form taken from the documented example `15   # class AND namespace: warning=erro`; complement refused by website/docs/getting-started/configuration.md:738-744 | float: carrier shows integers only; "number vs integer" not settled by any carrier; ADR 0052 row 4 -> refuse a fractional threshold rather than truncate; string-number: read from website/docs/getting-started/configuration.md:804 + website/docs/getting-started/configuration.md:815-816 - a quoted number is a string and a whole number does not accept `"15"`; a value of another shape ends the run with exit code 3 (website/docs/getting-started/configuration.md:786-791) | null: NARROWED by website/docs/getting-started/configuration.md:883-902 - inside `rules:` the equivalence with omission stops for this key: it is one of the threshold keys the carrier names for this rule, and writing it at the rule's own top level selects the flat form "with `~` exactly as with a number", so the `callable:`/`class:`/`namespace:` blocks beside it are then not read. The key's OWN VALUE still takes the default (website/docs/getting-started/configuration.md:862-864); what `~` no longer means is an unwritten key. Coordinate value changed default -> default-value-present-key accordingly | X19: the carve-out this value existed for is gone. The carrier no longer says the equivalence stops inside `rules:`, because the product no longer reads a written key with no value as a choice of branch. The value half and the presence half have converged, so the narrower name has nothing left to name.	float
form	rule-opt	rules.coupling.cbo.threshold	int,string-number	refuse	website/docs/getting-started/configuration.md:232-235 + src/Analysis/Finding/Contract/Rule/RuleOptionKeySet.php:28-34 snake=camel=kebab; website/docs/getting-started/configuration.md:152-166 threshold:N == warning:N,error:N	website/docs/rules/coupling.md:169	DECIDED	form taken from the documented example `15   # class AND namespace: warning=erro`; complement refused by website/docs/getting-started/configuration.md:738-744 | CLI door carries scalar text only (website/docs/usage/cli-options.md:669-674) | float: carrier shows integers only; "number vs integer" not settled by any carrier; ADR 0052 row 4 -> refuse a fractional threshold rather than truncate; null: empty value after `=`: no carrier; ADR 0052 row 4 (accepted set closed before analysis) -> refuse; string-number: read from website/docs/getting-started/configuration.md:817-820 - a value arriving on the command line is text by construction and is converted before its shape is judged, so the quoted spelling is accepted on this door	float,null
form	yaml	rules.coupling.cbo.warning	null,int	default	website/docs/getting-started/configuration.md:232-235 + src/Analysis/Finding/Contract/Rule/RuleOptionKeySet.php:28-34 snake=camel=kebab	website/docs/rules/coupling.md:188	DECIDED	form taken from the documented example `12     # class AND namespace`; complement refused by website/docs/getting-started/configuration.md:738-744 | float: carrier shows integers only; "number vs integer" not settled by any carrier; ADR 0052 row 4 -> refuse a fractional threshold rather than truncate; string-number: read from website/docs/getting-started/configuration.md:804 + website/docs/getting-started/configuration.md:815-816 - a quoted number is a string and a whole number does not accept `"15"`; a value of another shape ends the run with exit code 3 (website/docs/getting-started/configuration.md:786-791) | null: NARROWED by website/docs/getting-started/configuration.md:883-902 - inside `rules:` the equivalence with omission stops for this key: it is one of the threshold keys the carrier names for this rule, and writing it at the rule's own top level selects the flat form "with `~` exactly as with a number", so the `callable:`/`class:`/`namespace:` blocks beside it are then not read. The key's OWN VALUE still takes the default (website/docs/getting-started/configuration.md:862-864); what `~` no longer means is an unwritten key. Coordinate value changed default -> default-value-present-key accordingly | X19: the carve-out this value existed for is gone. The carrier no longer says the equivalence stops inside `rules:`, because the product no longer reads a written key with no value as a choice of branch. The value half and the presence half have converged, so the narrower name has nothing left to name.	float
form	rule-opt	rules.coupling.cbo.warning	int,string-number	refuse	website/docs/getting-started/configuration.md:232-235 + src/Analysis/Finding/Contract/Rule/RuleOptionKeySet.php:28-34 snake=camel=kebab	website/docs/rules/coupling.md:188 + website/docs/usage/cli-options.md:669-674	DECIDED	form taken from the documented example `12     # class AND namespace`; complement refused by website/docs/getting-started/configuration.md:738-744 | CLI door carries scalar text only (website/docs/usage/cli-options.md:669-674) | float: carrier shows integers only; "number vs integer" not settled by any carrier; ADR 0052 row 4 -> refuse a fractional threshold rather than truncate; null: empty value after `=`: no carrier; ADR 0052 row 4 (accepted set closed before analysis) -> refuse; string-number: read from website/docs/getting-started/configuration.md:817-820 - a value arriving on the command line is text by construction and is converted before its shape is judged, so the quoted spelling is accepted on this door	float,null
form	yaml	rules.coupling.cbo.class.enabled	null,bool	default	website/docs/getting-started/configuration.md:232-235 + src/Analysis/Finding/Contract/Rule/RuleOptionKeySet.php:28-34 snake=camel=kebab	website/docs/getting-started/configuration.md:130-136	PROMISED	no per-path example; class carrier C5-enabled | string-nonnumber: read from website/docs/getting-started/configuration.md:803 - a boolean accepts `true` / `false`; a quoted `"false"` is a string, and a value of another shape ends the run with exit code 3 (website/docs/getting-started/configuration.md:786-791); string-number: read from website/docs/getting-started/configuration.md:803 - a boolean accepts `true` / `false`; `1`-as-string is a string, and a value of another shape ends the run with exit code 3 (website/docs/getting-started/configuration.md:786-791)	
form	rule-opt	rules.coupling.cbo.class.enabled	bool	refuse	website/docs/getting-started/configuration.md:232-235 + src/Analysis/Finding/Contract/Rule/RuleOptionKeySet.php:28-34 snake=camel=kebab	website/docs/getting-started/configuration.md:130-136 + website/docs/usage/cli-options.md:669-674	DECIDED	no per-path example; class carrier C5-enabled | CLI door carries scalar text only (website/docs/usage/cli-options.md:669-674) | null: empty value after `=`: no carrier; ADR 0052 row 4 (accepted set closed before analysis) -> refuse; string-nonnumber: read from website/docs/getting-started/configuration.md:803 + website/docs/getting-started/configuration.md:817-820 - the text is converted before its shape is judged, and a word that is neither `true` nor `false` is not a boolean; string-number: read from website/docs/getting-started/configuration.md:803 + website/docs/getting-started/configuration.md:817-820 - the text is converted before its shape is judged, so `1` arrives as a number exactly as `25` does, and a number is not one of the two words a boolean accepts (website/docs/getting-started/configuration.md:803)	null
form	yaml	rules.coupling.cbo.class.error	null,int	default	website/docs/getting-started/configuration.md:232-235 + src/Analysis/Finding/Contract/Rule/RuleOptionKeySet.php:28-34 snake=camel=kebab	website/docs/rules/coupling.md:131	DECIDED	form taken from the documented example `25`; complement refused by website/docs/getting-started/configuration.md:738-744 | float: carrier shows integers only; "number vs integer" not settled by any carrier; ADR 0052 row 4 -> refuse a fractional threshold rather than truncate; string-number: read from website/docs/getting-started/configuration.md:804 + website/docs/getting-started/configuration.md:815-816 - a quoted number is a string and a whole number does not accept `"15"`; a value of another shape ends the run with exit code 3 (website/docs/getting-started/configuration.md:786-791)	float
form	rule-opt	rules.coupling.cbo.class.error	int,string-number	refuse	website/docs/getting-started/configuration.md:232-235 + src/Analysis/Finding/Contract/Rule/RuleOptionKeySet.php:28-34 snake=camel=kebab	website/docs/rules/coupling.md:148	DECIDED	form taken from the documented example `25`; complement refused by website/docs/getting-started/configuration.md:738-744 | CLI door carries scalar text only (website/docs/usage/cli-options.md:669-674) | float: carrier shows integers only; "number vs integer" not settled by any carrier; ADR 0052 row 4 -> refuse a fractional threshold rather than truncate; null: empty value after `=`: no carrier; ADR 0052 row 4 (accepted set closed before analysis) -> refuse; string-number: read from website/docs/getting-started/configuration.md:817-820 - a value arriving on the command line is text by construction and is converted before its shape is judged, so the quoted spelling is accepted on this door	float,null
form	yaml	rules.coupling.cbo.class.scope		unpromised	website/docs/getting-started/configuration.md:232-235 + src/Analysis/Finding/Contract/Rule/RuleOptionKeySet.php:28-34 snake=camel=kebab		DECIDED	ADR 0052: no carrier names this key at all. Round decides by row 4 (the accepted set is closed before analysis): every form other than `~` is refused, exit 3. no per-path example; class carrier none	bool,int,float,string-number,string-nonnumber,list,map
form	rule-opt	rules.coupling.cbo.class.scope		unpromised	website/docs/getting-started/configuration.md:232-235 + src/Analysis/Finding/Contract/Rule/RuleOptionKeySet.php:28-34 snake=camel=kebab		DECIDED	ADR 0052: no carrier names this key at all. Round decides by row 4 (the accepted set is closed before analysis): every form other than `~` is refused, exit 3. no per-path example; class carrier none | CLI door carries scalar text only (website/docs/usage/cli-options.md:669-674)	bool,int,float,string-number,string-nonnumber,list,map
form	yaml	rules.coupling.cbo.class.threshold	null,int	default	website/docs/getting-started/configuration.md:232-235 + src/Analysis/Finding/Contract/Rule/RuleOptionKeySet.php:28-34 snake=camel=kebab; website/docs/getting-started/configuration.md:152-166 threshold:N == warning:N,error:N	website/docs/rules/coupling.md:143	DECIDED	form taken from the documented example `18   # warning=18, error=18 → all violat`; complement refused by website/docs/getting-started/configuration.md:738-744 | float: carrier shows integers only; "number vs integer" not settled by any carrier; ADR 0052 row 4 -> refuse a fractional threshold rather than truncate; string-number: read from website/docs/getting-started/configuration.md:804 + website/docs/getting-started/configuration.md:815-816 - a quoted number is a string and a whole number does not accept `"15"`; a value of another shape ends the run with exit code 3 (website/docs/getting-started/configuration.md:786-791)	float
form	rule-opt	rules.coupling.cbo.class.threshold	int,string-number	refuse	website/docs/getting-started/configuration.md:232-235 + src/Analysis/Finding/Contract/Rule/RuleOptionKeySet.php:28-34 snake=camel=kebab; website/docs/getting-started/configuration.md:152-166 threshold:N == warning:N,error:N	website/docs/rules/coupling.md:143 + website/docs/usage/cli-options.md:669-674	DECIDED	form taken from the documented example `18   # warning=18, error=18 → all violat`; complement refused by website/docs/getting-started/configuration.md:738-744 | CLI door carries scalar text only (website/docs/usage/cli-options.md:669-674) | float: carrier shows integers only; "number vs integer" not settled by any carrier; ADR 0052 row 4 -> refuse a fractional threshold rather than truncate; null: empty value after `=`: no carrier; ADR 0052 row 4 (accepted set closed before analysis) -> refuse; string-number: read from website/docs/getting-started/configuration.md:817-820 - a value arriving on the command line is text by construction and is converted before its shape is judged, so the quoted spelling is accepted on this door	float,null
form	yaml	rules.coupling.cbo.class.warning	null,int	default	website/docs/getting-started/configuration.md:232-235 + src/Analysis/Finding/Contract/Rule/RuleOptionKeySet.php:28-34 snake=camel=kebab	website/docs/rules/coupling.md:130	DECIDED	form taken from the documented example `18`; complement refused by website/docs/getting-started/configuration.md:738-744 | float: carrier shows integers only; "number vs integer" not settled by any carrier; ADR 0052 row 4 -> refuse a fractional threshold rather than truncate; string-number: read from website/docs/getting-started/configuration.md:804 + website/docs/getting-started/configuration.md:815-816 - a quoted number is a string and a whole number does not accept `"15"`; a value of another shape ends the run with exit code 3 (website/docs/getting-started/configuration.md:786-791)	float
form	rule-opt	rules.coupling.cbo.class.warning	int,string-number	refuse	website/docs/getting-started/configuration.md:232-235 + src/Analysis/Finding/Contract/Rule/RuleOptionKeySet.php:28-34 snake=camel=kebab	website/docs/rules/coupling.md:147	DECIDED	form taken from the documented example `18`; complement refused by website/docs/getting-started/configuration.md:738-744 | CLI door carries scalar text only (website/docs/usage/cli-options.md:669-674) | float: carrier shows integers only; "number vs integer" not settled by any carrier; ADR 0052 row 4 -> refuse a fractional threshold rather than truncate; null: empty value after `=`: no carrier; ADR 0052 row 4 (accepted set closed before analysis) -> refuse; string-number: read from website/docs/getting-started/configuration.md:817-820 - a value arriving on the command line is text by construction and is converted before its shape is judged, so the quoted spelling is accepted on this door	float,null
form	yaml	rules.coupling.cbo.namespace.enabled	null,bool	default	website/docs/getting-started/configuration.md:232-235 + src/Analysis/Finding/Contract/Rule/RuleOptionKeySet.php:28-34 snake=camel=kebab	website/docs/rules/coupling.md:133	PROMISED	form taken from the documented example `true`; complement refused by website/docs/getting-started/configuration.md:738-744 | string-nonnumber: read from website/docs/getting-started/configuration.md:803 - a boolean accepts `true` / `false`; a quoted `"false"` is a string, and a value of another shape ends the run with exit code 3 (website/docs/getting-started/configuration.md:786-791); string-number: read from website/docs/getting-started/configuration.md:803 - a boolean accepts `true` / `false`; `1`-as-string is a string, and a value of another shape ends the run with exit code 3 (website/docs/getting-started/configuration.md:786-791)	
form	rule-opt	rules.coupling.cbo.namespace.enabled	bool	refuse	website/docs/getting-started/configuration.md:232-235 + src/Analysis/Finding/Contract/Rule/RuleOptionKeySet.php:28-34 snake=camel=kebab	website/docs/rules/coupling.md:150	DECIDED	form taken from the documented example `true`; complement refused by website/docs/getting-started/configuration.md:738-744 | CLI door carries scalar text only (website/docs/usage/cli-options.md:669-674) | null: empty value after `=`: no carrier; ADR 0052 row 4 (accepted set closed before analysis) -> refuse; string-nonnumber: read from website/docs/getting-started/configuration.md:803 + website/docs/getting-started/configuration.md:817-820 - the text is converted before its shape is judged, and a word that is neither `true` nor `false` is not a boolean; string-number: read from website/docs/getting-started/configuration.md:803 + website/docs/getting-started/configuration.md:817-820 - the text is converted before its shape is judged, so `1` arrives as a number exactly as `25` does, and a number is not one of the two words a boolean accepts (website/docs/getting-started/configuration.md:803)	null
form	yaml	rules.coupling.cbo.namespace.error	null,int	default	website/docs/getting-started/configuration.md:232-235 + src/Analysis/Finding/Contract/Rule/RuleOptionKeySet.php:28-34 snake=camel=kebab	website/docs/getting-started/configuration.md:138-151	DECIDED	no per-path example; class carrier C6a-thresh | float: carrier shows integers only; "number vs integer" not settled by any carrier; ADR 0052 row 4 -> refuse a fractional threshold rather than truncate; string-number: read from website/docs/getting-started/configuration.md:804 + website/docs/getting-started/configuration.md:815-816 - a quoted number is a string and a whole number does not accept `"15"`; a value of another shape ends the run with exit code 3 (website/docs/getting-started/configuration.md:786-791)	float
form	rule-opt	rules.coupling.cbo.namespace.error	int,string-number	refuse	website/docs/getting-started/configuration.md:232-235 + src/Analysis/Finding/Contract/Rule/RuleOptionKeySet.php:28-34 snake=camel=kebab	website/docs/getting-started/configuration.md:138-151 + website/docs/usage/cli-options.md:669-674	DECIDED	no per-path example; class carrier C6a-thresh | CLI door carries scalar text only (website/docs/usage/cli-options.md:669-674) | float: carrier shows integers only; "number vs integer" not settled by any carrier; ADR 0052 row 4 -> refuse a fractional threshold rather than truncate; null: empty value after `=`: no carrier; ADR 0052 row 4 (accepted set closed before analysis) -> refuse; string-number: read from website/docs/getting-started/configuration.md:817-820 - a value arriving on the command line is text by construction and is converted before its shape is judged, so the quoted spelling is accepted on this door	float,null
form	yaml	rules.coupling.cbo.namespace.min-class-count	null,int	default	website/docs/getting-started/configuration.md:232-235 + src/Analysis/Finding/Contract/Rule/RuleOptionKeySet.php:28-34 snake=camel=kebab	website/docs/rules/coupling.md:134	DECIDED	form taken from the documented example `5`; complement refused by website/docs/getting-started/configuration.md:738-744 | float: carrier shows integers only; "number vs integer" not settled by any carrier; ADR 0052 row 4 -> refuse a fractional threshold rather than truncate; string-number: read from website/docs/getting-started/configuration.md:804 + website/docs/getting-started/configuration.md:815-816 - a quoted number is a string and a whole number does not accept `"15"`; a value of another shape ends the run with exit code 3 (website/docs/getting-started/configuration.md:786-791)	float
form	rule-opt	rules.coupling.cbo.namespace.min-class-count	int,string-number	refuse	website/docs/getting-started/configuration.md:232-235 + src/Analysis/Finding/Contract/Rule/RuleOptionKeySet.php:28-34 snake=camel=kebab	website/docs/rules/coupling.md:149	DECIDED	form taken from the documented example `5`; complement refused by website/docs/getting-started/configuration.md:738-744 | CLI door carries scalar text only (website/docs/usage/cli-options.md:669-674) | float: carrier shows integers only; "number vs integer" not settled by any carrier; ADR 0052 row 4 -> refuse a fractional threshold rather than truncate; null: empty value after `=`: no carrier; ADR 0052 row 4 (accepted set closed before analysis) -> refuse; string-number: read from website/docs/getting-started/configuration.md:817-820 - a value arriving on the command line is text by construction and is converted before its shape is judged, so the quoted spelling is accepted on this door	float,null
form	yaml	rules.coupling.cbo.namespace.threshold	null,int	default	website/docs/getting-started/configuration.md:232-235 + src/Analysis/Finding/Contract/Rule/RuleOptionKeySet.php:28-34 snake=camel=kebab; website/docs/getting-started/configuration.md:152-166 threshold:N == warning:N,error:N	website/docs/getting-started/configuration.md:138-151	DECIDED	no per-path example; class carrier C6a-thresh | float: carrier shows integers only; "number vs integer" not settled by any carrier; ADR 0052 row 4 -> refuse a fractional threshold rather than truncate; string-number: read from website/docs/getting-started/configuration.md:804 + website/docs/getting-started/configuration.md:815-816 - a quoted number is a string and a whole number does not accept `"15"`; a value of another shape ends the run with exit code 3 (website/docs/getting-started/configuration.md:786-791)	float
form	rule-opt	rules.coupling.cbo.namespace.threshold	int,string-number	refuse	website/docs/getting-started/configuration.md:232-235 + src/Analysis/Finding/Contract/Rule/RuleOptionKeySet.php:28-34 snake=camel=kebab; website/docs/getting-started/configuration.md:152-166 threshold:N == warning:N,error:N	website/docs/getting-started/configuration.md:138-151 + website/docs/usage/cli-options.md:669-674	DECIDED	no per-path example; class carrier C6a-thresh | CLI door carries scalar text only (website/docs/usage/cli-options.md:669-674) | float: carrier shows integers only; "number vs integer" not settled by any carrier; ADR 0052 row 4 -> refuse a fractional threshold rather than truncate; null: empty value after `=`: no carrier; ADR 0052 row 4 (accepted set closed before analysis) -> refuse; string-number: read from website/docs/getting-started/configuration.md:817-820 - a value arriving on the command line is text by construction and is converted before its shape is judged, so the quoted spelling is accepted on this door	float,null
form	yaml	rules.coupling.cbo.namespace.warning	null,int	default	website/docs/getting-started/configuration.md:232-235 + src/Analysis/Finding/Contract/Rule/RuleOptionKeySet.php:28-34 snake=camel=kebab	website/docs/getting-started/configuration.md:138-151	DECIDED	no per-path example; class carrier C6a-thresh | float: carrier shows integers only; "number vs integer" not settled by any carrier; ADR 0052 row 4 -> refuse a fractional threshold rather than truncate; string-number: read from website/docs/getting-started/configuration.md:804 + website/docs/getting-started/configuration.md:815-816 - a quoted number is a string and a whole number does not accept `"15"`; a value of another shape ends the run with exit code 3 (website/docs/getting-started/configuration.md:786-791)	float
form	rule-opt	rules.coupling.cbo.namespace.warning	int,string-number	refuse	website/docs/getting-started/configuration.md:232-235 + src/Analysis/Finding/Contract/Rule/RuleOptionKeySet.php:28-34 snake=camel=kebab	website/docs/getting-started/configuration.md:138-151 + website/docs/usage/cli-options.md:669-674	DECIDED	no per-path example; class carrier C6a-thresh | CLI door carries scalar text only (website/docs/usage/cli-options.md:669-674) | float: carrier shows integers only; "number vs integer" not settled by any carrier; ADR 0052 row 4 -> refuse a fractional threshold rather than truncate; null: empty value after `=`: no carrier; ADR 0052 row 4 (accepted set closed before analysis) -> refuse; string-number: read from website/docs/getting-started/configuration.md:817-820 - a value arriving on the command line is text by construction and is converted before its shape is judged, so the quoted spelling is accepted on this door	float,null
form	yaml	rules.coupling.class-rank.enabled	null,bool	default	website/docs/getting-started/configuration.md:232-235 + src/Analysis/Finding/Contract/Rule/RuleOptionKeySet.php:28-34 snake=camel=kebab	website/docs/getting-started/configuration.md:130-136	PROMISED	no per-path example; class carrier C5-enabled | string-nonnumber: read from website/docs/getting-started/configuration.md:803 - a boolean accepts `true` / `false`; a quoted `"false"` is a string, and a value of another shape ends the run with exit code 3 (website/docs/getting-started/configuration.md:786-791); string-number: read from website/docs/getting-started/configuration.md:803 - a boolean accepts `true` / `false`; `1`-as-string is a string, and a value of another shape ends the run with exit code 3 (website/docs/getting-started/configuration.md:786-791)	
form	rule-opt	rules.coupling.class-rank.enabled	bool	refuse	website/docs/getting-started/configuration.md:232-235 + src/Analysis/Finding/Contract/Rule/RuleOptionKeySet.php:28-34 snake=camel=kebab	website/docs/getting-started/configuration.md:130-136 + website/docs/usage/cli-options.md:669-674	DECIDED	no per-path example; class carrier C5-enabled | CLI door carries scalar text only (website/docs/usage/cli-options.md:669-674) | null: empty value after `=`: no carrier; ADR 0052 row 4 (accepted set closed before analysis) -> refuse; string-nonnumber: read from website/docs/getting-started/configuration.md:803 + website/docs/getting-started/configuration.md:817-820 - the text is converted before its shape is judged, and a word that is neither `true` nor `false` is not a boolean; string-number: read from website/docs/getting-started/configuration.md:803 + website/docs/getting-started/configuration.md:817-820 - the text is converted before its shape is judged, so `1` arrives as a number exactly as `25` does, and a number is not one of the two words a boolean accepts (website/docs/getting-started/configuration.md:803)	null
form	yaml	rules.coupling.class-rank.error	null,int,float	default	website/docs/getting-started/configuration.md:232-235 + src/Analysis/Finding/Contract/Rule/RuleOptionKeySet.php:28-34 snake=camel=kebab	website/docs/rules/coupling.md:691	PROMISED	form taken from the documented example `0.08`; complement refused by website/docs/getting-started/configuration.md:738-744 | string-number: read from website/docs/getting-started/configuration.md:805 + website/docs/getting-started/configuration.md:815-816 - a quoted number is a string, and `a number` accepts `15` or `10.5`, not a string; a value of another shape ends the run with exit code 3 (website/docs/getting-started/configuration.md:786-791)	
form	rule-opt	rules.coupling.class-rank.error	int,float,string-number	refuse	website/docs/getting-started/configuration.md:232-235 + src/Analysis/Finding/Contract/Rule/RuleOptionKeySet.php:28-34 snake=camel=kebab	website/docs/rules/coupling.md:704	DECIDED	form taken from the documented example `0.08`; complement refused by website/docs/getting-started/configuration.md:738-744 | CLI door carries scalar text only (website/docs/usage/cli-options.md:669-674) | null: empty value after `=`: no carrier; ADR 0052 row 4 (accepted set closed before analysis) -> refuse; string-number: read from website/docs/getting-started/configuration.md:817-820 - a value arriving on the command line is text by construction and is converted before its shape is judged, so the quoted spelling is accepted on this door	null
form	yaml	rules.coupling.class-rank.threshold	null,int,float	default	website/docs/getting-started/configuration.md:232-235 + src/Analysis/Finding/Contract/Rule/RuleOptionKeySet.php:28-34 snake=camel=kebab; website/docs/getting-started/configuration.md:152-166 threshold:N == warning:N,error:N	website/docs/rules/coupling.md:699	PROMISED	form taken from the documented example `0.03   # warning=0.03, error=0.03`; complement refused by website/docs/getting-started/configuration.md:738-744 | string-number: read from website/docs/getting-started/configuration.md:805 + website/docs/getting-started/configuration.md:815-816 - a quoted number is a string, and `a number` accepts `15` or `10.5`, not a string; a value of another shape ends the run with exit code 3 (website/docs/getting-started/configuration.md:786-791)	
form	rule-opt	rules.coupling.class-rank.threshold	int,float,string-number	refuse	website/docs/getting-started/configuration.md:232-235 + src/Analysis/Finding/Contract/Rule/RuleOptionKeySet.php:28-34 snake=camel=kebab; website/docs/getting-started/configuration.md:152-166 threshold:N == warning:N,error:N	website/docs/rules/coupling.md:699 + website/docs/usage/cli-options.md:669-674	DECIDED	form taken from the documented example `0.03   # warning=0.03, error=0.03`; complement refused by website/docs/getting-started/configuration.md:738-744 | CLI door carries scalar text only (website/docs/usage/cli-options.md:669-674) | null: empty value after `=`: no carrier; ADR 0052 row 4 (accepted set closed before analysis) -> refuse; string-number: read from website/docs/getting-started/configuration.md:817-820 - a value arriving on the command line is text by construction and is converted before its shape is judged, so the quoted spelling is accepted on this door	null
form	yaml	rules.coupling.class-rank.warning	null,int,float	default	website/docs/getting-started/configuration.md:232-235 + src/Analysis/Finding/Contract/Rule/RuleOptionKeySet.php:28-34 snake=camel=kebab	website/docs/rules/coupling.md:690	PROMISED	form taken from the documented example `0.03`; complement refused by website/docs/getting-started/configuration.md:738-744 | string-number: read from website/docs/getting-started/configuration.md:805 + website/docs/getting-started/configuration.md:815-816 - a quoted number is a string, and `a number` accepts `15` or `10.5`, not a string; a value of another shape ends the run with exit code 3 (website/docs/getting-started/configuration.md:786-791)	
form	rule-opt	rules.coupling.class-rank.warning	int,float,string-number	refuse	website/docs/getting-started/configuration.md:232-235 + src/Analysis/Finding/Contract/Rule/RuleOptionKeySet.php:28-34 snake=camel=kebab	website/docs/rules/coupling.md:703	DECIDED	form taken from the documented example `0.03`; complement refused by website/docs/getting-started/configuration.md:738-744 | CLI door carries scalar text only (website/docs/usage/cli-options.md:669-674) | null: empty value after `=`: no carrier; ADR 0052 row 4 (accepted set closed before analysis) -> refuse; string-number: read from website/docs/getting-started/configuration.md:817-820 - a value arriving on the command line is text by construction and is converted before its shape is judged, so the quoted spelling is accepted on this door	null
form	yaml	rules.coupling.distance.enabled	null,bool	default	website/docs/getting-started/configuration.md:232-235 + src/Analysis/Finding/Contract/Rule/RuleOptionKeySet.php:28-34 snake=camel=kebab	website/docs/getting-started/configuration.md:130-136	PROMISED	no per-path example; class carrier C5-enabled | string-nonnumber: read from website/docs/getting-started/configuration.md:803 - a boolean accepts `true` / `false`; a quoted `"false"` is a string, and a value of another shape ends the run with exit code 3 (website/docs/getting-started/configuration.md:786-791); string-number: read from website/docs/getting-started/configuration.md:803 - a boolean accepts `true` / `false`; `1`-as-string is a string, and a value of another shape ends the run with exit code 3 (website/docs/getting-started/configuration.md:786-791)	
form	rule-opt	rules.coupling.distance.enabled	bool	refuse	website/docs/getting-started/configuration.md:232-235 + src/Analysis/Finding/Contract/Rule/RuleOptionKeySet.php:28-34 snake=camel=kebab	website/docs/getting-started/configuration.md:130-136 + website/docs/usage/cli-options.md:669-674	DECIDED	no per-path example; class carrier C5-enabled | CLI door carries scalar text only (website/docs/usage/cli-options.md:669-674) | null: empty value after `=`: no carrier; ADR 0052 row 4 (accepted set closed before analysis) -> refuse; string-nonnumber: read from website/docs/getting-started/configuration.md:803 + website/docs/getting-started/configuration.md:817-820 - the text is converted before its shape is judged, and a word that is neither `true` nor `false` is not a boolean; string-number: read from website/docs/getting-started/configuration.md:803 + website/docs/getting-started/configuration.md:817-820 - the text is converted before its shape is judged, so `1` arrives as a number exactly as `25` does, and a number is not one of the two words a boolean accepts (website/docs/getting-started/configuration.md:803)	null
form	yaml	rules.coupling.distance.include-namespaces	null,list,string-nonnumber,string-number	default	website/docs/getting-started/configuration.md:232-235 + src/Analysis/Finding/Contract/Rule/RuleOptionKeySet.php:28-34 snake=camel=kebab	website/docs/rules/coupling.md:564 + website/docs/rules/coupling.md:587-590	PROMISED	form taken from the documented example ``; complement refused by website/docs/getting-started/configuration.md:738-744 | string-nonnumber, string-number: website/docs/rules/coupling.md:587-590 - a single string is the one-element list, and a digit string is an element like any other	
form	rule-opt	rules.coupling.distance.include-namespaces	string-nonnumber	refuse	website/docs/getting-started/configuration.md:232-235 + src/Analysis/Finding/Contract/Rule/RuleOptionKeySet.php:28-34 snake=camel=kebab	website/docs/guides/architecture-investigation.md:92 + website/docs/rules/coupling.md:587-592	DECIDED	form taken from the documented example ``; complement refused by website/docs/getting-started/configuration.md:738-744 | CLI door carries scalar text only (website/docs/usage/cli-options.md:669-674) | a container value is not writable on this door at all (website/docs/usage/cli-options.md:669-674); only a deeper scalar path is | null: empty value after `=`: no carrier; ADR 0052 row 4 (accepted set closed before analysis) -> refuse | string-nonnumber: website/docs/rules/coupling.md:587-592 - a single string is the one-element list, which is exactly what this door can carry; the text after `=` is never split, so the list form stays unwritable here	null
form	yaml	rules.coupling.distance.max-distance-error	null,int,float	default	website/docs/getting-started/configuration.md:232-235 + src/Analysis/Finding/Contract/Rule/RuleOptionKeySet.php:28-34 snake=camel=kebab	website/docs/rules/coupling.md:562	PROMISED	form taken from the documented example `0.6`; complement refused by website/docs/getting-started/configuration.md:738-744 | string-number: read from website/docs/getting-started/configuration.md:805 + website/docs/getting-started/configuration.md:815-816 - a quoted number is a string, and `a number` accepts `15` or `10.5`, not a string; a value of another shape ends the run with exit code 3 (website/docs/getting-started/configuration.md:786-791)	
form	rule-opt	rules.coupling.distance.max-distance-error	int,float,string-number	refuse	website/docs/getting-started/configuration.md:232-235 + src/Analysis/Finding/Contract/Rule/RuleOptionKeySet.php:28-34 snake=camel=kebab	website/docs/rules/coupling.md:581	DECIDED	form taken from the documented example `0.6`; complement refused by website/docs/getting-started/configuration.md:738-744 | CLI door carries scalar text only (website/docs/usage/cli-options.md:669-674) | null: empty value after `=`: no carrier; ADR 0052 row 4 (accepted set closed before analysis) -> refuse; string-number: read from website/docs/getting-started/configuration.md:817-820 - a value arriving on the command line is text by construction and is converted before its shape is judged, so the quoted spelling is accepted on this door	null
form	yaml	rules.coupling.distance.max-distance-warning	null,int,float	default	website/docs/getting-started/configuration.md:232-235 + src/Analysis/Finding/Contract/Rule/RuleOptionKeySet.php:28-34 snake=camel=kebab	website/docs/rules/coupling.md:561	PROMISED	form taken from the documented example `0.4`; complement refused by website/docs/getting-started/configuration.md:738-744 | string-number: read from website/docs/getting-started/configuration.md:805 + website/docs/getting-started/configuration.md:815-816 - a quoted number is a string, and `a number` accepts `15` or `10.5`, not a string; a value of another shape ends the run with exit code 3 (website/docs/getting-started/configuration.md:786-791)	
form	rule-opt	rules.coupling.distance.max-distance-warning	int,float,string-number	refuse	website/docs/getting-started/configuration.md:232-235 + src/Analysis/Finding/Contract/Rule/RuleOptionKeySet.php:28-34 snake=camel=kebab	website/docs/rules/coupling.md:580	DECIDED	form taken from the documented example `0.4`; complement refused by website/docs/getting-started/configuration.md:738-744 | CLI door carries scalar text only (website/docs/usage/cli-options.md:669-674) | null: empty value after `=`: no carrier; ADR 0052 row 4 (accepted set closed before analysis) -> refuse; string-number: read from website/docs/getting-started/configuration.md:817-820 - a value arriving on the command line is text by construction and is converted before its shape is judged, so the quoted spelling is accepted on this door	null
form	yaml	rules.coupling.distance.min-class-count	null,int	default	website/docs/getting-started/configuration.md:232-235 + src/Analysis/Finding/Contract/Rule/RuleOptionKeySet.php:28-34 snake=camel=kebab	website/docs/rules/coupling.md:563	DECIDED	form taken from the documented example `5`; complement refused by website/docs/getting-started/configuration.md:738-744 | float: carrier shows integers only; "number vs integer" not settled by any carrier; ADR 0052 row 4 -> refuse a fractional threshold rather than truncate; string-number: read from website/docs/getting-started/configuration.md:804 + website/docs/getting-started/configuration.md:815-816 - a quoted number is a string and a whole number does not accept `"15"`; a value of another shape ends the run with exit code 3 (website/docs/getting-started/configuration.md:786-791)	float
form	rule-opt	rules.coupling.distance.min-class-count	int,string-number	refuse	website/docs/getting-started/configuration.md:232-235 + src/Analysis/Finding/Contract/Rule/RuleOptionKeySet.php:28-34 snake=camel=kebab	website/docs/rules/coupling.md:582	DECIDED	form taken from the documented example `5`; complement refused by website/docs/getting-started/configuration.md:738-744 | CLI door carries scalar text only (website/docs/usage/cli-options.md:669-674) | float: carrier shows integers only; "number vs integer" not settled by any carrier; ADR 0052 row 4 -> refuse a fractional threshold rather than truncate; null: empty value after `=`: no carrier; ADR 0052 row 4 (accepted set closed before analysis) -> refuse; string-number: read from website/docs/getting-started/configuration.md:817-820 - a value arriving on the command line is text by construction and is converted before its shape is judged, so the quoted spelling is accepted on this door	float,null
form	yaml	rules.coupling.distance.threshold	null,int,float	default	website/docs/getting-started/configuration.md:232-235 + src/Analysis/Finding/Contract/Rule/RuleOptionKeySet.php:28-34 snake=camel=kebab; website/docs/getting-started/configuration.md:152-166 threshold:N == warning:N,error:N	website/docs/rules/coupling.md:576	PROMISED	form taken from the documented example `0.4   # warning=0.4, error=0.4`; complement refused by website/docs/getting-started/configuration.md:738-744 | string-number: read from website/docs/getting-started/configuration.md:805 + website/docs/getting-started/configuration.md:815-816 - a quoted number is a string, and `a number` accepts `15` or `10.5`, not a string; a value of another shape ends the run with exit code 3 (website/docs/getting-started/configuration.md:786-791)	
form	rule-opt	rules.coupling.distance.threshold	int,float,string-number	refuse	website/docs/getting-started/configuration.md:232-235 + src/Analysis/Finding/Contract/Rule/RuleOptionKeySet.php:28-34 snake=camel=kebab; website/docs/getting-started/configuration.md:152-166 threshold:N == warning:N,error:N	website/docs/rules/coupling.md:576 + website/docs/usage/cli-options.md:669-674	DECIDED	form taken from the documented example `0.4   # warning=0.4, error=0.4`; complement refused by website/docs/getting-started/configuration.md:738-744 | CLI door carries scalar text only (website/docs/usage/cli-options.md:669-674) | null: empty value after `=`: no carrier; ADR 0052 row 4 (accepted set closed before analysis) -> refuse; string-number: read from website/docs/getting-started/configuration.md:817-820 - a value arriving on the command line is text by construction and is converted before its shape is judged, so the quoted spelling is accepted on this door	null
form	yaml	rules.coupling.instability.class	null,map	default	website/docs/getting-started/configuration.md:232-235 + src/Analysis/Finding/Contract/Rule/RuleOptionKeySet.php:28-34 snake=camel=kebab	website/docs/rules/coupling.md:397 + src/Analysis/Finding/Contract/Rule/LevelOptionsInterface.php:33-39	PROMISED	form taken from the documented example ``; complement refused by website/docs/getting-started/configuration.md:738-744 | a slot is a map of its own keys (contract docblock)	
form	rule-opt	rules.coupling.instability.class		refuse	website/docs/getting-started/configuration.md:232-235 + src/Analysis/Finding/Contract/Rule/RuleOptionKeySet.php:28-34 snake=camel=kebab	website/docs/rules/coupling.md:397 + src/Analysis/Finding/Contract/Rule/LevelOptionsInterface.php:33-39 + website/docs/usage/cli-options.md:669-674	DECIDED	form taken from the documented example ``; complement refused by website/docs/getting-started/configuration.md:738-744 | a slot is a map of its own keys (contract docblock) | CLI door carries scalar text only (website/docs/usage/cli-options.md:669-674) | a container value is not writable on this door at all (website/docs/usage/cli-options.md:669-674); only a deeper scalar path is | null: empty value after `=`: no carrier; ADR 0052 row 4 (accepted set closed before analysis) -> refuse	null
form	yaml	rules.coupling.instability.enabled	null,bool	default	website/docs/getting-started/configuration.md:232-235 + src/Analysis/Finding/Contract/Rule/RuleOptionKeySet.php:28-34 snake=camel=kebab	website/docs/getting-started/configuration.md:130-136	PROMISED	no per-path example; class carrier C5-enabled | string-nonnumber: read from website/docs/getting-started/configuration.md:803 - a boolean accepts `true` / `false`; a quoted `"false"` is a string, and a value of another shape ends the run with exit code 3 (website/docs/getting-started/configuration.md:786-791); string-number: read from website/docs/getting-started/configuration.md:803 - a boolean accepts `true` / `false`; `1`-as-string is a string, and a value of another shape ends the run with exit code 3 (website/docs/getting-started/configuration.md:786-791)	
form	rule-opt	rules.coupling.instability.enabled	bool	refuse	website/docs/getting-started/configuration.md:232-235 + src/Analysis/Finding/Contract/Rule/RuleOptionKeySet.php:28-34 snake=camel=kebab	website/docs/getting-started/configuration.md:130-136 + website/docs/usage/cli-options.md:669-674	DECIDED	no per-path example; class carrier C5-enabled | CLI door carries scalar text only (website/docs/usage/cli-options.md:669-674) | null: empty value after `=`: no carrier; ADR 0052 row 4 (accepted set closed before analysis) -> refuse; string-nonnumber: read from website/docs/getting-started/configuration.md:803 + website/docs/getting-started/configuration.md:817-820 - the text is converted before its shape is judged, and a word that is neither `true` nor `false` is not a boolean; string-number: read from website/docs/getting-started/configuration.md:803 + website/docs/getting-started/configuration.md:817-820 - the text is converted before its shape is judged, so `1` arrives as a number exactly as `25` does, and a number is not one of the two words a boolean accepts (website/docs/getting-started/configuration.md:803)	null
form	yaml	rules.coupling.instability.max-error	null,int,float	default	website/docs/getting-started/configuration.md:232-235 + src/Analysis/Finding/Contract/Rule/RuleOptionKeySet.php:28-34 snake=camel=kebab	website/docs/rules/coupling.md:455	PROMISED	form taken from the documented example `0.95`; complement refused by website/docs/getting-started/configuration.md:738-744 | string-number: read from website/docs/getting-started/configuration.md:805 + website/docs/getting-started/configuration.md:815-816 - a quoted number is a string, and `a number` accepts `15` or `10.5`, not a string; a value of another shape ends the run with exit code 3 (website/docs/getting-started/configuration.md:786-791) | null: NARROWED by website/docs/getting-started/configuration.md:883-902 - inside `rules:` the equivalence with omission stops for this key: it is one of the threshold keys the carrier names for this rule, and writing it at the rule's own top level selects the flat form "with `~` exactly as with a number", so the `callable:`/`class:`/`namespace:` blocks beside it are then not read. The key's OWN VALUE still takes the default (website/docs/getting-started/configuration.md:862-864); what `~` no longer means is an unwritten key. Coordinate value changed default -> default-value-present-key accordingly | X19: the carve-out this value existed for is gone. The carrier no longer says the equivalence stops inside `rules:`, because the product no longer reads a written key with no value as a choice of branch. The value half and the presence half have converged, so the narrower name has nothing left to name.	
form	rule-opt	rules.coupling.instability.max-error	int,float,string-number	refuse	website/docs/getting-started/configuration.md:232-235 + src/Analysis/Finding/Contract/Rule/RuleOptionKeySet.php:28-34 snake=camel=kebab	website/docs/rules/coupling.md:455 + website/docs/usage/cli-options.md:669-674	DECIDED	form taken from the documented example `0.95`; complement refused by website/docs/getting-started/configuration.md:738-744 | CLI door carries scalar text only (website/docs/usage/cli-options.md:669-674) | null: empty value after `=`: no carrier; ADR 0052 row 4 (accepted set closed before analysis) -> refuse; string-number: read from website/docs/getting-started/configuration.md:817-820 - a value arriving on the command line is text by construction and is converted before its shape is judged, so the quoted spelling is accepted on this door	null
form	yaml	rules.coupling.instability.max-warning	null,int,float	default	website/docs/getting-started/configuration.md:232-235 + src/Analysis/Finding/Contract/Rule/RuleOptionKeySet.php:28-34 snake=camel=kebab	website/docs/rules/coupling.md:454	PROMISED	form taken from the documented example `0.85   # class AND namespace`; complement refused by website/docs/getting-started/configuration.md:738-744 | string-number: read from website/docs/getting-started/configuration.md:805 + website/docs/getting-started/configuration.md:815-816 - a quoted number is a string, and `a number` accepts `15` or `10.5`, not a string; a value of another shape ends the run with exit code 3 (website/docs/getting-started/configuration.md:786-791) | null: NARROWED by website/docs/getting-started/configuration.md:883-902 - inside `rules:` the equivalence with omission stops for this key: it is one of the threshold keys the carrier names for this rule, and writing it at the rule's own top level selects the flat form "with `~` exactly as with a number", so the `callable:`/`class:`/`namespace:` blocks beside it are then not read. The key's OWN VALUE still takes the default (website/docs/getting-started/configuration.md:862-864); what `~` no longer means is an unwritten key. Coordinate value changed default -> default-value-present-key accordingly | X19: the carve-out this value existed for is gone. The carrier no longer says the equivalence stops inside `rules:`, because the product no longer reads a written key with no value as a choice of branch. The value half and the presence half have converged, so the narrower name has nothing left to name.	
form	rule-opt	rules.coupling.instability.max-warning	int,float,string-number	refuse	website/docs/getting-started/configuration.md:232-235 + src/Analysis/Finding/Contract/Rule/RuleOptionKeySet.php:28-34 snake=camel=kebab	website/docs/rules/coupling.md:454 + website/docs/usage/cli-options.md:669-674	DECIDED	form taken from the documented example `0.85   # class AND namespace`; complement refused by website/docs/getting-started/configuration.md:738-744 | CLI door carries scalar text only (website/docs/usage/cli-options.md:669-674) | null: empty value after `=`: no carrier; ADR 0052 row 4 (accepted set closed before analysis) -> refuse; string-number: read from website/docs/getting-started/configuration.md:817-820 - a value arriving on the command line is text by construction and is converted before its shape is judged, so the quoted spelling is accepted on this door	null
form	yaml	rules.coupling.instability.namespace	null,map	default	website/docs/getting-started/configuration.md:232-235 + src/Analysis/Finding/Contract/Rule/RuleOptionKeySet.php:28-34 snake=camel=kebab	website/docs/rules/coupling.md:401 + src/Analysis/Finding/Contract/Rule/LevelOptionsInterface.php:33-39	PROMISED	form taken from the documented example ``; complement refused by website/docs/getting-started/configuration.md:738-744 | a slot is a map of its own keys (contract docblock)	
form	rule-opt	rules.coupling.instability.namespace		refuse	website/docs/getting-started/configuration.md:232-235 + src/Analysis/Finding/Contract/Rule/RuleOptionKeySet.php:28-34 snake=camel=kebab	website/docs/rules/coupling.md:401 + src/Analysis/Finding/Contract/Rule/LevelOptionsInterface.php:33-39 + website/docs/usage/cli-options.md:669-674	DECIDED	form taken from the documented example ``; complement refused by website/docs/getting-started/configuration.md:738-744 | a slot is a map of its own keys (contract docblock) | CLI door carries scalar text only (website/docs/usage/cli-options.md:669-674) | a container value is not writable on this door at all (website/docs/usage/cli-options.md:669-674); only a deeper scalar path is | null: empty value after `=`: no carrier; ADR 0052 row 4 (accepted set closed before analysis) -> refuse	null
form	yaml	rules.coupling.instability.threshold	null,int,float	default	website/docs/getting-started/configuration.md:232-235 + src/Analysis/Finding/Contract/Rule/RuleOptionKeySet.php:28-34 snake=camel=kebab; website/docs/getting-started/configuration.md:152-166 threshold:N == warning:N,error:N	website/docs/rules/coupling.md:433	PROMISED	form taken from the documented example `0.9   # class AND namespace: warning=0.9`; complement refused by website/docs/getting-started/configuration.md:738-744 | string-number: read from website/docs/getting-started/configuration.md:805 + website/docs/getting-started/configuration.md:815-816 - a quoted number is a string, and `a number` accepts `15` or `10.5`, not a string; a value of another shape ends the run with exit code 3 (website/docs/getting-started/configuration.md:786-791) | null: NARROWED by website/docs/getting-started/configuration.md:883-902 - inside `rules:` the equivalence with omission stops for this key: it is one of the threshold keys the carrier names for this rule, and writing it at the rule's own top level selects the flat form "with `~` exactly as with a number", so the `callable:`/`class:`/`namespace:` blocks beside it are then not read. The key's OWN VALUE still takes the default (website/docs/getting-started/configuration.md:862-864); what `~` no longer means is an unwritten key. Coordinate value changed default -> default-value-present-key accordingly | X19: the carve-out this value existed for is gone. The carrier no longer says the equivalence stops inside `rules:`, because the product no longer reads a written key with no value as a choice of branch. The value half and the presence half have converged, so the narrower name has nothing left to name.	
form	rule-opt	rules.coupling.instability.threshold	int,float,string-number	refuse	website/docs/getting-started/configuration.md:232-235 + src/Analysis/Finding/Contract/Rule/RuleOptionKeySet.php:28-34 snake=camel=kebab; website/docs/getting-started/configuration.md:152-166 threshold:N == warning:N,error:N	website/docs/rules/coupling.md:437	DECIDED	form taken from the documented example `0.9   # class AND namespace: warning=0.9`; complement refused by website/docs/getting-started/configuration.md:738-744 | CLI door carries scalar text only (website/docs/usage/cli-options.md:669-674) | null: empty value after `=`: no carrier; ADR 0052 row 4 (accepted set closed before analysis) -> refuse; string-number: read from website/docs/getting-started/configuration.md:817-820 - a value arriving on the command line is text by construction and is converted before its shape is judged, so the quoted spelling is accepted on this door	null
form	yaml	rules.coupling.instability.class.enabled	null,bool	default	website/docs/getting-started/configuration.md:232-235 + src/Analysis/Finding/Contract/Rule/RuleOptionKeySet.php:28-34 snake=camel=kebab	website/docs/getting-started/configuration.md:130-136	PROMISED	no per-path example; class carrier C5-enabled | string-nonnumber: read from website/docs/getting-started/configuration.md:803 - a boolean accepts `true` / `false`; a quoted `"false"` is a string, and a value of another shape ends the run with exit code 3 (website/docs/getting-started/configuration.md:786-791); string-number: read from website/docs/getting-started/configuration.md:803 - a boolean accepts `true` / `false`; `1`-as-string is a string, and a value of another shape ends the run with exit code 3 (website/docs/getting-started/configuration.md:786-791)	
form	rule-opt	rules.coupling.instability.class.enabled	bool	refuse	website/docs/getting-started/configuration.md:232-235 + src/Analysis/Finding/Contract/Rule/RuleOptionKeySet.php:28-34 snake=camel=kebab	website/docs/getting-started/configuration.md:130-136 + website/docs/usage/cli-options.md:669-674	DECIDED	no per-path example; class carrier C5-enabled | CLI door carries scalar text only (website/docs/usage/cli-options.md:669-674) | null: empty value after `=`: no carrier; ADR 0052 row 4 (accepted set closed before analysis) -> refuse; string-nonnumber: read from website/docs/getting-started/configuration.md:803 + website/docs/getting-started/configuration.md:817-820 - the text is converted before its shape is judged, and a word that is neither `true` nor `false` is not a boolean; string-number: read from website/docs/getting-started/configuration.md:803 + website/docs/getting-started/configuration.md:817-820 - the text is converted before its shape is judged, so `1` arrives as a number exactly as `25` does, and a number is not one of the two words a boolean accepts (website/docs/getting-started/configuration.md:803)	null
form	yaml	rules.coupling.instability.class.max-error	null,int,float	default	website/docs/getting-started/configuration.md:232-235 + src/Analysis/Finding/Contract/Rule/RuleOptionKeySet.php:28-34 snake=camel=kebab	website/docs/rules/coupling.md:399	PROMISED	form taken from the documented example `1.0`; complement refused by website/docs/getting-started/configuration.md:738-744 | string-number: read from website/docs/getting-started/configuration.md:805 + website/docs/getting-started/configuration.md:815-816 - a quoted number is a string, and `a number` accepts `15` or `10.5`, not a string; a value of another shape ends the run with exit code 3 (website/docs/getting-started/configuration.md:786-791)	
form	rule-opt	rules.coupling.instability.class.max-error	int,float,string-number	refuse	website/docs/getting-started/configuration.md:232-235 + src/Analysis/Finding/Contract/Rule/RuleOptionKeySet.php:28-34 snake=camel=kebab	website/docs/rules/coupling.md:419	DECIDED	form taken from the documented example `1.0`; complement refused by website/docs/getting-started/configuration.md:738-744 | CLI door carries scalar text only (website/docs/usage/cli-options.md:669-674) | null: empty value after `=`: no carrier; ADR 0052 row 4 (accepted set closed before analysis) -> refuse; string-number: read from website/docs/getting-started/configuration.md:817-820 - a value arriving on the command line is text by construction and is converted before its shape is judged, so the quoted spelling is accepted on this door	null
form	yaml	rules.coupling.instability.class.max-warning	null,int,float	default	website/docs/getting-started/configuration.md:232-235 + src/Analysis/Finding/Contract/Rule/RuleOptionKeySet.php:28-34 snake=camel=kebab	website/docs/rules/coupling.md:398	PROMISED	form taken from the documented example `0.9`; complement refused by website/docs/getting-started/configuration.md:738-744 | string-number: read from website/docs/getting-started/configuration.md:805 + website/docs/getting-started/configuration.md:815-816 - a quoted number is a string, and `a number` accepts `15` or `10.5`, not a string; a value of another shape ends the run with exit code 3 (website/docs/getting-started/configuration.md:786-791)	
form	rule-opt	rules.coupling.instability.class.max-warning	int,float,string-number	refuse	website/docs/getting-started/configuration.md:232-235 + src/Analysis/Finding/Contract/Rule/RuleOptionKeySet.php:28-34 snake=camel=kebab	website/docs/rules/coupling.md:418	DECIDED	form taken from the documented example `0.9`; complement refused by website/docs/getting-started/configuration.md:738-744 | CLI door carries scalar text only (website/docs/usage/cli-options.md:669-674) | null: empty value after `=`: no carrier; ADR 0052 row 4 (accepted set closed before analysis) -> refuse; string-number: read from website/docs/getting-started/configuration.md:817-820 - a value arriving on the command line is text by construction and is converted before its shape is judged, so the quoted spelling is accepted on this door	null
form	yaml	rules.coupling.instability.class.min-afferent	null,int	default	website/docs/getting-started/configuration.md:232-235 + src/Analysis/Finding/Contract/Rule/RuleOptionKeySet.php:28-34 snake=camel=kebab	website/docs/rules/coupling.md:400	DECIDED	form taken from the documented example `1    # default: 1`; complement refused by website/docs/getting-started/configuration.md:738-744 | float: carrier shows integers only; "number vs integer" not settled by any carrier; ADR 0052 row 4 -> refuse a fractional threshold rather than truncate; string-number: read from website/docs/getting-started/configuration.md:804 + website/docs/getting-started/configuration.md:815-816 - a quoted number is a string and a whole number does not accept `"15"`; a value of another shape ends the run with exit code 3 (website/docs/getting-started/configuration.md:786-791)	float
form	rule-opt	rules.coupling.instability.class.min-afferent	int,string-number	refuse	website/docs/getting-started/configuration.md:232-235 + src/Analysis/Finding/Contract/Rule/RuleOptionKeySet.php:28-34 snake=camel=kebab	website/docs/rules/coupling.md:420	DECIDED	form taken from the documented example `1    # default: 1`; complement refused by website/docs/getting-started/configuration.md:738-744 | CLI door carries scalar text only (website/docs/usage/cli-options.md:669-674) | float: carrier shows integers only; "number vs integer" not settled by any carrier; ADR 0052 row 4 -> refuse a fractional threshold rather than truncate; null: empty value after `=`: no carrier; ADR 0052 row 4 (accepted set closed before analysis) -> refuse; string-number: read from website/docs/getting-started/configuration.md:817-820 - a value arriving on the command line is text by construction and is converted before its shape is judged, so the quoted spelling is accepted on this door	float,null
form	yaml	rules.coupling.instability.class.threshold	null,int,float	default	website/docs/getting-started/configuration.md:232-235 + src/Analysis/Finding/Contract/Rule/RuleOptionKeySet.php:28-34 snake=camel=kebab; website/docs/getting-started/configuration.md:152-166 threshold:N == warning:N,error:N	website/docs/rules/coupling.md:414	PROMISED	form taken from the documented example `0.9   # warning=0.9, error=0.9`; complement refused by website/docs/getting-started/configuration.md:738-744 | string-number: read from website/docs/getting-started/configuration.md:805 + website/docs/getting-started/configuration.md:815-816 - a quoted number is a string, and `a number` accepts `15` or `10.5`, not a string; a value of another shape ends the run with exit code 3 (website/docs/getting-started/configuration.md:786-791)	
form	rule-opt	rules.coupling.instability.class.threshold	int,float,string-number	refuse	website/docs/getting-started/configuration.md:232-235 + src/Analysis/Finding/Contract/Rule/RuleOptionKeySet.php:28-34 snake=camel=kebab; website/docs/getting-started/configuration.md:152-166 threshold:N == warning:N,error:N	website/docs/rules/coupling.md:414 + website/docs/usage/cli-options.md:669-674	DECIDED	form taken from the documented example `0.9   # warning=0.9, error=0.9`; complement refused by website/docs/getting-started/configuration.md:738-744 | CLI door carries scalar text only (website/docs/usage/cli-options.md:669-674) | null: empty value after `=`: no carrier; ADR 0052 row 4 (accepted set closed before analysis) -> refuse; string-number: read from website/docs/getting-started/configuration.md:817-820 - a value arriving on the command line is text by construction and is converted before its shape is judged, so the quoted spelling is accepted on this door	null
form	yaml	rules.coupling.instability.namespace.enabled	null,bool	default	website/docs/getting-started/configuration.md:232-235 + src/Analysis/Finding/Contract/Rule/RuleOptionKeySet.php:28-34 snake=camel=kebab	website/docs/getting-started/configuration.md:130-136	PROMISED	no per-path example; class carrier C5-enabled | string-nonnumber: read from website/docs/getting-started/configuration.md:803 - a boolean accepts `true` / `false`; a quoted `"false"` is a string, and a value of another shape ends the run with exit code 3 (website/docs/getting-started/configuration.md:786-791); string-number: read from website/docs/getting-started/configuration.md:803 - a boolean accepts `true` / `false`; `1`-as-string is a string, and a value of another shape ends the run with exit code 3 (website/docs/getting-started/configuration.md:786-791)	
form	rule-opt	rules.coupling.instability.namespace.enabled	bool	refuse	website/docs/getting-started/configuration.md:232-235 + src/Analysis/Finding/Contract/Rule/RuleOptionKeySet.php:28-34 snake=camel=kebab	website/docs/getting-started/configuration.md:130-136 + website/docs/usage/cli-options.md:669-674	DECIDED	no per-path example; class carrier C5-enabled | CLI door carries scalar text only (website/docs/usage/cli-options.md:669-674) | null: empty value after `=`: no carrier; ADR 0052 row 4 (accepted set closed before analysis) -> refuse; string-nonnumber: read from website/docs/getting-started/configuration.md:803 + website/docs/getting-started/configuration.md:817-820 - the text is converted before its shape is judged, and a word that is neither `true` nor `false` is not a boolean; string-number: read from website/docs/getting-started/configuration.md:803 + website/docs/getting-started/configuration.md:817-820 - the text is converted before its shape is judged, so `1` arrives as a number exactly as `25` does, and a number is not one of the two words a boolean accepts (website/docs/getting-started/configuration.md:803)	null
form	yaml	rules.coupling.instability.namespace.max-error	null,int,float	default	website/docs/getting-started/configuration.md:232-235 + src/Analysis/Finding/Contract/Rule/RuleOptionKeySet.php:28-34 snake=camel=kebab	website/docs/getting-started/configuration.md:138-151 + website/docs/getting-started/configuration.md:821-840	PROMISED	no per-path example; class carrier C6a-thresh; float promised by the continuous-metric carrier (website/docs/getting-started/configuration.md:821-840 — names this key's group explicitly) | string-number: read from website/docs/getting-started/configuration.md:804 + website/docs/getting-started/configuration.md:815-816 - a quoted number is a string and a whole number does not accept `"15"`; a value of another shape ends the run with exit code 3 (website/docs/getting-started/configuration.md:786-791)	
form	rule-opt	rules.coupling.instability.namespace.max-error	int,float,string-number	refuse	website/docs/getting-started/configuration.md:232-235 + src/Analysis/Finding/Contract/Rule/RuleOptionKeySet.php:28-34 snake=camel=kebab	website/docs/getting-started/configuration.md:138-151 + website/docs/usage/cli-options.md:669-674 + website/docs/getting-started/configuration.md:821-840	DECIDED	no per-path example; class carrier C6a-thresh; float promised by the continuous-metric carrier (website/docs/getting-started/configuration.md:821-840 — names this key's group explicitly) | CLI door carries scalar text only (website/docs/usage/cli-options.md:669-674) | null: empty value after `=`: no carrier; ADR 0052 row 4 (accepted set closed before analysis) -> refuse; string-number: read from website/docs/getting-started/configuration.md:817-820 - a value arriving on the command line is text by construction and is converted before its shape is judged, so the quoted spelling is accepted on this door	null
form	yaml	rules.coupling.instability.namespace.max-warning	null,int,float	default	website/docs/getting-started/configuration.md:232-235 + src/Analysis/Finding/Contract/Rule/RuleOptionKeySet.php:28-34 snake=camel=kebab	website/docs/getting-started/configuration.md:138-151 + website/docs/getting-started/configuration.md:821-840	PROMISED	no per-path example; class carrier C6a-thresh; float promised by the continuous-metric carrier (website/docs/getting-started/configuration.md:821-840 — names this key's group explicitly) | string-number: read from website/docs/getting-started/configuration.md:804 + website/docs/getting-started/configuration.md:815-816 - a quoted number is a string and a whole number does not accept `"15"`; a value of another shape ends the run with exit code 3 (website/docs/getting-started/configuration.md:786-791)	
form	rule-opt	rules.coupling.instability.namespace.max-warning	int,float,string-number	refuse	website/docs/getting-started/configuration.md:232-235 + src/Analysis/Finding/Contract/Rule/RuleOptionKeySet.php:28-34 snake=camel=kebab	website/docs/getting-started/configuration.md:138-151 + website/docs/usage/cli-options.md:669-674 + website/docs/getting-started/configuration.md:821-840	DECIDED	no per-path example; class carrier C6a-thresh; float promised by the continuous-metric carrier (website/docs/getting-started/configuration.md:821-840 — names this key's group explicitly) | CLI door carries scalar text only (website/docs/usage/cli-options.md:669-674) | null: empty value after `=`: no carrier; ADR 0052 row 4 (accepted set closed before analysis) -> refuse; string-number: read from website/docs/getting-started/configuration.md:817-820 - a value arriving on the command line is text by construction and is converted before its shape is judged, so the quoted spelling is accepted on this door	null
form	yaml	rules.coupling.instability.namespace.min-afferent	null,int	default	website/docs/getting-started/configuration.md:232-235 + src/Analysis/Finding/Contract/Rule/RuleOptionKeySet.php:28-34 snake=camel=kebab	website/docs/rules/coupling.md:403	DECIDED	form taken from the documented example `1    # default: 1`; complement refused by website/docs/getting-started/configuration.md:738-744 | float: carrier shows integers only; "number vs integer" not settled by any carrier; ADR 0052 row 4 -> refuse a fractional threshold rather than truncate; string-number: read from website/docs/getting-started/configuration.md:804 + website/docs/getting-started/configuration.md:815-816 - a quoted number is a string and a whole number does not accept `"15"`; a value of another shape ends the run with exit code 3 (website/docs/getting-started/configuration.md:786-791)	float
form	rule-opt	rules.coupling.instability.namespace.min-afferent	int,string-number	refuse	website/docs/getting-started/configuration.md:232-235 + src/Analysis/Finding/Contract/Rule/RuleOptionKeySet.php:28-34 snake=camel=kebab	website/docs/rules/coupling.md:422	DECIDED	form taken from the documented example `1    # default: 1`; complement refused by website/docs/getting-started/configuration.md:738-744 | CLI door carries scalar text only (website/docs/usage/cli-options.md:669-674) | float: carrier shows integers only; "number vs integer" not settled by any carrier; ADR 0052 row 4 -> refuse a fractional threshold rather than truncate; null: empty value after `=`: no carrier; ADR 0052 row 4 (accepted set closed before analysis) -> refuse; string-number: read from website/docs/getting-started/configuration.md:817-820 - a value arriving on the command line is text by construction and is converted before its shape is judged, so the quoted spelling is accepted on this door	float,null
form	yaml	rules.coupling.instability.namespace.min-class-count	null,int	default	website/docs/getting-started/configuration.md:232-235 + src/Analysis/Finding/Contract/Rule/RuleOptionKeySet.php:28-34 snake=camel=kebab	website/docs/rules/coupling.md:402	DECIDED	form taken from the documented example `5`; complement refused by website/docs/getting-started/configuration.md:738-744 | float: carrier shows integers only; "number vs integer" not settled by any carrier; ADR 0052 row 4 -> refuse a fractional threshold rather than truncate; string-number: read from website/docs/getting-started/configuration.md:804 + website/docs/getting-started/configuration.md:815-816 - a quoted number is a string and a whole number does not accept `"15"`; a value of another shape ends the run with exit code 3 (website/docs/getting-started/configuration.md:786-791)	float
form	rule-opt	rules.coupling.instability.namespace.min-class-count	int,string-number	refuse	website/docs/getting-started/configuration.md:232-235 + src/Analysis/Finding/Contract/Rule/RuleOptionKeySet.php:28-34 snake=camel=kebab	website/docs/rules/coupling.md:421	DECIDED	form taken from the documented example `5`; complement refused by website/docs/getting-started/configuration.md:738-744 | CLI door carries scalar text only (website/docs/usage/cli-options.md:669-674) | float: carrier shows integers only; "number vs integer" not settled by any carrier; ADR 0052 row 4 -> refuse a fractional threshold rather than truncate; null: empty value after `=`: no carrier; ADR 0052 row 4 (accepted set closed before analysis) -> refuse; string-number: read from website/docs/getting-started/configuration.md:817-820 - a value arriving on the command line is text by construction and is converted before its shape is judged, so the quoted spelling is accepted on this door	float,null
form	yaml	rules.coupling.instability.namespace.threshold	null,int,float	default	website/docs/getting-started/configuration.md:232-235 + src/Analysis/Finding/Contract/Rule/RuleOptionKeySet.php:28-34 snake=camel=kebab; website/docs/getting-started/configuration.md:152-166 threshold:N == warning:N,error:N	website/docs/getting-started/configuration.md:138-151 + website/docs/getting-started/configuration.md:821-840	PROMISED	no per-path example; class carrier C6a-thresh; float promised by the continuous-metric carrier (website/docs/getting-started/configuration.md:821-840 — names this key's group explicitly) | string-number: read from website/docs/getting-started/configuration.md:804 + website/docs/getting-started/configuration.md:815-816 - a quoted number is a string and a whole number does not accept `"15"`; a value of another shape ends the run with exit code 3 (website/docs/getting-started/configuration.md:786-791)	
form	rule-opt	rules.coupling.instability.namespace.threshold	int,float,string-number	refuse	website/docs/getting-started/configuration.md:232-235 + src/Analysis/Finding/Contract/Rule/RuleOptionKeySet.php:28-34 snake=camel=kebab; website/docs/getting-started/configuration.md:152-166 threshold:N == warning:N,error:N	website/docs/getting-started/configuration.md:138-151 + website/docs/usage/cli-options.md:669-674 + website/docs/getting-started/configuration.md:821-840	DECIDED	no per-path example; class carrier C6a-thresh; float promised by the continuous-metric carrier (website/docs/getting-started/configuration.md:821-840 — names this key's group explicitly) | CLI door carries scalar text only (website/docs/usage/cli-options.md:669-674) | null: empty value after `=`: no carrier; ADR 0052 row 4 (accepted set closed before analysis) -> refuse; string-number: read from website/docs/getting-started/configuration.md:817-820 - a value arriving on the command line is text by construction and is converted before its shape is judged, so the quoted spelling is accepted on this door	null
form	yaml	rules.coupling.unmatched-framework-namespace.enabled	null,bool	default	website/docs/getting-started/configuration.md:232-235 + src/Analysis/Finding/Contract/Rule/RuleOptionKeySet.php:28-34 snake=camel=kebab	website/docs/rules/coupling.md:284	PROMISED	form taken from the documented example `true   # default`; complement refused by website/docs/getting-started/configuration.md:738-744 | string-nonnumber: read from website/docs/getting-started/configuration.md:803 - a boolean accepts `true` / `false`; a quoted `"false"` is a string, and a value of another shape ends the run with exit code 3 (website/docs/getting-started/configuration.md:786-791); string-number: read from website/docs/getting-started/configuration.md:803 - a boolean accepts `true` / `false`; `1`-as-string is a string, and a value of another shape ends the run with exit code 3 (website/docs/getting-started/configuration.md:786-791)	
form	rule-opt	rules.coupling.unmatched-framework-namespace.enabled	bool	refuse	website/docs/getting-started/configuration.md:232-235 + src/Analysis/Finding/Contract/Rule/RuleOptionKeySet.php:28-34 snake=camel=kebab	website/docs/rules/coupling.md:284 + website/docs/usage/cli-options.md:669-674	DECIDED	form taken from the documented example `true   # default`; complement refused by website/docs/getting-started/configuration.md:738-744 | CLI door carries scalar text only (website/docs/usage/cli-options.md:669-674) | null: empty value after `=`: no carrier; ADR 0052 row 4 (accepted set closed before analysis) -> refuse; string-nonnumber: read from website/docs/getting-started/configuration.md:803 + website/docs/getting-started/configuration.md:817-820 - the text is converted before its shape is judged, and a word that is neither `true` nor `false` is not a boolean; string-number: read from website/docs/getting-started/configuration.md:803 + website/docs/getting-started/configuration.md:817-820 - the text is converted before its shape is judged, so `1` arrives as a number exactly as `25` does, and a number is not one of the two words a boolean accepts (website/docs/getting-started/configuration.md:803)	null
form	yaml	rules.design.data-class.enabled	null,bool	default	website/docs/getting-started/configuration.md:232-235 + src/Analysis/Finding/Contract/Rule/RuleOptionKeySet.php:28-34 snake=camel=kebab	website/docs/getting-started/configuration.md:130-136	PROMISED	no per-path example; class carrier C5-enabled | string-nonnumber: read from website/docs/getting-started/configuration.md:803 - a boolean accepts `true` / `false`; a quoted `"false"` is a string, and a value of another shape ends the run with exit code 3 (website/docs/getting-started/configuration.md:786-791); string-number: read from website/docs/getting-started/configuration.md:803 - a boolean accepts `true` / `false`; `1`-as-string is a string, and a value of another shape ends the run with exit code 3 (website/docs/getting-started/configuration.md:786-791)	
form	rule-opt	rules.design.data-class.enabled	bool	refuse	website/docs/getting-started/configuration.md:232-235 + src/Analysis/Finding/Contract/Rule/RuleOptionKeySet.php:28-34 snake=camel=kebab	website/docs/getting-started/configuration.md:130-136 + website/docs/usage/cli-options.md:669-674	DECIDED	no per-path example; class carrier C5-enabled | CLI door carries scalar text only (website/docs/usage/cli-options.md:669-674) | null: empty value after `=`: no carrier; ADR 0052 row 4 (accepted set closed before analysis) -> refuse; string-nonnumber: read from website/docs/getting-started/configuration.md:803 + website/docs/getting-started/configuration.md:817-820 - the text is converted before its shape is judged, and a word that is neither `true` nor `false` is not a boolean; string-number: read from website/docs/getting-started/configuration.md:803 + website/docs/getting-started/configuration.md:817-820 - the text is converted before its shape is judged, so `1` arrives as a number exactly as `25` does, and a number is not one of the two words a boolean accepts (website/docs/getting-started/configuration.md:803)	null
form	yaml	rules.design.data-class.exclude-exceptions	null,bool	default	website/docs/getting-started/configuration.md:232-235 + src/Analysis/Finding/Contract/Rule/RuleOptionKeySet.php:28-34 snake=camel=kebab		DECIDED	no per-path example; class carrier none | string-nonnumber: read from website/docs/getting-started/configuration.md:803 - a boolean accepts `true` / `false`; a quoted `"false"` is a string, and a value of another shape ends the run with exit code 3 (website/docs/getting-started/configuration.md:786-791); string-number: read from website/docs/getting-started/configuration.md:803 - a boolean accepts `true` / `false`; `1`-as-string is a string, and a value of another shape ends the run with exit code 3 (website/docs/getting-started/configuration.md:786-791)	
form	rule-opt	rules.design.data-class.exclude-exceptions	bool	refuse	website/docs/getting-started/configuration.md:232-235 + src/Analysis/Finding/Contract/Rule/RuleOptionKeySet.php:28-34 snake=camel=kebab	website/docs/usage/cli-options.md:669-674	DECIDED	no per-path example; class carrier none | CLI door carries scalar text only (website/docs/usage/cli-options.md:669-674) | null: empty value after `=`: no carrier; ADR 0052 row 4 (accepted set closed before analysis) -> refuse; string-nonnumber: read from website/docs/getting-started/configuration.md:803 + website/docs/getting-started/configuration.md:817-820 - the text is converted before its shape is judged, and a word that is neither `true` nor `false` is not a boolean; string-number: read from website/docs/getting-started/configuration.md:803 + website/docs/getting-started/configuration.md:817-820 - the text is converted before its shape is judged, so `1` arrives as a number exactly as `25` does, and a number is not one of the two words a boolean accepts (website/docs/getting-started/configuration.md:803)	null
form	yaml	rules.design.data-class.exclude-promoted-only	null,bool	default	website/docs/getting-started/configuration.md:232-235 + src/Analysis/Finding/Contract/Rule/RuleOptionKeySet.php:28-34 snake=camel=kebab	website/docs/rules/design.md:512	PROMISED	form taken from the documented example `true`; complement refused by website/docs/getting-started/configuration.md:738-744 | string-nonnumber: read from website/docs/getting-started/configuration.md:803 - a boolean accepts `true` / `false`; a quoted `"false"` is a string, and a value of another shape ends the run with exit code 3 (website/docs/getting-started/configuration.md:786-791); string-number: read from website/docs/getting-started/configuration.md:803 - a boolean accepts `true` / `false`; `1`-as-string is a string, and a value of another shape ends the run with exit code 3 (website/docs/getting-started/configuration.md:786-791)	
form	rule-opt	rules.design.data-class.exclude-promoted-only	bool	refuse	website/docs/getting-started/configuration.md:232-235 + src/Analysis/Finding/Contract/Rule/RuleOptionKeySet.php:28-34 snake=camel=kebab	website/docs/rules/design.md:512 + website/docs/usage/cli-options.md:669-674	DECIDED	form taken from the documented example `true`; complement refused by website/docs/getting-started/configuration.md:738-744 | CLI door carries scalar text only (website/docs/usage/cli-options.md:669-674) | null: empty value after `=`: no carrier; ADR 0052 row 4 (accepted set closed before analysis) -> refuse; string-nonnumber: read from website/docs/getting-started/configuration.md:803 + website/docs/getting-started/configuration.md:817-820 - the text is converted before its shape is judged, and a word that is neither `true` nor `false` is not a boolean; string-number: read from website/docs/getting-started/configuration.md:803 + website/docs/getting-started/configuration.md:817-820 - the text is converted before its shape is judged, so `1` arrives as a number exactly as `25` does, and a number is not one of the two words a boolean accepts (website/docs/getting-started/configuration.md:803)	null
form	yaml	rules.design.data-class.exclude-readonly	null,bool	default	website/docs/getting-started/configuration.md:232-235 + src/Analysis/Finding/Contract/Rule/RuleOptionKeySet.php:28-34 snake=camel=kebab	website/docs/rules/design.md:511	PROMISED	form taken from the documented example `true`; complement refused by website/docs/getting-started/configuration.md:738-744 | string-nonnumber: read from website/docs/getting-started/configuration.md:803 - a boolean accepts `true` / `false`; a quoted `"false"` is a string, and a value of another shape ends the run with exit code 3 (website/docs/getting-started/configuration.md:786-791); string-number: read from website/docs/getting-started/configuration.md:803 - a boolean accepts `true` / `false`; `1`-as-string is a string, and a value of another shape ends the run with exit code 3 (website/docs/getting-started/configuration.md:786-791)	
form	rule-opt	rules.design.data-class.exclude-readonly	bool	refuse	website/docs/getting-started/configuration.md:232-235 + src/Analysis/Finding/Contract/Rule/RuleOptionKeySet.php:28-34 snake=camel=kebab	website/docs/rules/design.md:511 + website/docs/usage/cli-options.md:669-674	DECIDED	form taken from the documented example `true`; complement refused by website/docs/getting-started/configuration.md:738-744 | CLI door carries scalar text only (website/docs/usage/cli-options.md:669-674) | null: empty value after `=`: no carrier; ADR 0052 row 4 (accepted set closed before analysis) -> refuse; string-nonnumber: read from website/docs/getting-started/configuration.md:803 + website/docs/getting-started/configuration.md:817-820 - the text is converted before its shape is judged, and a word that is neither `true` nor `false` is not a boolean; string-number: read from website/docs/getting-started/configuration.md:803 + website/docs/getting-started/configuration.md:817-820 - the text is converted before its shape is judged, so `1` arrives as a number exactly as `25` does, and a number is not one of the two words a boolean accepts (website/docs/getting-started/configuration.md:803)	null
form	yaml	rules.design.data-class.min-members	null,int	default	website/docs/getting-started/configuration.md:232-235 + src/Analysis/Finding/Contract/Rule/RuleOptionKeySet.php:28-34 snake=camel=kebab	website/docs/rules/design.md:510	DECIDED	form taken from the documented example `3`; complement refused by website/docs/getting-started/configuration.md:738-744 | float: carrier shows integers only; "number vs integer" not settled by any carrier; ADR 0052 row 4 -> refuse a fractional threshold rather than truncate; string-number: read from website/docs/getting-started/configuration.md:804 + website/docs/getting-started/configuration.md:815-816 - a quoted number is a string and a whole number does not accept `"15"`; a value of another shape ends the run with exit code 3 (website/docs/getting-started/configuration.md:786-791)	float
form	rule-opt	rules.design.data-class.min-members	int,string-number	refuse	website/docs/getting-started/configuration.md:232-235 + src/Analysis/Finding/Contract/Rule/RuleOptionKeySet.php:28-34 snake=camel=kebab	website/docs/rules/design.md:510 + website/docs/usage/cli-options.md:669-674	DECIDED	form taken from the documented example `3`; complement refused by website/docs/getting-started/configuration.md:738-744 | CLI door carries scalar text only (website/docs/usage/cli-options.md:669-674) | float: carrier shows integers only; "number vs integer" not settled by any carrier; ADR 0052 row 4 -> refuse a fractional threshold rather than truncate; null: empty value after `=`: no carrier; ADR 0052 row 4 (accepted set closed before analysis) -> refuse; string-number: read from website/docs/getting-started/configuration.md:817-820 - a value arriving on the command line is text by construction and is converted before its shape is judged, so the quoted spelling is accepted on this door	float,null
form	yaml	rules.design.data-class.wmc-threshold	null,int	default	website/docs/getting-started/configuration.md:232-235 + src/Analysis/Finding/Contract/Rule/RuleOptionKeySet.php:28-34 snake=camel=kebab	website/docs/rules/design.md:509	DECIDED	form taken from the documented example `10`; complement refused by website/docs/getting-started/configuration.md:738-744 | float: carrier shows integers only; "number vs integer" not settled by any carrier; ADR 0052 row 4 -> refuse a fractional threshold rather than truncate; string-number: read from website/docs/getting-started/configuration.md:804 + website/docs/getting-started/configuration.md:815-816 - a quoted number is a string and a whole number does not accept `"15"`; a value of another shape ends the run with exit code 3 (website/docs/getting-started/configuration.md:786-791)	float
form	rule-opt	rules.design.data-class.wmc-threshold	int,string-number	refuse	website/docs/getting-started/configuration.md:232-235 + src/Analysis/Finding/Contract/Rule/RuleOptionKeySet.php:28-34 snake=camel=kebab	website/docs/rules/design.md:509 + website/docs/usage/cli-options.md:669-674	DECIDED	form taken from the documented example `10`; complement refused by website/docs/getting-started/configuration.md:738-744 | CLI door carries scalar text only (website/docs/usage/cli-options.md:669-674) | float: carrier shows integers only; "number vs integer" not settled by any carrier; ADR 0052 row 4 -> refuse a fractional threshold rather than truncate; null: empty value after `=`: no carrier; ADR 0052 row 4 (accepted set closed before analysis) -> refuse; string-number: read from website/docs/getting-started/configuration.md:817-820 - a value arriving on the command line is text by construction and is converted before its shape is judged, so the quoted spelling is accepted on this door	float,null
form	yaml	rules.design.data-class.woc-threshold	null,int	default	website/docs/getting-started/configuration.md:232-235 + src/Analysis/Finding/Contract/Rule/RuleOptionKeySet.php:28-34 snake=camel=kebab	website/docs/rules/design.md:508	DECIDED	form taken from the documented example `33`; complement refused by website/docs/getting-started/configuration.md:738-744 | float: carrier shows integers only; "number vs integer" not settled by any carrier; ADR 0052 row 4 -> refuse a fractional threshold rather than truncate; string-number: read from website/docs/getting-started/configuration.md:804 + website/docs/getting-started/configuration.md:815-816 - a quoted number is a string and a whole number does not accept `"15"`; a value of another shape ends the run with exit code 3 (website/docs/getting-started/configuration.md:786-791)	float
form	rule-opt	rules.design.data-class.woc-threshold	int,string-number	refuse	website/docs/getting-started/configuration.md:232-235 + src/Analysis/Finding/Contract/Rule/RuleOptionKeySet.php:28-34 snake=camel=kebab	website/docs/rules/design.md:508 + website/docs/usage/cli-options.md:669-674	DECIDED	form taken from the documented example `33`; complement refused by website/docs/getting-started/configuration.md:738-744 | CLI door carries scalar text only (website/docs/usage/cli-options.md:669-674) | float: carrier shows integers only; "number vs integer" not settled by any carrier; ADR 0052 row 4 -> refuse a fractional threshold rather than truncate; null: empty value after `=`: no carrier; ADR 0052 row 4 (accepted set closed before analysis) -> refuse; string-number: read from website/docs/getting-started/configuration.md:817-820 - a value arriving on the command line is text by construction and is converted before its shape is judged, so the quoted spelling is accepted on this door	float,null
form	yaml	rules.design.god-class.class-loc-threshold	null,int	default	website/docs/getting-started/configuration.md:232-235 + src/Analysis/Finding/Contract/Rule/RuleOptionKeySet.php:28-34 snake=camel=kebab	website/docs/rules/design.md:578	DECIDED	form taken from the documented example `300`; complement refused by website/docs/getting-started/configuration.md:738-744 | float: carrier shows integers only; "number vs integer" not settled by any carrier; ADR 0052 row 4 -> refuse a fractional threshold rather than truncate; string-number: read from website/docs/getting-started/configuration.md:804 + website/docs/getting-started/configuration.md:815-816 - a quoted number is a string and a whole number does not accept `"15"`; a value of another shape ends the run with exit code 3 (website/docs/getting-started/configuration.md:786-791)	float
form	rule-opt	rules.design.god-class.class-loc-threshold	int,string-number	refuse	website/docs/getting-started/configuration.md:232-235 + src/Analysis/Finding/Contract/Rule/RuleOptionKeySet.php:28-34 snake=camel=kebab	website/docs/rules/design.md:578 + website/docs/usage/cli-options.md:669-674	DECIDED	form taken from the documented example `300`; complement refused by website/docs/getting-started/configuration.md:738-744 | CLI door carries scalar text only (website/docs/usage/cli-options.md:669-674) | float: carrier shows integers only; "number vs integer" not settled by any carrier; ADR 0052 row 4 -> refuse a fractional threshold rather than truncate; null: empty value after `=`: no carrier; ADR 0052 row 4 (accepted set closed before analysis) -> refuse; string-number: read from website/docs/getting-started/configuration.md:817-820 - a value arriving on the command line is text by construction and is converted before its shape is judged, so the quoted spelling is accepted on this door	float,null
form	yaml	rules.design.god-class.enabled	null,bool	default	website/docs/getting-started/configuration.md:232-235 + src/Analysis/Finding/Contract/Rule/RuleOptionKeySet.php:28-34 snake=camel=kebab	website/docs/getting-started/configuration.md:130-136	PROMISED	no per-path example; class carrier C5-enabled | string-nonnumber: read from website/docs/getting-started/configuration.md:803 - a boolean accepts `true` / `false`; a quoted `"false"` is a string, and a value of another shape ends the run with exit code 3 (website/docs/getting-started/configuration.md:786-791); string-number: read from website/docs/getting-started/configuration.md:803 - a boolean accepts `true` / `false`; `1`-as-string is a string, and a value of another shape ends the run with exit code 3 (website/docs/getting-started/configuration.md:786-791)	
form	rule-opt	rules.design.god-class.enabled	bool	refuse	website/docs/getting-started/configuration.md:232-235 + src/Analysis/Finding/Contract/Rule/RuleOptionKeySet.php:28-34 snake=camel=kebab	website/docs/getting-started/configuration.md:130-136 + website/docs/usage/cli-options.md:669-674	DECIDED	no per-path example; class carrier C5-enabled | CLI door carries scalar text only (website/docs/usage/cli-options.md:669-674) | null: empty value after `=`: no carrier; ADR 0052 row 4 (accepted set closed before analysis) -> refuse; string-nonnumber: read from website/docs/getting-started/configuration.md:803 + website/docs/getting-started/configuration.md:817-820 - the text is converted before its shape is judged, and a word that is neither `true` nor `false` is not a boolean; string-number: read from website/docs/getting-started/configuration.md:803 + website/docs/getting-started/configuration.md:817-820 - the text is converted before its shape is judged, so `1` arrives as a number exactly as `25` does, and a number is not one of the two words a boolean accepts (website/docs/getting-started/configuration.md:803)	null
form	yaml	rules.design.god-class.exclude-readonly	null,bool	default	website/docs/getting-started/configuration.md:232-235 + src/Analysis/Finding/Contract/Rule/RuleOptionKeySet.php:28-34 snake=camel=kebab	website/docs/rules/design.md:580	PROMISED	form taken from the documented example `true`; complement refused by website/docs/getting-started/configuration.md:738-744 | string-nonnumber: read from website/docs/getting-started/configuration.md:803 - a boolean accepts `true` / `false`; a quoted `"false"` is a string, and a value of another shape ends the run with exit code 3 (website/docs/getting-started/configuration.md:786-791); string-number: read from website/docs/getting-started/configuration.md:803 - a boolean accepts `true` / `false`; `1`-as-string is a string, and a value of another shape ends the run with exit code 3 (website/docs/getting-started/configuration.md:786-791)	
form	rule-opt	rules.design.god-class.exclude-readonly	bool	refuse	website/docs/getting-started/configuration.md:232-235 + src/Analysis/Finding/Contract/Rule/RuleOptionKeySet.php:28-34 snake=camel=kebab	website/docs/rules/design.md:580 + website/docs/usage/cli-options.md:669-674	DECIDED	form taken from the documented example `true`; complement refused by website/docs/getting-started/configuration.md:738-744 | CLI door carries scalar text only (website/docs/usage/cli-options.md:669-674) | null: empty value after `=`: no carrier; ADR 0052 row 4 (accepted set closed before analysis) -> refuse; string-nonnumber: read from website/docs/getting-started/configuration.md:803 + website/docs/getting-started/configuration.md:817-820 - the text is converted before its shape is judged, and a word that is neither `true` nor `false` is not a boolean; string-number: read from website/docs/getting-started/configuration.md:803 + website/docs/getting-started/configuration.md:817-820 - the text is converted before its shape is judged, so `1` arrives as a number exactly as `25` does, and a number is not one of the two words a boolean accepts (website/docs/getting-started/configuration.md:803)	null
form	yaml	rules.design.god-class.lcom-threshold	null,int	default	website/docs/getting-started/configuration.md:232-235 + src/Analysis/Finding/Contract/Rule/RuleOptionKeySet.php:28-34 snake=camel=kebab	website/docs/rules/design.md:576	DECIDED	form taken from the documented example `3`; complement refused by website/docs/getting-started/configuration.md:738-744 | float: carrier shows integers only; "number vs integer" not settled by any carrier; ADR 0052 row 4 -> refuse a fractional threshold rather than truncate; string-number: read from website/docs/getting-started/configuration.md:804 + website/docs/getting-started/configuration.md:815-816 - a quoted number is a string and a whole number does not accept `"15"`; a value of another shape ends the run with exit code 3 (website/docs/getting-started/configuration.md:786-791)	float
form	rule-opt	rules.design.god-class.lcom-threshold	int,string-number	refuse	website/docs/getting-started/configuration.md:232-235 + src/Analysis/Finding/Contract/Rule/RuleOptionKeySet.php:28-34 snake=camel=kebab	website/docs/rules/design.md:576 + website/docs/usage/cli-options.md:669-674	DECIDED	form taken from the documented example `3`; complement refused by website/docs/getting-started/configuration.md:738-744 | CLI door carries scalar text only (website/docs/usage/cli-options.md:669-674) | float: carrier shows integers only; "number vs integer" not settled by any carrier; ADR 0052 row 4 -> refuse a fractional threshold rather than truncate; null: empty value after `=`: no carrier; ADR 0052 row 4 (accepted set closed before analysis) -> refuse; string-number: read from website/docs/getting-started/configuration.md:817-820 - a value arriving on the command line is text by construction and is converted before its shape is judged, so the quoted spelling is accepted on this door	float,null
form	yaml	rules.design.god-class.min-criteria	null,int	default	website/docs/getting-started/configuration.md:232-235 + src/Analysis/Finding/Contract/Rule/RuleOptionKeySet.php:28-34 snake=camel=kebab	website/docs/rules/design.md:579	DECIDED	form taken from the documented example `3`; complement refused by website/docs/getting-started/configuration.md:738-744 | float: carrier shows integers only; "number vs integer" not settled by any carrier; ADR 0052 row 4 -> refuse a fractional threshold rather than truncate; string-number: read from website/docs/getting-started/configuration.md:804 + website/docs/getting-started/configuration.md:815-816 - a quoted number is a string and a whole number does not accept `"15"`; a value of another shape ends the run with exit code 3 (website/docs/getting-started/configuration.md:786-791)	float
form	rule-opt	rules.design.god-class.min-criteria	int,string-number	refuse	website/docs/getting-started/configuration.md:232-235 + src/Analysis/Finding/Contract/Rule/RuleOptionKeySet.php:28-34 snake=camel=kebab	website/docs/rules/design.md:579 + website/docs/usage/cli-options.md:669-674	DECIDED	form taken from the documented example `3`; complement refused by website/docs/getting-started/configuration.md:738-744 | CLI door carries scalar text only (website/docs/usage/cli-options.md:669-674) | float: carrier shows integers only; "number vs integer" not settled by any carrier; ADR 0052 row 4 -> refuse a fractional threshold rather than truncate; null: empty value after `=`: no carrier; ADR 0052 row 4 (accepted set closed before analysis) -> refuse; string-number: read from website/docs/getting-started/configuration.md:817-820 - a value arriving on the command line is text by construction and is converted before its shape is judged, so the quoted spelling is accepted on this door	float,null
form	yaml	rules.design.god-class.min-methods	null,int	default	website/docs/getting-started/configuration.md:232-235 + src/Analysis/Finding/Contract/Rule/RuleOptionKeySet.php:28-34 snake=camel=kebab	website/docs/getting-started/configuration.md:138-151	DECIDED	no per-path example; class carrier C6a-thresh | float: carrier shows integers only; "number vs integer" not settled by any carrier; ADR 0052 row 4 -> refuse a fractional threshold rather than truncate; string-number: read from website/docs/getting-started/configuration.md:804 + website/docs/getting-started/configuration.md:815-816 - a quoted number is a string and a whole number does not accept `"15"`; a value of another shape ends the run with exit code 3 (website/docs/getting-started/configuration.md:786-791)	float
form	rule-opt	rules.design.god-class.min-methods	int,string-number	refuse	website/docs/getting-started/configuration.md:232-235 + src/Analysis/Finding/Contract/Rule/RuleOptionKeySet.php:28-34 snake=camel=kebab	website/docs/getting-started/configuration.md:138-151 + website/docs/usage/cli-options.md:669-674	DECIDED	no per-path example; class carrier C6a-thresh | CLI door carries scalar text only (website/docs/usage/cli-options.md:669-674) | float: carrier shows integers only; "number vs integer" not settled by any carrier; ADR 0052 row 4 -> refuse a fractional threshold rather than truncate; null: empty value after `=`: no carrier; ADR 0052 row 4 (accepted set closed before analysis) -> refuse; string-number: read from website/docs/getting-started/configuration.md:817-820 - a value arriving on the command line is text by construction and is converted before its shape is judged, so the quoted spelling is accepted on this door	float,null
form	yaml	rules.design.god-class.tcc-threshold	null,int,float	default	website/docs/getting-started/configuration.md:232-235 + src/Analysis/Finding/Contract/Rule/RuleOptionKeySet.php:28-34 snake=camel=kebab	website/docs/rules/design.md:577	PROMISED	form taken from the documented example `0.33`; complement refused by website/docs/getting-started/configuration.md:738-744 | string-number: read from website/docs/getting-started/configuration.md:805 + website/docs/getting-started/configuration.md:815-816 - a quoted number is a string, and `a number` accepts `15` or `10.5`, not a string; a value of another shape ends the run with exit code 3 (website/docs/getting-started/configuration.md:786-791)	
form	rule-opt	rules.design.god-class.tcc-threshold	int,float,string-number	refuse	website/docs/getting-started/configuration.md:232-235 + src/Analysis/Finding/Contract/Rule/RuleOptionKeySet.php:28-34 snake=camel=kebab	website/docs/rules/design.md:577 + website/docs/usage/cli-options.md:669-674	DECIDED	form taken from the documented example `0.33`; complement refused by website/docs/getting-started/configuration.md:738-744 | CLI door carries scalar text only (website/docs/usage/cli-options.md:669-674) | null: empty value after `=`: no carrier; ADR 0052 row 4 (accepted set closed before analysis) -> refuse; string-number: read from website/docs/getting-started/configuration.md:817-820 - a value arriving on the command line is text by construction and is converted before its shape is judged, so the quoted spelling is accepted on this door	null
form	yaml	rules.design.god-class.wmc-threshold	null,int	default	website/docs/getting-started/configuration.md:232-235 + src/Analysis/Finding/Contract/Rule/RuleOptionKeySet.php:28-34 snake=camel=kebab	website/docs/rules/design.md:575	DECIDED	form taken from the documented example `47`; complement refused by website/docs/getting-started/configuration.md:738-744 | float: carrier shows integers only; "number vs integer" not settled by any carrier; ADR 0052 row 4 -> refuse a fractional threshold rather than truncate; string-number: read from website/docs/getting-started/configuration.md:804 + website/docs/getting-started/configuration.md:815-816 - a quoted number is a string and a whole number does not accept `"15"`; a value of another shape ends the run with exit code 3 (website/docs/getting-started/configuration.md:786-791)	float
form	rule-opt	rules.design.god-class.wmc-threshold	int,string-number	refuse	website/docs/getting-started/configuration.md:232-235 + src/Analysis/Finding/Contract/Rule/RuleOptionKeySet.php:28-34 snake=camel=kebab	website/docs/rules/design.md:575 + website/docs/usage/cli-options.md:669-674	DECIDED	form taken from the documented example `47`; complement refused by website/docs/getting-started/configuration.md:738-744 | CLI door carries scalar text only (website/docs/usage/cli-options.md:669-674) | float: carrier shows integers only; "number vs integer" not settled by any carrier; ADR 0052 row 4 -> refuse a fractional threshold rather than truncate; null: empty value after `=`: no carrier; ADR 0052 row 4 (accepted set closed before analysis) -> refuse; string-number: read from website/docs/getting-started/configuration.md:817-820 - a value arriving on the command line is text by construction and is converted before its shape is judged, so the quoted spelling is accepted on this door	float,null
form	yaml	rules.design.dit.enabled	null,bool	default	website/docs/getting-started/configuration.md:232-235 + src/Analysis/Finding/Contract/Rule/RuleOptionKeySet.php:28-34 snake=camel=kebab	website/docs/getting-started/configuration.md:130-136	PROMISED	no per-path example; class carrier C5-enabled | string-nonnumber: read from website/docs/getting-started/configuration.md:803 - a boolean accepts `true` / `false`; a quoted `"false"` is a string, and a value of another shape ends the run with exit code 3 (website/docs/getting-started/configuration.md:786-791); string-number: read from website/docs/getting-started/configuration.md:803 - a boolean accepts `true` / `false`; `1`-as-string is a string, and a value of another shape ends the run with exit code 3 (website/docs/getting-started/configuration.md:786-791)	
form	rule-opt	rules.design.dit.enabled	bool	refuse	website/docs/getting-started/configuration.md:232-235 + src/Analysis/Finding/Contract/Rule/RuleOptionKeySet.php:28-34 snake=camel=kebab	website/docs/getting-started/configuration.md:130-136 + website/docs/usage/cli-options.md:669-674	DECIDED	no per-path example; class carrier C5-enabled | CLI door carries scalar text only (website/docs/usage/cli-options.md:669-674) | null: empty value after `=`: no carrier; ADR 0052 row 4 (accepted set closed before analysis) -> refuse; string-nonnumber: read from website/docs/getting-started/configuration.md:803 + website/docs/getting-started/configuration.md:817-820 - the text is converted before its shape is judged, and a word that is neither `true` nor `false` is not a boolean; string-number: read from website/docs/getting-started/configuration.md:803 + website/docs/getting-started/configuration.md:817-820 - the text is converted before its shape is judged, so `1` arrives as a number exactly as `25` does, and a number is not one of the two words a boolean accepts (website/docs/getting-started/configuration.md:803)	null
form	yaml	rules.design.dit.error	null,int	default	website/docs/getting-started/configuration.md:232-235 + src/Analysis/Finding/Contract/Rule/RuleOptionKeySet.php:28-34 snake=camel=kebab	website/docs/rules/design.md:199	DECIDED	form taken from the documented example `7`; complement refused by website/docs/getting-started/configuration.md:738-744 | float: carrier shows integers only; "number vs integer" not settled by any carrier; ADR 0052 row 4 -> refuse a fractional threshold rather than truncate; string-number: read from website/docs/getting-started/configuration.md:804 + website/docs/getting-started/configuration.md:815-816 - a quoted number is a string and a whole number does not accept `"15"`; a value of another shape ends the run with exit code 3 (website/docs/getting-started/configuration.md:786-791)	float
form	rule-opt	rules.design.dit.error	int,string-number	refuse	website/docs/getting-started/configuration.md:232-235 + src/Analysis/Finding/Contract/Rule/RuleOptionKeySet.php:28-34 snake=camel=kebab	website/docs/rules/design.md:204	DECIDED	form taken from the documented example `7`; complement refused by website/docs/getting-started/configuration.md:738-744 | CLI door carries scalar text only (website/docs/usage/cli-options.md:669-674) | float: carrier shows integers only; "number vs integer" not settled by any carrier; ADR 0052 row 4 -> refuse a fractional threshold rather than truncate; null: empty value after `=`: no carrier; ADR 0052 row 4 (accepted set closed before analysis) -> refuse; string-number: read from website/docs/getting-started/configuration.md:817-820 - a value arriving on the command line is text by construction and is converted before its shape is judged, so the quoted spelling is accepted on this door	float,null
form	yaml	rules.design.dit.threshold	null,int	default	website/docs/getting-started/configuration.md:232-235 + src/Analysis/Finding/Contract/Rule/RuleOptionKeySet.php:28-34 snake=camel=kebab; website/docs/getting-started/configuration.md:152-166 threshold:N == warning:N,error:N	website/docs/getting-started/configuration.md:138-151	DECIDED	no per-path example; class carrier C6a-thresh | float: carrier shows integers only; "number vs integer" not settled by any carrier; ADR 0052 row 4 -> refuse a fractional threshold rather than truncate; string-number: read from website/docs/getting-started/configuration.md:804 + website/docs/getting-started/configuration.md:815-816 - a quoted number is a string and a whole number does not accept `"15"`; a value of another shape ends the run with exit code 3 (website/docs/getting-started/configuration.md:786-791)	float
form	rule-opt	rules.design.dit.threshold	int,string-number	refuse	website/docs/getting-started/configuration.md:232-235 + src/Analysis/Finding/Contract/Rule/RuleOptionKeySet.php:28-34 snake=camel=kebab; website/docs/getting-started/configuration.md:152-166 threshold:N == warning:N,error:N	website/docs/getting-started/configuration.md:138-151 + website/docs/usage/cli-options.md:669-674	DECIDED	no per-path example; class carrier C6a-thresh | CLI door carries scalar text only (website/docs/usage/cli-options.md:669-674) | float: carrier shows integers only; "number vs integer" not settled by any carrier; ADR 0052 row 4 -> refuse a fractional threshold rather than truncate; null: empty value after `=`: no carrier; ADR 0052 row 4 (accepted set closed before analysis) -> refuse; string-number: read from website/docs/getting-started/configuration.md:817-820 - a value arriving on the command line is text by construction and is converted before its shape is judged, so the quoted spelling is accepted on this door	float,null
form	yaml	rules.design.dit.warning	null,int	default	website/docs/getting-started/configuration.md:232-235 + src/Analysis/Finding/Contract/Rule/RuleOptionKeySet.php:28-34 snake=camel=kebab	website/docs/rules/design.md:198	DECIDED	form taken from the documented example `5`; complement refused by website/docs/getting-started/configuration.md:738-744 | float: carrier shows integers only; "number vs integer" not settled by any carrier; ADR 0052 row 4 -> refuse a fractional threshold rather than truncate; string-number: read from website/docs/getting-started/configuration.md:804 + website/docs/getting-started/configuration.md:815-816 - a quoted number is a string and a whole number does not accept `"15"`; a value of another shape ends the run with exit code 3 (website/docs/getting-started/configuration.md:786-791)	float
form	rule-opt	rules.design.dit.warning	int,string-number	refuse	website/docs/getting-started/configuration.md:232-235 + src/Analysis/Finding/Contract/Rule/RuleOptionKeySet.php:28-34 snake=camel=kebab	website/docs/rules/design.md:203	DECIDED	form taken from the documented example `5`; complement refused by website/docs/getting-started/configuration.md:738-744 | CLI door carries scalar text only (website/docs/usage/cli-options.md:669-674) | float: carrier shows integers only; "number vs integer" not settled by any carrier; ADR 0052 row 4 -> refuse a fractional threshold rather than truncate; null: empty value after `=`: no carrier; ADR 0052 row 4 (accepted set closed before analysis) -> refuse; string-number: read from website/docs/getting-started/configuration.md:817-820 - a value arriving on the command line is text by construction and is converted before its shape is judged, so the quoted spelling is accepted on this door	float,null
form	yaml	rules.design.noc.enabled	null,bool	default	website/docs/getting-started/configuration.md:232-235 + src/Analysis/Finding/Contract/Rule/RuleOptionKeySet.php:28-34 snake=camel=kebab	website/docs/getting-started/configuration.md:130-136	PROMISED	no per-path example; class carrier C5-enabled | string-nonnumber: read from website/docs/getting-started/configuration.md:803 - a boolean accepts `true` / `false`; a quoted `"false"` is a string, and a value of another shape ends the run with exit code 3 (website/docs/getting-started/configuration.md:786-791); string-number: read from website/docs/getting-started/configuration.md:803 - a boolean accepts `true` / `false`; `1`-as-string is a string, and a value of another shape ends the run with exit code 3 (website/docs/getting-started/configuration.md:786-791)	
form	rule-opt	rules.design.noc.enabled	bool	refuse	website/docs/getting-started/configuration.md:232-235 + src/Analysis/Finding/Contract/Rule/RuleOptionKeySet.php:28-34 snake=camel=kebab	website/docs/getting-started/configuration.md:130-136 + website/docs/usage/cli-options.md:669-674	DECIDED	no per-path example; class carrier C5-enabled | CLI door carries scalar text only (website/docs/usage/cli-options.md:669-674) | null: empty value after `=`: no carrier; ADR 0052 row 4 (accepted set closed before analysis) -> refuse; string-nonnumber: read from website/docs/getting-started/configuration.md:803 + website/docs/getting-started/configuration.md:817-820 - the text is converted before its shape is judged, and a word that is neither `true` nor `false` is not a boolean; string-number: read from website/docs/getting-started/configuration.md:803 + website/docs/getting-started/configuration.md:817-820 - the text is converted before its shape is judged, so `1` arrives as a number exactly as `25` does, and a number is not one of the two words a boolean accepts (website/docs/getting-started/configuration.md:803)	null
form	yaml	rules.design.noc.error	null,int	default	website/docs/getting-started/configuration.md:232-235 + src/Analysis/Finding/Contract/Rule/RuleOptionKeySet.php:28-34 snake=camel=kebab	website/docs/rules/design.md:89	DECIDED	form taken from the documented example `20`; complement refused by website/docs/getting-started/configuration.md:738-744 | float: carrier shows integers only; "number vs integer" not settled by any carrier; ADR 0052 row 4 -> refuse a fractional threshold rather than truncate; string-number: read from website/docs/getting-started/configuration.md:804 + website/docs/getting-started/configuration.md:815-816 - a quoted number is a string and a whole number does not accept `"15"`; a value of another shape ends the run with exit code 3 (website/docs/getting-started/configuration.md:786-791)	float
form	rule-opt	rules.design.noc.error	int,string-number	refuse	website/docs/getting-started/configuration.md:232-235 + src/Analysis/Finding/Contract/Rule/RuleOptionKeySet.php:28-34 snake=camel=kebab	website/docs/rules/design.md:94	DECIDED	form taken from the documented example `20`; complement refused by website/docs/getting-started/configuration.md:738-744 | CLI door carries scalar text only (website/docs/usage/cli-options.md:669-674) | float: carrier shows integers only; "number vs integer" not settled by any carrier; ADR 0052 row 4 -> refuse a fractional threshold rather than truncate; null: empty value after `=`: no carrier; ADR 0052 row 4 (accepted set closed before analysis) -> refuse; string-number: read from website/docs/getting-started/configuration.md:817-820 - a value arriving on the command line is text by construction and is converted before its shape is judged, so the quoted spelling is accepted on this door	float,null
form	yaml	rules.design.noc.threshold	null,int	default	website/docs/getting-started/configuration.md:232-235 + src/Analysis/Finding/Contract/Rule/RuleOptionKeySet.php:28-34 snake=camel=kebab; website/docs/getting-started/configuration.md:152-166 threshold:N == warning:N,error:N	website/docs/getting-started/configuration.md:138-151	DECIDED	no per-path example; class carrier C6a-thresh | float: carrier shows integers only; "number vs integer" not settled by any carrier; ADR 0052 row 4 -> refuse a fractional threshold rather than truncate; string-number: read from website/docs/getting-started/configuration.md:804 + website/docs/getting-started/configuration.md:815-816 - a quoted number is a string and a whole number does not accept `"15"`; a value of another shape ends the run with exit code 3 (website/docs/getting-started/configuration.md:786-791)	float
form	rule-opt	rules.design.noc.threshold	int,string-number	refuse	website/docs/getting-started/configuration.md:232-235 + src/Analysis/Finding/Contract/Rule/RuleOptionKeySet.php:28-34 snake=camel=kebab; website/docs/getting-started/configuration.md:152-166 threshold:N == warning:N,error:N	website/docs/getting-started/configuration.md:138-151 + website/docs/usage/cli-options.md:669-674	DECIDED	no per-path example; class carrier C6a-thresh | CLI door carries scalar text only (website/docs/usage/cli-options.md:669-674) | float: carrier shows integers only; "number vs integer" not settled by any carrier; ADR 0052 row 4 -> refuse a fractional threshold rather than truncate; null: empty value after `=`: no carrier; ADR 0052 row 4 (accepted set closed before analysis) -> refuse; string-number: read from website/docs/getting-started/configuration.md:817-820 - a value arriving on the command line is text by construction and is converted before its shape is judged, so the quoted spelling is accepted on this door	float,null
form	yaml	rules.design.noc.warning	null,int	default	website/docs/getting-started/configuration.md:232-235 + src/Analysis/Finding/Contract/Rule/RuleOptionKeySet.php:28-34 snake=camel=kebab	website/docs/rules/design.md:88	DECIDED	form taken from the documented example `12`; complement refused by website/docs/getting-started/configuration.md:738-744 | float: carrier shows integers only; "number vs integer" not settled by any carrier; ADR 0052 row 4 -> refuse a fractional threshold rather than truncate; string-number: read from website/docs/getting-started/configuration.md:804 + website/docs/getting-started/configuration.md:815-816 - a quoted number is a string and a whole number does not accept `"15"`; a value of another shape ends the run with exit code 3 (website/docs/getting-started/configuration.md:786-791)	float
form	rule-opt	rules.design.noc.warning	int,string-number	refuse	website/docs/getting-started/configuration.md:232-235 + src/Analysis/Finding/Contract/Rule/RuleOptionKeySet.php:28-34 snake=camel=kebab	website/docs/rules/design.md:93	DECIDED	form taken from the documented example `12`; complement refused by website/docs/getting-started/configuration.md:738-744 | CLI door carries scalar text only (website/docs/usage/cli-options.md:669-674) | float: carrier shows integers only; "number vs integer" not settled by any carrier; ADR 0052 row 4 -> refuse a fractional threshold rather than truncate; null: empty value after `=`: no carrier; ADR 0052 row 4 (accepted set closed before analysis) -> refuse; string-number: read from website/docs/getting-started/configuration.md:817-820 - a value arriving on the command line is text by construction and is converted before its shape is judged, so the quoted spelling is accepted on this door	float,null
form	yaml	rules.design.type-coverage.param.enabled	null,bool	default	website/docs/getting-started/configuration.md:232-235 + src/Analysis/Finding/Contract/Rule/RuleOptionKeySet.php:28-34 snake=camel=kebab	website/docs/getting-started/configuration.md:130-136	PROMISED	no per-path example; class carrier C5-enabled | string-nonnumber: read from website/docs/getting-started/configuration.md:803 - a boolean accepts `true` / `false`; a quoted `"false"` is a string, and a value of another shape ends the run with exit code 3 (website/docs/getting-started/configuration.md:786-791); string-number: read from website/docs/getting-started/configuration.md:803 - a boolean accepts `true` / `false`; `1`-as-string is a string, and a value of another shape ends the run with exit code 3 (website/docs/getting-started/configuration.md:786-791)	
form	rule-opt	rules.design.type-coverage.param.enabled	bool	refuse	website/docs/getting-started/configuration.md:232-235 + src/Analysis/Finding/Contract/Rule/RuleOptionKeySet.php:28-34 snake=camel=kebab	website/docs/getting-started/configuration.md:130-136 + website/docs/usage/cli-options.md:669-674	DECIDED	no per-path example; class carrier C5-enabled | CLI door carries scalar text only (website/docs/usage/cli-options.md:669-674) | null: empty value after `=`: no carrier; ADR 0052 row 4 (accepted set closed before analysis) -> refuse; string-nonnumber: read from website/docs/getting-started/configuration.md:803 + website/docs/getting-started/configuration.md:817-820 - the text is converted before its shape is judged, and a word that is neither `true` nor `false` is not a boolean; string-number: read from website/docs/getting-started/configuration.md:803 + website/docs/getting-started/configuration.md:817-820 - the text is converted before its shape is judged, so `1` arrives as a number exactly as `25` does, and a number is not one of the two words a boolean accepts (website/docs/getting-started/configuration.md:803)	null
form	yaml	rules.design.type-coverage.param.error	null,int,float	default	website/docs/getting-started/configuration.md:232-235 + src/Analysis/Finding/Contract/Rule/RuleOptionKeySet.php:28-34 snake=camel=kebab	website/docs/rules/design.md:289 + website/docs/getting-started/configuration.md:821-840	PROMISED	form taken from the documented example `50`; float promised by the continuous-metric carrier (website/docs/getting-started/configuration.md:821-840 — names this key's group explicitly); complement refused by website/docs/getting-started/configuration.md:738-744 | string-number: read from website/docs/getting-started/configuration.md:804 + website/docs/getting-started/configuration.md:815-816 - a quoted number is a string and a whole number does not accept `"15"`; a value of another shape ends the run with exit code 3 (website/docs/getting-started/configuration.md:786-791)	
form	rule-opt	rules.design.type-coverage.param.error	int,float,string-number	refuse	website/docs/getting-started/configuration.md:232-235 + src/Analysis/Finding/Contract/Rule/RuleOptionKeySet.php:28-34 snake=camel=kebab	website/docs/rules/design.md:289 + website/docs/usage/cli-options.md:669-674 + website/docs/getting-started/configuration.md:821-840	DECIDED	form taken from the documented example `50`; float promised by the continuous-metric carrier (website/docs/getting-started/configuration.md:821-840 — names this key's group explicitly); complement refused by website/docs/getting-started/configuration.md:738-744 | CLI door carries scalar text only (website/docs/usage/cli-options.md:669-674) | null: empty value after `=`: no carrier; ADR 0052 row 4 (accepted set closed before analysis) -> refuse; string-number: read from website/docs/getting-started/configuration.md:817-820 - a value arriving on the command line is text by construction and is converted before its shape is judged, so the quoted spelling is accepted on this door	null
form	yaml	rules.design.type-coverage.param.threshold	null,int,float	default	website/docs/getting-started/configuration.md:232-235 + src/Analysis/Finding/Contract/Rule/RuleOptionKeySet.php:28-34 snake=camel=kebab; website/docs/getting-started/configuration.md:152-166 threshold:N == warning:N,error:N	website/docs/getting-started/configuration.md:225 + website/docs/getting-started/configuration.md:821-840	PROMISED	form taken from the documented example `90`; float promised by the continuous-metric carrier (website/docs/getting-started/configuration.md:821-840 — names this key's group explicitly); complement refused by website/docs/getting-started/configuration.md:738-744 | string-number: read from website/docs/getting-started/configuration.md:804 + website/docs/getting-started/configuration.md:815-816 - a quoted number is a string and a whole number does not accept `"15"`; a value of another shape ends the run with exit code 3 (website/docs/getting-started/configuration.md:786-791)	
form	rule-opt	rules.design.type-coverage.param.threshold	int,float,string-number	refuse	website/docs/getting-started/configuration.md:232-235 + src/Analysis/Finding/Contract/Rule/RuleOptionKeySet.php:28-34 snake=camel=kebab; website/docs/getting-started/configuration.md:152-166 threshold:N == warning:N,error:N	website/docs/getting-started/configuration.md:225 + website/docs/usage/cli-options.md:669-674 + website/docs/getting-started/configuration.md:821-840	DECIDED	form taken from the documented example `90`; float promised by the continuous-metric carrier (website/docs/getting-started/configuration.md:821-840 — names this key's group explicitly); complement refused by website/docs/getting-started/configuration.md:738-744 | CLI door carries scalar text only (website/docs/usage/cli-options.md:669-674) | null: empty value after `=`: no carrier; ADR 0052 row 4 (accepted set closed before analysis) -> refuse; string-number: read from website/docs/getting-started/configuration.md:817-820 - a value arriving on the command line is text by construction and is converted before its shape is judged, so the quoted spelling is accepted on this door	null
form	yaml	rules.design.type-coverage.param.warning	null,int,float	default	website/docs/getting-started/configuration.md:232-235 + src/Analysis/Finding/Contract/Rule/RuleOptionKeySet.php:28-34 snake=camel=kebab	website/docs/rules/design.md:288 + website/docs/getting-started/configuration.md:821-840	PROMISED	form taken from the documented example `80`; float promised by the continuous-metric carrier (website/docs/getting-started/configuration.md:821-840 — names this key's group explicitly); complement refused by website/docs/getting-started/configuration.md:738-744 | string-number: read from website/docs/getting-started/configuration.md:804 + website/docs/getting-started/configuration.md:815-816 - a quoted number is a string and a whole number does not accept `"15"`; a value of another shape ends the run with exit code 3 (website/docs/getting-started/configuration.md:786-791)	
form	rule-opt	rules.design.type-coverage.param.warning	int,float,string-number	refuse	website/docs/getting-started/configuration.md:232-235 + src/Analysis/Finding/Contract/Rule/RuleOptionKeySet.php:28-34 snake=camel=kebab	website/docs/rules/design.md:293 + website/docs/getting-started/configuration.md:821-840	DECIDED	form taken from the documented example `80`; float promised by the continuous-metric carrier (website/docs/getting-started/configuration.md:821-840 — names this key's group explicitly); complement refused by website/docs/getting-started/configuration.md:738-744 | CLI door carries scalar text only (website/docs/usage/cli-options.md:669-674) | null: empty value after `=`: no carrier; ADR 0052 row 4 (accepted set closed before analysis) -> refuse; string-number: read from website/docs/getting-started/configuration.md:817-820 - a value arriving on the command line is text by construction and is converted before its shape is judged, so the quoted spelling is accepted on this door	null
form	yaml	rules.design.type-coverage.return.enabled	null,bool	default	website/docs/getting-started/configuration.md:232-235 + src/Analysis/Finding/Contract/Rule/RuleOptionKeySet.php:28-34 snake=camel=kebab	website/docs/getting-started/configuration.md:130-136	PROMISED	no per-path example; class carrier C5-enabled | string-nonnumber: read from website/docs/getting-started/configuration.md:803 - a boolean accepts `true` / `false`; a quoted `"false"` is a string, and a value of another shape ends the run with exit code 3 (website/docs/getting-started/configuration.md:786-791); string-number: read from website/docs/getting-started/configuration.md:803 - a boolean accepts `true` / `false`; `1`-as-string is a string, and a value of another shape ends the run with exit code 3 (website/docs/getting-started/configuration.md:786-791)	
form	rule-opt	rules.design.type-coverage.return.enabled	bool	refuse	website/docs/getting-started/configuration.md:232-235 + src/Analysis/Finding/Contract/Rule/RuleOptionKeySet.php:28-34 snake=camel=kebab	website/docs/getting-started/configuration.md:130-136 + website/docs/usage/cli-options.md:669-674	DECIDED	no per-path example; class carrier C5-enabled | CLI door carries scalar text only (website/docs/usage/cli-options.md:669-674) | null: empty value after `=`: no carrier; ADR 0052 row 4 (accepted set closed before analysis) -> refuse; string-nonnumber: read from website/docs/getting-started/configuration.md:803 + website/docs/getting-started/configuration.md:817-820 - the text is converted before its shape is judged, and a word that is neither `true` nor `false` is not a boolean; string-number: read from website/docs/getting-started/configuration.md:803 + website/docs/getting-started/configuration.md:817-820 - the text is converted before its shape is judged, so `1` arrives as a number exactly as `25` does, and a number is not one of the two words a boolean accepts (website/docs/getting-started/configuration.md:803)	null
form	yaml	rules.design.type-coverage.return.error	null,int,float	default	website/docs/getting-started/configuration.md:232-235 + src/Analysis/Finding/Contract/Rule/RuleOptionKeySet.php:28-34 snake=camel=kebab	website/docs/rules/design.md:356 + website/docs/getting-started/configuration.md:821-840	PROMISED	form taken from the documented example `50`; float promised by the continuous-metric carrier (website/docs/getting-started/configuration.md:821-840 — names this key's group explicitly); complement refused by website/docs/getting-started/configuration.md:738-744 | string-number: read from website/docs/getting-started/configuration.md:804 + website/docs/getting-started/configuration.md:815-816 - a quoted number is a string and a whole number does not accept `"15"`; a value of another shape ends the run with exit code 3 (website/docs/getting-started/configuration.md:786-791)	
form	rule-opt	rules.design.type-coverage.return.error	int,float,string-number	refuse	website/docs/getting-started/configuration.md:232-235 + src/Analysis/Finding/Contract/Rule/RuleOptionKeySet.php:28-34 snake=camel=kebab	website/docs/rules/design.md:356 + website/docs/usage/cli-options.md:669-674 + website/docs/getting-started/configuration.md:821-840	DECIDED	form taken from the documented example `50`; float promised by the continuous-metric carrier (website/docs/getting-started/configuration.md:821-840 — names this key's group explicitly); complement refused by website/docs/getting-started/configuration.md:738-744 | CLI door carries scalar text only (website/docs/usage/cli-options.md:669-674) | null: empty value after `=`: no carrier; ADR 0052 row 4 (accepted set closed before analysis) -> refuse; string-number: read from website/docs/getting-started/configuration.md:817-820 - a value arriving on the command line is text by construction and is converted before its shape is judged, so the quoted spelling is accepted on this door	null
form	yaml	rules.design.type-coverage.return.threshold	null,int,float	default	website/docs/getting-started/configuration.md:232-235 + src/Analysis/Finding/Contract/Rule/RuleOptionKeySet.php:28-34 snake=camel=kebab; website/docs/getting-started/configuration.md:152-166 threshold:N == warning:N,error:N	website/docs/getting-started/configuration.md:227 + website/docs/getting-started/configuration.md:821-840	PROMISED	form taken from the documented example `90`; float promised by the continuous-metric carrier (website/docs/getting-started/configuration.md:821-840 — names this key's group explicitly); complement refused by website/docs/getting-started/configuration.md:738-744 | string-number: read from website/docs/getting-started/configuration.md:804 + website/docs/getting-started/configuration.md:815-816 - a quoted number is a string and a whole number does not accept `"15"`; a value of another shape ends the run with exit code 3 (website/docs/getting-started/configuration.md:786-791)	
form	rule-opt	rules.design.type-coverage.return.threshold	int,float,string-number	refuse	website/docs/getting-started/configuration.md:232-235 + src/Analysis/Finding/Contract/Rule/RuleOptionKeySet.php:28-34 snake=camel=kebab; website/docs/getting-started/configuration.md:152-166 threshold:N == warning:N,error:N	website/docs/getting-started/configuration.md:227 + website/docs/usage/cli-options.md:669-674 + website/docs/getting-started/configuration.md:821-840	DECIDED	form taken from the documented example `90`; float promised by the continuous-metric carrier (website/docs/getting-started/configuration.md:821-840 — names this key's group explicitly); complement refused by website/docs/getting-started/configuration.md:738-744 | CLI door carries scalar text only (website/docs/usage/cli-options.md:669-674) | null: empty value after `=`: no carrier; ADR 0052 row 4 (accepted set closed before analysis) -> refuse; string-number: read from website/docs/getting-started/configuration.md:817-820 - a value arriving on the command line is text by construction and is converted before its shape is judged, so the quoted spelling is accepted on this door	null
form	yaml	rules.design.type-coverage.return.warning	null,int,float	default	website/docs/getting-started/configuration.md:232-235 + src/Analysis/Finding/Contract/Rule/RuleOptionKeySet.php:28-34 snake=camel=kebab	website/docs/rules/design.md:355 + website/docs/getting-started/configuration.md:821-840	PROMISED	form taken from the documented example `80`; float promised by the continuous-metric carrier (website/docs/getting-started/configuration.md:821-840 — names this key's group explicitly); complement refused by website/docs/getting-started/configuration.md:738-744 | string-number: read from website/docs/getting-started/configuration.md:804 + website/docs/getting-started/configuration.md:815-816 - a quoted number is a string and a whole number does not accept `"15"`; a value of another shape ends the run with exit code 3 (website/docs/getting-started/configuration.md:786-791)	
form	rule-opt	rules.design.type-coverage.return.warning	int,float,string-number	refuse	website/docs/getting-started/configuration.md:232-235 + src/Analysis/Finding/Contract/Rule/RuleOptionKeySet.php:28-34 snake=camel=kebab	website/docs/rules/design.md:360 + website/docs/getting-started/configuration.md:821-840	DECIDED	form taken from the documented example `80`; float promised by the continuous-metric carrier (website/docs/getting-started/configuration.md:821-840 — names this key's group explicitly); complement refused by website/docs/getting-started/configuration.md:738-744 | CLI door carries scalar text only (website/docs/usage/cli-options.md:669-674) | null: empty value after `=`: no carrier; ADR 0052 row 4 (accepted set closed before analysis) -> refuse; string-number: read from website/docs/getting-started/configuration.md:817-820 - a value arriving on the command line is text by construction and is converted before its shape is judged, so the quoted spelling is accepted on this door	null
form	yaml	rules.design.type-coverage.property.enabled	null,bool	default	website/docs/getting-started/configuration.md:232-235 + src/Analysis/Finding/Contract/Rule/RuleOptionKeySet.php:28-34 snake=camel=kebab	website/docs/getting-started/configuration.md:130-136	PROMISED	no per-path example; class carrier C5-enabled | string-nonnumber: read from website/docs/getting-started/configuration.md:803 - a boolean accepts `true` / `false`; a quoted `"false"` is a string, and a value of another shape ends the run with exit code 3 (website/docs/getting-started/configuration.md:786-791); string-number: read from website/docs/getting-started/configuration.md:803 - a boolean accepts `true` / `false`; `1`-as-string is a string, and a value of another shape ends the run with exit code 3 (website/docs/getting-started/configuration.md:786-791)	
form	rule-opt	rules.design.type-coverage.property.enabled	bool	refuse	website/docs/getting-started/configuration.md:232-235 + src/Analysis/Finding/Contract/Rule/RuleOptionKeySet.php:28-34 snake=camel=kebab	website/docs/getting-started/configuration.md:130-136 + website/docs/usage/cli-options.md:669-674	DECIDED	no per-path example; class carrier C5-enabled | CLI door carries scalar text only (website/docs/usage/cli-options.md:669-674) | null: empty value after `=`: no carrier; ADR 0052 row 4 (accepted set closed before analysis) -> refuse; string-nonnumber: read from website/docs/getting-started/configuration.md:803 + website/docs/getting-started/configuration.md:817-820 - the text is converted before its shape is judged, and a word that is neither `true` nor `false` is not a boolean; string-number: read from website/docs/getting-started/configuration.md:803 + website/docs/getting-started/configuration.md:817-820 - the text is converted before its shape is judged, so `1` arrives as a number exactly as `25` does, and a number is not one of the two words a boolean accepts (website/docs/getting-started/configuration.md:803)	null
form	yaml	rules.design.type-coverage.property.error	null,int,float	default	website/docs/getting-started/configuration.md:232-235 + src/Analysis/Finding/Contract/Rule/RuleOptionKeySet.php:28-34 snake=camel=kebab	website/docs/rules/design.md:419 + website/docs/getting-started/configuration.md:821-840	PROMISED	form taken from the documented example `50`; float promised by the continuous-metric carrier (website/docs/getting-started/configuration.md:821-840 — names this key's group explicitly); complement refused by website/docs/getting-started/configuration.md:738-744 | string-number: read from website/docs/getting-started/configuration.md:804 + website/docs/getting-started/configuration.md:815-816 - a quoted number is a string and a whole number does not accept `"15"`; a value of another shape ends the run with exit code 3 (website/docs/getting-started/configuration.md:786-791)	
form	rule-opt	rules.design.type-coverage.property.error	int,float,string-number	refuse	website/docs/getting-started/configuration.md:232-235 + src/Analysis/Finding/Contract/Rule/RuleOptionKeySet.php:28-34 snake=camel=kebab	website/docs/rules/design.md:419 + website/docs/usage/cli-options.md:669-674 + website/docs/getting-started/configuration.md:821-840	DECIDED	form taken from the documented example `50`; float promised by the continuous-metric carrier (website/docs/getting-started/configuration.md:821-840 — names this key's group explicitly); complement refused by website/docs/getting-started/configuration.md:738-744 | CLI door carries scalar text only (website/docs/usage/cli-options.md:669-674) | null: empty value after `=`: no carrier; ADR 0052 row 4 (accepted set closed before analysis) -> refuse; string-number: read from website/docs/getting-started/configuration.md:817-820 - a value arriving on the command line is text by construction and is converted before its shape is judged, so the quoted spelling is accepted on this door	null
form	yaml	rules.design.type-coverage.property.threshold	null,int,float	default	website/docs/getting-started/configuration.md:232-235 + src/Analysis/Finding/Contract/Rule/RuleOptionKeySet.php:28-34 snake=camel=kebab; website/docs/getting-started/configuration.md:152-166 threshold:N == warning:N,error:N	website/docs/getting-started/configuration.md:229 + website/docs/getting-started/configuration.md:821-840	PROMISED	form taken from the documented example `80`; float promised by the continuous-metric carrier (website/docs/getting-started/configuration.md:821-840 — names this key's group explicitly); complement refused by website/docs/getting-started/configuration.md:738-744 | string-number: read from website/docs/getting-started/configuration.md:804 + website/docs/getting-started/configuration.md:815-816 - a quoted number is a string and a whole number does not accept `"15"`; a value of another shape ends the run with exit code 3 (website/docs/getting-started/configuration.md:786-791)	
form	rule-opt	rules.design.type-coverage.property.threshold	int,float,string-number	refuse	website/docs/getting-started/configuration.md:232-235 + src/Analysis/Finding/Contract/Rule/RuleOptionKeySet.php:28-34 snake=camel=kebab; website/docs/getting-started/configuration.md:152-166 threshold:N == warning:N,error:N	website/docs/getting-started/configuration.md:229 + website/docs/usage/cli-options.md:669-674 + website/docs/getting-started/configuration.md:821-840	DECIDED	form taken from the documented example `80`; float promised by the continuous-metric carrier (website/docs/getting-started/configuration.md:821-840 — names this key's group explicitly); complement refused by website/docs/getting-started/configuration.md:738-744 | CLI door carries scalar text only (website/docs/usage/cli-options.md:669-674) | null: empty value after `=`: no carrier; ADR 0052 row 4 (accepted set closed before analysis) -> refuse; string-number: read from website/docs/getting-started/configuration.md:817-820 - a value arriving on the command line is text by construction and is converted before its shape is judged, so the quoted spelling is accepted on this door	null
form	yaml	rules.design.type-coverage.property.warning	null,int,float	default	website/docs/getting-started/configuration.md:232-235 + src/Analysis/Finding/Contract/Rule/RuleOptionKeySet.php:28-34 snake=camel=kebab	website/docs/rules/design.md:418 + website/docs/getting-started/configuration.md:821-840	PROMISED	form taken from the documented example `80`; float promised by the continuous-metric carrier (website/docs/getting-started/configuration.md:821-840 — names this key's group explicitly); complement refused by website/docs/getting-started/configuration.md:738-744 | string-number: read from website/docs/getting-started/configuration.md:804 + website/docs/getting-started/configuration.md:815-816 - a quoted number is a string and a whole number does not accept `"15"`; a value of another shape ends the run with exit code 3 (website/docs/getting-started/configuration.md:786-791)	
form	rule-opt	rules.design.type-coverage.property.warning	int,float,string-number	refuse	website/docs/getting-started/configuration.md:232-235 + src/Analysis/Finding/Contract/Rule/RuleOptionKeySet.php:28-34 snake=camel=kebab	website/docs/rules/design.md:423 + website/docs/getting-started/configuration.md:821-840	DECIDED	form taken from the documented example `80`; float promised by the continuous-metric carrier (website/docs/getting-started/configuration.md:821-840 — names this key's group explicitly); complement refused by website/docs/getting-started/configuration.md:738-744 | CLI door carries scalar text only (website/docs/usage/cli-options.md:669-674) | null: empty value after `=`: no carrier; ADR 0052 row 4 (accepted set closed before analysis) -> refuse; string-number: read from website/docs/getting-started/configuration.md:817-820 - a value arriving on the command line is text by construction and is converted before its shape is judged, so the quoted spelling is accepted on this door	null
form	yaml	rules.maintainability.mi.enabled	null,bool	default	website/docs/getting-started/configuration.md:232-235 + src/Analysis/Finding/Contract/Rule/RuleOptionKeySet.php:28-34 snake=camel=kebab	website/docs/getting-started/configuration.md:130-136	PROMISED	no per-path example; class carrier C5-enabled | string-nonnumber: read from website/docs/getting-started/configuration.md:803 - a boolean accepts `true` / `false`; a quoted `"false"` is a string, and a value of another shape ends the run with exit code 3 (website/docs/getting-started/configuration.md:786-791); string-number: read from website/docs/getting-started/configuration.md:803 - a boolean accepts `true` / `false`; `1`-as-string is a string, and a value of another shape ends the run with exit code 3 (website/docs/getting-started/configuration.md:786-791)	
form	rule-opt	rules.maintainability.mi.enabled	bool	refuse	website/docs/getting-started/configuration.md:232-235 + src/Analysis/Finding/Contract/Rule/RuleOptionKeySet.php:28-34 snake=camel=kebab	website/docs/getting-started/configuration.md:130-136 + website/docs/usage/cli-options.md:669-674	DECIDED	no per-path example; class carrier C5-enabled | CLI door carries scalar text only (website/docs/usage/cli-options.md:669-674) | null: empty value after `=`: no carrier; ADR 0052 row 4 (accepted set closed before analysis) -> refuse; string-nonnumber: read from website/docs/getting-started/configuration.md:803 + website/docs/getting-started/configuration.md:817-820 - the text is converted before its shape is judged, and a word that is neither `true` nor `false` is not a boolean; string-number: read from website/docs/getting-started/configuration.md:803 + website/docs/getting-started/configuration.md:817-820 - the text is converted before its shape is judged, so `1` arrives as a number exactly as `25` does, and a number is not one of the two words a boolean accepts (website/docs/getting-started/configuration.md:803)	null
form	yaml	rules.maintainability.mi.error	null,int,float	default	website/docs/getting-started/configuration.md:232-235 + src/Analysis/Finding/Contract/Rule/RuleOptionKeySet.php:28-34 snake=camel=kebab	website/docs/rules/maintainability.md:192 + website/docs/getting-started/configuration.md:821-840	PROMISED	form taken from the documented example `20`; float promised by the continuous-metric carrier (website/docs/getting-started/configuration.md:821-840 — names this key's group explicitly); complement refused by website/docs/getting-started/configuration.md:738-744 | string-number: read from website/docs/getting-started/configuration.md:804 + website/docs/getting-started/configuration.md:815-816 - a quoted number is a string and a whole number does not accept `"15"`; a value of another shape ends the run with exit code 3 (website/docs/getting-started/configuration.md:786-791)	
form	rule-opt	rules.maintainability.mi.error	int,float,string-number	refuse	website/docs/getting-started/configuration.md:232-235 + src/Analysis/Finding/Contract/Rule/RuleOptionKeySet.php:28-34 snake=camel=kebab	website/docs/rules/maintainability.md:192 + website/docs/usage/cli-options.md:669-674 + website/docs/getting-started/configuration.md:821-840	DECIDED	form taken from the documented example `20`; float promised by the continuous-metric carrier (website/docs/getting-started/configuration.md:821-840 — names this key's group explicitly); complement refused by website/docs/getting-started/configuration.md:738-744 | CLI door carries scalar text only (website/docs/usage/cli-options.md:669-674) | null: empty value after `=`: no carrier; ADR 0052 row 4 (accepted set closed before analysis) -> refuse; string-number: read from website/docs/getting-started/configuration.md:817-820 - a value arriving on the command line is text by construction and is converted before its shape is judged, so the quoted spelling is accepted on this door	null
form	yaml	rules.maintainability.mi.exclude-tests	null,bool	default	website/docs/getting-started/configuration.md:232-235 + src/Analysis/Finding/Contract/Rule/RuleOptionKeySet.php:28-34 snake=camel=kebab	website/docs/rules/maintainability.md:193	PROMISED	form taken from the documented example `true`; complement refused by website/docs/getting-started/configuration.md:738-744 | string-nonnumber: read from website/docs/getting-started/configuration.md:803 - a boolean accepts `true` / `false`; a quoted `"false"` is a string, and a value of another shape ends the run with exit code 3 (website/docs/getting-started/configuration.md:786-791); string-number: read from website/docs/getting-started/configuration.md:803 - a boolean accepts `true` / `false`; `1`-as-string is a string, and a value of another shape ends the run with exit code 3 (website/docs/getting-started/configuration.md:786-791)	
form	rule-opt	rules.maintainability.mi.exclude-tests	bool	refuse	website/docs/getting-started/configuration.md:232-235 + src/Analysis/Finding/Contract/Rule/RuleOptionKeySet.php:28-34 snake=camel=kebab	website/docs/rules/maintainability.md:193 + website/docs/usage/cli-options.md:669-674	DECIDED	form taken from the documented example `true`; complement refused by website/docs/getting-started/configuration.md:738-744 | CLI door carries scalar text only (website/docs/usage/cli-options.md:669-674) | null: empty value after `=`: no carrier; ADR 0052 row 4 (accepted set closed before analysis) -> refuse; string-nonnumber: read from website/docs/getting-started/configuration.md:803 + website/docs/getting-started/configuration.md:817-820 - the text is converted before its shape is judged, and a word that is neither `true` nor `false` is not a boolean; string-number: read from website/docs/getting-started/configuration.md:803 + website/docs/getting-started/configuration.md:817-820 - the text is converted before its shape is judged, so `1` arrives as a number exactly as `25` does, and a number is not one of the two words a boolean accepts (website/docs/getting-started/configuration.md:803)	null
form	yaml	rules.maintainability.mi.min-statements	null,int	default	website/docs/getting-started/configuration.md:232-235 + src/Analysis/Finding/Contract/Rule/RuleOptionKeySet.php:28-34 snake=camel=kebab	website/docs/rules/maintainability.md:194	DECIDED	form taken from the documented example `10`; complement refused by website/docs/getting-started/configuration.md:738-744 | float: carrier shows integers only; "number vs integer" not settled by any carrier; ADR 0052 row 4 -> refuse a fractional threshold rather than truncate; string-number: read from website/docs/getting-started/configuration.md:804 + website/docs/getting-started/configuration.md:815-816 - a quoted number is a string and a whole number does not accept `"15"`; a value of another shape ends the run with exit code 3 (website/docs/getting-started/configuration.md:786-791)	float
form	rule-opt	rules.maintainability.mi.min-statements	int,string-number	refuse	website/docs/getting-started/configuration.md:232-235 + src/Analysis/Finding/Contract/Rule/RuleOptionKeySet.php:28-34 snake=camel=kebab	website/docs/rules/maintainability.md:199	DECIDED	form taken from the documented example `10`; complement refused by website/docs/getting-started/configuration.md:738-744 | CLI door carries scalar text only (website/docs/usage/cli-options.md:669-674) | float: carrier shows integers only; "number vs integer" not settled by any carrier; ADR 0052 row 4 -> refuse a fractional threshold rather than truncate; null: empty value after `=`: no carrier; ADR 0052 row 4 (accepted set closed before analysis) -> refuse; string-number: read from website/docs/getting-started/configuration.md:817-820 - a value arriving on the command line is text by construction and is converted before its shape is judged, so the quoted spelling is accepted on this door	float,null
form	yaml	rules.maintainability.mi.threshold	null,int,float	default	website/docs/getting-started/configuration.md:232-235 + src/Analysis/Finding/Contract/Rule/RuleOptionKeySet.php:28-34 snake=camel=kebab; website/docs/getting-started/configuration.md:152-166 threshold:N == warning:N,error:N	website/docs/getting-started/configuration.md:138-151 + website/docs/getting-started/configuration.md:821-840	PROMISED	no per-path example; class carrier C6a-thresh; float promised by the continuous-metric carrier (website/docs/getting-started/configuration.md:821-840 — names this key's group explicitly) | string-number: read from website/docs/getting-started/configuration.md:804 + website/docs/getting-started/configuration.md:815-816 - a quoted number is a string and a whole number does not accept `"15"`; a value of another shape ends the run with exit code 3 (website/docs/getting-started/configuration.md:786-791)	
form	rule-opt	rules.maintainability.mi.threshold	int,float,string-number	refuse	website/docs/getting-started/configuration.md:232-235 + src/Analysis/Finding/Contract/Rule/RuleOptionKeySet.php:28-34 snake=camel=kebab; website/docs/getting-started/configuration.md:152-166 threshold:N == warning:N,error:N	website/docs/getting-started/configuration.md:138-151 + website/docs/usage/cli-options.md:669-674 + website/docs/getting-started/configuration.md:821-840	DECIDED	no per-path example; class carrier C6a-thresh; float promised by the continuous-metric carrier (website/docs/getting-started/configuration.md:821-840 — names this key's group explicitly) | CLI door carries scalar text only (website/docs/usage/cli-options.md:669-674) | null: empty value after `=`: no carrier; ADR 0052 row 4 (accepted set closed before analysis) -> refuse; string-number: read from website/docs/getting-started/configuration.md:817-820 - a value arriving on the command line is text by construction and is converted before its shape is judged, so the quoted spelling is accepted on this door	null
form	yaml	rules.maintainability.mi.warning	null,int,float	default	website/docs/getting-started/configuration.md:232-235 + src/Analysis/Finding/Contract/Rule/RuleOptionKeySet.php:28-34 snake=camel=kebab	website/docs/rules/maintainability.md:191 + website/docs/getting-started/configuration.md:821-840	PROMISED	form taken from the documented example `40`; float promised by the continuous-metric carrier (website/docs/getting-started/configuration.md:821-840 — names this key's group explicitly); complement refused by website/docs/getting-started/configuration.md:738-744 | string-number: read from website/docs/getting-started/configuration.md:804 + website/docs/getting-started/configuration.md:815-816 - a quoted number is a string and a whole number does not accept `"15"`; a value of another shape ends the run with exit code 3 (website/docs/getting-started/configuration.md:786-791)	
form	rule-opt	rules.maintainability.mi.warning	int,float,string-number	refuse	website/docs/getting-started/configuration.md:232-235 + src/Analysis/Finding/Contract/Rule/RuleOptionKeySet.php:28-34 snake=camel=kebab	website/docs/rules/maintainability.md:198 + website/docs/getting-started/configuration.md:821-840	DECIDED	form taken from the documented example `40`; float promised by the continuous-metric carrier (website/docs/getting-started/configuration.md:821-840 — names this key's group explicitly); complement refused by website/docs/getting-started/configuration.md:738-744 | CLI door carries scalar text only (website/docs/usage/cli-options.md:669-674) | null: empty value after `=`: no carrier; ADR 0052 row 4 (accepted set closed before analysis) -> refuse; string-number: read from website/docs/getting-started/configuration.md:817-820 - a value arriving on the command line is text by construction and is converted before its shape is judged, so the quoted spelling is accepted on this door	null
form	yaml	rules.security.command-injection.enabled	null,bool	default	website/docs/getting-started/configuration.md:232-235 + src/Analysis/Finding/Contract/Rule/RuleOptionKeySet.php:28-34 snake=camel=kebab	website/docs/rules/security.md:404	PROMISED	form taken from the documented example `true`; complement refused by website/docs/getting-started/configuration.md:738-744 | string-nonnumber: read from website/docs/getting-started/configuration.md:803 - a boolean accepts `true` / `false`; a quoted `"false"` is a string, and a value of another shape ends the run with exit code 3 (website/docs/getting-started/configuration.md:786-791); string-number: read from website/docs/getting-started/configuration.md:803 - a boolean accepts `true` / `false`; `1`-as-string is a string, and a value of another shape ends the run with exit code 3 (website/docs/getting-started/configuration.md:786-791)	
form	rule-opt	rules.security.command-injection.enabled	bool	refuse	website/docs/getting-started/configuration.md:232-235 + src/Analysis/Finding/Contract/Rule/RuleOptionKeySet.php:28-34 snake=camel=kebab	website/docs/rules/security.md:404 + website/docs/usage/cli-options.md:669-674	DECIDED	form taken from the documented example `true`; complement refused by website/docs/getting-started/configuration.md:738-744 | CLI door carries scalar text only (website/docs/usage/cli-options.md:669-674) | null: empty value after `=`: no carrier; ADR 0052 row 4 (accepted set closed before analysis) -> refuse; string-nonnumber: read from website/docs/getting-started/configuration.md:803 + website/docs/getting-started/configuration.md:817-820 - the text is converted before its shape is judged, and a word that is neither `true` nor `false` is not a boolean; string-number: read from website/docs/getting-started/configuration.md:803 + website/docs/getting-started/configuration.md:817-820 - the text is converted before its shape is judged, so `1` arrives as a number exactly as `25` does, and a number is not one of the two words a boolean accepts (website/docs/getting-started/configuration.md:803)	null
form	yaml	rules.security.hardcoded-credentials.enabled	null,bool	default	website/docs/getting-started/configuration.md:232-235 + src/Analysis/Finding/Contract/Rule/RuleOptionKeySet.php:28-34 snake=camel=kebab	website/docs/rules/security.md:398	PROMISED	form taken from the documented example `true  # or false to disable`; complement refused by website/docs/getting-started/configuration.md:738-744 | string-nonnumber: read from website/docs/getting-started/configuration.md:803 - a boolean accepts `true` / `false`; a quoted `"false"` is a string, and a value of another shape ends the run with exit code 3 (website/docs/getting-started/configuration.md:786-791); string-number: read from website/docs/getting-started/configuration.md:803 - a boolean accepts `true` / `false`; `1`-as-string is a string, and a value of another shape ends the run with exit code 3 (website/docs/getting-started/configuration.md:786-791)	
form	rule-opt	rules.security.hardcoded-credentials.enabled	bool	refuse	website/docs/getting-started/configuration.md:232-235 + src/Analysis/Finding/Contract/Rule/RuleOptionKeySet.php:28-34 snake=camel=kebab	website/docs/rules/security.md:398 + website/docs/usage/cli-options.md:669-674	DECIDED	form taken from the documented example `true  # or false to disable`; complement refused by website/docs/getting-started/configuration.md:738-744 | CLI door carries scalar text only (website/docs/usage/cli-options.md:669-674) | null: empty value after `=`: no carrier; ADR 0052 row 4 (accepted set closed before analysis) -> refuse; string-nonnumber: read from website/docs/getting-started/configuration.md:803 + website/docs/getting-started/configuration.md:817-820 - the text is converted before its shape is judged, and a word that is neither `true` nor `false` is not a boolean; string-number: read from website/docs/getting-started/configuration.md:803 + website/docs/getting-started/configuration.md:817-820 - the text is converted before its shape is judged, so `1` arrives as a number exactly as `25` does, and a number is not one of the two words a boolean accepts (website/docs/getting-started/configuration.md:803)	null
form	yaml	rules.security.sensitive-parameter.enabled	null,bool	default	website/docs/getting-started/configuration.md:232-235 + src/Analysis/Finding/Contract/Rule/RuleOptionKeySet.php:28-34 snake=camel=kebab	website/docs/rules/security.md:406	PROMISED	form taken from the documented example `true`; complement refused by website/docs/getting-started/configuration.md:738-744 | string-nonnumber: read from website/docs/getting-started/configuration.md:803 - a boolean accepts `true` / `false`; a quoted `"false"` is a string, and a value of another shape ends the run with exit code 3 (website/docs/getting-started/configuration.md:786-791); string-number: read from website/docs/getting-started/configuration.md:803 - a boolean accepts `true` / `false`; `1`-as-string is a string, and a value of another shape ends the run with exit code 3 (website/docs/getting-started/configuration.md:786-791)	
form	rule-opt	rules.security.sensitive-parameter.enabled	bool	refuse	website/docs/getting-started/configuration.md:232-235 + src/Analysis/Finding/Contract/Rule/RuleOptionKeySet.php:28-34 snake=camel=kebab	website/docs/rules/security.md:406 + website/docs/usage/cli-options.md:669-674	DECIDED	form taken from the documented example `true`; complement refused by website/docs/getting-started/configuration.md:738-744 | CLI door carries scalar text only (website/docs/usage/cli-options.md:669-674) | null: empty value after `=`: no carrier; ADR 0052 row 4 (accepted set closed before analysis) -> refuse; string-nonnumber: read from website/docs/getting-started/configuration.md:803 + website/docs/getting-started/configuration.md:817-820 - the text is converted before its shape is judged, and a word that is neither `true` nor `false` is not a boolean; string-number: read from website/docs/getting-started/configuration.md:803 + website/docs/getting-started/configuration.md:817-820 - the text is converted before its shape is judged, so `1` arrives as a number exactly as `25` does, and a number is not one of the two words a boolean accepts (website/docs/getting-started/configuration.md:803)	null
form	yaml	rules.security.sql-injection.enabled	null,bool	default	website/docs/getting-started/configuration.md:232-235 + src/Analysis/Finding/Contract/Rule/RuleOptionKeySet.php:28-34 snake=camel=kebab	website/docs/rules/security.md:400	PROMISED	form taken from the documented example `true`; complement refused by website/docs/getting-started/configuration.md:738-744 | string-nonnumber: read from website/docs/getting-started/configuration.md:803 - a boolean accepts `true` / `false`; a quoted `"false"` is a string, and a value of another shape ends the run with exit code 3 (website/docs/getting-started/configuration.md:786-791); string-number: read from website/docs/getting-started/configuration.md:803 - a boolean accepts `true` / `false`; `1`-as-string is a string, and a value of another shape ends the run with exit code 3 (website/docs/getting-started/configuration.md:786-791)	
form	rule-opt	rules.security.sql-injection.enabled	bool	refuse	website/docs/getting-started/configuration.md:232-235 + src/Analysis/Finding/Contract/Rule/RuleOptionKeySet.php:28-34 snake=camel=kebab	website/docs/rules/security.md:400 + website/docs/usage/cli-options.md:669-674	DECIDED	form taken from the documented example `true`; complement refused by website/docs/getting-started/configuration.md:738-744 | CLI door carries scalar text only (website/docs/usage/cli-options.md:669-674) | null: empty value after `=`: no carrier; ADR 0052 row 4 (accepted set closed before analysis) -> refuse; string-nonnumber: read from website/docs/getting-started/configuration.md:803 + website/docs/getting-started/configuration.md:817-820 - the text is converted before its shape is judged, and a word that is neither `true` nor `false` is not a boolean; string-number: read from website/docs/getting-started/configuration.md:803 + website/docs/getting-started/configuration.md:817-820 - the text is converted before its shape is judged, so `1` arrives as a number exactly as `25` does, and a number is not one of the two words a boolean accepts (website/docs/getting-started/configuration.md:803)	null
form	yaml	rules.security.xss.enabled	null,bool	default	website/docs/getting-started/configuration.md:232-235 + src/Analysis/Finding/Contract/Rule/RuleOptionKeySet.php:28-34 snake=camel=kebab	website/docs/rules/security.md:402	PROMISED	form taken from the documented example `true`; complement refused by website/docs/getting-started/configuration.md:738-744 | string-nonnumber: read from website/docs/getting-started/configuration.md:803 - a boolean accepts `true` / `false`; a quoted `"false"` is a string, and a value of another shape ends the run with exit code 3 (website/docs/getting-started/configuration.md:786-791); string-number: read from website/docs/getting-started/configuration.md:803 - a boolean accepts `true` / `false`; `1`-as-string is a string, and a value of another shape ends the run with exit code 3 (website/docs/getting-started/configuration.md:786-791)	
form	rule-opt	rules.security.xss.enabled	bool	refuse	website/docs/getting-started/configuration.md:232-235 + src/Analysis/Finding/Contract/Rule/RuleOptionKeySet.php:28-34 snake=camel=kebab	website/docs/rules/security.md:402 + website/docs/usage/cli-options.md:669-674	DECIDED	form taken from the documented example `true`; complement refused by website/docs/getting-started/configuration.md:738-744 | CLI door carries scalar text only (website/docs/usage/cli-options.md:669-674) | null: empty value after `=`: no carrier; ADR 0052 row 4 (accepted set closed before analysis) -> refuse; string-nonnumber: read from website/docs/getting-started/configuration.md:803 + website/docs/getting-started/configuration.md:817-820 - the text is converted before its shape is judged, and a word that is neither `true` nor `false` is not a boolean; string-number: read from website/docs/getting-started/configuration.md:803 + website/docs/getting-started/configuration.md:817-820 - the text is converted before its shape is judged, so `1` arrives as a number exactly as `25` does, and a number is not one of the two words a boolean accepts (website/docs/getting-started/configuration.md:803)	null
form	yaml	rules.size.class-count.enabled	null,bool	default	website/docs/getting-started/configuration.md:232-235 + src/Analysis/Finding/Contract/Rule/RuleOptionKeySet.php:28-34 snake=camel=kebab	website/docs/getting-started/configuration.md:130-136	PROMISED	no per-path example; class carrier C5-enabled | string-nonnumber: read from website/docs/getting-started/configuration.md:803 - a boolean accepts `true` / `false`; a quoted `"false"` is a string, and a value of another shape ends the run with exit code 3 (website/docs/getting-started/configuration.md:786-791); string-number: read from website/docs/getting-started/configuration.md:803 - a boolean accepts `true` / `false`; `1`-as-string is a string, and a value of another shape ends the run with exit code 3 (website/docs/getting-started/configuration.md:786-791)	
form	rule-opt	rules.size.class-count.enabled	bool	refuse	website/docs/getting-started/configuration.md:232-235 + src/Analysis/Finding/Contract/Rule/RuleOptionKeySet.php:28-34 snake=camel=kebab	website/docs/getting-started/configuration.md:130-136 + website/docs/usage/cli-options.md:669-674	DECIDED	no per-path example; class carrier C5-enabled | CLI door carries scalar text only (website/docs/usage/cli-options.md:669-674) | null: empty value after `=`: no carrier; ADR 0052 row 4 (accepted set closed before analysis) -> refuse; string-nonnumber: read from website/docs/getting-started/configuration.md:803 + website/docs/getting-started/configuration.md:817-820 - the text is converted before its shape is judged, and a word that is neither `true` nor `false` is not a boolean; string-number: read from website/docs/getting-started/configuration.md:803 + website/docs/getting-started/configuration.md:817-820 - the text is converted before its shape is judged, so `1` arrives as a number exactly as `25` does, and a number is not one of the two words a boolean accepts (website/docs/getting-started/configuration.md:803)	null
form	yaml	rules.size.class-count.error	null,int	default	website/docs/getting-started/configuration.md:232-235 + src/Analysis/Finding/Contract/Rule/RuleOptionKeySet.php:28-34 snake=camel=kebab	website/docs/rules/size.md:170	DECIDED	form taken from the documented example `25`; complement refused by website/docs/getting-started/configuration.md:738-744 | float: carrier shows integers only; "number vs integer" not settled by any carrier; ADR 0052 row 4 -> refuse a fractional threshold rather than truncate; string-number: read from website/docs/getting-started/configuration.md:804 + website/docs/getting-started/configuration.md:815-816 - a quoted number is a string and a whole number does not accept `"15"`; a value of another shape ends the run with exit code 3 (website/docs/getting-started/configuration.md:786-791)	float
form	rule-opt	rules.size.class-count.error	int,string-number	refuse	website/docs/getting-started/configuration.md:232-235 + src/Analysis/Finding/Contract/Rule/RuleOptionKeySet.php:28-34 snake=camel=kebab	website/docs/rules/size.md:183	DECIDED	form taken from the documented example `25`; complement refused by website/docs/getting-started/configuration.md:738-744 | CLI door carries scalar text only (website/docs/usage/cli-options.md:669-674) | float: carrier shows integers only; "number vs integer" not settled by any carrier; ADR 0052 row 4 -> refuse a fractional threshold rather than truncate; null: empty value after `=`: no carrier; ADR 0052 row 4 (accepted set closed before analysis) -> refuse; string-number: read from website/docs/getting-started/configuration.md:817-820 - a value arriving on the command line is text by construction and is converted before its shape is judged, so the quoted spelling is accepted on this door	float,null
form	yaml	rules.size.class-count.threshold	null,int	default	website/docs/getting-started/configuration.md:232-235 + src/Analysis/Finding/Contract/Rule/RuleOptionKeySet.php:28-34 snake=camel=kebab; website/docs/getting-started/configuration.md:152-166 threshold:N == warning:N,error:N	website/docs/rules/size.md:178	DECIDED	form taken from the documented example `20     # warning=20, error=20 → all viol`; complement refused by website/docs/getting-started/configuration.md:738-744 | float: carrier shows integers only; "number vs integer" not settled by any carrier; ADR 0052 row 4 -> refuse a fractional threshold rather than truncate; string-number: read from website/docs/getting-started/configuration.md:804 + website/docs/getting-started/configuration.md:815-816 - a quoted number is a string and a whole number does not accept `"15"`; a value of another shape ends the run with exit code 3 (website/docs/getting-started/configuration.md:786-791)	float
form	rule-opt	rules.size.class-count.threshold	int,string-number	refuse	website/docs/getting-started/configuration.md:232-235 + src/Analysis/Finding/Contract/Rule/RuleOptionKeySet.php:28-34 snake=camel=kebab; website/docs/getting-started/configuration.md:152-166 threshold:N == warning:N,error:N	website/docs/rules/size.md:178 + website/docs/usage/cli-options.md:669-674	DECIDED	form taken from the documented example `20     # warning=20, error=20 → all viol`; complement refused by website/docs/getting-started/configuration.md:738-744 | CLI door carries scalar text only (website/docs/usage/cli-options.md:669-674) | float: carrier shows integers only; "number vs integer" not settled by any carrier; ADR 0052 row 4 -> refuse a fractional threshold rather than truncate; null: empty value after `=`: no carrier; ADR 0052 row 4 (accepted set closed before analysis) -> refuse; string-number: read from website/docs/getting-started/configuration.md:817-820 - a value arriving on the command line is text by construction and is converted before its shape is judged, so the quoted spelling is accepted on this door	float,null
form	yaml	rules.size.class-count.warning	null,int	default	website/docs/getting-started/configuration.md:232-235 + src/Analysis/Finding/Contract/Rule/RuleOptionKeySet.php:28-34 snake=camel=kebab	website/docs/rules/size.md:169	DECIDED	form taken from the documented example `15`; complement refused by website/docs/getting-started/configuration.md:738-744 | float: carrier shows integers only; "number vs integer" not settled by any carrier; ADR 0052 row 4 -> refuse a fractional threshold rather than truncate; string-number: read from website/docs/getting-started/configuration.md:804 + website/docs/getting-started/configuration.md:815-816 - a quoted number is a string and a whole number does not accept `"15"`; a value of another shape ends the run with exit code 3 (website/docs/getting-started/configuration.md:786-791)	float
form	rule-opt	rules.size.class-count.warning	int,string-number	refuse	website/docs/getting-started/configuration.md:232-235 + src/Analysis/Finding/Contract/Rule/RuleOptionKeySet.php:28-34 snake=camel=kebab	website/docs/rules/size.md:182	DECIDED	form taken from the documented example `15`; complement refused by website/docs/getting-started/configuration.md:738-744 | CLI door carries scalar text only (website/docs/usage/cli-options.md:669-674) | float: carrier shows integers only; "number vs integer" not settled by any carrier; ADR 0052 row 4 -> refuse a fractional threshold rather than truncate; null: empty value after `=`: no carrier; ADR 0052 row 4 (accepted set closed before analysis) -> refuse; string-number: read from website/docs/getting-started/configuration.md:817-820 - a value arriving on the command line is text by construction and is converted before its shape is judged, so the quoted spelling is accepted on this door	float,null
form	yaml	rules.size.method-count.enabled	null,bool	default	website/docs/getting-started/configuration.md:232-235 + src/Analysis/Finding/Contract/Rule/RuleOptionKeySet.php:28-34 snake=camel=kebab	website/docs/getting-started/configuration.md:130-136	PROMISED	no per-path example; class carrier C5-enabled | string-nonnumber: read from website/docs/getting-started/configuration.md:803 - a boolean accepts `true` / `false`; a quoted `"false"` is a string, and a value of another shape ends the run with exit code 3 (website/docs/getting-started/configuration.md:786-791); string-number: read from website/docs/getting-started/configuration.md:803 - a boolean accepts `true` / `false`; `1`-as-string is a string, and a value of another shape ends the run with exit code 3 (website/docs/getting-started/configuration.md:786-791)	
form	rule-opt	rules.size.method-count.enabled	bool	refuse	website/docs/getting-started/configuration.md:232-235 + src/Analysis/Finding/Contract/Rule/RuleOptionKeySet.php:28-34 snake=camel=kebab	website/docs/getting-started/configuration.md:130-136 + website/docs/usage/cli-options.md:669-674	DECIDED	no per-path example; class carrier C5-enabled | CLI door carries scalar text only (website/docs/usage/cli-options.md:669-674) | null: empty value after `=`: no carrier; ADR 0052 row 4 (accepted set closed before analysis) -> refuse; string-nonnumber: read from website/docs/getting-started/configuration.md:803 + website/docs/getting-started/configuration.md:817-820 - the text is converted before its shape is judged, and a word that is neither `true` nor `false` is not a boolean; string-number: read from website/docs/getting-started/configuration.md:803 + website/docs/getting-started/configuration.md:817-820 - the text is converted before its shape is judged, so `1` arrives as a number exactly as `25` does, and a number is not one of the two words a boolean accepts (website/docs/getting-started/configuration.md:803)	null
form	yaml	rules.size.method-count.error	null,int	default	website/docs/getting-started/configuration.md:232-235 + src/Analysis/Finding/Contract/Rule/RuleOptionKeySet.php:28-34 snake=camel=kebab	website/docs/getting-started/configuration.md:175	DECIDED	form taken from the documented example `20`; complement refused by website/docs/getting-started/configuration.md:738-744 | float: carrier shows integers only; "number vs integer" not settled by any carrier; ADR 0052 row 4 -> refuse a fractional threshold rather than truncate; string-number: read from website/docs/getting-started/configuration.md:804 + website/docs/getting-started/configuration.md:815-816 - a quoted number is a string and a whole number does not accept `"15"`; a value of another shape ends the run with exit code 3 (website/docs/getting-started/configuration.md:786-791)	float
form	rule-opt	rules.size.method-count.error	int,string-number	refuse	website/docs/getting-started/configuration.md:232-235 + src/Analysis/Finding/Contract/Rule/RuleOptionKeySet.php:28-34 snake=camel=kebab	website/docs/rules/size.md:69	DECIDED	form taken from the documented example `20`; complement refused by website/docs/getting-started/configuration.md:738-744 | CLI door carries scalar text only (website/docs/usage/cli-options.md:669-674) | float: carrier shows integers only; "number vs integer" not settled by any carrier; ADR 0052 row 4 -> refuse a fractional threshold rather than truncate; null: empty value after `=`: no carrier; ADR 0052 row 4 (accepted set closed before analysis) -> refuse; string-number: read from website/docs/getting-started/configuration.md:817-820 - a value arriving on the command line is text by construction and is converted before its shape is judged, so the quoted spelling is accepted on this door	float,null
form	yaml	rules.size.method-count.threshold	null,int	default	website/docs/getting-started/configuration.md:232-235 + src/Analysis/Finding/Contract/Rule/RuleOptionKeySet.php:28-34 snake=camel=kebab; website/docs/getting-started/configuration.md:152-166 threshold:N == warning:N,error:N	website/docs/getting-started/configuration.md:163	DECIDED	form taken from the documented example `25      # same as warning: 25, error: 25`; complement refused by website/docs/getting-started/configuration.md:738-744 | float: carrier shows integers only; "number vs integer" not settled by any carrier; ADR 0052 row 4 -> refuse a fractional threshold rather than truncate; string-number: read from website/docs/getting-started/configuration.md:804 + website/docs/getting-started/configuration.md:815-816 - a quoted number is a string and a whole number does not accept `"15"`; a value of another shape ends the run with exit code 3 (website/docs/getting-started/configuration.md:786-791)	float
form	rule-opt	rules.size.method-count.threshold	int,string-number	refuse	website/docs/getting-started/configuration.md:232-235 + src/Analysis/Finding/Contract/Rule/RuleOptionKeySet.php:28-34 snake=camel=kebab; website/docs/getting-started/configuration.md:152-166 threshold:N == warning:N,error:N	website/docs/getting-started/configuration.md:180	DECIDED	form taken from the documented example `25      # same as warning: 25, error: 25`; complement refused by website/docs/getting-started/configuration.md:738-744 | CLI door carries scalar text only (website/docs/usage/cli-options.md:669-674) | float: carrier shows integers only; "number vs integer" not settled by any carrier; ADR 0052 row 4 -> refuse a fractional threshold rather than truncate; null: empty value after `=`: no carrier; ADR 0052 row 4 (accepted set closed before analysis) -> refuse; string-number: read from website/docs/getting-started/configuration.md:817-820 - a value arriving on the command line is text by construction and is converted before its shape is judged, so the quoted spelling is accepted on this door	float,null
form	yaml	rules.size.method-count.warning	null,int	default	website/docs/getting-started/configuration.md:232-235 + src/Analysis/Finding/Contract/Rule/RuleOptionKeySet.php:28-34 snake=camel=kebab	website/docs/getting-started/configuration.md:174	DECIDED	form taken from the documented example `10`; complement refused by website/docs/getting-started/configuration.md:738-744 | float: carrier shows integers only; "number vs integer" not settled by any carrier; ADR 0052 row 4 -> refuse a fractional threshold rather than truncate; string-number: read from website/docs/getting-started/configuration.md:804 + website/docs/getting-started/configuration.md:815-816 - a quoted number is a string and a whole number does not accept `"15"`; a value of another shape ends the run with exit code 3 (website/docs/getting-started/configuration.md:786-791)	float
form	rule-opt	rules.size.method-count.warning	int,string-number	refuse	website/docs/getting-started/configuration.md:232-235 + src/Analysis/Finding/Contract/Rule/RuleOptionKeySet.php:28-34 snake=camel=kebab	website/docs/rules/index.md:225	DECIDED	form taken from the documented example `10`; complement refused by website/docs/getting-started/configuration.md:738-744 | CLI door carries scalar text only (website/docs/usage/cli-options.md:669-674) | float: carrier shows integers only; "number vs integer" not settled by any carrier; ADR 0052 row 4 -> refuse a fractional threshold rather than truncate; null: empty value after `=`: no carrier; ADR 0052 row 4 (accepted set closed before analysis) -> refuse; string-number: read from website/docs/getting-started/configuration.md:817-820 - a value arriving on the command line is text by construction and is converted before its shape is judged, so the quoted spelling is accepted on this door	float,null
form	yaml	rules.size.property-count.enabled	null,bool	default	website/docs/getting-started/configuration.md:232-235 + src/Analysis/Finding/Contract/Rule/RuleOptionKeySet.php:28-34 snake=camel=kebab	website/docs/getting-started/configuration.md:130-136	PROMISED	no per-path example; class carrier C5-enabled | string-nonnumber: read from website/docs/getting-started/configuration.md:803 - a boolean accepts `true` / `false`; a quoted `"false"` is a string, and a value of another shape ends the run with exit code 3 (website/docs/getting-started/configuration.md:786-791); string-number: read from website/docs/getting-started/configuration.md:803 - a boolean accepts `true` / `false`; `1`-as-string is a string, and a value of another shape ends the run with exit code 3 (website/docs/getting-started/configuration.md:786-791)	
form	rule-opt	rules.size.property-count.enabled	bool	refuse	website/docs/getting-started/configuration.md:232-235 + src/Analysis/Finding/Contract/Rule/RuleOptionKeySet.php:28-34 snake=camel=kebab	website/docs/getting-started/configuration.md:130-136 + website/docs/usage/cli-options.md:669-674	DECIDED	no per-path example; class carrier C5-enabled | CLI door carries scalar text only (website/docs/usage/cli-options.md:669-674) | null: empty value after `=`: no carrier; ADR 0052 row 4 (accepted set closed before analysis) -> refuse; string-nonnumber: read from website/docs/getting-started/configuration.md:803 + website/docs/getting-started/configuration.md:817-820 - the text is converted before its shape is judged, and a word that is neither `true` nor `false` is not a boolean; string-number: read from website/docs/getting-started/configuration.md:803 + website/docs/getting-started/configuration.md:817-820 - the text is converted before its shape is judged, so `1` arrives as a number exactly as `25` does, and a number is not one of the two words a boolean accepts (website/docs/getting-started/configuration.md:803)	null
form	yaml	rules.size.property-count.error	null,int	default	website/docs/getting-started/configuration.md:232-235 + src/Analysis/Finding/Contract/Rule/RuleOptionKeySet.php:28-34 snake=camel=kebab	website/docs/rules/size.md:269	DECIDED	form taken from the documented example `20`; complement refused by website/docs/getting-started/configuration.md:738-744 | float: carrier shows integers only; "number vs integer" not settled by any carrier; ADR 0052 row 4 -> refuse a fractional threshold rather than truncate; string-number: read from website/docs/getting-started/configuration.md:804 + website/docs/getting-started/configuration.md:815-816 - a quoted number is a string and a whole number does not accept `"15"`; a value of another shape ends the run with exit code 3 (website/docs/getting-started/configuration.md:786-791)	float
form	rule-opt	rules.size.property-count.error	int,string-number	refuse	website/docs/getting-started/configuration.md:232-235 + src/Analysis/Finding/Contract/Rule/RuleOptionKeySet.php:28-34 snake=camel=kebab	website/docs/rules/size.md:284	DECIDED	form taken from the documented example `20`; complement refused by website/docs/getting-started/configuration.md:738-744 | CLI door carries scalar text only (website/docs/usage/cli-options.md:669-674) | float: carrier shows integers only; "number vs integer" not settled by any carrier; ADR 0052 row 4 -> refuse a fractional threshold rather than truncate; null: empty value after `=`: no carrier; ADR 0052 row 4 (accepted set closed before analysis) -> refuse; string-number: read from website/docs/getting-started/configuration.md:817-820 - a value arriving on the command line is text by construction and is converted before its shape is judged, so the quoted spelling is accepted on this door	float,null
form	yaml	rules.size.property-count.exclude-promoted-only	null,bool	default	website/docs/getting-started/configuration.md:232-235 + src/Analysis/Finding/Contract/Rule/RuleOptionKeySet.php:28-34 snake=camel=kebab	website/docs/rules/size.md:271	PROMISED	form taken from the documented example `true`; complement refused by website/docs/getting-started/configuration.md:738-744 | string-nonnumber: read from website/docs/getting-started/configuration.md:803 - a boolean accepts `true` / `false`; a quoted `"false"` is a string, and a value of another shape ends the run with exit code 3 (website/docs/getting-started/configuration.md:786-791); string-number: read from website/docs/getting-started/configuration.md:803 - a boolean accepts `true` / `false`; `1`-as-string is a string, and a value of another shape ends the run with exit code 3 (website/docs/getting-started/configuration.md:786-791)	
form	rule-opt	rules.size.property-count.exclude-promoted-only	bool	refuse	website/docs/getting-started/configuration.md:232-235 + src/Analysis/Finding/Contract/Rule/RuleOptionKeySet.php:28-34 snake=camel=kebab	website/docs/rules/size.md:271 + website/docs/usage/cli-options.md:669-674	DECIDED	form taken from the documented example `true`; complement refused by website/docs/getting-started/configuration.md:738-744 | CLI door carries scalar text only (website/docs/usage/cli-options.md:669-674) | null: empty value after `=`: no carrier; ADR 0052 row 4 (accepted set closed before analysis) -> refuse; string-nonnumber: read from website/docs/getting-started/configuration.md:803 + website/docs/getting-started/configuration.md:817-820 - the text is converted before its shape is judged, and a word that is neither `true` nor `false` is not a boolean; string-number: read from website/docs/getting-started/configuration.md:803 + website/docs/getting-started/configuration.md:817-820 - the text is converted before its shape is judged, so `1` arrives as a number exactly as `25` does, and a number is not one of the two words a boolean accepts (website/docs/getting-started/configuration.md:803)	null
form	yaml	rules.size.property-count.exclude-readonly	null,bool	default	website/docs/getting-started/configuration.md:232-235 + src/Analysis/Finding/Contract/Rule/RuleOptionKeySet.php:28-34 snake=camel=kebab	website/docs/rules/size.md:270	PROMISED	form taken from the documented example `true`; complement refused by website/docs/getting-started/configuration.md:738-744 | string-nonnumber: read from website/docs/getting-started/configuration.md:803 - a boolean accepts `true` / `false`; a quoted `"false"` is a string, and a value of another shape ends the run with exit code 3 (website/docs/getting-started/configuration.md:786-791); string-number: read from website/docs/getting-started/configuration.md:803 - a boolean accepts `true` / `false`; `1`-as-string is a string, and a value of another shape ends the run with exit code 3 (website/docs/getting-started/configuration.md:786-791)	
form	rule-opt	rules.size.property-count.exclude-readonly	bool	refuse	website/docs/getting-started/configuration.md:232-235 + src/Analysis/Finding/Contract/Rule/RuleOptionKeySet.php:28-34 snake=camel=kebab	website/docs/rules/size.md:270 + website/docs/usage/cli-options.md:669-674	DECIDED	form taken from the documented example `true`; complement refused by website/docs/getting-started/configuration.md:738-744 | CLI door carries scalar text only (website/docs/usage/cli-options.md:669-674) | null: empty value after `=`: no carrier; ADR 0052 row 4 (accepted set closed before analysis) -> refuse; string-nonnumber: read from website/docs/getting-started/configuration.md:803 + website/docs/getting-started/configuration.md:817-820 - the text is converted before its shape is judged, and a word that is neither `true` nor `false` is not a boolean; string-number: read from website/docs/getting-started/configuration.md:803 + website/docs/getting-started/configuration.md:817-820 - the text is converted before its shape is judged, so `1` arrives as a number exactly as `25` does, and a number is not one of the two words a boolean accepts (website/docs/getting-started/configuration.md:803)	null
form	yaml	rules.size.property-count.threshold	null,int	default	website/docs/getting-started/configuration.md:232-235 + src/Analysis/Finding/Contract/Rule/RuleOptionKeySet.php:28-34 snake=camel=kebab; website/docs/getting-started/configuration.md:152-166 threshold:N == warning:N,error:N	website/docs/rules/size.md:279	DECIDED	form taken from the documented example `18     # warning=18, error=18 → all viol`; complement refused by website/docs/getting-started/configuration.md:738-744 | float: carrier shows integers only; "number vs integer" not settled by any carrier; ADR 0052 row 4 -> refuse a fractional threshold rather than truncate; string-number: read from website/docs/getting-started/configuration.md:804 + website/docs/getting-started/configuration.md:815-816 - a quoted number is a string and a whole number does not accept `"15"`; a value of another shape ends the run with exit code 3 (website/docs/getting-started/configuration.md:786-791)	float
form	rule-opt	rules.size.property-count.threshold	int,string-number	refuse	website/docs/getting-started/configuration.md:232-235 + src/Analysis/Finding/Contract/Rule/RuleOptionKeySet.php:28-34 snake=camel=kebab; website/docs/getting-started/configuration.md:152-166 threshold:N == warning:N,error:N	website/docs/rules/size.md:279 + website/docs/usage/cli-options.md:669-674	DECIDED	form taken from the documented example `18     # warning=18, error=18 → all viol`; complement refused by website/docs/getting-started/configuration.md:738-744 | CLI door carries scalar text only (website/docs/usage/cli-options.md:669-674) | float: carrier shows integers only; "number vs integer" not settled by any carrier; ADR 0052 row 4 -> refuse a fractional threshold rather than truncate; null: empty value after `=`: no carrier; ADR 0052 row 4 (accepted set closed before analysis) -> refuse; string-number: read from website/docs/getting-started/configuration.md:817-820 - a value arriving on the command line is text by construction and is converted before its shape is judged, so the quoted spelling is accepted on this door	float,null
form	yaml	rules.size.property-count.warning	null,int	default	website/docs/getting-started/configuration.md:232-235 + src/Analysis/Finding/Contract/Rule/RuleOptionKeySet.php:28-34 snake=camel=kebab	website/docs/rules/size.md:268	DECIDED	form taken from the documented example `15`; complement refused by website/docs/getting-started/configuration.md:738-744 | float: carrier shows integers only; "number vs integer" not settled by any carrier; ADR 0052 row 4 -> refuse a fractional threshold rather than truncate; string-number: read from website/docs/getting-started/configuration.md:804 + website/docs/getting-started/configuration.md:815-816 - a quoted number is a string and a whole number does not accept `"15"`; a value of another shape ends the run with exit code 3 (website/docs/getting-started/configuration.md:786-791)	float
form	rule-opt	rules.size.property-count.warning	int,string-number	refuse	website/docs/getting-started/configuration.md:232-235 + src/Analysis/Finding/Contract/Rule/RuleOptionKeySet.php:28-34 snake=camel=kebab	website/docs/rules/size.md:283	DECIDED	form taken from the documented example `15`; complement refused by website/docs/getting-started/configuration.md:738-744 | CLI door carries scalar text only (website/docs/usage/cli-options.md:669-674) | float: carrier shows integers only; "number vs integer" not settled by any carrier; ADR 0052 row 4 -> refuse a fractional threshold rather than truncate; null: empty value after `=`: no carrier; ADR 0052 row 4 (accepted set closed before analysis) -> refuse; string-number: read from website/docs/getting-started/configuration.md:817-820 - a value arriving on the command line is text by construction and is converted before its shape is judged, so the quoted spelling is accepted on this door	float,null
form	yaml	rules.computed.enabled	null,bool	default	website/docs/getting-started/configuration.md:232-235 + src/Analysis/Finding/Contract/Rule/RuleOptionKeySet.php:28-34 snake=camel=kebab	website/docs/getting-started/configuration.md:130-136	PROMISED	no per-path example; class carrier C5-enabled | string-nonnumber: read from website/docs/getting-started/configuration.md:803 - a boolean accepts `true` / `false`; a quoted `"false"` is a string, and a value of another shape ends the run with exit code 3 (website/docs/getting-started/configuration.md:786-791); string-number: read from website/docs/getting-started/configuration.md:803 - a boolean accepts `true` / `false`; `1`-as-string is a string, and a value of another shape ends the run with exit code 3 (website/docs/getting-started/configuration.md:786-791)	
form	rule-opt	rules.computed.enabled	bool	refuse	website/docs/getting-started/configuration.md:232-235 + src/Analysis/Finding/Contract/Rule/RuleOptionKeySet.php:28-34 snake=camel=kebab	website/docs/getting-started/configuration.md:130-136 + website/docs/usage/cli-options.md:669-674	DECIDED	no per-path example; class carrier C5-enabled | CLI door carries scalar text only (website/docs/usage/cli-options.md:669-674) | null: empty value after `=`: no carrier; ADR 0052 row 4 (accepted set closed before analysis) -> refuse; string-nonnumber: read from website/docs/getting-started/configuration.md:803 + website/docs/getting-started/configuration.md:817-820 - the text is converted before its shape is judged, and a word that is neither `true` nor `false` is not a boolean; string-number: read from website/docs/getting-started/configuration.md:803 + website/docs/getting-started/configuration.md:817-820 - the text is converted before its shape is judged, so `1` arrives as a number exactly as `25` does, and a number is not one of the two words a boolean accepts (website/docs/getting-started/configuration.md:803)	null
form	yaml	rules.suppression.configuration.enabled	null,bool	default	website/docs/getting-started/configuration.md:232-235 + src/Analysis/Finding/Contract/Rule/RuleOptionKeySet.php:28-34 snake=camel=kebab	website/docs/rules/suppression.md:76	PROMISED	form taken from the documented example `true`; complement refused by website/docs/getting-started/configuration.md:738-744 | string-nonnumber: read from website/docs/getting-started/configuration.md:803 - a boolean accepts `true` / `false`; a quoted `"false"` is a string, and a value of another shape ends the run with exit code 3 (website/docs/getting-started/configuration.md:786-791); string-number: read from website/docs/getting-started/configuration.md:803 - a boolean accepts `true` / `false`; `1`-as-string is a string, and a value of another shape ends the run with exit code 3 (website/docs/getting-started/configuration.md:786-791)	
form	rule-opt	rules.suppression.configuration.enabled	bool	refuse	website/docs/getting-started/configuration.md:232-235 + src/Analysis/Finding/Contract/Rule/RuleOptionKeySet.php:28-34 snake=camel=kebab	website/docs/rules/suppression.md:76 + website/docs/usage/cli-options.md:669-674	DECIDED	form taken from the documented example `true`; complement refused by website/docs/getting-started/configuration.md:738-744 | CLI door carries scalar text only (website/docs/usage/cli-options.md:669-674) | null: empty value after `=`: no carrier; ADR 0052 row 4 (accepted set closed before analysis) -> refuse; string-nonnumber: read from website/docs/getting-started/configuration.md:803 + website/docs/getting-started/configuration.md:817-820 - the text is converted before its shape is judged, and a word that is neither `true` nor `false` is not a boolean; string-number: read from website/docs/getting-started/configuration.md:803 + website/docs/getting-started/configuration.md:817-820 - the text is converted before its shape is judged, so `1` arrives as a number exactly as `25` does, and a number is not one of the two words a boolean accepts (website/docs/getting-started/configuration.md:803)	null
form	yaml	rules.architecture.layer-violation.enabled	null,bool	default	website/docs/getting-started/configuration.md:232-235 + src/Analysis/Finding/Contract/Rule/RuleOptionKeySet.php:28-34 snake=camel=kebab	website/docs/rules/architecture.md:816	PROMISED	form taken from the documented example `true`; complement refused by website/docs/getting-started/configuration.md:738-744 | string-nonnumber: read from website/docs/getting-started/configuration.md:803 - a boolean accepts `true` / `false`; a quoted `"false"` is a string, and a value of another shape ends the run with exit code 3 (website/docs/getting-started/configuration.md:786-791); string-number: read from website/docs/getting-started/configuration.md:803 - a boolean accepts `true` / `false`; `1`-as-string is a string, and a value of another shape ends the run with exit code 3 (website/docs/getting-started/configuration.md:786-791)	
form	rule-opt	rules.architecture.layer-violation.enabled	bool	refuse	website/docs/getting-started/configuration.md:232-235 + src/Analysis/Finding/Contract/Rule/RuleOptionKeySet.php:28-34 snake=camel=kebab	website/docs/rules/architecture.md:816 + website/docs/usage/cli-options.md:669-674	DECIDED	form taken from the documented example `true`; complement refused by website/docs/getting-started/configuration.md:738-744 | CLI door carries scalar text only (website/docs/usage/cli-options.md:669-674) | null: empty value after `=`: no carrier; ADR 0052 row 4 (accepted set closed before analysis) -> refuse; string-nonnumber: read from website/docs/getting-started/configuration.md:803 + website/docs/getting-started/configuration.md:817-820 - the text is converted before its shape is judged, and a word that is neither `true` nor `false` is not a boolean; string-number: read from website/docs/getting-started/configuration.md:803 + website/docs/getting-started/configuration.md:817-820 - the text is converted before its shape is judged, so `1` arrives as a number exactly as `25` does, and a number is not one of the two words a boolean accepts (website/docs/getting-started/configuration.md:803)	null
form	yaml	rules.architecture.layer-violation.severity	null,string-nonnumber	default	website/docs/getting-started/configuration.md:232-235 + src/Analysis/Finding/Contract/Rule/RuleOptionKeySet.php:28-34 snake=camel=kebab	website/docs/rules/architecture.md:817	DECIDED	form taken from the documented example `error`; complement refused by website/docs/getting-started/configuration.md:738-744 | string-number: website/docs/getting-started/configuration.md:806-807 makes a quoted digit string shape-VALID here (`a string` / `a non-empty string` accepts it), so the shape section does NOT refuse it; what refuses is the value set of this key, which no carrier states as a shape question; ADR 0052 row 4 still decides -> refuse | X20 stage 4: this key's declaration moved from `text()` to `RuleOptionShape::oneOfIgnoringCase(...)`; an out-of-set or wrongly-shaped value is now refused at the option-key seam (RuleOptionKeyRecognition::refuseUnknownKeys) before fromArray() runs, in the seam's own wording ('must be one of "..." ... or null, got ...') rather than the reader's ('has unknown value "..."; expected one of ...'). The accepted word set itself, and its case-folding, are unchanged.	string-number
form	rule-opt	rules.architecture.layer-violation.severity	string-nonnumber	refuse	website/docs/getting-started/configuration.md:232-235 + src/Analysis/Finding/Contract/Rule/RuleOptionKeySet.php:28-34 snake=camel=kebab	website/docs/rules/architecture.md:817 + website/docs/usage/cli-options.md:669-674	DECIDED	form taken from the documented example `error`; complement refused by website/docs/getting-started/configuration.md:738-744 | CLI door carries scalar text only (website/docs/usage/cli-options.md:669-674) | null: empty value after `=`: no carrier; ADR 0052 row 4 (accepted set closed before analysis) -> refuse; string-number: website/docs/getting-started/configuration.md:806-807 makes a quoted digit string shape-VALID here (`a string` / `a non-empty string` accepts it), so the shape section does NOT refuse it; what refuses is the value set of this key, which no carrier states as a shape question; ADR 0052 row 4 still decides -> refuse | X20 stage 4: this key's declaration moved from `text()` to `RuleOptionShape::oneOfIgnoringCase(...)`; an out-of-set or wrongly-shaped value is now refused at the option-key seam (RuleOptionKeyRecognition::refuseUnknownKeys) before fromArray() runs, in the seam's own wording ('must be one of "..." ... or null, got ...') rather than the reader's ('has unknown value "..."; expected one of ...'). The accepted word set itself, and its case-folding, are unchanged.	null,string-number
form	yaml	rules.architecture.layer-violation.empty-template-severity		refuse		website/docs/reference/default-thresholds.md:103 + src/Analysis/Finding/Contract/Rule/RuleOptionKeySet.php:23-27	PROMISED	carrier states in so many words that THIS option was removed and the severity is now fixed. Promise: writing the key ends the run with a refusal that NAMES the removal and what replaced it. A generic unknown-option-key refusal (C13) does NOT satisfy this row: it would answer about a key the rule never had, where the carrier answers about a key the rule dropped, and the reader needs the second answer. The declared half `answeredByTheClass` is exactly the state the contract docblock (src/Analysis/Finding/Contract/Rule/RuleOptionKeySet.php:23-27) reserves for a key the class refuses in its own words, so it is deliberate here and must stay. No value form binds: the refusal does not depend on the form written.	
form	rule-opt	rules.architecture.layer-violation.empty-template-severity		refuse		website/docs/reference/default-thresholds.md:103 + src/Analysis/Finding/Contract/Rule/RuleOptionKeySet.php:23-27	PROMISED	carrier states in so many words that THIS option was removed and the severity is now fixed. Promise: writing the key ends the run with a refusal that NAMES the removal and what replaced it. A generic unknown-option-key refusal (C13) does NOT satisfy this row: it would answer about a key the rule never had, where the carrier answers about a key the rule dropped, and the reader needs the second answer. The declared half `answeredByTheClass` is exactly the state the contract docblock (src/Analysis/Finding/Contract/Rule/RuleOptionKeySet.php:23-27) reserves for a key the class refuses in its own words, so it is deliberate here and must stay. No value form binds: the refusal does not depend on the form written. | the same addressed refusal is owed on this door too.	
form	yaml	rules.architecture.layer-violation.potential-shadow-severity		refuse		website/docs/reference/default-thresholds.md:102 + src/Analysis/Finding/Contract/Rule/RuleOptionKeySet.php:23-27	PROMISED	carrier states in so many words that THIS option was removed and the severity is now fixed. Promise: writing the key ends the run with a refusal that NAMES the removal and what replaced it. A generic unknown-option-key refusal (C13) does NOT satisfy this row: it would answer about a key the rule never had, where the carrier answers about a key the rule dropped, and the reader needs the second answer. The declared half `answeredByTheClass` is exactly the state the contract docblock (src/Analysis/Finding/Contract/Rule/RuleOptionKeySet.php:23-27) reserves for a key the class refuses in its own words, so it is deliberate here and must stay. No value form binds: the refusal does not depend on the form written.	
form	rule-opt	rules.architecture.layer-violation.potential-shadow-severity		refuse		website/docs/reference/default-thresholds.md:102 + src/Analysis/Finding/Contract/Rule/RuleOptionKeySet.php:23-27	PROMISED	carrier states in so many words that THIS option was removed and the severity is now fixed. Promise: writing the key ends the run with a refusal that NAMES the removal and what replaced it. A generic unknown-option-key refusal (C13) does NOT satisfy this row: it would answer about a key the rule never had, where the carrier answers about a key the rule dropped, and the reader needs the second answer. The declared half `answeredByTheClass` is exactly the state the contract docblock (src/Analysis/Finding/Contract/Rule/RuleOptionKeySet.php:23-27) reserves for a key the class refuses in its own words, so it is deliberate here and must stay. No value form binds: the refusal does not depend on the form written. | the same addressed refusal is owed on this door too.	
form	yaml	rules.architecture.layer-violation.unreachable-layer-severity		refuse		website/docs/reference/default-thresholds.md:100 + src/Analysis/Finding/Contract/Rule/RuleOptionKeySet.php:23-27	PROMISED	carrier states in so many words that THIS option was removed and the severity is now fixed. Promise: writing the key ends the run with a refusal that NAMES the removal and what replaced it. A generic unknown-option-key refusal (C13) does NOT satisfy this row: it would answer about a key the rule never had, where the carrier answers about a key the rule dropped, and the reader needs the second answer. The declared half `answeredByTheClass` is exactly the state the contract docblock (src/Analysis/Finding/Contract/Rule/RuleOptionKeySet.php:23-27) reserves for a key the class refuses in its own words, so it is deliberate here and must stay. No value form binds: the refusal does not depend on the form written.	
form	rule-opt	rules.architecture.layer-violation.unreachable-layer-severity		refuse		website/docs/reference/default-thresholds.md:100 + src/Analysis/Finding/Contract/Rule/RuleOptionKeySet.php:23-27	PROMISED	carrier states in so many words that THIS option was removed and the severity is now fixed. Promise: writing the key ends the run with a refusal that NAMES the removal and what replaced it. A generic unknown-option-key refusal (C13) does NOT satisfy this row: it would answer about a key the rule never had, where the carrier answers about a key the rule dropped, and the reader needs the second answer. The declared half `answeredByTheClass` is exactly the state the contract docblock (src/Analysis/Finding/Contract/Rule/RuleOptionKeySet.php:23-27) reserves for a key the class refuses in its own words, so it is deliberate here and must stay. No value form binds: the refusal does not depend on the form written. | the same addressed refusal is owed on this door too.	
form	yaml	rules.architecture.unassigned-class.mode	null,string-nonnumber	default	website/docs/getting-started/configuration.md:232-235 + src/Analysis/Finding/Contract/Rule/RuleOptionKeySet.php:28-34 snake=camel=kebab	website/docs/rules/architecture.md:660	DECIDED	form taken from the documented example `warn   # ignore (default) | warn | error`; complement refused by website/docs/getting-started/configuration.md:738-744 | string-number: website/docs/getting-started/configuration.md:806-807 makes a quoted digit string shape-VALID here (`a string` / `a non-empty string` accepts it), so the shape section does NOT refuse it; what refuses is the value set of this key, which no carrier states as a shape question; ADR 0052 row 4 still decides -> refuse | X20 stage 4: this key's declaration moved from `text()` to `RuleOptionShape::oneOfIgnoringCase(...)`; an out-of-set or wrongly-shaped value is now refused at the option-key seam (RuleOptionKeyRecognition::refuseUnknownKeys) before fromArray() runs, in the seam's own wording ('must be one of "..." ... or null, got ...') rather than the reader's ('has unknown value "..."; expected one of ...'). The accepted word set itself, and its case-folding, are unchanged.	string-number
form	rule-opt	rules.architecture.unassigned-class.mode	string-nonnumber	refuse	website/docs/getting-started/configuration.md:232-235 + src/Analysis/Finding/Contract/Rule/RuleOptionKeySet.php:28-34 snake=camel=kebab	website/docs/rules/architecture.md:660 + website/docs/usage/cli-options.md:669-674	DECIDED	form taken from the documented example `warn   # ignore (default) | warn | error`; complement refused by website/docs/getting-started/configuration.md:738-744 | CLI door carries scalar text only (website/docs/usage/cli-options.md:669-674) | null: empty value after `=`: no carrier; ADR 0052 row 4 (accepted set closed before analysis) -> refuse; string-number: website/docs/getting-started/configuration.md:806-807 makes a quoted digit string shape-VALID here (`a string` / `a non-empty string` accepts it), so the shape section does NOT refuse it; what refuses is the value set of this key, which no carrier states as a shape question; ADR 0052 row 4 still decides -> refuse | X20 stage 4: this key's declaration moved from `text()` to `RuleOptionShape::oneOfIgnoringCase(...)`; an out-of-set or wrongly-shaped value is now refused at the option-key seam (RuleOptionKeyRecognition::refuseUnknownKeys) before fromArray() runs, in the seam's own wording ('must be one of "..." ... or null, got ...') rather than the reader's ('has unknown value "..."; expected one of ...'). The accepted word set itself, and its case-folding, are unchanged.	null,string-number
form	yaml	rules.architecture.unassigned-class.enabled		addressed-answer		src/Analysis/Finding/Contract/Rule/RuleOptionKeySet.php:23-27	DECIDED	the contract docblock names `UnassignedClassOptions::assertNoContradictoryEnabled()` as THE case that forces the `answeredByTheClass` state to exist, so this key is answered by the class on purpose, not by oversight, and a reader "must neither warn nor refuse on these". That much is carried. What the carrier does NOT settle is which forms the class accepts as "leave things as they are" and which it refuses in its own words - no website page documents the key at all. Round decides (ADR 0052, row 4 read against its own cost, and the X17 lesson that a cure must not eat the legitimate case): the promise is an ADDRESSED answer owned by the class - either its own refusal naming the contradiction, or an explicit no-op - and never a generic unknown-key refusal and never silence. Stage 02 judges the row against that: INERT and a generic C13 refusal are both defects here, an addressed answer is OK.	
form	rule-opt	rules.architecture.unassigned-class.enabled		addressed-answer		src/Analysis/Finding/Contract/Rule/RuleOptionKeySet.php:23-27	DECIDED	same decision on the CLI door: the answer must be the class's own and addressed, not a generic unknown-key refusal.	
form	yaml	rules.architecture.circular-dependency.direct-as-error	null,bool	default	website/docs/getting-started/configuration.md:232-235 + src/Analysis/Finding/Contract/Rule/RuleOptionKeySet.php:28-34 snake=camel=kebab	website/docs/rules/architecture.md:105	PROMISED	form taken from the documented example `true    # direct cycles are errors`; complement refused by website/docs/getting-started/configuration.md:738-744 | string-nonnumber: read from website/docs/getting-started/configuration.md:803 - a boolean accepts `true` / `false`; a quoted `"false"` is a string, and a value of another shape ends the run with exit code 3 (website/docs/getting-started/configuration.md:786-791); string-number: read from website/docs/getting-started/configuration.md:803 - a boolean accepts `true` / `false`; `1`-as-string is a string, and a value of another shape ends the run with exit code 3 (website/docs/getting-started/configuration.md:786-791)	
form	rule-opt	rules.architecture.circular-dependency.direct-as-error	bool	refuse	website/docs/getting-started/configuration.md:232-235 + src/Analysis/Finding/Contract/Rule/RuleOptionKeySet.php:28-34 snake=camel=kebab	website/docs/rules/architecture.md:105 + website/docs/usage/cli-options.md:669-674	DECIDED	form taken from the documented example `true    # direct cycles are errors`; complement refused by website/docs/getting-started/configuration.md:738-744 | CLI door carries scalar text only (website/docs/usage/cli-options.md:669-674) | null: empty value after `=`: no carrier; ADR 0052 row 4 (accepted set closed before analysis) -> refuse; string-nonnumber: read from website/docs/getting-started/configuration.md:803 + website/docs/getting-started/configuration.md:817-820 - the text is converted before its shape is judged, and a word that is neither `true` nor `false` is not a boolean; string-number: read from website/docs/getting-started/configuration.md:803 + website/docs/getting-started/configuration.md:817-820 - the text is converted before its shape is judged, so `1` arrives as a number exactly as `25` does, and a number is not one of the two words a boolean accepts (website/docs/getting-started/configuration.md:803)	null
form	yaml	rules.architecture.circular-dependency.enabled	null,bool	default	website/docs/getting-started/configuration.md:232-235 + src/Analysis/Finding/Contract/Rule/RuleOptionKeySet.php:28-34 snake=camel=kebab	website/docs/getting-started/configuration.md:130-136	PROMISED	no per-path example; class carrier C5-enabled | string-nonnumber: read from website/docs/getting-started/configuration.md:803 - a boolean accepts `true` / `false`; a quoted `"false"` is a string, and a value of another shape ends the run with exit code 3 (website/docs/getting-started/configuration.md:786-791); string-number: read from website/docs/getting-started/configuration.md:803 - a boolean accepts `true` / `false`; `1`-as-string is a string, and a value of another shape ends the run with exit code 3 (website/docs/getting-started/configuration.md:786-791)	
form	rule-opt	rules.architecture.circular-dependency.enabled	bool	refuse	website/docs/getting-started/configuration.md:232-235 + src/Analysis/Finding/Contract/Rule/RuleOptionKeySet.php:28-34 snake=camel=kebab	website/docs/getting-started/configuration.md:130-136 + website/docs/usage/cli-options.md:669-674	DECIDED	no per-path example; class carrier C5-enabled | CLI door carries scalar text only (website/docs/usage/cli-options.md:669-674) | null: empty value after `=`: no carrier; ADR 0052 row 4 (accepted set closed before analysis) -> refuse; string-nonnumber: read from website/docs/getting-started/configuration.md:803 + website/docs/getting-started/configuration.md:817-820 - the text is converted before its shape is judged, and a word that is neither `true` nor `false` is not a boolean; string-number: read from website/docs/getting-started/configuration.md:803 + website/docs/getting-started/configuration.md:817-820 - the text is converted before its shape is judged, so `1` arrives as a number exactly as `25` does, and a number is not one of the two words a boolean accepts (website/docs/getting-started/configuration.md:803)	null
form	yaml	rules.architecture.circular-dependency.max-cycle-size	null,int	default	website/docs/getting-started/configuration.md:232-235 + src/Analysis/Finding/Contract/Rule/RuleOptionKeySet.php:28-34 snake=camel=kebab	website/docs/rules/architecture.md:104	DECIDED	form taken from the documented example `5        # ignore very large cycles`; complement refused by website/docs/getting-started/configuration.md:738-744 | float: carrier shows integers only; "number vs integer" not settled by any carrier; ADR 0052 row 4 -> refuse a fractional threshold rather than truncate; string-number: read from website/docs/getting-started/configuration.md:804 + website/docs/getting-started/configuration.md:815-816 - a quoted number is a string and a whole number does not accept `"15"`; a value of another shape ends the run with exit code 3 (website/docs/getting-started/configuration.md:786-791)	float
form	rule-opt	rules.architecture.circular-dependency.max-cycle-size	int,string-number	refuse	website/docs/getting-started/configuration.md:232-235 + src/Analysis/Finding/Contract/Rule/RuleOptionKeySet.php:28-34 snake=camel=kebab	website/docs/rules/architecture.md:104 + website/docs/usage/cli-options.md:669-674	DECIDED	form taken from the documented example `5        # ignore very large cycles`; complement refused by website/docs/getting-started/configuration.md:738-744 | CLI door carries scalar text only (website/docs/usage/cli-options.md:669-674) | float: carrier shows integers only; "number vs integer" not settled by any carrier; ADR 0052 row 4 -> refuse a fractional threshold rather than truncate; null: empty value after `=`: no carrier; ADR 0052 row 4 (accepted set closed before analysis) -> refuse; string-number: read from website/docs/getting-started/configuration.md:817-820 - a value arriving on the command line is text by construction and is converted before its shape is judged, so the quoted spelling is accepted on this door	float,null
form	yaml	rules.duplication.clone.enabled	null,bool	default	website/docs/getting-started/configuration.md:232-235 + src/Analysis/Finding/Contract/Rule/RuleOptionKeySet.php:28-34 snake=camel=kebab	website/docs/rules/duplication.md:171	PROMISED	form taken from the documented example `true`; complement refused by website/docs/getting-started/configuration.md:738-744 | string-nonnumber: read from website/docs/getting-started/configuration.md:803 - a boolean accepts `true` / `false`; a quoted `"false"` is a string, and a value of another shape ends the run with exit code 3 (website/docs/getting-started/configuration.md:786-791); string-number: read from website/docs/getting-started/configuration.md:803 - a boolean accepts `true` / `false`; `1`-as-string is a string, and a value of another shape ends the run with exit code 3 (website/docs/getting-started/configuration.md:786-791)	
form	rule-opt	rules.duplication.clone.enabled	bool	refuse	website/docs/getting-started/configuration.md:232-235 + src/Analysis/Finding/Contract/Rule/RuleOptionKeySet.php:28-34 snake=camel=kebab	website/docs/rules/duplication.md:171 + website/docs/usage/cli-options.md:669-674	DECIDED	form taken from the documented example `true`; complement refused by website/docs/getting-started/configuration.md:738-744 | CLI door carries scalar text only (website/docs/usage/cli-options.md:669-674) | null: empty value after `=`: no carrier; ADR 0052 row 4 (accepted set closed before analysis) -> refuse; string-nonnumber: read from website/docs/getting-started/configuration.md:803 + website/docs/getting-started/configuration.md:817-820 - the text is converted before its shape is judged, and a word that is neither `true` nor `false` is not a boolean; string-number: read from website/docs/getting-started/configuration.md:803 + website/docs/getting-started/configuration.md:817-820 - the text is converted before its shape is judged, so `1` arrives as a number exactly as `25` does, and a number is not one of the two words a boolean accepts (website/docs/getting-started/configuration.md:803)	null
form	yaml	rules.duplication.clone.error	null,int	default	website/docs/getting-started/configuration.md:232-235 + src/Analysis/Finding/Contract/Rule/RuleOptionKeySet.php:28-34 snake=camel=kebab	website/docs/getting-started/configuration.md:138-151	DECIDED	no per-path example; class carrier C6a-thresh | float: carrier shows integers only; "number vs integer" not settled by any carrier; ADR 0052 row 4 -> refuse a fractional threshold rather than truncate; string-number: read from website/docs/getting-started/configuration.md:804 + website/docs/getting-started/configuration.md:815-816 - a quoted number is a string and a whole number does not accept `"15"`; a value of another shape ends the run with exit code 3 (website/docs/getting-started/configuration.md:786-791)	float
form	rule-opt	rules.duplication.clone.error	int,string-number	refuse	website/docs/getting-started/configuration.md:232-235 + src/Analysis/Finding/Contract/Rule/RuleOptionKeySet.php:28-34 snake=camel=kebab	website/docs/getting-started/configuration.md:138-151 + website/docs/usage/cli-options.md:669-674	DECIDED	no per-path example; class carrier C6a-thresh | CLI door carries scalar text only (website/docs/usage/cli-options.md:669-674) | float: carrier shows integers only; "number vs integer" not settled by any carrier; ADR 0052 row 4 -> refuse a fractional threshold rather than truncate; null: empty value after `=`: no carrier; ADR 0052 row 4 (accepted set closed before analysis) -> refuse; string-number: read from website/docs/getting-started/configuration.md:817-820 - a value arriving on the command line is text by construction and is converted before its shape is judged, so the quoted spelling is accepted on this door	float,null
form	yaml	rules.duplication.clone.min-lines	null,int	default	website/docs/getting-started/configuration.md:232-235 + src/Analysis/Finding/Contract/Rule/RuleOptionKeySet.php:28-34 snake=camel=kebab	website/docs/rules/duplication.md:172	DECIDED	form taken from the documented example `5`; complement refused by website/docs/getting-started/configuration.md:738-744 | float: carrier shows integers only; "number vs integer" not settled by any carrier; ADR 0052 row 4 -> refuse a fractional threshold rather than truncate; string-number: read from website/docs/getting-started/configuration.md:804 + website/docs/getting-started/configuration.md:815-816 - a quoted number is a string and a whole number does not accept `"15"`; a value of another shape ends the run with exit code 3 (website/docs/getting-started/configuration.md:786-791)	float
form	rule-opt	rules.duplication.clone.min-lines	int,string-number	refuse	website/docs/getting-started/configuration.md:232-235 + src/Analysis/Finding/Contract/Rule/RuleOptionKeySet.php:28-34 snake=camel=kebab	website/docs/rules/duplication.md:181	DECIDED	form taken from the documented example `5`; complement refused by website/docs/getting-started/configuration.md:738-744 | CLI door carries scalar text only (website/docs/usage/cli-options.md:669-674) | float: carrier shows integers only; "number vs integer" not settled by any carrier; ADR 0052 row 4 -> refuse a fractional threshold rather than truncate; null: empty value after `=`: no carrier; ADR 0052 row 4 (accepted set closed before analysis) -> refuse; string-number: read from website/docs/getting-started/configuration.md:817-820 - a value arriving on the command line is text by construction and is converted before its shape is judged, so the quoted spelling is accepted on this door	float,null
form	yaml	rules.duplication.clone.min-tokens	null,int	default	website/docs/getting-started/configuration.md:232-235 + src/Analysis/Finding/Contract/Rule/RuleOptionKeySet.php:28-34 snake=camel=kebab	website/docs/rules/duplication.md:173	DECIDED	form taken from the documented example `70`; complement refused by website/docs/getting-started/configuration.md:738-744 | float: carrier shows integers only; "number vs integer" not settled by any carrier; ADR 0052 row 4 -> refuse a fractional threshold rather than truncate; string-number: read from website/docs/getting-started/configuration.md:804 + website/docs/getting-started/configuration.md:815-816 - a quoted number is a string and a whole number does not accept `"15"`; a value of another shape ends the run with exit code 3 (website/docs/getting-started/configuration.md:786-791)	float
form	rule-opt	rules.duplication.clone.min-tokens	int,string-number	refuse	website/docs/getting-started/configuration.md:232-235 + src/Analysis/Finding/Contract/Rule/RuleOptionKeySet.php:28-34 snake=camel=kebab	website/docs/rules/duplication.md:178	DECIDED	form taken from the documented example `70`; complement refused by website/docs/getting-started/configuration.md:738-744 | CLI door carries scalar text only (website/docs/usage/cli-options.md:669-674) | float: carrier shows integers only; "number vs integer" not settled by any carrier; ADR 0052 row 4 -> refuse a fractional threshold rather than truncate; null: empty value after `=`: no carrier; ADR 0052 row 4 (accepted set closed before analysis) -> refuse; string-number: read from website/docs/getting-started/configuration.md:817-820 - a value arriving on the command line is text by construction and is converted before its shape is judged, so the quoted spelling is accepted on this door	float,null
form	yaml	rules.duplication.clone.threshold	null,int	default	website/docs/getting-started/configuration.md:232-235 + src/Analysis/Finding/Contract/Rule/RuleOptionKeySet.php:28-34 snake=camel=kebab; website/docs/getting-started/configuration.md:152-166 threshold:N == warning:N,error:N	website/docs/getting-started/configuration.md:138-151	DECIDED	no per-path example; class carrier C6a-thresh | float: carrier shows integers only; "number vs integer" not settled by any carrier; ADR 0052 row 4 -> refuse a fractional threshold rather than truncate; string-number: read from website/docs/getting-started/configuration.md:804 + website/docs/getting-started/configuration.md:815-816 - a quoted number is a string and a whole number does not accept `"15"`; a value of another shape ends the run with exit code 3 (website/docs/getting-started/configuration.md:786-791)	float
form	rule-opt	rules.duplication.clone.threshold	int,string-number	refuse	website/docs/getting-started/configuration.md:232-235 + src/Analysis/Finding/Contract/Rule/RuleOptionKeySet.php:28-34 snake=camel=kebab; website/docs/getting-started/configuration.md:152-166 threshold:N == warning:N,error:N	website/docs/getting-started/configuration.md:138-151 + website/docs/usage/cli-options.md:669-674	DECIDED	no per-path example; class carrier C6a-thresh | CLI door carries scalar text only (website/docs/usage/cli-options.md:669-674) | float: carrier shows integers only; "number vs integer" not settled by any carrier; ADR 0052 row 4 -> refuse a fractional threshold rather than truncate; null: empty value after `=`: no carrier; ADR 0052 row 4 (accepted set closed before analysis) -> refuse; string-number: read from website/docs/getting-started/configuration.md:817-820 - a value arriving on the command line is text by construction and is converted before its shape is judged, so the quoted spelling is accepted on this door	float,null
form	yaml	rules.duplication.clone.warning	null,int	default	website/docs/getting-started/configuration.md:232-235 + src/Analysis/Finding/Contract/Rule/RuleOptionKeySet.php:28-34 snake=camel=kebab	website/docs/getting-started/configuration.md:138-151	DECIDED	no per-path example; class carrier C6a-thresh | float: carrier shows integers only; "number vs integer" not settled by any carrier; ADR 0052 row 4 -> refuse a fractional threshold rather than truncate; string-number: read from website/docs/getting-started/configuration.md:804 + website/docs/getting-started/configuration.md:815-816 - a quoted number is a string and a whole number does not accept `"15"`; a value of another shape ends the run with exit code 3 (website/docs/getting-started/configuration.md:786-791)	float
form	rule-opt	rules.duplication.clone.warning	int,string-number	refuse	website/docs/getting-started/configuration.md:232-235 + src/Analysis/Finding/Contract/Rule/RuleOptionKeySet.php:28-34 snake=camel=kebab	website/docs/getting-started/configuration.md:138-151 + website/docs/usage/cli-options.md:669-674	DECIDED	no per-path example; class carrier C6a-thresh | CLI door carries scalar text only (website/docs/usage/cli-options.md:669-674) | float: carrier shows integers only; "number vs integer" not settled by any carrier; ADR 0052 row 4 -> refuse a fractional threshold rather than truncate; null: empty value after `=`: no carrier; ADR 0052 row 4 (accepted set closed before analysis) -> refuse; string-number: read from website/docs/getting-started/configuration.md:817-820 - a value arriving on the command line is text by construction and is converted before its shape is judged, so the quoted spelling is accepted on this door	float,null
form	yaml	rules.discovery.unmatched-exclude.enabled	null,bool	default	website/docs/getting-started/configuration.md:232-235 + src/Analysis/Finding/Contract/Rule/RuleOptionKeySet.php:28-34 snake=camel=kebab	website/docs/rules/discovery.md:58	PROMISED	form taken from the documented example `true`; complement refused by website/docs/getting-started/configuration.md:738-744 | string-nonnumber: read from website/docs/getting-started/configuration.md:803 - a boolean accepts `true` / `false`; a quoted `"false"` is a string, and a value of another shape ends the run with exit code 3 (website/docs/getting-started/configuration.md:786-791); string-number: read from website/docs/getting-started/configuration.md:803 - a boolean accepts `true` / `false`; `1`-as-string is a string, and a value of another shape ends the run with exit code 3 (website/docs/getting-started/configuration.md:786-791)	
form	rule-opt	rules.discovery.unmatched-exclude.enabled	bool	refuse	website/docs/getting-started/configuration.md:232-235 + src/Analysis/Finding/Contract/Rule/RuleOptionKeySet.php:28-34 snake=camel=kebab	website/docs/rules/discovery.md:58 + website/docs/usage/cli-options.md:669-674	DECIDED	form taken from the documented example `true`; complement refused by website/docs/getting-started/configuration.md:738-744 | CLI door carries scalar text only (website/docs/usage/cli-options.md:669-674) | null: empty value after `=`: no carrier; ADR 0052 row 4 (accepted set closed before analysis) -> refuse; string-nonnumber: read from website/docs/getting-started/configuration.md:803 + website/docs/getting-started/configuration.md:817-820 - the text is converted before its shape is judged, and a word that is neither `true` nor `false` is not a boolean; string-number: read from website/docs/getting-started/configuration.md:803 + website/docs/getting-started/configuration.md:817-820 - the text is converted before its shape is judged, so `1` arrives as a number exactly as `25` does, and a number is not one of the two words a boolean accepts (website/docs/getting-started/configuration.md:803)	null
form	yaml	rules.annotation.directive.enabled	null,bool	default	website/docs/getting-started/configuration.md:232-235 + src/Analysis/Finding/Contract/Rule/RuleOptionKeySet.php:28-34 snake=camel=kebab	website/docs/rules/annotation.md:170	PROMISED	form taken from the documented example `true`; complement refused by website/docs/getting-started/configuration.md:738-744 | string-nonnumber: read from website/docs/getting-started/configuration.md:803 - a boolean accepts `true` / `false`; a quoted `"false"` is a string, and a value of another shape ends the run with exit code 3 (website/docs/getting-started/configuration.md:786-791); string-number: read from website/docs/getting-started/configuration.md:803 - a boolean accepts `true` / `false`; `1`-as-string is a string, and a value of another shape ends the run with exit code 3 (website/docs/getting-started/configuration.md:786-791)	
form	rule-opt	rules.annotation.directive.enabled	bool	refuse	website/docs/getting-started/configuration.md:232-235 + src/Analysis/Finding/Contract/Rule/RuleOptionKeySet.php:28-34 snake=camel=kebab	website/docs/rules/annotation.md:170 + website/docs/usage/cli-options.md:669-674	DECIDED	form taken from the documented example `true`; complement refused by website/docs/getting-started/configuration.md:738-744 | CLI door carries scalar text only (website/docs/usage/cli-options.md:669-674) | null: empty value after `=`: no carrier; ADR 0052 row 4 (accepted set closed before analysis) -> refuse; string-nonnumber: read from website/docs/getting-started/configuration.md:803 + website/docs/getting-started/configuration.md:817-820 - the text is converted before its shape is judged, and a word that is neither `true` nor `false` is not a boolean; string-number: read from website/docs/getting-started/configuration.md:803 + website/docs/getting-started/configuration.md:817-820 - the text is converted before its shape is judged, so `1` arrives as a number exactly as `25` does, and a number is not one of the two words a boolean accepts (website/docs/getting-started/configuration.md:803)	null
form	yaml	rules.annotation.directive.unused-directive-severity	null,string-nonnumber	default	website/docs/getting-started/configuration.md:232-235 + src/Analysis/Finding/Contract/Rule/RuleOptionKeySet.php:28-34 snake=camel=kebab	website/docs/getting-started/configuration.md:475	DECIDED	form taken from the documented example `warning`; complement refused by website/docs/getting-started/configuration.md:738-744 | string-number: website/docs/getting-started/configuration.md:806-807 makes a quoted digit string shape-VALID here (`a string` / `a non-empty string` accepts it), so the shape section does NOT refuse it; what refuses is the value set of this key, which no carrier states as a shape question; ADR 0052 row 4 still decides -> refuse | X20 stage 4: this key's declaration moved from `text()` to `RuleOptionShape::oneOfIgnoringCase(...)`; an out-of-set or wrongly-shaped value is now refused at the option-key seam (RuleOptionKeyRecognition::refuseUnknownKeys) before fromArray() runs, in the seam's own wording ('must be one of "..." ... or null, got ...') rather than the reader's ('has unknown value "..."; expected one of ...'). The accepted word set itself, and its case-folding, are unchanged.	string-number
form	rule-opt	rules.annotation.directive.unused-directive-severity	string-nonnumber	refuse	website/docs/getting-started/configuration.md:232-235 + src/Analysis/Finding/Contract/Rule/RuleOptionKeySet.php:28-34 snake=camel=kebab	website/docs/rules/annotation.md:175	DECIDED	form taken from the documented example `warning`; complement refused by website/docs/getting-started/configuration.md:738-744 | CLI door carries scalar text only (website/docs/usage/cli-options.md:669-674) | null: empty value after `=`: no carrier; ADR 0052 row 4 (accepted set closed before analysis) -> refuse; string-number: website/docs/getting-started/configuration.md:806-807 makes a quoted digit string shape-VALID here (`a string` / `a non-empty string` accepts it), so the shape section does NOT refuse it; what refuses is the value set of this key, which no carrier states as a shape question; ADR 0052 row 4 still decides -> refuse | X20 stage 4: this key's declaration moved from `text()` to `RuleOptionShape::oneOfIgnoringCase(...)`; an out-of-set or wrongly-shaped value is now refused at the option-key seam (RuleOptionKeyRecognition::refuseUnknownKeys) before fromArray() runs, in the seam's own wording ('must be one of "..." ... or null, got ...') rather than the reader's ('has unknown value "..."; expected one of ...'). The accepted word set itself, and its case-folding, are unchanged.	null,string-number
form	yaml	rules.health.complexity.enabled	null,bool	default	website/docs/getting-started/configuration.md:232-235 + src/Analysis/Finding/Contract/Rule/RuleOptionKeySet.php:28-34 snake=camel=kebab	website/docs/getting-started/configuration.md:130-136	PROMISED	no per-path example; class carrier C5-enabled | string-nonnumber: read from website/docs/getting-started/configuration.md:803 - a boolean accepts `true` / `false`; a quoted `"false"` is a string, and a value of another shape ends the run with exit code 3 (website/docs/getting-started/configuration.md:786-791); string-number: read from website/docs/getting-started/configuration.md:803 - a boolean accepts `true` / `false`; `1`-as-string is a string, and a value of another shape ends the run with exit code 3 (website/docs/getting-started/configuration.md:786-791)	
form	rule-opt	rules.health.complexity.enabled	bool	refuse	website/docs/getting-started/configuration.md:232-235 + src/Analysis/Finding/Contract/Rule/RuleOptionKeySet.php:28-34 snake=camel=kebab	website/docs/getting-started/configuration.md:130-136 + website/docs/usage/cli-options.md:669-674	DECIDED	no per-path example; class carrier C5-enabled | CLI door carries scalar text only (website/docs/usage/cli-options.md:669-674) | null: empty value after `=`: no carrier; ADR 0052 row 4 (accepted set closed before analysis) -> refuse; string-nonnumber: read from website/docs/getting-started/configuration.md:803 + website/docs/getting-started/configuration.md:817-820 - the text is converted before its shape is judged, and a word that is neither `true` nor `false` is not a boolean; string-number: read from website/docs/getting-started/configuration.md:803 + website/docs/getting-started/configuration.md:817-820 - the text is converted before its shape is judged, so `1` arrives as a number exactly as `25` does, and a number is not one of the two words a boolean accepts (website/docs/getting-started/configuration.md:803)	null
form	yaml	rules.health.cohesion.enabled	null,bool	default	website/docs/getting-started/configuration.md:232-235 + src/Analysis/Finding/Contract/Rule/RuleOptionKeySet.php:28-34 snake=camel=kebab	website/docs/getting-started/configuration.md:130-136	PROMISED	no per-path example; class carrier C5-enabled | string-nonnumber: read from website/docs/getting-started/configuration.md:803 - a boolean accepts `true` / `false`; a quoted `"false"` is a string, and a value of another shape ends the run with exit code 3 (website/docs/getting-started/configuration.md:786-791); string-number: read from website/docs/getting-started/configuration.md:803 - a boolean accepts `true` / `false`; `1`-as-string is a string, and a value of another shape ends the run with exit code 3 (website/docs/getting-started/configuration.md:786-791)	
form	rule-opt	rules.health.cohesion.enabled	bool	refuse	website/docs/getting-started/configuration.md:232-235 + src/Analysis/Finding/Contract/Rule/RuleOptionKeySet.php:28-34 snake=camel=kebab	website/docs/getting-started/configuration.md:130-136 + website/docs/usage/cli-options.md:669-674	DECIDED	no per-path example; class carrier C5-enabled | CLI door carries scalar text only (website/docs/usage/cli-options.md:669-674) | null: empty value after `=`: no carrier; ADR 0052 row 4 (accepted set closed before analysis) -> refuse; string-nonnumber: read from website/docs/getting-started/configuration.md:803 + website/docs/getting-started/configuration.md:817-820 - the text is converted before its shape is judged, and a word that is neither `true` nor `false` is not a boolean; string-number: read from website/docs/getting-started/configuration.md:803 + website/docs/getting-started/configuration.md:817-820 - the text is converted before its shape is judged, so `1` arrives as a number exactly as `25` does, and a number is not one of the two words a boolean accepts (website/docs/getting-started/configuration.md:803)	null
form	yaml	rules.health.coupling.enabled	null,bool	default	website/docs/getting-started/configuration.md:232-235 + src/Analysis/Finding/Contract/Rule/RuleOptionKeySet.php:28-34 snake=camel=kebab	website/docs/getting-started/configuration.md:130-136	PROMISED	no per-path example; class carrier C5-enabled | string-nonnumber: read from website/docs/getting-started/configuration.md:803 - a boolean accepts `true` / `false`; a quoted `"false"` is a string, and a value of another shape ends the run with exit code 3 (website/docs/getting-started/configuration.md:786-791); string-number: read from website/docs/getting-started/configuration.md:803 - a boolean accepts `true` / `false`; `1`-as-string is a string, and a value of another shape ends the run with exit code 3 (website/docs/getting-started/configuration.md:786-791)	
form	rule-opt	rules.health.coupling.enabled	bool	refuse	website/docs/getting-started/configuration.md:232-235 + src/Analysis/Finding/Contract/Rule/RuleOptionKeySet.php:28-34 snake=camel=kebab	website/docs/getting-started/configuration.md:130-136 + website/docs/usage/cli-options.md:669-674	DECIDED	no per-path example; class carrier C5-enabled | CLI door carries scalar text only (website/docs/usage/cli-options.md:669-674) | null: empty value after `=`: no carrier; ADR 0052 row 4 (accepted set closed before analysis) -> refuse; string-nonnumber: read from website/docs/getting-started/configuration.md:803 + website/docs/getting-started/configuration.md:817-820 - the text is converted before its shape is judged, and a word that is neither `true` nor `false` is not a boolean; string-number: read from website/docs/getting-started/configuration.md:803 + website/docs/getting-started/configuration.md:817-820 - the text is converted before its shape is judged, so `1` arrives as a number exactly as `25` does, and a number is not one of the two words a boolean accepts (website/docs/getting-started/configuration.md:803)	null
form	yaml	rules.health.typing.enabled	null,bool	default	website/docs/getting-started/configuration.md:232-235 + src/Analysis/Finding/Contract/Rule/RuleOptionKeySet.php:28-34 snake=camel=kebab	website/docs/getting-started/configuration.md:130-136	PROMISED	no per-path example; class carrier C5-enabled | string-nonnumber: read from website/docs/getting-started/configuration.md:803 - a boolean accepts `true` / `false`; a quoted `"false"` is a string, and a value of another shape ends the run with exit code 3 (website/docs/getting-started/configuration.md:786-791); string-number: read from website/docs/getting-started/configuration.md:803 - a boolean accepts `true` / `false`; `1`-as-string is a string, and a value of another shape ends the run with exit code 3 (website/docs/getting-started/configuration.md:786-791)	
form	rule-opt	rules.health.typing.enabled	bool	refuse	website/docs/getting-started/configuration.md:232-235 + src/Analysis/Finding/Contract/Rule/RuleOptionKeySet.php:28-34 snake=camel=kebab	website/docs/getting-started/configuration.md:130-136 + website/docs/usage/cli-options.md:669-674	DECIDED	no per-path example; class carrier C5-enabled | CLI door carries scalar text only (website/docs/usage/cli-options.md:669-674) | null: empty value after `=`: no carrier; ADR 0052 row 4 (accepted set closed before analysis) -> refuse; string-nonnumber: read from website/docs/getting-started/configuration.md:803 + website/docs/getting-started/configuration.md:817-820 - the text is converted before its shape is judged, and a word that is neither `true` nor `false` is not a boolean; string-number: read from website/docs/getting-started/configuration.md:803 + website/docs/getting-started/configuration.md:817-820 - the text is converted before its shape is judged, so `1` arrives as a number exactly as `25` does, and a number is not one of the two words a boolean accepts (website/docs/getting-started/configuration.md:803)	null
form	yaml	rules.health.maintainability.enabled	null,bool	default	website/docs/getting-started/configuration.md:232-235 + src/Analysis/Finding/Contract/Rule/RuleOptionKeySet.php:28-34 snake=camel=kebab	website/docs/getting-started/configuration.md:130-136	PROMISED	no per-path example; class carrier C5-enabled | string-nonnumber: read from website/docs/getting-started/configuration.md:803 - a boolean accepts `true` / `false`; a quoted `"false"` is a string, and a value of another shape ends the run with exit code 3 (website/docs/getting-started/configuration.md:786-791); string-number: read from website/docs/getting-started/configuration.md:803 - a boolean accepts `true` / `false`; `1`-as-string is a string, and a value of another shape ends the run with exit code 3 (website/docs/getting-started/configuration.md:786-791)	
form	rule-opt	rules.health.maintainability.enabled	bool	refuse	website/docs/getting-started/configuration.md:232-235 + src/Analysis/Finding/Contract/Rule/RuleOptionKeySet.php:28-34 snake=camel=kebab	website/docs/getting-started/configuration.md:130-136 + website/docs/usage/cli-options.md:669-674	DECIDED	no per-path example; class carrier C5-enabled | CLI door carries scalar text only (website/docs/usage/cli-options.md:669-674) | null: empty value after `=`: no carrier; ADR 0052 row 4 (accepted set closed before analysis) -> refuse; string-nonnumber: read from website/docs/getting-started/configuration.md:803 + website/docs/getting-started/configuration.md:817-820 - the text is converted before its shape is judged, and a word that is neither `true` nor `false` is not a boolean; string-number: read from website/docs/getting-started/configuration.md:803 + website/docs/getting-started/configuration.md:817-820 - the text is converted before its shape is judged, so `1` arrives as a number exactly as `25` does, and a number is not one of the two words a boolean accepts (website/docs/getting-started/configuration.md:803)	null
form	yaml	rules.health.overall.enabled	null,bool	default	website/docs/getting-started/configuration.md:232-235 + src/Analysis/Finding/Contract/Rule/RuleOptionKeySet.php:28-34 snake=camel=kebab	website/docs/getting-started/configuration.md:130-136	PROMISED	no per-path example; class carrier C5-enabled | string-nonnumber: read from website/docs/getting-started/configuration.md:803 - a boolean accepts `true` / `false`; a quoted `"false"` is a string, and a value of another shape ends the run with exit code 3 (website/docs/getting-started/configuration.md:786-791); string-number: read from website/docs/getting-started/configuration.md:803 - a boolean accepts `true` / `false`; `1`-as-string is a string, and a value of another shape ends the run with exit code 3 (website/docs/getting-started/configuration.md:786-791)	
form	rule-opt	rules.health.overall.enabled	bool	refuse	website/docs/getting-started/configuration.md:232-235 + src/Analysis/Finding/Contract/Rule/RuleOptionKeySet.php:28-34 snake=camel=kebab	website/docs/getting-started/configuration.md:130-136 + website/docs/usage/cli-options.md:669-674	DECIDED	no per-path example; class carrier C5-enabled | CLI door carries scalar text only (website/docs/usage/cli-options.md:669-674) | null: empty value after `=`: no carrier; ADR 0052 row 4 (accepted set closed before analysis) -> refuse; string-nonnumber: read from website/docs/getting-started/configuration.md:803 + website/docs/getting-started/configuration.md:817-820 - the text is converted before its shape is judged, and a word that is neither `true` nor `false` is not a boolean; string-number: read from website/docs/getting-started/configuration.md:803 + website/docs/getting-started/configuration.md:817-820 - the text is converted before its shape is judged, so `1` arrives as a number exactly as `25` does, and a number is not one of the two words a boolean accepts (website/docs/getting-started/configuration.md:803)	null
form	yaml	rules.annotation.directive.suppress-paths	null,list	default	website/docs/getting-started/configuration.md:232-235 + src/Analysis/Finding/Contract/Rule/RuleOptionKeySet.php:28-34 snake=camel=kebab	website/docs/getting-started/configuration.md:337-346 + website/docs/getting-started/configuration.md:327-335	PROMISED	framework key: declared by no options class; promised for EVERY rule by website/docs/getting-started/configuration.md:327-335. Element forms of the list are not on this axis (UNENUMERATED).	
form	yaml	rules.annotation.directive.suppress-namespaces	null,list	default	website/docs/getting-started/configuration.md:232-235 + src/Analysis/Finding/Contract/Rule/RuleOptionKeySet.php:28-34 snake=camel=kebab	website/docs/getting-started/configuration.md:242-263 + website/docs/getting-started/configuration.md:327-335	PROMISED	framework key: declared by no options class; promised for EVERY rule by website/docs/getting-started/configuration.md:327-335. Element forms of the list are not on this axis (UNENUMERATED).	
form	yaml	rules.annotation.directive.suppress-namespace-channels	null,map	default	website/docs/getting-started/configuration.md:232-235 + src/Analysis/Finding/Contract/Rule/RuleOptionKeySet.php:28-34 snake=camel=kebab	website/docs/getting-started/configuration.md:265-284 + website/docs/getting-started/configuration.md:327-335	PROMISED	framework key: declared by no options class; promised for EVERY rule by website/docs/getting-started/configuration.md:327-335. Element forms of the list are not on this axis (UNENUMERATED).	
form	yaml	rules.architecture.circular-dependency.suppress-paths	null,list	default	website/docs/getting-started/configuration.md:232-235 + src/Analysis/Finding/Contract/Rule/RuleOptionKeySet.php:28-34 snake=camel=kebab	website/docs/getting-started/configuration.md:337-346 + website/docs/getting-started/configuration.md:327-335	PROMISED	framework key: declared by no options class; promised for EVERY rule by website/docs/getting-started/configuration.md:327-335. Element forms of the list are not on this axis (UNENUMERATED).	
form	yaml	rules.architecture.circular-dependency.suppress-namespaces	null,list	default	website/docs/getting-started/configuration.md:232-235 + src/Analysis/Finding/Contract/Rule/RuleOptionKeySet.php:28-34 snake=camel=kebab	website/docs/getting-started/configuration.md:242-263 + website/docs/getting-started/configuration.md:327-335	PROMISED	framework key: declared by no options class; promised for EVERY rule by website/docs/getting-started/configuration.md:327-335. Element forms of the list are not on this axis (UNENUMERATED).	
form	yaml	rules.architecture.circular-dependency.suppress-namespace-channels	null,map	default	website/docs/getting-started/configuration.md:232-235 + src/Analysis/Finding/Contract/Rule/RuleOptionKeySet.php:28-34 snake=camel=kebab	website/docs/getting-started/configuration.md:265-284 + website/docs/getting-started/configuration.md:327-335	PROMISED	framework key: declared by no options class; promised for EVERY rule by website/docs/getting-started/configuration.md:327-335. Element forms of the list are not on this axis (UNENUMERATED).	
form	yaml	rules.architecture.layer-violation.suppress-paths	null,list	default	website/docs/getting-started/configuration.md:232-235 + src/Analysis/Finding/Contract/Rule/RuleOptionKeySet.php:28-34 snake=camel=kebab	website/docs/getting-started/configuration.md:337-346 + website/docs/getting-started/configuration.md:327-335	PROMISED	framework key: declared by no options class; promised for EVERY rule by website/docs/getting-started/configuration.md:327-335. Element forms of the list are not on this axis (UNENUMERATED).	
form	yaml	rules.architecture.layer-violation.suppress-namespaces	null,list	default	website/docs/getting-started/configuration.md:232-235 + src/Analysis/Finding/Contract/Rule/RuleOptionKeySet.php:28-34 snake=camel=kebab	website/docs/getting-started/configuration.md:242-263 + website/docs/getting-started/configuration.md:327-335	PROMISED	framework key: declared by no options class; promised for EVERY rule by website/docs/getting-started/configuration.md:327-335. Element forms of the list are not on this axis (UNENUMERATED).	
form	yaml	rules.architecture.layer-violation.suppress-namespace-channels	null,map	default	website/docs/getting-started/configuration.md:232-235 + src/Analysis/Finding/Contract/Rule/RuleOptionKeySet.php:28-34 snake=camel=kebab	website/docs/getting-started/configuration.md:265-284 + website/docs/getting-started/configuration.md:327-335	PROMISED	framework key: declared by no options class; promised for EVERY rule by website/docs/getting-started/configuration.md:327-335. Element forms of the list are not on this axis (UNENUMERATED).	
form	yaml	rules.architecture.unassigned-class.suppress-paths	null,list	default	website/docs/getting-started/configuration.md:232-235 + src/Analysis/Finding/Contract/Rule/RuleOptionKeySet.php:28-34 snake=camel=kebab	website/docs/getting-started/configuration.md:337-346 + website/docs/getting-started/configuration.md:327-335	PROMISED	framework key: declared by no options class; promised for EVERY rule by website/docs/getting-started/configuration.md:327-335. Element forms of the list are not on this axis (UNENUMERATED).	
form	yaml	rules.architecture.unassigned-class.suppress-namespaces	null,list	default	website/docs/getting-started/configuration.md:232-235 + src/Analysis/Finding/Contract/Rule/RuleOptionKeySet.php:28-34 snake=camel=kebab	website/docs/getting-started/configuration.md:242-263 + website/docs/getting-started/configuration.md:327-335	PROMISED	framework key: declared by no options class; promised for EVERY rule by website/docs/getting-started/configuration.md:327-335. Element forms of the list are not on this axis (UNENUMERATED).	
form	yaml	rules.architecture.unassigned-class.suppress-namespace-channels	null,map	default	website/docs/getting-started/configuration.md:232-235 + src/Analysis/Finding/Contract/Rule/RuleOptionKeySet.php:28-34 snake=camel=kebab	website/docs/getting-started/configuration.md:265-284 + website/docs/getting-started/configuration.md:327-335	PROMISED	framework key: declared by no options class; promised for EVERY rule by website/docs/getting-started/configuration.md:327-335. Element forms of the list are not on this axis (UNENUMERATED).	
form	yaml	rules.code-smell.boolean-argument.suppress-paths	null,list	default	website/docs/getting-started/configuration.md:232-235 + src/Analysis/Finding/Contract/Rule/RuleOptionKeySet.php:28-34 snake=camel=kebab	website/docs/getting-started/configuration.md:337-346 + website/docs/getting-started/configuration.md:327-335	PROMISED	framework key: declared by no options class; promised for EVERY rule by website/docs/getting-started/configuration.md:327-335. Element forms of the list are not on this axis (UNENUMERATED).	
form	yaml	rules.code-smell.boolean-argument.suppress-namespaces	null,list	default	website/docs/getting-started/configuration.md:232-235 + src/Analysis/Finding/Contract/Rule/RuleOptionKeySet.php:28-34 snake=camel=kebab	website/docs/getting-started/configuration.md:242-263 + website/docs/getting-started/configuration.md:327-335	PROMISED	framework key: declared by no options class; promised for EVERY rule by website/docs/getting-started/configuration.md:327-335. Element forms of the list are not on this axis (UNENUMERATED).	
form	yaml	rules.code-smell.boolean-argument.suppress-namespace-channels	null,map	default	website/docs/getting-started/configuration.md:232-235 + src/Analysis/Finding/Contract/Rule/RuleOptionKeySet.php:28-34 snake=camel=kebab	website/docs/getting-started/configuration.md:265-284 + website/docs/getting-started/configuration.md:327-335	PROMISED	framework key: declared by no options class; promised for EVERY rule by website/docs/getting-started/configuration.md:327-335. Element forms of the list are not on this axis (UNENUMERATED).	
form	yaml	rules.code-smell.constructor-overinjection.suppress-paths	null,list	default	website/docs/getting-started/configuration.md:232-235 + src/Analysis/Finding/Contract/Rule/RuleOptionKeySet.php:28-34 snake=camel=kebab	website/docs/getting-started/configuration.md:337-346 + website/docs/getting-started/configuration.md:327-335	PROMISED	framework key: declared by no options class; promised for EVERY rule by website/docs/getting-started/configuration.md:327-335. Element forms of the list are not on this axis (UNENUMERATED).	
form	yaml	rules.code-smell.constructor-overinjection.suppress-namespaces	null,list	default	website/docs/getting-started/configuration.md:232-235 + src/Analysis/Finding/Contract/Rule/RuleOptionKeySet.php:28-34 snake=camel=kebab	website/docs/getting-started/configuration.md:242-263 + website/docs/getting-started/configuration.md:327-335	PROMISED	framework key: declared by no options class; promised for EVERY rule by website/docs/getting-started/configuration.md:327-335. Element forms of the list are not on this axis (UNENUMERATED).	
form	yaml	rules.code-smell.constructor-overinjection.suppress-namespace-channels	null,map	default	website/docs/getting-started/configuration.md:232-235 + src/Analysis/Finding/Contract/Rule/RuleOptionKeySet.php:28-34 snake=camel=kebab	website/docs/getting-started/configuration.md:265-284 + website/docs/getting-started/configuration.md:327-335	PROMISED	framework key: declared by no options class; promised for EVERY rule by website/docs/getting-started/configuration.md:327-335. Element forms of the list are not on this axis (UNENUMERATED).	
form	yaml	rules.code-smell.count-in-loop.suppress-paths	null,list	default	website/docs/getting-started/configuration.md:232-235 + src/Analysis/Finding/Contract/Rule/RuleOptionKeySet.php:28-34 snake=camel=kebab	website/docs/getting-started/configuration.md:337-346 + website/docs/getting-started/configuration.md:327-335	PROMISED	framework key: declared by no options class; promised for EVERY rule by website/docs/getting-started/configuration.md:327-335. Element forms of the list are not on this axis (UNENUMERATED).	
form	yaml	rules.code-smell.count-in-loop.suppress-namespaces	null,list	default	website/docs/getting-started/configuration.md:232-235 + src/Analysis/Finding/Contract/Rule/RuleOptionKeySet.php:28-34 snake=camel=kebab	website/docs/getting-started/configuration.md:242-263 + website/docs/getting-started/configuration.md:327-335	PROMISED	framework key: declared by no options class; promised for EVERY rule by website/docs/getting-started/configuration.md:327-335. Element forms of the list are not on this axis (UNENUMERATED).	
form	yaml	rules.code-smell.count-in-loop.suppress-namespace-channels	null,map	default	website/docs/getting-started/configuration.md:232-235 + src/Analysis/Finding/Contract/Rule/RuleOptionKeySet.php:28-34 snake=camel=kebab	website/docs/getting-started/configuration.md:265-284 + website/docs/getting-started/configuration.md:327-335	PROMISED	framework key: declared by no options class; promised for EVERY rule by website/docs/getting-started/configuration.md:327-335. Element forms of the list are not on this axis (UNENUMERATED).	
form	yaml	rules.code-smell.debug-code.suppress-paths	null,list	default	website/docs/getting-started/configuration.md:232-235 + src/Analysis/Finding/Contract/Rule/RuleOptionKeySet.php:28-34 snake=camel=kebab	website/docs/getting-started/configuration.md:337-346 + website/docs/getting-started/configuration.md:327-335	PROMISED	framework key: declared by no options class; promised for EVERY rule by website/docs/getting-started/configuration.md:327-335. Element forms of the list are not on this axis (UNENUMERATED).	
form	yaml	rules.code-smell.debug-code.suppress-namespaces	null,list	default	website/docs/getting-started/configuration.md:232-235 + src/Analysis/Finding/Contract/Rule/RuleOptionKeySet.php:28-34 snake=camel=kebab	website/docs/getting-started/configuration.md:242-263 + website/docs/getting-started/configuration.md:327-335	PROMISED	framework key: declared by no options class; promised for EVERY rule by website/docs/getting-started/configuration.md:327-335. Element forms of the list are not on this axis (UNENUMERATED).	
form	yaml	rules.code-smell.debug-code.suppress-namespace-channels	null,map	default	website/docs/getting-started/configuration.md:232-235 + src/Analysis/Finding/Contract/Rule/RuleOptionKeySet.php:28-34 snake=camel=kebab	website/docs/getting-started/configuration.md:265-284 + website/docs/getting-started/configuration.md:327-335	PROMISED	framework key: declared by no options class; promised for EVERY rule by website/docs/getting-started/configuration.md:327-335. Element forms of the list are not on this axis (UNENUMERATED).	
form	yaml	rules.code-smell.empty-catch.suppress-paths	null,list	default	website/docs/getting-started/configuration.md:232-235 + src/Analysis/Finding/Contract/Rule/RuleOptionKeySet.php:28-34 snake=camel=kebab	website/docs/getting-started/configuration.md:337-346 + website/docs/getting-started/configuration.md:327-335	PROMISED	framework key: declared by no options class; promised for EVERY rule by website/docs/getting-started/configuration.md:327-335. Element forms of the list are not on this axis (UNENUMERATED).	
form	yaml	rules.code-smell.empty-catch.suppress-namespaces	null,list	default	website/docs/getting-started/configuration.md:232-235 + src/Analysis/Finding/Contract/Rule/RuleOptionKeySet.php:28-34 snake=camel=kebab	website/docs/getting-started/configuration.md:242-263 + website/docs/getting-started/configuration.md:327-335	PROMISED	framework key: declared by no options class; promised for EVERY rule by website/docs/getting-started/configuration.md:327-335. Element forms of the list are not on this axis (UNENUMERATED).	
form	yaml	rules.code-smell.empty-catch.suppress-namespace-channels	null,map	default	website/docs/getting-started/configuration.md:232-235 + src/Analysis/Finding/Contract/Rule/RuleOptionKeySet.php:28-34 snake=camel=kebab	website/docs/getting-started/configuration.md:265-284 + website/docs/getting-started/configuration.md:327-335	PROMISED	framework key: declared by no options class; promised for EVERY rule by website/docs/getting-started/configuration.md:327-335. Element forms of the list are not on this axis (UNENUMERATED).	
form	yaml	rules.code-smell.error-suppression.suppress-paths	null,list	default	website/docs/getting-started/configuration.md:232-235 + src/Analysis/Finding/Contract/Rule/RuleOptionKeySet.php:28-34 snake=camel=kebab	website/docs/getting-started/configuration.md:337-346 + website/docs/getting-started/configuration.md:327-335	PROMISED	framework key: declared by no options class; promised for EVERY rule by website/docs/getting-started/configuration.md:327-335. Element forms of the list are not on this axis (UNENUMERATED).	
form	yaml	rules.code-smell.error-suppression.suppress-namespaces	null,list	default	website/docs/getting-started/configuration.md:232-235 + src/Analysis/Finding/Contract/Rule/RuleOptionKeySet.php:28-34 snake=camel=kebab	website/docs/getting-started/configuration.md:242-263 + website/docs/getting-started/configuration.md:327-335	PROMISED	framework key: declared by no options class; promised for EVERY rule by website/docs/getting-started/configuration.md:327-335. Element forms of the list are not on this axis (UNENUMERATED).	
form	yaml	rules.code-smell.error-suppression.suppress-namespace-channels	null,map	default	website/docs/getting-started/configuration.md:232-235 + src/Analysis/Finding/Contract/Rule/RuleOptionKeySet.php:28-34 snake=camel=kebab	website/docs/getting-started/configuration.md:265-284 + website/docs/getting-started/configuration.md:327-335	PROMISED	framework key: declared by no options class; promised for EVERY rule by website/docs/getting-started/configuration.md:327-335. Element forms of the list are not on this axis (UNENUMERATED).	
form	yaml	rules.code-smell.eval.suppress-paths	null,list	default	website/docs/getting-started/configuration.md:232-235 + src/Analysis/Finding/Contract/Rule/RuleOptionKeySet.php:28-34 snake=camel=kebab	website/docs/getting-started/configuration.md:337-346 + website/docs/getting-started/configuration.md:327-335	PROMISED	framework key: declared by no options class; promised for EVERY rule by website/docs/getting-started/configuration.md:327-335. Element forms of the list are not on this axis (UNENUMERATED).	
form	yaml	rules.code-smell.eval.suppress-namespaces	null,list	default	website/docs/getting-started/configuration.md:232-235 + src/Analysis/Finding/Contract/Rule/RuleOptionKeySet.php:28-34 snake=camel=kebab	website/docs/getting-started/configuration.md:242-263 + website/docs/getting-started/configuration.md:327-335	PROMISED	framework key: declared by no options class; promised for EVERY rule by website/docs/getting-started/configuration.md:327-335. Element forms of the list are not on this axis (UNENUMERATED).	
form	yaml	rules.code-smell.eval.suppress-namespace-channels	null,map	default	website/docs/getting-started/configuration.md:232-235 + src/Analysis/Finding/Contract/Rule/RuleOptionKeySet.php:28-34 snake=camel=kebab	website/docs/getting-started/configuration.md:265-284 + website/docs/getting-started/configuration.md:327-335	PROMISED	framework key: declared by no options class; promised for EVERY rule by website/docs/getting-started/configuration.md:327-335. Element forms of the list are not on this axis (UNENUMERATED).	
form	yaml	rules.code-smell.exit.suppress-paths	null,list	default	website/docs/getting-started/configuration.md:232-235 + src/Analysis/Finding/Contract/Rule/RuleOptionKeySet.php:28-34 snake=camel=kebab	website/docs/getting-started/configuration.md:337-346 + website/docs/getting-started/configuration.md:327-335	PROMISED	framework key: declared by no options class; promised for EVERY rule by website/docs/getting-started/configuration.md:327-335. Element forms of the list are not on this axis (UNENUMERATED).	
form	yaml	rules.code-smell.exit.suppress-namespaces	null,list	default	website/docs/getting-started/configuration.md:232-235 + src/Analysis/Finding/Contract/Rule/RuleOptionKeySet.php:28-34 snake=camel=kebab	website/docs/getting-started/configuration.md:242-263 + website/docs/getting-started/configuration.md:327-335	PROMISED	framework key: declared by no options class; promised for EVERY rule by website/docs/getting-started/configuration.md:327-335. Element forms of the list are not on this axis (UNENUMERATED).	
form	yaml	rules.code-smell.exit.suppress-namespace-channels	null,map	default	website/docs/getting-started/configuration.md:232-235 + src/Analysis/Finding/Contract/Rule/RuleOptionKeySet.php:28-34 snake=camel=kebab	website/docs/getting-started/configuration.md:265-284 + website/docs/getting-started/configuration.md:327-335	PROMISED	framework key: declared by no options class; promised for EVERY rule by website/docs/getting-started/configuration.md:327-335. Element forms of the list are not on this axis (UNENUMERATED).	
form	yaml	rules.code-smell.goto.suppress-paths	null,list	default	website/docs/getting-started/configuration.md:232-235 + src/Analysis/Finding/Contract/Rule/RuleOptionKeySet.php:28-34 snake=camel=kebab	website/docs/getting-started/configuration.md:337-346 + website/docs/getting-started/configuration.md:327-335	PROMISED	framework key: declared by no options class; promised for EVERY rule by website/docs/getting-started/configuration.md:327-335. Element forms of the list are not on this axis (UNENUMERATED).	
form	yaml	rules.code-smell.goto.suppress-namespaces	null,list	default	website/docs/getting-started/configuration.md:232-235 + src/Analysis/Finding/Contract/Rule/RuleOptionKeySet.php:28-34 snake=camel=kebab	website/docs/getting-started/configuration.md:242-263 + website/docs/getting-started/configuration.md:327-335	PROMISED	framework key: declared by no options class; promised for EVERY rule by website/docs/getting-started/configuration.md:327-335. Element forms of the list are not on this axis (UNENUMERATED).	
form	yaml	rules.code-smell.goto.suppress-namespace-channels	null,map	default	website/docs/getting-started/configuration.md:232-235 + src/Analysis/Finding/Contract/Rule/RuleOptionKeySet.php:28-34 snake=camel=kebab	website/docs/getting-started/configuration.md:265-284 + website/docs/getting-started/configuration.md:327-335	PROMISED	framework key: declared by no options class; promised for EVERY rule by website/docs/getting-started/configuration.md:327-335. Element forms of the list are not on this axis (UNENUMERATED).	
form	yaml	rules.code-smell.identical-subexpression.suppress-paths	null,list	default	website/docs/getting-started/configuration.md:232-235 + src/Analysis/Finding/Contract/Rule/RuleOptionKeySet.php:28-34 snake=camel=kebab	website/docs/getting-started/configuration.md:337-346 + website/docs/getting-started/configuration.md:327-335	PROMISED	framework key: declared by no options class; promised for EVERY rule by website/docs/getting-started/configuration.md:327-335. Element forms of the list are not on this axis (UNENUMERATED).	
form	yaml	rules.code-smell.identical-subexpression.suppress-namespaces	null,list	default	website/docs/getting-started/configuration.md:232-235 + src/Analysis/Finding/Contract/Rule/RuleOptionKeySet.php:28-34 snake=camel=kebab	website/docs/getting-started/configuration.md:242-263 + website/docs/getting-started/configuration.md:327-335	PROMISED	framework key: declared by no options class; promised for EVERY rule by website/docs/getting-started/configuration.md:327-335. Element forms of the list are not on this axis (UNENUMERATED).	
form	yaml	rules.code-smell.identical-subexpression.suppress-namespace-channels	null,map	default	website/docs/getting-started/configuration.md:232-235 + src/Analysis/Finding/Contract/Rule/RuleOptionKeySet.php:28-34 snake=camel=kebab	website/docs/getting-started/configuration.md:265-284 + website/docs/getting-started/configuration.md:327-335	PROMISED	framework key: declared by no options class; promised for EVERY rule by website/docs/getting-started/configuration.md:327-335. Element forms of the list are not on this axis (UNENUMERATED).	
form	yaml	rules.code-smell.long-parameter-list.suppress-paths	null,list	default	website/docs/getting-started/configuration.md:232-235 + src/Analysis/Finding/Contract/Rule/RuleOptionKeySet.php:28-34 snake=camel=kebab	website/docs/getting-started/configuration.md:337-346 + website/docs/getting-started/configuration.md:327-335	PROMISED	framework key: declared by no options class; promised for EVERY rule by website/docs/getting-started/configuration.md:327-335. Element forms of the list are not on this axis (UNENUMERATED).	
form	yaml	rules.code-smell.long-parameter-list.suppress-namespaces	null,list	default	website/docs/getting-started/configuration.md:232-235 + src/Analysis/Finding/Contract/Rule/RuleOptionKeySet.php:28-34 snake=camel=kebab	website/docs/getting-started/configuration.md:242-263 + website/docs/getting-started/configuration.md:327-335	PROMISED	framework key: declared by no options class; promised for EVERY rule by website/docs/getting-started/configuration.md:327-335. Element forms of the list are not on this axis (UNENUMERATED).	
form	yaml	rules.code-smell.long-parameter-list.suppress-namespace-channels	null,map	default	website/docs/getting-started/configuration.md:232-235 + src/Analysis/Finding/Contract/Rule/RuleOptionKeySet.php:28-34 snake=camel=kebab	website/docs/getting-started/configuration.md:265-284 + website/docs/getting-started/configuration.md:327-335	PROMISED	framework key: declared by no options class; promised for EVERY rule by website/docs/getting-started/configuration.md:327-335. Element forms of the list are not on this axis (UNENUMERATED).	
form	yaml	rules.code-smell.superglobals.suppress-paths	null,list	default	website/docs/getting-started/configuration.md:232-235 + src/Analysis/Finding/Contract/Rule/RuleOptionKeySet.php:28-34 snake=camel=kebab	website/docs/getting-started/configuration.md:337-346 + website/docs/getting-started/configuration.md:327-335	PROMISED	framework key: declared by no options class; promised for EVERY rule by website/docs/getting-started/configuration.md:327-335. Element forms of the list are not on this axis (UNENUMERATED).	
form	yaml	rules.code-smell.superglobals.suppress-namespaces	null,list	default	website/docs/getting-started/configuration.md:232-235 + src/Analysis/Finding/Contract/Rule/RuleOptionKeySet.php:28-34 snake=camel=kebab	website/docs/getting-started/configuration.md:242-263 + website/docs/getting-started/configuration.md:327-335	PROMISED	framework key: declared by no options class; promised for EVERY rule by website/docs/getting-started/configuration.md:327-335. Element forms of the list are not on this axis (UNENUMERATED).	
form	yaml	rules.code-smell.superglobals.suppress-namespace-channels	null,map	default	website/docs/getting-started/configuration.md:232-235 + src/Analysis/Finding/Contract/Rule/RuleOptionKeySet.php:28-34 snake=camel=kebab	website/docs/getting-started/configuration.md:265-284 + website/docs/getting-started/configuration.md:327-335	PROMISED	framework key: declared by no options class; promised for EVERY rule by website/docs/getting-started/configuration.md:327-335. Element forms of the list are not on this axis (UNENUMERATED).	
form	yaml	rules.code-smell.unreachable-code.suppress-paths	null,list	default	website/docs/getting-started/configuration.md:232-235 + src/Analysis/Finding/Contract/Rule/RuleOptionKeySet.php:28-34 snake=camel=kebab	website/docs/getting-started/configuration.md:337-346 + website/docs/getting-started/configuration.md:327-335	PROMISED	framework key: declared by no options class; promised for EVERY rule by website/docs/getting-started/configuration.md:327-335. Element forms of the list are not on this axis (UNENUMERATED).	
form	yaml	rules.code-smell.unreachable-code.suppress-namespaces	null,list	default	website/docs/getting-started/configuration.md:232-235 + src/Analysis/Finding/Contract/Rule/RuleOptionKeySet.php:28-34 snake=camel=kebab	website/docs/getting-started/configuration.md:242-263 + website/docs/getting-started/configuration.md:327-335	PROMISED	framework key: declared by no options class; promised for EVERY rule by website/docs/getting-started/configuration.md:327-335. Element forms of the list are not on this axis (UNENUMERATED).	
form	yaml	rules.code-smell.unreachable-code.suppress-namespace-channels	null,map	default	website/docs/getting-started/configuration.md:232-235 + src/Analysis/Finding/Contract/Rule/RuleOptionKeySet.php:28-34 snake=camel=kebab	website/docs/getting-started/configuration.md:265-284 + website/docs/getting-started/configuration.md:327-335	PROMISED	framework key: declared by no options class; promised for EVERY rule by website/docs/getting-started/configuration.md:327-335. Element forms of the list are not on this axis (UNENUMERATED).	
form	yaml	rules.code-smell.unused-private.suppress-paths	null,list	default	website/docs/getting-started/configuration.md:232-235 + src/Analysis/Finding/Contract/Rule/RuleOptionKeySet.php:28-34 snake=camel=kebab	website/docs/getting-started/configuration.md:337-346 + website/docs/getting-started/configuration.md:327-335	PROMISED	framework key: declared by no options class; promised for EVERY rule by website/docs/getting-started/configuration.md:327-335. Element forms of the list are not on this axis (UNENUMERATED).	
form	yaml	rules.code-smell.unused-private.suppress-namespaces	null,list	default	website/docs/getting-started/configuration.md:232-235 + src/Analysis/Finding/Contract/Rule/RuleOptionKeySet.php:28-34 snake=camel=kebab	website/docs/getting-started/configuration.md:242-263 + website/docs/getting-started/configuration.md:327-335	PROMISED	framework key: declared by no options class; promised for EVERY rule by website/docs/getting-started/configuration.md:327-335. Element forms of the list are not on this axis (UNENUMERATED).	
form	yaml	rules.code-smell.unused-private.suppress-namespace-channels	null,map	default	website/docs/getting-started/configuration.md:232-235 + src/Analysis/Finding/Contract/Rule/RuleOptionKeySet.php:28-34 snake=camel=kebab	website/docs/getting-started/configuration.md:265-284 + website/docs/getting-started/configuration.md:327-335	PROMISED	framework key: declared by no options class; promised for EVERY rule by website/docs/getting-started/configuration.md:327-335. Element forms of the list are not on this axis (UNENUMERATED).	
form	yaml	rules.cohesion.lcom.suppress-paths	null,list	default	website/docs/getting-started/configuration.md:232-235 + src/Analysis/Finding/Contract/Rule/RuleOptionKeySet.php:28-34 snake=camel=kebab	website/docs/getting-started/configuration.md:337-346 + website/docs/getting-started/configuration.md:327-335	PROMISED	framework key: declared by no options class; promised for EVERY rule by website/docs/getting-started/configuration.md:327-335. Element forms of the list are not on this axis (UNENUMERATED).	
form	yaml	rules.cohesion.lcom.suppress-namespaces	null,list	default	website/docs/getting-started/configuration.md:232-235 + src/Analysis/Finding/Contract/Rule/RuleOptionKeySet.php:28-34 snake=camel=kebab	website/docs/getting-started/configuration.md:242-263 + website/docs/getting-started/configuration.md:327-335	PROMISED	framework key: declared by no options class; promised for EVERY rule by website/docs/getting-started/configuration.md:327-335. Element forms of the list are not on this axis (UNENUMERATED).	
form	yaml	rules.cohesion.lcom.suppress-namespace-channels	null,map	default	website/docs/getting-started/configuration.md:232-235 + src/Analysis/Finding/Contract/Rule/RuleOptionKeySet.php:28-34 snake=camel=kebab	website/docs/getting-started/configuration.md:265-284 + website/docs/getting-started/configuration.md:327-335	PROMISED	framework key: declared by no options class; promised for EVERY rule by website/docs/getting-started/configuration.md:327-335. Element forms of the list are not on this axis (UNENUMERATED).	
form	yaml	rules.complexity.ccn.suppress-paths	null,list	default	website/docs/getting-started/configuration.md:232-235 + src/Analysis/Finding/Contract/Rule/RuleOptionKeySet.php:28-34 snake=camel=kebab	website/docs/getting-started/configuration.md:337-346 + website/docs/getting-started/configuration.md:327-335	PROMISED	framework key: declared by no options class; promised for EVERY rule by website/docs/getting-started/configuration.md:327-335. Element forms of the list are not on this axis (UNENUMERATED).	
form	yaml	rules.complexity.ccn.suppress-namespaces	null,list	default	website/docs/getting-started/configuration.md:232-235 + src/Analysis/Finding/Contract/Rule/RuleOptionKeySet.php:28-34 snake=camel=kebab	website/docs/getting-started/configuration.md:242-263 + website/docs/getting-started/configuration.md:327-335	PROMISED	framework key: declared by no options class; promised for EVERY rule by website/docs/getting-started/configuration.md:327-335. Element forms of the list are not on this axis (UNENUMERATED).	
form	yaml	rules.complexity.ccn.suppress-namespace-channels	null,map	default	website/docs/getting-started/configuration.md:232-235 + src/Analysis/Finding/Contract/Rule/RuleOptionKeySet.php:28-34 snake=camel=kebab	website/docs/getting-started/configuration.md:265-284 + website/docs/getting-started/configuration.md:327-335	PROMISED	framework key: declared by no options class; promised for EVERY rule by website/docs/getting-started/configuration.md:327-335. Element forms of the list are not on this axis (UNENUMERATED).	
form	yaml	rules.complexity.cognitive.suppress-paths	null,list	default	website/docs/getting-started/configuration.md:232-235 + src/Analysis/Finding/Contract/Rule/RuleOptionKeySet.php:28-34 snake=camel=kebab	website/docs/getting-started/configuration.md:337-346 + website/docs/getting-started/configuration.md:327-335	PROMISED	framework key: declared by no options class; promised for EVERY rule by website/docs/getting-started/configuration.md:327-335. Element forms of the list are not on this axis (UNENUMERATED).	
form	yaml	rules.complexity.cognitive.suppress-namespaces	null,list	default	website/docs/getting-started/configuration.md:232-235 + src/Analysis/Finding/Contract/Rule/RuleOptionKeySet.php:28-34 snake=camel=kebab	website/docs/getting-started/configuration.md:242-263 + website/docs/getting-started/configuration.md:327-335	PROMISED	framework key: declared by no options class; promised for EVERY rule by website/docs/getting-started/configuration.md:327-335. Element forms of the list are not on this axis (UNENUMERATED).	
form	yaml	rules.complexity.cognitive.suppress-namespace-channels	null,map	default	website/docs/getting-started/configuration.md:232-235 + src/Analysis/Finding/Contract/Rule/RuleOptionKeySet.php:28-34 snake=camel=kebab	website/docs/getting-started/configuration.md:265-284 + website/docs/getting-started/configuration.md:327-335	PROMISED	framework key: declared by no options class; promised for EVERY rule by website/docs/getting-started/configuration.md:327-335. Element forms of the list are not on this axis (UNENUMERATED).	
form	yaml	rules.complexity.npath.suppress-paths	null,list	default	website/docs/getting-started/configuration.md:232-235 + src/Analysis/Finding/Contract/Rule/RuleOptionKeySet.php:28-34 snake=camel=kebab	website/docs/getting-started/configuration.md:337-346 + website/docs/getting-started/configuration.md:327-335	PROMISED	framework key: declared by no options class; promised for EVERY rule by website/docs/getting-started/configuration.md:327-335. Element forms of the list are not on this axis (UNENUMERATED).	
form	yaml	rules.complexity.npath.suppress-namespaces	null,list	default	website/docs/getting-started/configuration.md:232-235 + src/Analysis/Finding/Contract/Rule/RuleOptionKeySet.php:28-34 snake=camel=kebab	website/docs/getting-started/configuration.md:242-263 + website/docs/getting-started/configuration.md:327-335	PROMISED	framework key: declared by no options class; promised for EVERY rule by website/docs/getting-started/configuration.md:327-335. Element forms of the list are not on this axis (UNENUMERATED).	
form	yaml	rules.complexity.npath.suppress-namespace-channels	null,map	default	website/docs/getting-started/configuration.md:232-235 + src/Analysis/Finding/Contract/Rule/RuleOptionKeySet.php:28-34 snake=camel=kebab	website/docs/getting-started/configuration.md:265-284 + website/docs/getting-started/configuration.md:327-335	PROMISED	framework key: declared by no options class; promised for EVERY rule by website/docs/getting-started/configuration.md:327-335. Element forms of the list are not on this axis (UNENUMERATED).	
form	yaml	rules.complexity.wmc.suppress-paths	null,list	default	website/docs/getting-started/configuration.md:232-235 + src/Analysis/Finding/Contract/Rule/RuleOptionKeySet.php:28-34 snake=camel=kebab	website/docs/getting-started/configuration.md:337-346 + website/docs/getting-started/configuration.md:327-335	PROMISED	framework key: declared by no options class; promised for EVERY rule by website/docs/getting-started/configuration.md:327-335. Element forms of the list are not on this axis (UNENUMERATED).	
form	yaml	rules.complexity.wmc.suppress-namespaces	null,list	default	website/docs/getting-started/configuration.md:232-235 + src/Analysis/Finding/Contract/Rule/RuleOptionKeySet.php:28-34 snake=camel=kebab	website/docs/getting-started/configuration.md:242-263 + website/docs/getting-started/configuration.md:327-335	PROMISED	framework key: declared by no options class; promised for EVERY rule by website/docs/getting-started/configuration.md:327-335. Element forms of the list are not on this axis (UNENUMERATED).	
form	yaml	rules.complexity.wmc.suppress-namespace-channels	null,map	default	website/docs/getting-started/configuration.md:232-235 + src/Analysis/Finding/Contract/Rule/RuleOptionKeySet.php:28-34 snake=camel=kebab	website/docs/getting-started/configuration.md:265-284 + website/docs/getting-started/configuration.md:327-335	PROMISED	framework key: declared by no options class; promised for EVERY rule by website/docs/getting-started/configuration.md:327-335. Element forms of the list are not on this axis (UNENUMERATED).	
form	yaml	rules.computed.suppress-paths	null,list	default	website/docs/getting-started/configuration.md:232-235 + src/Analysis/Finding/Contract/Rule/RuleOptionKeySet.php:28-34 snake=camel=kebab	website/docs/getting-started/configuration.md:337-346 + website/docs/getting-started/configuration.md:327-335	PROMISED	framework key: declared by no options class; promised for EVERY rule by website/docs/getting-started/configuration.md:327-335. Element forms of the list are not on this axis (UNENUMERATED).	
form	yaml	rules.computed.suppress-namespaces	null,list	default	website/docs/getting-started/configuration.md:232-235 + src/Analysis/Finding/Contract/Rule/RuleOptionKeySet.php:28-34 snake=camel=kebab	website/docs/getting-started/configuration.md:242-263 + website/docs/getting-started/configuration.md:327-335	PROMISED	framework key: declared by no options class; promised for EVERY rule by website/docs/getting-started/configuration.md:327-335. Element forms of the list are not on this axis (UNENUMERATED).	
form	yaml	rules.computed.suppress-namespace-channels	null,map	default	website/docs/getting-started/configuration.md:232-235 + src/Analysis/Finding/Contract/Rule/RuleOptionKeySet.php:28-34 snake=camel=kebab	website/docs/getting-started/configuration.md:265-284 + website/docs/getting-started/configuration.md:327-335	PROMISED	framework key: declared by no options class; promised for EVERY rule by website/docs/getting-started/configuration.md:327-335. Element forms of the list are not on this axis (UNENUMERATED).	
form	yaml	rules.coupling.cbo.suppress-paths	null,list	default	website/docs/getting-started/configuration.md:232-235 + src/Analysis/Finding/Contract/Rule/RuleOptionKeySet.php:28-34 snake=camel=kebab	website/docs/getting-started/configuration.md:337-346 + website/docs/getting-started/configuration.md:327-335	PROMISED	framework key: declared by no options class; promised for EVERY rule by website/docs/getting-started/configuration.md:327-335. Element forms of the list are not on this axis (UNENUMERATED).	
form	yaml	rules.coupling.cbo.suppress-namespaces	null,list	default	website/docs/getting-started/configuration.md:232-235 + src/Analysis/Finding/Contract/Rule/RuleOptionKeySet.php:28-34 snake=camel=kebab	website/docs/getting-started/configuration.md:242-263 + website/docs/getting-started/configuration.md:327-335	PROMISED	framework key: declared by no options class; promised for EVERY rule by website/docs/getting-started/configuration.md:327-335. Element forms of the list are not on this axis (UNENUMERATED).	
form	yaml	rules.coupling.cbo.suppress-namespace-channels	null,map	default	website/docs/getting-started/configuration.md:232-235 + src/Analysis/Finding/Contract/Rule/RuleOptionKeySet.php:28-34 snake=camel=kebab	website/docs/getting-started/configuration.md:265-284 + website/docs/getting-started/configuration.md:327-335	PROMISED	framework key: declared by no options class; promised for EVERY rule by website/docs/getting-started/configuration.md:327-335. Element forms of the list are not on this axis (UNENUMERATED).	
form	yaml	rules.coupling.class-rank.suppress-paths	null,list	default	website/docs/getting-started/configuration.md:232-235 + src/Analysis/Finding/Contract/Rule/RuleOptionKeySet.php:28-34 snake=camel=kebab	website/docs/getting-started/configuration.md:337-346 + website/docs/getting-started/configuration.md:327-335	PROMISED	framework key: declared by no options class; promised for EVERY rule by website/docs/getting-started/configuration.md:327-335. Element forms of the list are not on this axis (UNENUMERATED).	
form	yaml	rules.coupling.class-rank.suppress-namespaces	null,list	default	website/docs/getting-started/configuration.md:232-235 + src/Analysis/Finding/Contract/Rule/RuleOptionKeySet.php:28-34 snake=camel=kebab	website/docs/getting-started/configuration.md:242-263 + website/docs/getting-started/configuration.md:327-335	PROMISED	framework key: declared by no options class; promised for EVERY rule by website/docs/getting-started/configuration.md:327-335. Element forms of the list are not on this axis (UNENUMERATED).	
form	yaml	rules.coupling.class-rank.suppress-namespace-channels	null,map	default	website/docs/getting-started/configuration.md:232-235 + src/Analysis/Finding/Contract/Rule/RuleOptionKeySet.php:28-34 snake=camel=kebab	website/docs/getting-started/configuration.md:265-284 + website/docs/getting-started/configuration.md:327-335	PROMISED	framework key: declared by no options class; promised for EVERY rule by website/docs/getting-started/configuration.md:327-335. Element forms of the list are not on this axis (UNENUMERATED).	
form	yaml	rules.coupling.distance.suppress-paths	null,list	default	website/docs/getting-started/configuration.md:232-235 + src/Analysis/Finding/Contract/Rule/RuleOptionKeySet.php:28-34 snake=camel=kebab	website/docs/getting-started/configuration.md:337-346 + website/docs/getting-started/configuration.md:327-335	PROMISED	framework key: declared by no options class; promised for EVERY rule by website/docs/getting-started/configuration.md:327-335. Element forms of the list are not on this axis (UNENUMERATED).	
form	yaml	rules.coupling.distance.suppress-namespaces	null,list	default	website/docs/getting-started/configuration.md:232-235 + src/Analysis/Finding/Contract/Rule/RuleOptionKeySet.php:28-34 snake=camel=kebab	website/docs/getting-started/configuration.md:242-263 + website/docs/getting-started/configuration.md:327-335	PROMISED	framework key: declared by no options class; promised for EVERY rule by website/docs/getting-started/configuration.md:327-335. Element forms of the list are not on this axis (UNENUMERATED).	
form	yaml	rules.coupling.distance.suppress-namespace-channels	null,map	default	website/docs/getting-started/configuration.md:232-235 + src/Analysis/Finding/Contract/Rule/RuleOptionKeySet.php:28-34 snake=camel=kebab	website/docs/getting-started/configuration.md:265-284 + website/docs/getting-started/configuration.md:327-335	PROMISED	framework key: declared by no options class; promised for EVERY rule by website/docs/getting-started/configuration.md:327-335. Element forms of the list are not on this axis (UNENUMERATED).	
form	yaml	rules.coupling.instability.suppress-paths	null,list	default	website/docs/getting-started/configuration.md:232-235 + src/Analysis/Finding/Contract/Rule/RuleOptionKeySet.php:28-34 snake=camel=kebab	website/docs/getting-started/configuration.md:337-346 + website/docs/getting-started/configuration.md:327-335	PROMISED	framework key: declared by no options class; promised for EVERY rule by website/docs/getting-started/configuration.md:327-335. Element forms of the list are not on this axis (UNENUMERATED).	
form	yaml	rules.coupling.instability.suppress-namespaces	null,list	default	website/docs/getting-started/configuration.md:232-235 + src/Analysis/Finding/Contract/Rule/RuleOptionKeySet.php:28-34 snake=camel=kebab	website/docs/getting-started/configuration.md:242-263 + website/docs/getting-started/configuration.md:327-335	PROMISED	framework key: declared by no options class; promised for EVERY rule by website/docs/getting-started/configuration.md:327-335. Element forms of the list are not on this axis (UNENUMERATED).	
form	yaml	rules.coupling.instability.suppress-namespace-channels	null,map	default	website/docs/getting-started/configuration.md:232-235 + src/Analysis/Finding/Contract/Rule/RuleOptionKeySet.php:28-34 snake=camel=kebab	website/docs/getting-started/configuration.md:265-284 + website/docs/getting-started/configuration.md:327-335	PROMISED	framework key: declared by no options class; promised for EVERY rule by website/docs/getting-started/configuration.md:327-335. Element forms of the list are not on this axis (UNENUMERATED).	
form	yaml	rules.coupling.unmatched-framework-namespace.suppress-paths	null,list	default	website/docs/getting-started/configuration.md:232-235 + src/Analysis/Finding/Contract/Rule/RuleOptionKeySet.php:28-34 snake=camel=kebab	website/docs/getting-started/configuration.md:337-346 + website/docs/getting-started/configuration.md:327-335	PROMISED	framework key: declared by no options class; promised for EVERY rule by website/docs/getting-started/configuration.md:327-335. Element forms of the list are not on this axis (UNENUMERATED).	
form	yaml	rules.coupling.unmatched-framework-namespace.suppress-namespaces	null,list	default	website/docs/getting-started/configuration.md:232-235 + src/Analysis/Finding/Contract/Rule/RuleOptionKeySet.php:28-34 snake=camel=kebab	website/docs/getting-started/configuration.md:242-263 + website/docs/getting-started/configuration.md:327-335	PROMISED	framework key: declared by no options class; promised for EVERY rule by website/docs/getting-started/configuration.md:327-335. Element forms of the list are not on this axis (UNENUMERATED).	
form	yaml	rules.coupling.unmatched-framework-namespace.suppress-namespace-channels	null,map	default	website/docs/getting-started/configuration.md:232-235 + src/Analysis/Finding/Contract/Rule/RuleOptionKeySet.php:28-34 snake=camel=kebab	website/docs/getting-started/configuration.md:265-284 + website/docs/getting-started/configuration.md:327-335	PROMISED	framework key: declared by no options class; promised for EVERY rule by website/docs/getting-started/configuration.md:327-335. Element forms of the list are not on this axis (UNENUMERATED).	
form	yaml	rules.design.data-class.suppress-paths	null,list	default	website/docs/getting-started/configuration.md:232-235 + src/Analysis/Finding/Contract/Rule/RuleOptionKeySet.php:28-34 snake=camel=kebab	website/docs/getting-started/configuration.md:337-346 + website/docs/getting-started/configuration.md:327-335	PROMISED	framework key: declared by no options class; promised for EVERY rule by website/docs/getting-started/configuration.md:327-335. Element forms of the list are not on this axis (UNENUMERATED).	
form	yaml	rules.design.data-class.suppress-namespaces	null,list	default	website/docs/getting-started/configuration.md:232-235 + src/Analysis/Finding/Contract/Rule/RuleOptionKeySet.php:28-34 snake=camel=kebab	website/docs/getting-started/configuration.md:242-263 + website/docs/getting-started/configuration.md:327-335	PROMISED	framework key: declared by no options class; promised for EVERY rule by website/docs/getting-started/configuration.md:327-335. Element forms of the list are not on this axis (UNENUMERATED).	
form	yaml	rules.design.data-class.suppress-namespace-channels	null,map	default	website/docs/getting-started/configuration.md:232-235 + src/Analysis/Finding/Contract/Rule/RuleOptionKeySet.php:28-34 snake=camel=kebab	website/docs/getting-started/configuration.md:265-284 + website/docs/getting-started/configuration.md:327-335	PROMISED	framework key: declared by no options class; promised for EVERY rule by website/docs/getting-started/configuration.md:327-335. Element forms of the list are not on this axis (UNENUMERATED).	
form	yaml	rules.design.dit.suppress-paths	null,list	default	website/docs/getting-started/configuration.md:232-235 + src/Analysis/Finding/Contract/Rule/RuleOptionKeySet.php:28-34 snake=camel=kebab	website/docs/getting-started/configuration.md:337-346 + website/docs/getting-started/configuration.md:327-335	PROMISED	framework key: declared by no options class; promised for EVERY rule by website/docs/getting-started/configuration.md:327-335. Element forms of the list are not on this axis (UNENUMERATED).	
form	yaml	rules.design.dit.suppress-namespaces	null,list	default	website/docs/getting-started/configuration.md:232-235 + src/Analysis/Finding/Contract/Rule/RuleOptionKeySet.php:28-34 snake=camel=kebab	website/docs/getting-started/configuration.md:242-263 + website/docs/getting-started/configuration.md:327-335	PROMISED	framework key: declared by no options class; promised for EVERY rule by website/docs/getting-started/configuration.md:327-335. Element forms of the list are not on this axis (UNENUMERATED).	
form	yaml	rules.design.dit.suppress-namespace-channels	null,map	default	website/docs/getting-started/configuration.md:232-235 + src/Analysis/Finding/Contract/Rule/RuleOptionKeySet.php:28-34 snake=camel=kebab	website/docs/getting-started/configuration.md:265-284 + website/docs/getting-started/configuration.md:327-335	PROMISED	framework key: declared by no options class; promised for EVERY rule by website/docs/getting-started/configuration.md:327-335. Element forms of the list are not on this axis (UNENUMERATED).	
form	yaml	rules.design.god-class.suppress-paths	null,list	default	website/docs/getting-started/configuration.md:232-235 + src/Analysis/Finding/Contract/Rule/RuleOptionKeySet.php:28-34 snake=camel=kebab	website/docs/getting-started/configuration.md:337-346 + website/docs/getting-started/configuration.md:327-335	PROMISED	framework key: declared by no options class; promised for EVERY rule by website/docs/getting-started/configuration.md:327-335. Element forms of the list are not on this axis (UNENUMERATED).	
form	yaml	rules.design.god-class.suppress-namespaces	null,list	default	website/docs/getting-started/configuration.md:232-235 + src/Analysis/Finding/Contract/Rule/RuleOptionKeySet.php:28-34 snake=camel=kebab	website/docs/getting-started/configuration.md:242-263 + website/docs/getting-started/configuration.md:327-335	PROMISED	framework key: declared by no options class; promised for EVERY rule by website/docs/getting-started/configuration.md:327-335. Element forms of the list are not on this axis (UNENUMERATED).	
form	yaml	rules.design.god-class.suppress-namespace-channels	null,map	default	website/docs/getting-started/configuration.md:232-235 + src/Analysis/Finding/Contract/Rule/RuleOptionKeySet.php:28-34 snake=camel=kebab	website/docs/getting-started/configuration.md:265-284 + website/docs/getting-started/configuration.md:327-335	PROMISED	framework key: declared by no options class; promised for EVERY rule by website/docs/getting-started/configuration.md:327-335. Element forms of the list are not on this axis (UNENUMERATED).	
form	yaml	rules.design.noc.suppress-paths	null,list	default	website/docs/getting-started/configuration.md:232-235 + src/Analysis/Finding/Contract/Rule/RuleOptionKeySet.php:28-34 snake=camel=kebab	website/docs/getting-started/configuration.md:337-346 + website/docs/getting-started/configuration.md:327-335	PROMISED	framework key: declared by no options class; promised for EVERY rule by website/docs/getting-started/configuration.md:327-335. Element forms of the list are not on this axis (UNENUMERATED).	
form	yaml	rules.design.noc.suppress-namespaces	null,list	default	website/docs/getting-started/configuration.md:232-235 + src/Analysis/Finding/Contract/Rule/RuleOptionKeySet.php:28-34 snake=camel=kebab	website/docs/getting-started/configuration.md:242-263 + website/docs/getting-started/configuration.md:327-335	PROMISED	framework key: declared by no options class; promised for EVERY rule by website/docs/getting-started/configuration.md:327-335. Element forms of the list are not on this axis (UNENUMERATED).	
form	yaml	rules.design.noc.suppress-namespace-channels	null,map	default	website/docs/getting-started/configuration.md:232-235 + src/Analysis/Finding/Contract/Rule/RuleOptionKeySet.php:28-34 snake=camel=kebab	website/docs/getting-started/configuration.md:265-284 + website/docs/getting-started/configuration.md:327-335	PROMISED	framework key: declared by no options class; promised for EVERY rule by website/docs/getting-started/configuration.md:327-335. Element forms of the list are not on this axis (UNENUMERATED).	
form	yaml	rules.design.type-coverage.param.suppress-paths	null,list	default	website/docs/getting-started/configuration.md:232-235 + src/Analysis/Finding/Contract/Rule/RuleOptionKeySet.php:28-34 snake=camel=kebab	website/docs/getting-started/configuration.md:337-346 + website/docs/getting-started/configuration.md:327-335	PROMISED	framework key: declared by no options class; promised for EVERY rule by website/docs/getting-started/configuration.md:327-335. Element forms of the list are not on this axis (UNENUMERATED).	
form	yaml	rules.design.type-coverage.param.suppress-namespaces	null,list	default	website/docs/getting-started/configuration.md:232-235 + src/Analysis/Finding/Contract/Rule/RuleOptionKeySet.php:28-34 snake=camel=kebab	website/docs/getting-started/configuration.md:242-263 + website/docs/getting-started/configuration.md:327-335	PROMISED	framework key: declared by no options class; promised for EVERY rule by website/docs/getting-started/configuration.md:327-335. Element forms of the list are not on this axis (UNENUMERATED).	
form	yaml	rules.design.type-coverage.param.suppress-namespace-channels	null,map	default	website/docs/getting-started/configuration.md:232-235 + src/Analysis/Finding/Contract/Rule/RuleOptionKeySet.php:28-34 snake=camel=kebab	website/docs/getting-started/configuration.md:265-284 + website/docs/getting-started/configuration.md:327-335	PROMISED	framework key: declared by no options class; promised for EVERY rule by website/docs/getting-started/configuration.md:327-335. Element forms of the list are not on this axis (UNENUMERATED).	
form	yaml	rules.design.type-coverage.property.suppress-paths	null,list	default	website/docs/getting-started/configuration.md:232-235 + src/Analysis/Finding/Contract/Rule/RuleOptionKeySet.php:28-34 snake=camel=kebab	website/docs/getting-started/configuration.md:337-346 + website/docs/getting-started/configuration.md:327-335	PROMISED	framework key: declared by no options class; promised for EVERY rule by website/docs/getting-started/configuration.md:327-335. Element forms of the list are not on this axis (UNENUMERATED).	
form	yaml	rules.design.type-coverage.property.suppress-namespaces	null,list	default	website/docs/getting-started/configuration.md:232-235 + src/Analysis/Finding/Contract/Rule/RuleOptionKeySet.php:28-34 snake=camel=kebab	website/docs/getting-started/configuration.md:242-263 + website/docs/getting-started/configuration.md:327-335	PROMISED	framework key: declared by no options class; promised for EVERY rule by website/docs/getting-started/configuration.md:327-335. Element forms of the list are not on this axis (UNENUMERATED).	
form	yaml	rules.design.type-coverage.property.suppress-namespace-channels	null,map	default	website/docs/getting-started/configuration.md:232-235 + src/Analysis/Finding/Contract/Rule/RuleOptionKeySet.php:28-34 snake=camel=kebab	website/docs/getting-started/configuration.md:265-284 + website/docs/getting-started/configuration.md:327-335	PROMISED	framework key: declared by no options class; promised for EVERY rule by website/docs/getting-started/configuration.md:327-335. Element forms of the list are not on this axis (UNENUMERATED).	
form	yaml	rules.design.type-coverage.return.suppress-paths	null,list	default	website/docs/getting-started/configuration.md:232-235 + src/Analysis/Finding/Contract/Rule/RuleOptionKeySet.php:28-34 snake=camel=kebab	website/docs/getting-started/configuration.md:337-346 + website/docs/getting-started/configuration.md:327-335	PROMISED	framework key: declared by no options class; promised for EVERY rule by website/docs/getting-started/configuration.md:327-335. Element forms of the list are not on this axis (UNENUMERATED).	
form	yaml	rules.design.type-coverage.return.suppress-namespaces	null,list	default	website/docs/getting-started/configuration.md:232-235 + src/Analysis/Finding/Contract/Rule/RuleOptionKeySet.php:28-34 snake=camel=kebab	website/docs/getting-started/configuration.md:242-263 + website/docs/getting-started/configuration.md:327-335	PROMISED	framework key: declared by no options class; promised for EVERY rule by website/docs/getting-started/configuration.md:327-335. Element forms of the list are not on this axis (UNENUMERATED).	
form	yaml	rules.design.type-coverage.return.suppress-namespace-channels	null,map	default	website/docs/getting-started/configuration.md:232-235 + src/Analysis/Finding/Contract/Rule/RuleOptionKeySet.php:28-34 snake=camel=kebab	website/docs/getting-started/configuration.md:265-284 + website/docs/getting-started/configuration.md:327-335	PROMISED	framework key: declared by no options class; promised for EVERY rule by website/docs/getting-started/configuration.md:327-335. Element forms of the list are not on this axis (UNENUMERATED).	
form	yaml	rules.discovery.unmatched-exclude.suppress-paths	null,list	default	website/docs/getting-started/configuration.md:232-235 + src/Analysis/Finding/Contract/Rule/RuleOptionKeySet.php:28-34 snake=camel=kebab	website/docs/getting-started/configuration.md:337-346 + website/docs/getting-started/configuration.md:327-335	PROMISED	framework key: declared by no options class; promised for EVERY rule by website/docs/getting-started/configuration.md:327-335. Element forms of the list are not on this axis (UNENUMERATED).	
form	yaml	rules.discovery.unmatched-exclude.suppress-namespaces	null,list	default	website/docs/getting-started/configuration.md:232-235 + src/Analysis/Finding/Contract/Rule/RuleOptionKeySet.php:28-34 snake=camel=kebab	website/docs/getting-started/configuration.md:242-263 + website/docs/getting-started/configuration.md:327-335	PROMISED	framework key: declared by no options class; promised for EVERY rule by website/docs/getting-started/configuration.md:327-335. Element forms of the list are not on this axis (UNENUMERATED).	
form	yaml	rules.discovery.unmatched-exclude.suppress-namespace-channels	null,map	default	website/docs/getting-started/configuration.md:232-235 + src/Analysis/Finding/Contract/Rule/RuleOptionKeySet.php:28-34 snake=camel=kebab	website/docs/getting-started/configuration.md:265-284 + website/docs/getting-started/configuration.md:327-335	PROMISED	framework key: declared by no options class; promised for EVERY rule by website/docs/getting-started/configuration.md:327-335. Element forms of the list are not on this axis (UNENUMERATED).	
form	yaml	rules.duplication.clone.suppress-paths	null,list	default	website/docs/getting-started/configuration.md:232-235 + src/Analysis/Finding/Contract/Rule/RuleOptionKeySet.php:28-34 snake=camel=kebab	website/docs/getting-started/configuration.md:337-346 + website/docs/getting-started/configuration.md:327-335	PROMISED	framework key: declared by no options class; promised for EVERY rule by website/docs/getting-started/configuration.md:327-335. Element forms of the list are not on this axis (UNENUMERATED).	
form	yaml	rules.duplication.clone.suppress-namespaces	null,list	default	website/docs/getting-started/configuration.md:232-235 + src/Analysis/Finding/Contract/Rule/RuleOptionKeySet.php:28-34 snake=camel=kebab	website/docs/getting-started/configuration.md:242-263 + website/docs/getting-started/configuration.md:327-335	PROMISED	framework key: declared by no options class; promised for EVERY rule by website/docs/getting-started/configuration.md:327-335. Element forms of the list are not on this axis (UNENUMERATED).	
form	yaml	rules.duplication.clone.suppress-namespace-channels	null,map	default	website/docs/getting-started/configuration.md:232-235 + src/Analysis/Finding/Contract/Rule/RuleOptionKeySet.php:28-34 snake=camel=kebab	website/docs/getting-started/configuration.md:265-284 + website/docs/getting-started/configuration.md:327-335	PROMISED	framework key: declared by no options class; promised for EVERY rule by website/docs/getting-started/configuration.md:327-335. Element forms of the list are not on this axis (UNENUMERATED).	
form	yaml	rules.health.cohesion.suppress-paths	null,list	default	website/docs/getting-started/configuration.md:232-235 + src/Analysis/Finding/Contract/Rule/RuleOptionKeySet.php:28-34 snake=camel=kebab	website/docs/getting-started/configuration.md:337-346 + website/docs/getting-started/configuration.md:327-335	PROMISED	framework key: declared by no options class; promised for EVERY rule by website/docs/getting-started/configuration.md:327-335. Element forms of the list are not on this axis (UNENUMERATED).	
form	yaml	rules.health.cohesion.suppress-namespaces	null,list	default	website/docs/getting-started/configuration.md:232-235 + src/Analysis/Finding/Contract/Rule/RuleOptionKeySet.php:28-34 snake=camel=kebab	website/docs/getting-started/configuration.md:242-263 + website/docs/getting-started/configuration.md:327-335	PROMISED	framework key: declared by no options class; promised for EVERY rule by website/docs/getting-started/configuration.md:327-335. Element forms of the list are not on this axis (UNENUMERATED).	
form	yaml	rules.health.cohesion.suppress-namespace-channels	null,map	default	website/docs/getting-started/configuration.md:232-235 + src/Analysis/Finding/Contract/Rule/RuleOptionKeySet.php:28-34 snake=camel=kebab	website/docs/getting-started/configuration.md:265-284 + website/docs/getting-started/configuration.md:327-335	PROMISED	framework key: declared by no options class; promised for EVERY rule by website/docs/getting-started/configuration.md:327-335. Element forms of the list are not on this axis (UNENUMERATED).	
form	yaml	rules.health.complexity.suppress-paths	null,list	default	website/docs/getting-started/configuration.md:232-235 + src/Analysis/Finding/Contract/Rule/RuleOptionKeySet.php:28-34 snake=camel=kebab	website/docs/getting-started/configuration.md:337-346 + website/docs/getting-started/configuration.md:327-335	PROMISED	framework key: declared by no options class; promised for EVERY rule by website/docs/getting-started/configuration.md:327-335. Element forms of the list are not on this axis (UNENUMERATED).	
form	yaml	rules.health.complexity.suppress-namespaces	null,list	default	website/docs/getting-started/configuration.md:232-235 + src/Analysis/Finding/Contract/Rule/RuleOptionKeySet.php:28-34 snake=camel=kebab	website/docs/getting-started/configuration.md:242-263 + website/docs/getting-started/configuration.md:327-335	PROMISED	framework key: declared by no options class; promised for EVERY rule by website/docs/getting-started/configuration.md:327-335. Element forms of the list are not on this axis (UNENUMERATED).	
form	yaml	rules.health.complexity.suppress-namespace-channels	null,map	default	website/docs/getting-started/configuration.md:232-235 + src/Analysis/Finding/Contract/Rule/RuleOptionKeySet.php:28-34 snake=camel=kebab	website/docs/getting-started/configuration.md:265-284 + website/docs/getting-started/configuration.md:327-335	PROMISED	framework key: declared by no options class; promised for EVERY rule by website/docs/getting-started/configuration.md:327-335. Element forms of the list are not on this axis (UNENUMERATED).	
form	yaml	rules.health.coupling.suppress-paths	null,list	default	website/docs/getting-started/configuration.md:232-235 + src/Analysis/Finding/Contract/Rule/RuleOptionKeySet.php:28-34 snake=camel=kebab	website/docs/getting-started/configuration.md:337-346 + website/docs/getting-started/configuration.md:327-335	PROMISED	framework key: declared by no options class; promised for EVERY rule by website/docs/getting-started/configuration.md:327-335. Element forms of the list are not on this axis (UNENUMERATED).	
form	yaml	rules.health.coupling.suppress-namespaces	null,list	default	website/docs/getting-started/configuration.md:232-235 + src/Analysis/Finding/Contract/Rule/RuleOptionKeySet.php:28-34 snake=camel=kebab	website/docs/getting-started/configuration.md:242-263 + website/docs/getting-started/configuration.md:327-335	PROMISED	framework key: declared by no options class; promised for EVERY rule by website/docs/getting-started/configuration.md:327-335. Element forms of the list are not on this axis (UNENUMERATED).	
form	yaml	rules.health.coupling.suppress-namespace-channels	null,map	default	website/docs/getting-started/configuration.md:232-235 + src/Analysis/Finding/Contract/Rule/RuleOptionKeySet.php:28-34 snake=camel=kebab	website/docs/getting-started/configuration.md:265-284 + website/docs/getting-started/configuration.md:327-335	PROMISED	framework key: declared by no options class; promised for EVERY rule by website/docs/getting-started/configuration.md:327-335. Element forms of the list are not on this axis (UNENUMERATED).	
form	yaml	rules.health.maintainability.suppress-paths	null,list	default	website/docs/getting-started/configuration.md:232-235 + src/Analysis/Finding/Contract/Rule/RuleOptionKeySet.php:28-34 snake=camel=kebab	website/docs/getting-started/configuration.md:337-346 + website/docs/getting-started/configuration.md:327-335	PROMISED	framework key: declared by no options class; promised for EVERY rule by website/docs/getting-started/configuration.md:327-335. Element forms of the list are not on this axis (UNENUMERATED).	
form	yaml	rules.health.maintainability.suppress-namespaces	null,list	default	website/docs/getting-started/configuration.md:232-235 + src/Analysis/Finding/Contract/Rule/RuleOptionKeySet.php:28-34 snake=camel=kebab	website/docs/getting-started/configuration.md:242-263 + website/docs/getting-started/configuration.md:327-335	PROMISED	framework key: declared by no options class; promised for EVERY rule by website/docs/getting-started/configuration.md:327-335. Element forms of the list are not on this axis (UNENUMERATED).	
form	yaml	rules.health.maintainability.suppress-namespace-channels	null,map	default	website/docs/getting-started/configuration.md:232-235 + src/Analysis/Finding/Contract/Rule/RuleOptionKeySet.php:28-34 snake=camel=kebab	website/docs/getting-started/configuration.md:265-284 + website/docs/getting-started/configuration.md:327-335	PROMISED	framework key: declared by no options class; promised for EVERY rule by website/docs/getting-started/configuration.md:327-335. Element forms of the list are not on this axis (UNENUMERATED).	
form	yaml	rules.health.overall.suppress-paths	null,list	default	website/docs/getting-started/configuration.md:232-235 + src/Analysis/Finding/Contract/Rule/RuleOptionKeySet.php:28-34 snake=camel=kebab	website/docs/getting-started/configuration.md:337-346 + website/docs/getting-started/configuration.md:327-335	PROMISED	framework key: declared by no options class; promised for EVERY rule by website/docs/getting-started/configuration.md:327-335. Element forms of the list are not on this axis (UNENUMERATED).	
form	yaml	rules.health.overall.suppress-namespaces	null,list	default	website/docs/getting-started/configuration.md:232-235 + src/Analysis/Finding/Contract/Rule/RuleOptionKeySet.php:28-34 snake=camel=kebab	website/docs/getting-started/configuration.md:242-263 + website/docs/getting-started/configuration.md:327-335	PROMISED	framework key: declared by no options class; promised for EVERY rule by website/docs/getting-started/configuration.md:327-335. Element forms of the list are not on this axis (UNENUMERATED).	
form	yaml	rules.health.overall.suppress-namespace-channels	null,map	default	website/docs/getting-started/configuration.md:232-235 + src/Analysis/Finding/Contract/Rule/RuleOptionKeySet.php:28-34 snake=camel=kebab	website/docs/getting-started/configuration.md:265-284 + website/docs/getting-started/configuration.md:327-335	PROMISED	framework key: declared by no options class; promised for EVERY rule by website/docs/getting-started/configuration.md:327-335. Element forms of the list are not on this axis (UNENUMERATED).	
form	yaml	rules.health.typing.suppress-paths	null,list	default	website/docs/getting-started/configuration.md:232-235 + src/Analysis/Finding/Contract/Rule/RuleOptionKeySet.php:28-34 snake=camel=kebab	website/docs/getting-started/configuration.md:337-346 + website/docs/getting-started/configuration.md:327-335	PROMISED	framework key: declared by no options class; promised for EVERY rule by website/docs/getting-started/configuration.md:327-335. Element forms of the list are not on this axis (UNENUMERATED).	
form	yaml	rules.health.typing.suppress-namespaces	null,list	default	website/docs/getting-started/configuration.md:232-235 + src/Analysis/Finding/Contract/Rule/RuleOptionKeySet.php:28-34 snake=camel=kebab	website/docs/getting-started/configuration.md:242-263 + website/docs/getting-started/configuration.md:327-335	PROMISED	framework key: declared by no options class; promised for EVERY rule by website/docs/getting-started/configuration.md:327-335. Element forms of the list are not on this axis (UNENUMERATED).	
form	yaml	rules.health.typing.suppress-namespace-channels	null,map	default	website/docs/getting-started/configuration.md:232-235 + src/Analysis/Finding/Contract/Rule/RuleOptionKeySet.php:28-34 snake=camel=kebab	website/docs/getting-started/configuration.md:265-284 + website/docs/getting-started/configuration.md:327-335	PROMISED	framework key: declared by no options class; promised for EVERY rule by website/docs/getting-started/configuration.md:327-335. Element forms of the list are not on this axis (UNENUMERATED).	
form	yaml	rules.maintainability.mi.suppress-paths	null,list	default	website/docs/getting-started/configuration.md:232-235 + src/Analysis/Finding/Contract/Rule/RuleOptionKeySet.php:28-34 snake=camel=kebab	website/docs/getting-started/configuration.md:337-346 + website/docs/getting-started/configuration.md:327-335	PROMISED	framework key: declared by no options class; promised for EVERY rule by website/docs/getting-started/configuration.md:327-335. Element forms of the list are not on this axis (UNENUMERATED).	
form	yaml	rules.maintainability.mi.suppress-namespaces	null,list	default	website/docs/getting-started/configuration.md:232-235 + src/Analysis/Finding/Contract/Rule/RuleOptionKeySet.php:28-34 snake=camel=kebab	website/docs/getting-started/configuration.md:242-263 + website/docs/getting-started/configuration.md:327-335	PROMISED	framework key: declared by no options class; promised for EVERY rule by website/docs/getting-started/configuration.md:327-335. Element forms of the list are not on this axis (UNENUMERATED).	
form	yaml	rules.maintainability.mi.suppress-namespace-channels	null,map	default	website/docs/getting-started/configuration.md:232-235 + src/Analysis/Finding/Contract/Rule/RuleOptionKeySet.php:28-34 snake=camel=kebab	website/docs/getting-started/configuration.md:265-284 + website/docs/getting-started/configuration.md:327-335	PROMISED	framework key: declared by no options class; promised for EVERY rule by website/docs/getting-started/configuration.md:327-335. Element forms of the list are not on this axis (UNENUMERATED).	
form	yaml	rules.security.command-injection.suppress-paths	null,list	default	website/docs/getting-started/configuration.md:232-235 + src/Analysis/Finding/Contract/Rule/RuleOptionKeySet.php:28-34 snake=camel=kebab	website/docs/getting-started/configuration.md:337-346 + website/docs/getting-started/configuration.md:327-335	PROMISED	framework key: declared by no options class; promised for EVERY rule by website/docs/getting-started/configuration.md:327-335. Element forms of the list are not on this axis (UNENUMERATED).	
form	yaml	rules.security.command-injection.suppress-namespaces	null,list	default	website/docs/getting-started/configuration.md:232-235 + src/Analysis/Finding/Contract/Rule/RuleOptionKeySet.php:28-34 snake=camel=kebab	website/docs/getting-started/configuration.md:242-263 + website/docs/getting-started/configuration.md:327-335	PROMISED	framework key: declared by no options class; promised for EVERY rule by website/docs/getting-started/configuration.md:327-335. Element forms of the list are not on this axis (UNENUMERATED).	
form	yaml	rules.security.command-injection.suppress-namespace-channels	null,map	default	website/docs/getting-started/configuration.md:232-235 + src/Analysis/Finding/Contract/Rule/RuleOptionKeySet.php:28-34 snake=camel=kebab	website/docs/getting-started/configuration.md:265-284 + website/docs/getting-started/configuration.md:327-335	PROMISED	framework key: declared by no options class; promised for EVERY rule by website/docs/getting-started/configuration.md:327-335. Element forms of the list are not on this axis (UNENUMERATED).	
form	yaml	rules.security.hardcoded-credentials.suppress-paths	null,list	default	website/docs/getting-started/configuration.md:232-235 + src/Analysis/Finding/Contract/Rule/RuleOptionKeySet.php:28-34 snake=camel=kebab	website/docs/getting-started/configuration.md:337-346 + website/docs/getting-started/configuration.md:327-335	PROMISED	framework key: declared by no options class; promised for EVERY rule by website/docs/getting-started/configuration.md:327-335. Element forms of the list are not on this axis (UNENUMERATED).	
form	yaml	rules.security.hardcoded-credentials.suppress-namespaces	null,list	default	website/docs/getting-started/configuration.md:232-235 + src/Analysis/Finding/Contract/Rule/RuleOptionKeySet.php:28-34 snake=camel=kebab	website/docs/getting-started/configuration.md:242-263 + website/docs/getting-started/configuration.md:327-335	PROMISED	framework key: declared by no options class; promised for EVERY rule by website/docs/getting-started/configuration.md:327-335. Element forms of the list are not on this axis (UNENUMERATED).	
form	yaml	rules.security.hardcoded-credentials.suppress-namespace-channels	null,map	default	website/docs/getting-started/configuration.md:232-235 + src/Analysis/Finding/Contract/Rule/RuleOptionKeySet.php:28-34 snake=camel=kebab	website/docs/getting-started/configuration.md:265-284 + website/docs/getting-started/configuration.md:327-335	PROMISED	framework key: declared by no options class; promised for EVERY rule by website/docs/getting-started/configuration.md:327-335. Element forms of the list are not on this axis (UNENUMERATED).	
form	yaml	rules.security.sensitive-parameter.suppress-paths	null,list	default	website/docs/getting-started/configuration.md:232-235 + src/Analysis/Finding/Contract/Rule/RuleOptionKeySet.php:28-34 snake=camel=kebab	website/docs/getting-started/configuration.md:337-346 + website/docs/getting-started/configuration.md:327-335	PROMISED	framework key: declared by no options class; promised for EVERY rule by website/docs/getting-started/configuration.md:327-335. Element forms of the list are not on this axis (UNENUMERATED).	
form	yaml	rules.security.sensitive-parameter.suppress-namespaces	null,list	default	website/docs/getting-started/configuration.md:232-235 + src/Analysis/Finding/Contract/Rule/RuleOptionKeySet.php:28-34 snake=camel=kebab	website/docs/getting-started/configuration.md:242-263 + website/docs/getting-started/configuration.md:327-335	PROMISED	framework key: declared by no options class; promised for EVERY rule by website/docs/getting-started/configuration.md:327-335. Element forms of the list are not on this axis (UNENUMERATED).	
form	yaml	rules.security.sensitive-parameter.suppress-namespace-channels	null,map	default	website/docs/getting-started/configuration.md:232-235 + src/Analysis/Finding/Contract/Rule/RuleOptionKeySet.php:28-34 snake=camel=kebab	website/docs/getting-started/configuration.md:265-284 + website/docs/getting-started/configuration.md:327-335	PROMISED	framework key: declared by no options class; promised for EVERY rule by website/docs/getting-started/configuration.md:327-335. Element forms of the list are not on this axis (UNENUMERATED).	
form	yaml	rules.security.sql-injection.suppress-paths	null,list	default	website/docs/getting-started/configuration.md:232-235 + src/Analysis/Finding/Contract/Rule/RuleOptionKeySet.php:28-34 snake=camel=kebab	website/docs/getting-started/configuration.md:337-346 + website/docs/getting-started/configuration.md:327-335	PROMISED	framework key: declared by no options class; promised for EVERY rule by website/docs/getting-started/configuration.md:327-335. Element forms of the list are not on this axis (UNENUMERATED).	
form	yaml	rules.security.sql-injection.suppress-namespaces	null,list	default	website/docs/getting-started/configuration.md:232-235 + src/Analysis/Finding/Contract/Rule/RuleOptionKeySet.php:28-34 snake=camel=kebab	website/docs/getting-started/configuration.md:242-263 + website/docs/getting-started/configuration.md:327-335	PROMISED	framework key: declared by no options class; promised for EVERY rule by website/docs/getting-started/configuration.md:327-335. Element forms of the list are not on this axis (UNENUMERATED).	
form	yaml	rules.security.sql-injection.suppress-namespace-channels	null,map	default	website/docs/getting-started/configuration.md:232-235 + src/Analysis/Finding/Contract/Rule/RuleOptionKeySet.php:28-34 snake=camel=kebab	website/docs/getting-started/configuration.md:265-284 + website/docs/getting-started/configuration.md:327-335	PROMISED	framework key: declared by no options class; promised for EVERY rule by website/docs/getting-started/configuration.md:327-335. Element forms of the list are not on this axis (UNENUMERATED).	
form	yaml	rules.security.xss.suppress-paths	null,list	default	website/docs/getting-started/configuration.md:232-235 + src/Analysis/Finding/Contract/Rule/RuleOptionKeySet.php:28-34 snake=camel=kebab	website/docs/getting-started/configuration.md:337-346 + website/docs/getting-started/configuration.md:327-335	PROMISED	framework key: declared by no options class; promised for EVERY rule by website/docs/getting-started/configuration.md:327-335. Element forms of the list are not on this axis (UNENUMERATED).	
form	yaml	rules.security.xss.suppress-namespaces	null,list	default	website/docs/getting-started/configuration.md:232-235 + src/Analysis/Finding/Contract/Rule/RuleOptionKeySet.php:28-34 snake=camel=kebab	website/docs/getting-started/configuration.md:242-263 + website/docs/getting-started/configuration.md:327-335	PROMISED	framework key: declared by no options class; promised for EVERY rule by website/docs/getting-started/configuration.md:327-335. Element forms of the list are not on this axis (UNENUMERATED).	
form	yaml	rules.security.xss.suppress-namespace-channels	null,map	default	website/docs/getting-started/configuration.md:232-235 + src/Analysis/Finding/Contract/Rule/RuleOptionKeySet.php:28-34 snake=camel=kebab	website/docs/getting-started/configuration.md:265-284 + website/docs/getting-started/configuration.md:327-335	PROMISED	framework key: declared by no options class; promised for EVERY rule by website/docs/getting-started/configuration.md:327-335. Element forms of the list are not on this axis (UNENUMERATED).	
form	yaml	rules.size.class-count.suppress-paths	null,list	default	website/docs/getting-started/configuration.md:232-235 + src/Analysis/Finding/Contract/Rule/RuleOptionKeySet.php:28-34 snake=camel=kebab	website/docs/getting-started/configuration.md:337-346 + website/docs/getting-started/configuration.md:327-335	PROMISED	framework key: declared by no options class; promised for EVERY rule by website/docs/getting-started/configuration.md:327-335. Element forms of the list are not on this axis (UNENUMERATED).	
form	yaml	rules.size.class-count.suppress-namespaces	null,list	default	website/docs/getting-started/configuration.md:232-235 + src/Analysis/Finding/Contract/Rule/RuleOptionKeySet.php:28-34 snake=camel=kebab	website/docs/getting-started/configuration.md:242-263 + website/docs/getting-started/configuration.md:327-335	PROMISED	framework key: declared by no options class; promised for EVERY rule by website/docs/getting-started/configuration.md:327-335. Element forms of the list are not on this axis (UNENUMERATED).	
form	yaml	rules.size.class-count.suppress-namespace-channels	null,map	default	website/docs/getting-started/configuration.md:232-235 + src/Analysis/Finding/Contract/Rule/RuleOptionKeySet.php:28-34 snake=camel=kebab	website/docs/getting-started/configuration.md:265-284 + website/docs/getting-started/configuration.md:327-335	PROMISED	framework key: declared by no options class; promised for EVERY rule by website/docs/getting-started/configuration.md:327-335. Element forms of the list are not on this axis (UNENUMERATED).	
form	yaml	rules.size.method-count.suppress-paths	null,list	default	website/docs/getting-started/configuration.md:232-235 + src/Analysis/Finding/Contract/Rule/RuleOptionKeySet.php:28-34 snake=camel=kebab	website/docs/getting-started/configuration.md:337-346 + website/docs/getting-started/configuration.md:327-335	PROMISED	framework key: declared by no options class; promised for EVERY rule by website/docs/getting-started/configuration.md:327-335. Element forms of the list are not on this axis (UNENUMERATED).	
form	yaml	rules.size.method-count.suppress-namespaces	null,list	default	website/docs/getting-started/configuration.md:232-235 + src/Analysis/Finding/Contract/Rule/RuleOptionKeySet.php:28-34 snake=camel=kebab	website/docs/getting-started/configuration.md:242-263 + website/docs/getting-started/configuration.md:327-335	PROMISED	framework key: declared by no options class; promised for EVERY rule by website/docs/getting-started/configuration.md:327-335. Element forms of the list are not on this axis (UNENUMERATED).	
form	yaml	rules.size.method-count.suppress-namespace-channels	null,map	default	website/docs/getting-started/configuration.md:232-235 + src/Analysis/Finding/Contract/Rule/RuleOptionKeySet.php:28-34 snake=camel=kebab	website/docs/getting-started/configuration.md:265-284 + website/docs/getting-started/configuration.md:327-335	PROMISED	framework key: declared by no options class; promised for EVERY rule by website/docs/getting-started/configuration.md:327-335. Element forms of the list are not on this axis (UNENUMERATED).	
form	yaml	rules.size.property-count.suppress-paths	null,list	default	website/docs/getting-started/configuration.md:232-235 + src/Analysis/Finding/Contract/Rule/RuleOptionKeySet.php:28-34 snake=camel=kebab	website/docs/getting-started/configuration.md:337-346 + website/docs/getting-started/configuration.md:327-335	PROMISED	framework key: declared by no options class; promised for EVERY rule by website/docs/getting-started/configuration.md:327-335. Element forms of the list are not on this axis (UNENUMERATED).	
form	yaml	rules.size.property-count.suppress-namespaces	null,list	default	website/docs/getting-started/configuration.md:232-235 + src/Analysis/Finding/Contract/Rule/RuleOptionKeySet.php:28-34 snake=camel=kebab	website/docs/getting-started/configuration.md:242-263 + website/docs/getting-started/configuration.md:327-335	PROMISED	framework key: declared by no options class; promised for EVERY rule by website/docs/getting-started/configuration.md:327-335. Element forms of the list are not on this axis (UNENUMERATED).	
form	yaml	rules.size.property-count.suppress-namespace-channels	null,map	default	website/docs/getting-started/configuration.md:232-235 + src/Analysis/Finding/Contract/Rule/RuleOptionKeySet.php:28-34 snake=camel=kebab	website/docs/getting-started/configuration.md:265-284 + website/docs/getting-started/configuration.md:327-335	PROMISED	framework key: declared by no options class; promised for EVERY rule by website/docs/getting-started/configuration.md:327-335. Element forms of the list are not on this axis (UNENUMERATED).	
form	yaml	rules.suppression.configuration.suppress-paths	null,list	default	website/docs/getting-started/configuration.md:232-235 + src/Analysis/Finding/Contract/Rule/RuleOptionKeySet.php:28-34 snake=camel=kebab	website/docs/getting-started/configuration.md:337-346 + website/docs/getting-started/configuration.md:327-335	PROMISED	framework key: declared by no options class; promised for EVERY rule by website/docs/getting-started/configuration.md:327-335. Element forms of the list are not on this axis (UNENUMERATED).	
form	yaml	rules.suppression.configuration.suppress-namespaces	null,list	default	website/docs/getting-started/configuration.md:232-235 + src/Analysis/Finding/Contract/Rule/RuleOptionKeySet.php:28-34 snake=camel=kebab	website/docs/getting-started/configuration.md:242-263 + website/docs/getting-started/configuration.md:327-335	PROMISED	framework key: declared by no options class; promised for EVERY rule by website/docs/getting-started/configuration.md:327-335. Element forms of the list are not on this axis (UNENUMERATED).	
form	yaml	rules.suppression.configuration.suppress-namespace-channels	null,map	default	website/docs/getting-started/configuration.md:232-235 + src/Analysis/Finding/Contract/Rule/RuleOptionKeySet.php:28-34 snake=camel=kebab	website/docs/getting-started/configuration.md:265-284 + website/docs/getting-started/configuration.md:327-335	PROMISED	framework key: declared by no options class; promised for EVERY rule by website/docs/getting-started/configuration.md:327-335. Element forms of the list are not on this axis (UNENUMERATED).	
form	cli-alias	--constructor-overinjection-warning -> rules.code-smell.constructor-overinjection.warning	int,string-number	refuse		website/docs/usage/cli-options.md:764	DECIDED	documented placeholder `=N` | float: carrier shows integers only; "number vs integer" not settled by any carrier; ADR 0052 row 4 -> refuse a fractional threshold rather than truncate; null: empty value after `=`: no carrier; ADR 0052 row 4 (accepted set closed before analysis) -> refuse; string-number: read from website/docs/getting-started/configuration.md:817-820 - a value arriving on the command line is text by construction and is converted before its shape is judged, so the quoted spelling is accepted on this door	float,null
form	cli-alias	--constructor-overinjection-error -> rules.code-smell.constructor-overinjection.error	int,string-number	refuse		website/docs/usage/cli-options.md:765	DECIDED	documented placeholder `=N` | float: carrier shows integers only; "number vs integer" not settled by any carrier; ADR 0052 row 4 -> refuse a fractional threshold rather than truncate; null: empty value after `=`: no carrier; ADR 0052 row 4 (accepted set closed before analysis) -> refuse; string-number: read from website/docs/getting-started/configuration.md:817-820 - a value arriving on the command line is text by construction and is converted before its shape is judged, so the quoted spelling is accepted on this door	float,null
form	cli-alias	--long-parameter-list-warning -> rules.code-smell.long-parameter-list.warning	int,string-number	refuse		website/docs/usage/cli-options.md:779	DECIDED	documented placeholder `=N` | float: carrier shows integers only; "number vs integer" not settled by any carrier; ADR 0052 row 4 -> refuse a fractional threshold rather than truncate; null: empty value after `=`: no carrier; ADR 0052 row 4 (accepted set closed before analysis) -> refuse; string-number: read from website/docs/getting-started/configuration.md:817-820 - a value arriving on the command line is text by construction and is converted before its shape is judged, so the quoted spelling is accepted on this door	float,null
form	cli-alias	--long-parameter-list-error -> rules.code-smell.long-parameter-list.error	int,string-number	refuse		website/docs/usage/cli-options.md:780	DECIDED	documented placeholder `=N` | float: carrier shows integers only; "number vs integer" not settled by any carrier; ADR 0052 row 4 -> refuse a fractional threshold rather than truncate; null: empty value after `=`: no carrier; ADR 0052 row 4 (accepted set closed before analysis) -> refuse; string-number: read from website/docs/getting-started/configuration.md:817-820 - a value arriving on the command line is text by construction and is converted before its shape is judged, so the quoted spelling is accepted on this door	float,null
form	cli-alias	--long-parameter-list-vo-warning -> rules.code-smell.long-parameter-list.vo-warning	int,string-number	refuse		website/docs/usage/cli-options.md:781	DECIDED	documented placeholder `=N` | float: carrier shows integers only; "number vs integer" not settled by any carrier; ADR 0052 row 4 -> refuse a fractional threshold rather than truncate; null: empty value after `=`: no carrier; ADR 0052 row 4 (accepted set closed before analysis) -> refuse; string-number: read from website/docs/getting-started/configuration.md:817-820 - a value arriving on the command line is text by construction and is converted before its shape is judged, so the quoted spelling is accepted on this door	float,null
form	cli-alias	--long-parameter-list-vo-error -> rules.code-smell.long-parameter-list.vo-error	int,string-number	refuse		website/docs/usage/cli-options.md:782	DECIDED	documented placeholder `=N` | float: carrier shows integers only; "number vs integer" not settled by any carrier; ADR 0052 row 4 -> refuse a fractional threshold rather than truncate; null: empty value after `=`: no carrier; ADR 0052 row 4 (accepted set closed before analysis) -> refuse; string-number: read from website/docs/getting-started/configuration.md:817-820 - a value arriving on the command line is text by construction and is converted before its shape is judged, so the quoted spelling is accepted on this door	float,null
form	cli-alias	--unreachable-code-warning -> rules.code-smell.unreachable-code.warning	int,string-number	refuse		website/docs/usage/cli-options.md:783	DECIDED	documented placeholder `=N` | float: carrier shows integers only; "number vs integer" not settled by any carrier; ADR 0052 row 4 -> refuse a fractional threshold rather than truncate; null: empty value after `=`: no carrier; ADR 0052 row 4 (accepted set closed before analysis) -> refuse; string-number: read from website/docs/getting-started/configuration.md:817-820 - a value arriving on the command line is text by construction and is converted before its shape is judged, so the quoted spelling is accepted on this door	float,null
form	cli-alias	--unreachable-code-error -> rules.code-smell.unreachable-code.error	int,string-number	refuse		website/docs/usage/cli-options.md:784	DECIDED	documented placeholder `=N` | float: carrier shows integers only; "number vs integer" not settled by any carrier; ADR 0052 row 4 -> refuse a fractional threshold rather than truncate; null: empty value after `=`: no carrier; ADR 0052 row 4 (accepted set closed before analysis) -> refuse; string-number: read from website/docs/getting-started/configuration.md:817-820 - a value arriving on the command line is text by construction and is converted before its shape is judged, so the quoted spelling is accepted on this door	float,null
form	cli-alias	--lcom-warning -> rules.cohesion.lcom.warning	int,string-number	refuse		website/docs/usage/cli-options.md:735	DECIDED	documented placeholder `=N` | float: carrier shows integers only; "number vs integer" not settled by any carrier; ADR 0052 row 4 -> refuse a fractional threshold rather than truncate; null: empty value after `=`: no carrier; ADR 0052 row 4 (accepted set closed before analysis) -> refuse; string-number: read from website/docs/getting-started/configuration.md:817-820 - a value arriving on the command line is text by construction and is converted before its shape is judged, so the quoted spelling is accepted on this door	float,null
form	cli-alias	--lcom-error -> rules.cohesion.lcom.error	int,string-number	refuse		website/docs/usage/cli-options.md:736	DECIDED	documented placeholder `=N` | float: carrier shows integers only; "number vs integer" not settled by any carrier; ADR 0052 row 4 -> refuse a fractional threshold rather than truncate; null: empty value after `=`: no carrier; ADR 0052 row 4 (accepted set closed before analysis) -> refuse; string-number: read from website/docs/getting-started/configuration.md:817-820 - a value arriving on the command line is text by construction and is converted before its shape is judged, so the quoted spelling is accepted on this door	float,null
form	cli-alias	--lcom-exclude-readonly -> rules.cohesion.lcom.excludeReadonly		unpromised			DECIDED	ADR 0052: no carrier names this key at all. Round decides by row 4 (the accepted set is closed before analysis): every form other than `~` is refused, exit 3. alias not listed in the CLI options table	bool,int,float,string-number,string-nonnumber,list,map
form	cli-alias	--lcom-min-methods -> rules.cohesion.lcom.minMethods	int,string-number	refuse		website/docs/usage/cli-options.md:737	DECIDED	documented placeholder `=N` | float: carrier shows integers only; "number vs integer" not settled by any carrier; ADR 0052 row 4 -> refuse a fractional threshold rather than truncate; null: empty value after `=`: no carrier; ADR 0052 row 4 (accepted set closed before analysis) -> refuse; string-number: read from website/docs/getting-started/configuration.md:817-820 - a value arriving on the command line is text by construction and is converted before its shape is judged, so the quoted spelling is accepted on this door	float,null
form	cli-alias	--lcom-exclude-methods -> rules.cohesion.lcom.excludeMethods	string-nonnumber	refuse		website/docs/usage/cli-options.md:739 + website/docs/rules/cohesion.md:36-38	DECIDED	documented placeholder `=NAME` | CLI door carries scalar text only (website/docs/usage/cli-options.md:669-674) | a container value is not writable on this door at all (website/docs/usage/cli-options.md:669-674); a single string is the one-element list (website/docs/rules/cohesion.md:36-38) | null: empty value after `=`: no carrier; ADR 0052 row 4 (accepted set closed before analysis) -> refuse; int, string-number: `7331` is a whole number before the shape is judged on this door, and the option takes a string -> refuse	null,bool,int,float,string-number,list,map
form	cli-alias	--cognitive-warning -> rules.complexity.cognitive.callable.warning	int,string-number	refuse		website/docs/usage/cli-options.md:689	DECIDED	documented placeholder `=N` | float: carrier shows integers only; "number vs integer" not settled by any carrier; ADR 0052 row 4 -> refuse a fractional threshold rather than truncate; null: empty value after `=`: no carrier; ADR 0052 row 4 (accepted set closed before analysis) -> refuse; string-number: read from website/docs/getting-started/configuration.md:817-820 - a value arriving on the command line is text by construction and is converted before its shape is judged, so the quoted spelling is accepted on this door	float,null
form	cli-alias	--cognitive-error -> rules.complexity.cognitive.callable.error	int,string-number	refuse		website/docs/usage/cli-options.md:690	DECIDED	documented placeholder `=N` | float: carrier shows integers only; "number vs integer" not settled by any carrier; ADR 0052 row 4 -> refuse a fractional threshold rather than truncate; null: empty value after `=`: no carrier; ADR 0052 row 4 (accepted set closed before analysis) -> refuse; string-number: read from website/docs/getting-started/configuration.md:817-820 - a value arriving on the command line is text by construction and is converted before its shape is judged, so the quoted spelling is accepted on this door	float,null
form	cli-alias	--cognitive-class-warning -> rules.complexity.cognitive.class.max_warning	int,string-number	refuse		website/docs/usage/cli-options.md:691	DECIDED	documented placeholder `=N` | float: carrier shows integers only; "number vs integer" not settled by any carrier; ADR 0052 row 4 -> refuse a fractional threshold rather than truncate; null: empty value after `=`: no carrier; ADR 0052 row 4 (accepted set closed before analysis) -> refuse; string-number: read from website/docs/getting-started/configuration.md:817-820 - a value arriving on the command line is text by construction and is converted before its shape is judged, so the quoted spelling is accepted on this door	float,null
form	cli-alias	--cognitive-class-error -> rules.complexity.cognitive.class.max_error	int,string-number	refuse		website/docs/usage/cli-options.md:692	DECIDED	documented placeholder `=N` | float: carrier shows integers only; "number vs integer" not settled by any carrier; ADR 0052 row 4 -> refuse a fractional threshold rather than truncate; null: empty value after `=`: no carrier; ADR 0052 row 4 (accepted set closed before analysis) -> refuse; string-number: read from website/docs/getting-started/configuration.md:817-820 - a value arriving on the command line is text by construction and is converted before its shape is judged, so the quoted spelling is accepted on this door	float,null
form	cli-alias	--cyclomatic-warning -> rules.complexity.ccn.callable.warning	int,string-number	refuse		website/docs/usage/cli-options.md:685	DECIDED	documented placeholder `=N` | float: carrier shows integers only; "number vs integer" not settled by any carrier; ADR 0052 row 4 -> refuse a fractional threshold rather than truncate; null: empty value after `=`: no carrier; ADR 0052 row 4 (accepted set closed before analysis) -> refuse; string-number: read from website/docs/getting-started/configuration.md:817-820 - a value arriving on the command line is text by construction and is converted before its shape is judged, so the quoted spelling is accepted on this door	float,null
form	cli-alias	--cyclomatic-error -> rules.complexity.ccn.callable.error	int,string-number	refuse		website/docs/usage/cli-options.md:686	DECIDED	documented placeholder `=N` | float: carrier shows integers only; "number vs integer" not settled by any carrier; ADR 0052 row 4 -> refuse a fractional threshold rather than truncate; null: empty value after `=`: no carrier; ADR 0052 row 4 (accepted set closed before analysis) -> refuse; string-number: read from website/docs/getting-started/configuration.md:817-820 - a value arriving on the command line is text by construction and is converted before its shape is judged, so the quoted spelling is accepted on this door	float,null
form	cli-alias	--cyclomatic-class-warning -> rules.complexity.ccn.class.max_warning	int,string-number	refuse		website/docs/usage/cli-options.md:687	DECIDED	documented placeholder `=N` | float: carrier shows integers only; "number vs integer" not settled by any carrier; ADR 0052 row 4 -> refuse a fractional threshold rather than truncate; null: empty value after `=`: no carrier; ADR 0052 row 4 (accepted set closed before analysis) -> refuse; string-number: read from website/docs/getting-started/configuration.md:817-820 - a value arriving on the command line is text by construction and is converted before its shape is judged, so the quoted spelling is accepted on this door	float,null
form	cli-alias	--cyclomatic-class-error -> rules.complexity.ccn.class.max_error	int,string-number	refuse		website/docs/usage/cli-options.md:688	DECIDED	documented placeholder `=N` | float: carrier shows integers only; "number vs integer" not settled by any carrier; ADR 0052 row 4 -> refuse a fractional threshold rather than truncate; null: empty value after `=`: no carrier; ADR 0052 row 4 (accepted set closed before analysis) -> refuse; string-number: read from website/docs/getting-started/configuration.md:817-820 - a value arriving on the command line is text by construction and is converted before its shape is judged, so the quoted spelling is accepted on this door	float,null
form	cli-alias	--npath-warning -> rules.complexity.npath.callable.warning	int,string-number	refuse		website/docs/usage/cli-options.md:693	DECIDED	documented placeholder `=N` | float: carrier shows integers only; "number vs integer" not settled by any carrier; ADR 0052 row 4 -> refuse a fractional threshold rather than truncate; null: empty value after `=`: no carrier; ADR 0052 row 4 (accepted set closed before analysis) -> refuse; string-number: read from website/docs/getting-started/configuration.md:817-820 - a value arriving on the command line is text by construction and is converted before its shape is judged, so the quoted spelling is accepted on this door	float,null
form	cli-alias	--npath-error -> rules.complexity.npath.callable.error	int,string-number	refuse		website/docs/usage/cli-options.md:694	DECIDED	documented placeholder `=N` | float: carrier shows integers only; "number vs integer" not settled by any carrier; ADR 0052 row 4 -> refuse a fractional threshold rather than truncate; null: empty value after `=`: no carrier; ADR 0052 row 4 (accepted set closed before analysis) -> refuse; string-number: read from website/docs/getting-started/configuration.md:817-820 - a value arriving on the command line is text by construction and is converted before its shape is judged, so the quoted spelling is accepted on this door	float,null
form	cli-alias	--npath-class-warning -> rules.complexity.npath.class.max_warning	int,string-number	refuse		website/docs/usage/cli-options.md:695	DECIDED	documented placeholder `=N` | float: carrier shows integers only; "number vs integer" not settled by any carrier; ADR 0052 row 4 -> refuse a fractional threshold rather than truncate; null: empty value after `=`: no carrier; ADR 0052 row 4 (accepted set closed before analysis) -> refuse; string-number: read from website/docs/getting-started/configuration.md:817-820 - a value arriving on the command line is text by construction and is converted before its shape is judged, so the quoted spelling is accepted on this door	float,null
form	cli-alias	--npath-class-error -> rules.complexity.npath.class.max_error	int,string-number	refuse		website/docs/usage/cli-options.md:696	DECIDED	documented placeholder `=N` | float: carrier shows integers only; "number vs integer" not settled by any carrier; ADR 0052 row 4 -> refuse a fractional threshold rather than truncate; null: empty value after `=`: no carrier; ADR 0052 row 4 (accepted set closed before analysis) -> refuse; string-number: read from website/docs/getting-started/configuration.md:817-820 - a value arriving on the command line is text by construction and is converted before its shape is judged, so the quoted spelling is accepted on this door	float,null
form	cli-alias	--wmc-warning -> rules.complexity.wmc.warning	int,string-number	refuse		website/docs/usage/cli-options.md:697	DECIDED	documented placeholder `=N` | float: carrier shows integers only; "number vs integer" not settled by any carrier; ADR 0052 row 4 -> refuse a fractional threshold rather than truncate; null: empty value after `=`: no carrier; ADR 0052 row 4 (accepted set closed before analysis) -> refuse; string-number: read from website/docs/getting-started/configuration.md:817-820 - a value arriving on the command line is text by construction and is converted before its shape is judged, so the quoted spelling is accepted on this door	float,null
form	cli-alias	--wmc-error -> rules.complexity.wmc.error	int,string-number	refuse		website/docs/usage/cli-options.md:698	DECIDED	documented placeholder `=N` | float: carrier shows integers only; "number vs integer" not settled by any carrier; ADR 0052 row 4 -> refuse a fractional threshold rather than truncate; null: empty value after `=`: no carrier; ADR 0052 row 4 (accepted set closed before analysis) -> refuse; string-number: read from website/docs/getting-started/configuration.md:817-820 - a value arriving on the command line is text by construction and is converted before its shape is judged, so the quoted spelling is accepted on this door	float,null
form	cli-alias	--wmc-exclude-data-classes -> rules.complexity.wmc.excludeDataClasses	bool	refuse		website/docs/usage/cli-options.md:699	DECIDED	documented switch, written with no `=N` placeholder | CLI door carries scalar text only (website/docs/usage/cli-options.md:669-674) | null: empty value after `=`: no carrier; ADR 0052 row 4 (accepted set closed before analysis) -> refuse; every non-boolean form: the switch names a boolean option and the door folds only `true`/`false` to one -> refuse	null,int,float,string-number,string-nonnumber,list,map
form	cli-alias	--cbo-warning -> rules.coupling.cbo.class.warning	int,string-number	refuse		website/docs/usage/cli-options.md:705	DECIDED	documented placeholder `=N` | float: carrier shows integers only; "number vs integer" not settled by any carrier; ADR 0052 row 4 -> refuse a fractional threshold rather than truncate; null: empty value after `=`: no carrier; ADR 0052 row 4 (accepted set closed before analysis) -> refuse; string-number: read from website/docs/getting-started/configuration.md:817-820 - a value arriving on the command line is text by construction and is converted before its shape is judged, so the quoted spelling is accepted on this door	float,null
form	cli-alias	--cbo-error -> rules.coupling.cbo.class.error	int,string-number	refuse		website/docs/usage/cli-options.md:706	DECIDED	documented placeholder `=N` | float: carrier shows integers only; "number vs integer" not settled by any carrier; ADR 0052 row 4 -> refuse a fractional threshold rather than truncate; null: empty value after `=`: no carrier; ADR 0052 row 4 (accepted set closed before analysis) -> refuse; string-number: read from website/docs/getting-started/configuration.md:817-820 - a value arriving on the command line is text by construction and is converted before its shape is judged, so the quoted spelling is accepted on this door	float,null
form	cli-alias	--cbo-ns-warning -> rules.coupling.cbo.namespace.warning	int,string-number	refuse		website/docs/usage/cli-options.md:707	DECIDED	documented placeholder `=N` | float: carrier shows integers only; "number vs integer" not settled by any carrier; ADR 0052 row 4 -> refuse a fractional threshold rather than truncate; null: empty value after `=`: no carrier; ADR 0052 row 4 (accepted set closed before analysis) -> refuse; string-number: read from website/docs/getting-started/configuration.md:817-820 - a value arriving on the command line is text by construction and is converted before its shape is judged, so the quoted spelling is accepted on this door	float,null
form	cli-alias	--cbo-ns-error -> rules.coupling.cbo.namespace.error	int,string-number	refuse		website/docs/usage/cli-options.md:708	DECIDED	documented placeholder `=N` | float: carrier shows integers only; "number vs integer" not settled by any carrier; ADR 0052 row 4 -> refuse a fractional threshold rather than truncate; null: empty value after `=`: no carrier; ADR 0052 row 4 (accepted set closed before analysis) -> refuse; string-number: read from website/docs/getting-started/configuration.md:817-820 - a value arriving on the command line is text by construction and is converted before its shape is judged, so the quoted spelling is accepted on this door	float,null
form	cli-alias	--class-rank-warning -> rules.coupling.class-rank.warning	int,float,string-number	refuse		website/docs/usage/cli-options.md:715 + website/docs/getting-started/configuration.md:821-840	DECIDED	documented placeholder `=N` (row added: website/docs/usage/cli-options.md:715, `warning` in the CLI options table); float promised by the continuous-metric carrier (website/docs/getting-started/configuration.md:821-840 — names this key's group explicitly) | null: empty value after `=`: no carrier; ADR 0052 row 4 (accepted set closed before analysis) -> refuse; string-number: read from website/docs/getting-started/configuration.md:817-820 - a value arriving on the command line is text by construction and is converted before its shape is judged, so the quoted spelling is accepted on this door	null
form	cli-alias	--class-rank-error -> rules.coupling.class-rank.error	int,float,string-number	refuse		website/docs/usage/cli-options.md:716 + website/docs/getting-started/configuration.md:821-840	DECIDED	documented placeholder `=N` (row added: website/docs/usage/cli-options.md:716, `error` in the CLI options table); float promised by the continuous-metric carrier (website/docs/getting-started/configuration.md:821-840 — names this key's group explicitly) | null: empty value after `=`: no carrier; ADR 0052 row 4 (accepted set closed before analysis) -> refuse; string-number: read from website/docs/getting-started/configuration.md:817-820 - a value arriving on the command line is text by construction and is converted before its shape is judged, so the quoted spelling is accepted on this door	null
form	cli-alias	--distance-warning -> rules.coupling.distance.max_distance_warning	int,float,string-number	refuse		website/docs/usage/cli-options.md:709 + website/docs/getting-started/configuration.md:821-840	DECIDED	documented placeholder `=N`; float promised by the continuous-metric carrier (website/docs/getting-started/configuration.md:821-840 — names this key's group explicitly) | null: empty value after `=`: no carrier; ADR 0052 row 4 (accepted set closed before analysis) -> refuse; string-number: read from website/docs/getting-started/configuration.md:817-820 - a value arriving on the command line is text by construction and is converted before its shape is judged, so the quoted spelling is accepted on this door	null
form	cli-alias	--distance-error -> rules.coupling.distance.max_distance_error	int,float,string-number	refuse		website/docs/usage/cli-options.md:710 + website/docs/getting-started/configuration.md:821-840	DECIDED	documented placeholder `=N`; float promised by the continuous-metric carrier (website/docs/getting-started/configuration.md:821-840 — names this key's group explicitly) | null: empty value after `=`: no carrier; ADR 0052 row 4 (accepted set closed before analysis) -> refuse; string-number: read from website/docs/getting-started/configuration.md:817-820 - a value arriving on the command line is text by construction and is converted before its shape is judged, so the quoted spelling is accepted on this door	null
form	cli-alias	--instability-class-warning -> rules.coupling.instability.class.max_warning	int,float,string-number	refuse		website/docs/usage/cli-options.md:711 + website/docs/getting-started/configuration.md:821-840	DECIDED	documented placeholder `=N`; float promised by the continuous-metric carrier (website/docs/getting-started/configuration.md:821-840 — names this key's group explicitly) | null: empty value after `=`: no carrier; ADR 0052 row 4 (accepted set closed before analysis) -> refuse; string-number: read from website/docs/getting-started/configuration.md:817-820 - a value arriving on the command line is text by construction and is converted before its shape is judged, so the quoted spelling is accepted on this door	null
form	cli-alias	--instability-class-error -> rules.coupling.instability.class.max_error	int,float,string-number	refuse		website/docs/usage/cli-options.md:712 + website/docs/getting-started/configuration.md:821-840	DECIDED	documented placeholder `=N`; float promised by the continuous-metric carrier (website/docs/getting-started/configuration.md:821-840 — names this key's group explicitly) | null: empty value after `=`: no carrier; ADR 0052 row 4 (accepted set closed before analysis) -> refuse; string-number: read from website/docs/getting-started/configuration.md:817-820 - a value arriving on the command line is text by construction and is converted before its shape is judged, so the quoted spelling is accepted on this door	null
form	cli-alias	--instability-ns-warning -> rules.coupling.instability.namespace.max_warning	int,float,string-number	refuse		website/docs/usage/cli-options.md:713 + website/docs/getting-started/configuration.md:821-840	DECIDED	documented placeholder `=N`; float promised by the continuous-metric carrier (website/docs/getting-started/configuration.md:821-840 — names this key's group explicitly) | null: empty value after `=`: no carrier; ADR 0052 row 4 (accepted set closed before analysis) -> refuse; string-number: read from website/docs/getting-started/configuration.md:817-820 - a value arriving on the command line is text by construction and is converted before its shape is judged, so the quoted spelling is accepted on this door	null
form	cli-alias	--instability-ns-error -> rules.coupling.instability.namespace.max_error	int,float,string-number	refuse		website/docs/usage/cli-options.md:714 + website/docs/getting-started/configuration.md:821-840	DECIDED	documented placeholder `=N`; float promised by the continuous-metric carrier (website/docs/getting-started/configuration.md:821-840 — names this key's group explicitly) | null: empty value after `=`: no carrier; ADR 0052 row 4 (accepted set closed before analysis) -> refuse; string-number: read from website/docs/getting-started/configuration.md:817-820 - a value arriving on the command line is text by construction and is converted before its shape is judged, so the quoted spelling is accepted on this door	null
form	cli-alias	--data-class-woc-threshold -> rules.design.data-class.wocThreshold	int,string-number	refuse		website/docs/usage/cli-options.md:766	DECIDED	documented placeholder `=N` | float: carrier shows integers only; "number vs integer" not settled by any carrier; ADR 0052 row 4 -> refuse a fractional threshold rather than truncate; null: empty value after `=`: no carrier; ADR 0052 row 4 (accepted set closed before analysis) -> refuse; string-number: read from website/docs/getting-started/configuration.md:817-820 - a value arriving on the command line is text by construction and is converted before its shape is judged, so the quoted spelling is accepted on this door	float,null
form	cli-alias	--data-class-wmc-threshold -> rules.design.data-class.wmcThreshold	int,string-number	refuse		website/docs/usage/cli-options.md:767	DECIDED	documented placeholder `=N` | float: carrier shows integers only; "number vs integer" not settled by any carrier; ADR 0052 row 4 -> refuse a fractional threshold rather than truncate; null: empty value after `=`: no carrier; ADR 0052 row 4 (accepted set closed before analysis) -> refuse; string-number: read from website/docs/getting-started/configuration.md:817-820 - a value arriving on the command line is text by construction and is converted before its shape is judged, so the quoted spelling is accepted on this door	float,null
form	cli-alias	--data-class-min-members -> rules.design.data-class.minMembers	int,string-number	refuse		website/docs/usage/cli-options.md:768	DECIDED	documented placeholder `=N` | float: carrier shows integers only; "number vs integer" not settled by any carrier; ADR 0052 row 4 -> refuse a fractional threshold rather than truncate; null: empty value after `=`: no carrier; ADR 0052 row 4 (accepted set closed before analysis) -> refuse; string-number: read from website/docs/getting-started/configuration.md:817-820 - a value arriving on the command line is text by construction and is converted before its shape is judged, so the quoted spelling is accepted on this door	float,null
form	cli-alias	--data-class-exclude-readonly -> rules.design.data-class.excludeReadonly		unpromised			DECIDED	ADR 0052: no carrier names this key at all. Round decides by row 4 (the accepted set is closed before analysis): every form other than `~` is refused, exit 3. alias not listed in the CLI options table	bool,int,float,string-number,string-nonnumber,list,map
form	cli-alias	--data-class-exclude-promoted-only -> rules.design.data-class.excludePromotedOnly		unpromised			DECIDED	ADR 0052: no carrier names this key at all. Round decides by row 4 (the accepted set is closed before analysis): every form other than `~` is refused, exit 3. alias not listed in the CLI options table	bool,int,float,string-number,string-nonnumber,list,map
form	cli-alias	--data-class-exclude-exceptions -> rules.design.data-class.excludeExceptions	bool	refuse		website/docs/usage/cli-options.md:771	DECIDED	documented switch, written with no `=N` placeholder | CLI door carries scalar text only (website/docs/usage/cli-options.md:669-674) | null: empty value after `=`: no carrier; ADR 0052 row 4 (accepted set closed before analysis) -> refuse; every non-boolean form: the switch names a boolean option and the door folds only `true`/`false` to one -> refuse	null,int,float,string-number,string-nonnumber,list,map
form	cli-alias	--god-class-wmc-threshold -> rules.design.god-class.wmcThreshold	int,string-number	refuse		website/docs/usage/cli-options.md:772	DECIDED	documented placeholder `=N` | float: carrier shows integers only; "number vs integer" not settled by any carrier; ADR 0052 row 4 -> refuse a fractional threshold rather than truncate; null: empty value after `=`: no carrier; ADR 0052 row 4 (accepted set closed before analysis) -> refuse; string-number: read from website/docs/getting-started/configuration.md:817-820 - a value arriving on the command line is text by construction and is converted before its shape is judged, so the quoted spelling is accepted on this door	float,null
form	cli-alias	--god-class-lcom-threshold -> rules.design.god-class.lcomThreshold	int,string-number	refuse		website/docs/usage/cli-options.md:773	DECIDED	documented placeholder `=N` | float: carrier shows integers only; "number vs integer" not settled by any carrier; ADR 0052 row 4 -> refuse a fractional threshold rather than truncate; null: empty value after `=`: no carrier; ADR 0052 row 4 (accepted set closed before analysis) -> refuse; string-number: read from website/docs/getting-started/configuration.md:817-820 - a value arriving on the command line is text by construction and is converted before its shape is judged, so the quoted spelling is accepted on this door	float,null
form	cli-alias	--god-class-tcc-threshold -> rules.design.god-class.tccThreshold	int,float,string-number	refuse		website/docs/usage/cli-options.md:774 + website/docs/getting-started/configuration.md:821-840	DECIDED	documented placeholder `=N`; float promised by the continuous-metric carrier (website/docs/getting-started/configuration.md:821-840 — names this key's group explicitly) | null: empty value after `=`: no carrier; ADR 0052 row 4 (accepted set closed before analysis) -> refuse; string-number: read from website/docs/getting-started/configuration.md:817-820 - a value arriving on the command line is text by construction and is converted before its shape is judged, so the quoted spelling is accepted on this door	null
form	cli-alias	--god-class-class-loc-threshold -> rules.design.god-class.classLocThreshold	int,string-number	refuse		website/docs/usage/cli-options.md:775	DECIDED	documented placeholder `=N` | float: carrier shows integers only; "number vs integer" not settled by any carrier; ADR 0052 row 4 -> refuse a fractional threshold rather than truncate; null: empty value after `=`: no carrier; ADR 0052 row 4 (accepted set closed before analysis) -> refuse; string-number: read from website/docs/getting-started/configuration.md:817-820 - a value arriving on the command line is text by construction and is converted before its shape is judged, so the quoted spelling is accepted on this door	float,null
form	cli-alias	--god-class-min-criteria -> rules.design.god-class.minCriteria	int,string-number	refuse		website/docs/usage/cli-options.md:776	DECIDED	documented placeholder `=N` | float: carrier shows integers only; "number vs integer" not settled by any carrier; ADR 0052 row 4 -> refuse a fractional threshold rather than truncate; null: empty value after `=`: no carrier; ADR 0052 row 4 (accepted set closed before analysis) -> refuse; string-number: read from website/docs/getting-started/configuration.md:817-820 - a value arriving on the command line is text by construction and is converted before its shape is judged, so the quoted spelling is accepted on this door	float,null
form	cli-alias	--god-class-min-methods -> rules.design.god-class.minMethods	int,string-number	refuse		website/docs/usage/cli-options.md:777	DECIDED	documented placeholder `=N` | float: carrier shows integers only; "number vs integer" not settled by any carrier; ADR 0052 row 4 -> refuse a fractional threshold rather than truncate; null: empty value after `=`: no carrier; ADR 0052 row 4 (accepted set closed before analysis) -> refuse; string-number: read from website/docs/getting-started/configuration.md:817-820 - a value arriving on the command line is text by construction and is converted before its shape is judged, so the quoted spelling is accepted on this door	float,null
form	cli-alias	--god-class-exclude-readonly -> rules.design.god-class.excludeReadonly		unpromised			DECIDED	ADR 0052: no carrier names this key at all. Round decides by row 4 (the accepted set is closed before analysis): every form other than `~` is refused, exit 3. alias not listed in the CLI options table	bool,int,float,string-number,string-nonnumber,list,map
form	cli-alias	--dit-warning -> rules.design.dit.warning	int,string-number	refuse		website/docs/usage/cli-options.md:733	DECIDED	documented placeholder `=N` | float: carrier shows integers only; "number vs integer" not settled by any carrier; ADR 0052 row 4 -> refuse a fractional threshold rather than truncate; null: empty value after `=`: no carrier; ADR 0052 row 4 (accepted set closed before analysis) -> refuse; string-number: read from website/docs/getting-started/configuration.md:817-820 - a value arriving on the command line is text by construction and is converted before its shape is judged, so the quoted spelling is accepted on this door	float,null
form	cli-alias	--dit-error -> rules.design.dit.error	int,string-number	refuse		website/docs/usage/cli-options.md:734	DECIDED	documented placeholder `=N` | float: carrier shows integers only; "number vs integer" not settled by any carrier; ADR 0052 row 4 -> refuse a fractional threshold rather than truncate; null: empty value after `=`: no carrier; ADR 0052 row 4 (accepted set closed before analysis) -> refuse; string-number: read from website/docs/getting-started/configuration.md:817-820 - a value arriving on the command line is text by construction and is converted before its shape is judged, so the quoted spelling is accepted on this door	float,null
form	cli-alias	--noc-warning -> rules.design.noc.warning	int,string-number	refuse		website/docs/usage/cli-options.md:740	DECIDED	documented placeholder `=N` | float: carrier shows integers only; "number vs integer" not settled by any carrier; ADR 0052 row 4 -> refuse a fractional threshold rather than truncate; null: empty value after `=`: no carrier; ADR 0052 row 4 (accepted set closed before analysis) -> refuse; string-number: read from website/docs/getting-started/configuration.md:817-820 - a value arriving on the command line is text by construction and is converted before its shape is judged, so the quoted spelling is accepted on this door	float,null
form	cli-alias	--noc-error -> rules.design.noc.error	int,string-number	refuse		website/docs/usage/cli-options.md:741	DECIDED	documented placeholder `=N` | float: carrier shows integers only; "number vs integer" not settled by any carrier; ADR 0052 row 4 -> refuse a fractional threshold rather than truncate; null: empty value after `=`: no carrier; ADR 0052 row 4 (accepted set closed before analysis) -> refuse; string-number: read from website/docs/getting-started/configuration.md:817-820 - a value arriving on the command line is text by construction and is converted before its shape is judged, so the quoted spelling is accepted on this door	float,null
form	cli-alias	--param-type-coverage-warning -> rules.design.type-coverage.param.warning	int,float,string-number	refuse		website/docs/usage/cli-options.md:742 + website/docs/getting-started/configuration.md:821-840	DECIDED	documented placeholder `=N`; float promised by the continuous-metric carrier (website/docs/getting-started/configuration.md:821-840 — names this key's group explicitly) | null: empty value after `=`: no carrier; ADR 0052 row 4 (accepted set closed before analysis) -> refuse; string-number: read from website/docs/getting-started/configuration.md:817-820 - a value arriving on the command line is text by construction and is converted before its shape is judged, so the quoted spelling is accepted on this door	null
form	cli-alias	--param-type-coverage-error -> rules.design.type-coverage.param.error	int,float,string-number	refuse		website/docs/usage/cli-options.md:743 + website/docs/getting-started/configuration.md:821-840	DECIDED	documented placeholder `=N`; float promised by the continuous-metric carrier (website/docs/getting-started/configuration.md:821-840 — names this key's group explicitly) | null: empty value after `=`: no carrier; ADR 0052 row 4 (accepted set closed before analysis) -> refuse; string-number: read from website/docs/getting-started/configuration.md:817-820 - a value arriving on the command line is text by construction and is converted before its shape is judged, so the quoted spelling is accepted on this door	null
form	cli-alias	--return-type-coverage-warning -> rules.design.type-coverage.return.warning	int,float,string-number	refuse		website/docs/usage/cli-options.md:744 + website/docs/getting-started/configuration.md:821-840	DECIDED	documented placeholder `=N`; float promised by the continuous-metric carrier (website/docs/getting-started/configuration.md:821-840 — names this key's group explicitly) | null: empty value after `=`: no carrier; ADR 0052 row 4 (accepted set closed before analysis) -> refuse; string-number: read from website/docs/getting-started/configuration.md:817-820 - a value arriving on the command line is text by construction and is converted before its shape is judged, so the quoted spelling is accepted on this door	null
form	cli-alias	--return-type-coverage-error -> rules.design.type-coverage.return.error	int,float,string-number	refuse		website/docs/usage/cli-options.md:745 + website/docs/getting-started/configuration.md:821-840	DECIDED	documented placeholder `=N`; float promised by the continuous-metric carrier (website/docs/getting-started/configuration.md:821-840 — names this key's group explicitly) | null: empty value after `=`: no carrier; ADR 0052 row 4 (accepted set closed before analysis) -> refuse; string-number: read from website/docs/getting-started/configuration.md:817-820 - a value arriving on the command line is text by construction and is converted before its shape is judged, so the quoted spelling is accepted on this door	null
form	cli-alias	--property-type-coverage-warning -> rules.design.type-coverage.property.warning	int,float,string-number	refuse		website/docs/usage/cli-options.md:746 + website/docs/getting-started/configuration.md:821-840	DECIDED	documented placeholder `=N`; float promised by the continuous-metric carrier (website/docs/getting-started/configuration.md:821-840 — names this key's group explicitly) | null: empty value after `=`: no carrier; ADR 0052 row 4 (accepted set closed before analysis) -> refuse; string-number: read from website/docs/getting-started/configuration.md:817-820 - a value arriving on the command line is text by construction and is converted before its shape is judged, so the quoted spelling is accepted on this door	null
form	cli-alias	--property-type-coverage-error -> rules.design.type-coverage.property.error	int,float,string-number	refuse		website/docs/usage/cli-options.md:747 + website/docs/getting-started/configuration.md:821-840	DECIDED	documented placeholder `=N`; float promised by the continuous-metric carrier (website/docs/getting-started/configuration.md:821-840 — names this key's group explicitly) | null: empty value after `=`: no carrier; ADR 0052 row 4 (accepted set closed before analysis) -> refuse; string-number: read from website/docs/getting-started/configuration.md:817-820 - a value arriving on the command line is text by construction and is converted before its shape is judged, so the quoted spelling is accepted on this door	null
form	cli-alias	--mi-warning -> rules.maintainability.mi.warning	int,float,string-number	refuse		website/docs/usage/cli-options.md:755 + website/docs/getting-started/configuration.md:821-840	DECIDED	documented placeholder `=N`; float promised by the continuous-metric carrier (website/docs/getting-started/configuration.md:821-840 — names this key's group explicitly) | null: empty value after `=`: no carrier; ADR 0052 row 4 (accepted set closed before analysis) -> refuse; string-number: read from website/docs/getting-started/configuration.md:817-820 - a value arriving on the command line is text by construction and is converted before its shape is judged, so the quoted spelling is accepted on this door	null
form	cli-alias	--mi-error -> rules.maintainability.mi.error	int,float,string-number	refuse		website/docs/usage/cli-options.md:756 + website/docs/getting-started/configuration.md:821-840	DECIDED	documented placeholder `=N`; float promised by the continuous-metric carrier (website/docs/getting-started/configuration.md:821-840 — names this key's group explicitly) | null: empty value after `=`: no carrier; ADR 0052 row 4 (accepted set closed before analysis) -> refuse; string-number: read from website/docs/getting-started/configuration.md:817-820 - a value arriving on the command line is text by construction and is converted before its shape is judged, so the quoted spelling is accepted on this door	null
form	cli-alias	--mi-exclude-tests -> rules.maintainability.mi.excludeTests		unpromised			DECIDED	ADR 0052: no carrier names this key at all. Round decides by row 4 (the accepted set is closed before analysis): every form other than `~` is refused, exit 3. alias not listed in the CLI options table	bool,int,float,string-number,string-nonnumber,list,map
form	cli-alias	--mi-min-statements -> rules.maintainability.mi.minStatements	int,string-number	refuse		website/docs/usage/cli-options.md:757	DECIDED	documented placeholder `=N` | float: carrier shows integers only; "number vs integer" not settled by any carrier; ADR 0052 row 4 -> refuse a fractional threshold rather than truncate; null: empty value after `=`: no carrier; ADR 0052 row 4 (accepted set closed before analysis) -> refuse; string-number: read from website/docs/getting-started/configuration.md:817-820 - a value arriving on the command line is text by construction and is converted before its shape is judged, so the quoted spelling is accepted on this door	float,null
form	cli-alias	--class-count-warning -> rules.size.class-count.warning	int,string-number	refuse		website/docs/usage/cli-options.md:722	DECIDED	documented placeholder `=N` | float: carrier shows integers only; "number vs integer" not settled by any carrier; ADR 0052 row 4 -> refuse a fractional threshold rather than truncate; null: empty value after `=`: no carrier; ADR 0052 row 4 (accepted set closed before analysis) -> refuse; string-number: read from website/docs/getting-started/configuration.md:817-820 - a value arriving on the command line is text by construction and is converted before its shape is judged, so the quoted spelling is accepted on this door	float,null
form	cli-alias	--class-count-error -> rules.size.class-count.error	int,string-number	refuse		website/docs/usage/cli-options.md:723	DECIDED	documented placeholder `=N` | float: carrier shows integers only; "number vs integer" not settled by any carrier; ADR 0052 row 4 -> refuse a fractional threshold rather than truncate; null: empty value after `=`: no carrier; ADR 0052 row 4 (accepted set closed before analysis) -> refuse; string-number: read from website/docs/getting-started/configuration.md:817-820 - a value arriving on the command line is text by construction and is converted before its shape is judged, so the quoted spelling is accepted on this door	float,null
form	cli-alias	--method-count-warning -> rules.size.method-count.warning	int,string-number	refuse		website/docs/usage/cli-options.md:724	DECIDED	documented placeholder `=N` | float: carrier shows integers only; "number vs integer" not settled by any carrier; ADR 0052 row 4 -> refuse a fractional threshold rather than truncate; null: empty value after `=`: no carrier; ADR 0052 row 4 (accepted set closed before analysis) -> refuse; string-number: read from website/docs/getting-started/configuration.md:817-820 - a value arriving on the command line is text by construction and is converted before its shape is judged, so the quoted spelling is accepted on this door	float,null
form	cli-alias	--method-count-error -> rules.size.method-count.error	int,string-number	refuse		website/docs/usage/cli-options.md:725	DECIDED	documented placeholder `=N` | float: carrier shows integers only; "number vs integer" not settled by any carrier; ADR 0052 row 4 -> refuse a fractional threshold rather than truncate; null: empty value after `=`: no carrier; ADR 0052 row 4 (accepted set closed before analysis) -> refuse; string-number: read from website/docs/getting-started/configuration.md:817-820 - a value arriving on the command line is text by construction and is converted before its shape is judged, so the quoted spelling is accepted on this door	float,null
form	cli-alias	--property-count-warning -> rules.size.property-count.warning	int,string-number	refuse		website/docs/usage/cli-options.md:726	DECIDED	documented placeholder `=N` | CLI door carries scalar text only (website/docs/usage/cli-options.md:669-674) | float: carrier shows integers only; "number vs integer" not settled by any carrier; ADR 0052 row 4 -> refuse a fractional threshold rather than truncate; null: empty value after `=`: no carrier; ADR 0052 row 4 (accepted set closed before analysis) -> refuse; string-number: read from website/docs/getting-started/configuration.md:817-820 - a value arriving on the command line is text by construction and is converted before its shape is judged, so the quoted spelling is accepted on this door	bool,float,string-nonnumber,list,map,null
form	cli-alias	--property-count-error -> rules.size.property-count.error	int,string-number	refuse		website/docs/usage/cli-options.md:727	DECIDED	documented placeholder `=N` | CLI door carries scalar text only (website/docs/usage/cli-options.md:669-674) | float: carrier shows integers only; "number vs integer" not settled by any carrier; ADR 0052 row 4 -> refuse a fractional threshold rather than truncate; null: empty value after `=`: no carrier; ADR 0052 row 4 (accepted set closed before analysis) -> refuse; string-number: read from website/docs/getting-started/configuration.md:817-820 - a value arriving on the command line is text by construction and is converted before its shape is judged, so the quoted spelling is accepted on this door	bool,float,string-nonnumber,list,map,null
form	cli-alias	--property-exclude-readonly -> rules.size.property-count.excludeReadonly		unpromised			DECIDED	ADR 0052: no carrier names this key at all. Round decides by row 4 (the accepted set is closed before analysis): every form other than `~` is refused, exit 3. alias not listed in the CLI options table	bool,int,float,string-number,string-nonnumber,list,map
form	cli-alias	--property-exclude-promoted-only -> rules.size.property-count.excludePromotedOnly		unpromised			DECIDED	ADR 0052: no carrier names this key at all. Round decides by row 4 (the accepted set is closed before analysis): every form other than `~` is refused, exit 3. alias not listed in the CLI options table	bool,int,float,string-number,string-nonnumber,list,map
form	cli-alias	--layer-violation -> rules.architecture.layer-violation.enabled		unpromised			DECIDED	ADR 0052: no carrier names this key at all. Round decides by row 4 (the accepted set is closed before analysis): every form other than `~` is refused, exit 3. alias not listed in the CLI options table	bool,int,float,string-number,string-nonnumber,list,map
form	cli-alias	--layer-violation-severity -> rules.architecture.layer-violation.severity	string-nonnumber	refuse		website/docs/usage/cli-options.md:793	DECIDED	documented placeholder `=SEVERITY` | null: empty value after `=`: no carrier; ADR 0052 row 4 (accepted set closed before analysis) -> refuse; string-number: website/docs/getting-started/configuration.md:806-807 makes a quoted digit string shape-VALID here (`a string` / `a non-empty string` accepts it), so the shape section does NOT refuse it; what refuses is the value set of this key, which no carrier states as a shape question; ADR 0052 row 4 still decides -> refuse	null,string-number
form	cli-alias	--unassigned-class-mode -> rules.architecture.unassigned-class.mode	string-nonnumber	refuse		website/docs/usage/cli-options.md:794	DECIDED	documented placeholder `=MODE` | null: empty value after `=`: no carrier; ADR 0052 row 4 (accepted set closed before analysis) -> refuse; string-number: website/docs/getting-started/configuration.md:806-807 makes a quoted digit string shape-VALID here (`a string` / `a non-empty string` accepts it), so the shape section does NOT refuse it; what refuses is the value set of this key, which no carrier states as a shape question; ADR 0052 row 4 still decides -> refuse	null,string-number
form	cli-alias	--circular-deps -> rules.architecture.circular-dependency.enabled		unpromised			DECIDED	ADR 0052: no carrier names this key at all. Round decides by row 4 (the accepted set is closed before analysis): every form other than `~` is refused, exit 3. alias not listed in the CLI options table	bool,int,float,string-number,string-nonnumber,list,map
form	cli-alias	--max-cycle-size -> rules.architecture.circular-dependency.maxCycleSize	int,string-number	refuse		website/docs/usage/cli-options.md:791	DECIDED	documented placeholder `=N` | float: carrier shows integers only; "number vs integer" not settled by any carrier; ADR 0052 row 4 -> refuse a fractional threshold rather than truncate; null: empty value after `=`: no carrier; ADR 0052 row 4 (accepted set closed before analysis) -> refuse; string-number: read from website/docs/getting-started/configuration.md:817-820 - a value arriving on the command line is text by construction and is converted before its shape is judged, so the quoted spelling is accepted on this door	float,null
form	yaml	paths	null,list	default		website/docs/getting-started/configuration.md:26 + website/docs/getting-started/configuration.md:860-864	PROMISED	axis D (outside `rules:`); form from documented example | null: read from website/docs/getting-started/configuration.md:862-864 - a key written with no value, `key:` or the explicit `key: ~`, means the default is taken for that key's own value, "at every depth and in every section"; its own example writes `cache: ~` and `coupling: ~`, roots outside `rules:` (website/docs/getting-started/configuration.md:867-868). The narrowing the same section introduces does not reach this row: website/docs/getting-started/configuration.md:877 scopes it to `rules:` in so many words | complement refused by website/docs/getting-started/configuration.md:781-791: the shape contract names «the roots, the sections» explicitly, so it reaches axis D and not only the `rules:` subtree	
form	cli-root	paths		refuse		website/docs/getting-started/configuration.md:26	DECIDED	axis D (outside `rules:`); form from documented example | a container value is not writable on this door at all (website/docs/usage/cli-options.md:669-674); only a deeper scalar path is | null: empty value after `=`: no carrier; ADR 0052 row 4 (accepted set closed before analysis) -> refuse	null
form	yaml	exclude	null,list	default		website/docs/getting-started/configuration.md:38 + website/docs/getting-started/configuration.md:860-864	PROMISED	axis D (outside `rules:`); form from documented example | null: read from website/docs/getting-started/configuration.md:862-864 - a key written with no value, `key:` or the explicit `key: ~`, means the default is taken for that key's own value, "at every depth and in every section"; its own example writes `cache: ~` and `coupling: ~`, roots outside `rules:` (website/docs/getting-started/configuration.md:867-868). The narrowing the same section introduces does not reach this row: website/docs/getting-started/configuration.md:877 scopes it to `rules:` in so many words | complement refused by website/docs/getting-started/configuration.md:781-791: the shape contract names «the roots, the sections» explicitly, so it reaches axis D and not only the `rules:` subtree	
form	cli-root	exclude		refuse		website/docs/getting-started/configuration.md:38	DECIDED	axis D (outside `rules:`); form from documented example | a container value is not writable on this door at all (website/docs/usage/cli-options.md:669-674); only a deeper scalar path is | null: empty value after `=`: no carrier; ADR 0052 row 4 (accepted set closed before analysis) -> refuse	null
form	yaml	format	null,string-nonnumber	default		website/docs/getting-started/configuration.md:517 + website/docs/getting-started/configuration.md:860-864	DECIDED	axis D (outside `rules:`); form from documented example | null: read from website/docs/getting-started/configuration.md:862-864 - a key written with no value, `key:` or the explicit `key: ~`, means the default is taken for that key's own value, "at every depth and in every section"; its own example writes `cache: ~` and `coupling: ~`, roots outside `rules:` (website/docs/getting-started/configuration.md:867-868). The narrowing the same section introduces does not reach this row: website/docs/getting-started/configuration.md:877 scopes it to `rules:` in so many words; string-number: website/docs/getting-started/configuration.md:806-807 makes a quoted digit string shape-VALID here (`a string` / `a non-empty string` accepts it), so the shape section does NOT refuse it; what refuses is the value set of this key, which no carrier states as a shape question; ADR 0052 row 4 still decides -> refuse | complement refused by website/docs/getting-started/configuration.md:781-791: the shape contract names «the roots, the sections» explicitly, so it reaches axis D and not only the `rules:` subtree	string-number
form	cli-root	format	string-nonnumber	refuse		website/docs/getting-started/configuration.md:517	DECIDED	axis D (outside `rules:`); form from documented example | null: read from website/docs/getting-started/configuration.md:855-858 - the empty string is a shape of its own and is refused wherever a non-empty value is required, with `--fail-on=`, `--format=`, `--cache-dir=` and `--memory-limit=` named there; string-number: website/docs/getting-started/configuration.md:806-807 makes a quoted digit string shape-VALID here (`a string` / `a non-empty string` accepts it), so the shape section does NOT refuse it; what refuses is the value set of this key, which no carrier states as a shape question; ADR 0052 row 4 still decides -> refuse	string-number
form	yaml	disabled_rules	null,list	default		website/docs/getting-started/configuration.md:426 + website/docs/getting-started/configuration.md:860-864	PROMISED	axis D (outside `rules:`); form from documented example | null: read from website/docs/getting-started/configuration.md:862-864 - a key written with no value, `key:` or the explicit `key: ~`, means the default is taken for that key's own value, "at every depth and in every section"; its own example writes `cache: ~` and `coupling: ~`, roots outside `rules:` (website/docs/getting-started/configuration.md:867-868). The narrowing the same section introduces does not reach this row: website/docs/getting-started/configuration.md:877 scopes it to `rules:` in so many words | complement refused by website/docs/getting-started/configuration.md:781-791: the shape contract names «the roots, the sections» explicitly, so it reaches axis D and not only the `rules:` subtree	
form	cli-root	disabled_rules		refuse		website/docs/getting-started/configuration.md:426	DECIDED	axis D (outside `rules:`); form from documented example | a container value is not writable on this door at all (website/docs/usage/cli-options.md:669-674); only a deeper scalar path is | null: empty value after `=`: no carrier; ADR 0052 row 4 (accepted set closed before analysis) -> refuse	null
form	yaml	only_rules	null,list	default		website/docs/usage/usage-scenarios.md:23 + website/docs/getting-started/configuration.md:860-864	PROMISED	axis D (outside `rules:`); form from documented example | null: read from website/docs/getting-started/configuration.md:862-864 - a key written with no value, `key:` or the explicit `key: ~`, means the default is taken for that key's own value, "at every depth and in every section"; its own example writes `cache: ~` and `coupling: ~`, roots outside `rules:` (website/docs/getting-started/configuration.md:867-868). The narrowing the same section introduces does not reach this row: website/docs/getting-started/configuration.md:877 scopes it to `rules:` in so many words | complement refused by website/docs/getting-started/configuration.md:781-791: the shape contract names «the roots, the sections» explicitly, so it reaches axis D and not only the `rules:` subtree	
form	cli-root	only_rules		refuse		website/docs/usage/usage-scenarios.md:23	DECIDED	axis D (outside `rules:`); form from documented example | a container value is not writable on this door at all (website/docs/usage/cli-options.md:669-674); only a deeper scalar path is | null: empty value after `=`: no carrier; ADR 0052 row 4 (accepted set closed before analysis) -> refuse	null
form	yaml	suppress_paths	null,list	default		website/docs/getting-started/configuration.md:58 + website/docs/getting-started/configuration.md:860-864	PROMISED	axis D (outside `rules:`); form from documented example | CLI door bypasses the configuration adapter and writes straight into Reporting (02 §5) | null: read from website/docs/getting-started/configuration.md:862-864 - a key written with no value, `key:` or the explicit `key: ~`, means the default is taken for that key's own value, "at every depth and in every section"; its own example writes `cache: ~` and `coupling: ~`, roots outside `rules:` (website/docs/getting-started/configuration.md:867-868). The narrowing the same section introduces does not reach this row: website/docs/getting-started/configuration.md:877 scopes it to `rules:` in so many words | complement refused by website/docs/getting-started/configuration.md:781-791: the shape contract names «the roots, the sections» explicitly, so it reaches axis D and not only the `rules:` subtree	
form	cli-root	suppress_paths		refuse		website/docs/getting-started/configuration.md:58	DECIDED	axis D (outside `rules:`); form from documented example | CLI door bypasses the configuration adapter and writes straight into Reporting (02 §5) | a container value is not writable on this door at all (website/docs/usage/cli-options.md:669-674); only a deeper scalar path is | null: empty value after `=`: no carrier; ADR 0052 row 4 (accepted set closed before analysis) -> refuse	null
form	yaml	suppress_namespaces	null,list	default		website/docs/getting-started/configuration.md:94 + website/docs/getting-started/configuration.md:860-864	PROMISED	axis D (outside `rules:`); form from documented example | CLI door bypasses the configuration adapter and writes straight into Reporting (02 §5) | null: read from website/docs/getting-started/configuration.md:862-864 - a key written with no value, `key:` or the explicit `key: ~`, means the default is taken for that key's own value, "at every depth and in every section"; its own example writes `cache: ~` and `coupling: ~`, roots outside `rules:` (website/docs/getting-started/configuration.md:867-868). The narrowing the same section introduces does not reach this row: website/docs/getting-started/configuration.md:877 scopes it to `rules:` in so many words | complement refused by website/docs/getting-started/configuration.md:781-791: the shape contract names «the roots, the sections» explicitly, so it reaches axis D and not only the `rules:` subtree	
form	cli-root	suppress_namespaces		refuse		website/docs/getting-started/configuration.md:94	DECIDED	axis D (outside `rules:`); form from documented example | CLI door bypasses the configuration adapter and writes straight into Reporting (02 §5) | a container value is not writable on this door at all (website/docs/usage/cli-options.md:669-674); only a deeper scalar path is | null: empty value after `=`: no carrier; ADR 0052 row 4 (accepted set closed before analysis) -> refuse	null
form	yaml	fail_on	null,string-nonnumber	default		website/docs/usage/cli-options.md:192 + website/docs/getting-started/configuration.md:860-864	DECIDED	axis D (outside `rules:`); form from documented example | null: read from website/docs/getting-started/configuration.md:862-864 - a key written with no value, `key:` or the explicit `key: ~`, means the default is taken for that key's own value, "at every depth and in every section"; its own example writes `cache: ~` and `coupling: ~`, roots outside `rules:` (website/docs/getting-started/configuration.md:867-868). The narrowing the same section introduces does not reach this row: website/docs/getting-started/configuration.md:877 scopes it to `rules:` in so many words; string-number: website/docs/getting-started/configuration.md:806-807 makes a quoted digit string shape-VALID here (`a string` / `a non-empty string` accepts it), so the shape section does NOT refuse it; what refuses is the value set of this key, which no carrier states as a shape question; ADR 0052 row 4 still decides -> refuse | complement refused by website/docs/getting-started/configuration.md:781-791: the shape contract names «the roots, the sections» explicitly, so it reaches axis D and not only the `rules:` subtree	string-number
form	cli-root	fail_on	string-nonnumber	refuse		website/docs/usage/cli-options.md:192	DECIDED	axis D (outside `rules:`); form from documented example | null: read from website/docs/getting-started/configuration.md:855-858 - the empty string is a shape of its own and is refused wherever a non-empty value is required, with `--fail-on=`, `--format=`, `--cache-dir=` and `--memory-limit=` named there; string-number: website/docs/getting-started/configuration.md:806-807 makes a quoted digit string shape-VALID here (`a string` / `a non-empty string` accepts it), so the shape section does NOT refuse it; what refuses is the value set of this key, which no carrier states as a shape question; ADR 0052 row 4 still decides -> refuse	string-number
form	yaml	cache	null,map	default		website/docs/getting-started/configuration.md:527 + website/docs/getting-started/configuration.md:860-864	PROMISED	axis D (outside `rules:`); form from documented example | null: read from website/docs/getting-started/configuration.md:862-864 - a key written with no value, `key:` or the explicit `key: ~`, means the default is taken for that key's own value, "at every depth and in every section"; its own example writes `cache: ~` and `coupling: ~`, roots outside `rules:` (website/docs/getting-started/configuration.md:867-868). The narrowing the same section introduces does not reach this row: website/docs/getting-started/configuration.md:877 scopes it to `rules:` in so many words | complement refused by website/docs/getting-started/configuration.md:781-791: the shape contract names «the roots, the sections» explicitly, so it reaches axis D and not only the `rules:` subtree	
form	yaml	cache.dir	null,string-nonnumber,string-number	default		website/docs/getting-started/configuration.md:529 + website/docs/getting-started/configuration.md:860-864 + website/docs/getting-started/configuration.md:532-534	DECIDED	axis D (outside `rules:`); form from documented example | null: read from website/docs/getting-started/configuration.md:862-864 - a key written with no value, `key:` or the explicit `key: ~`, means the default is taken for that key's own value, "at every depth and in every section"; its own example writes `cache: ~` and `coupling: ~`, roots outside `rules:` (website/docs/getting-started/configuration.md:867-868). The narrowing the same section introduces does not reach this row: website/docs/getting-started/configuration.md:877 scopes it to `rules:` in so many words; string-number: website/docs/getting-started/configuration.md:532-534 says a directory name made only of digits is a directory name like any other, and names the quoting the YAML door needs for it -> accept | complement refused by website/docs/getting-started/configuration.md:781-791: the shape contract names «the roots, the sections» explicitly, so it reaches axis D and not only the `rules:` subtree	
form	cli-root	cache.dir	string-nonnumber	refuse		website/docs/getting-started/configuration.md:529	DECIDED	axis D (outside `rules:`); form from documented example | null: read from website/docs/getting-started/configuration.md:855-858 - the empty string is a shape of its own and is refused wherever a non-empty value is required, with `--fail-on=`, `--format=`, `--cache-dir=` and `--memory-limit=` named there; string-number: website/docs/getting-started/configuration.md:806-807 makes a quoted digit string shape-VALID here (`a string` / `a non-empty string` accepts it), so the shape section does NOT refuse it; what refuses is the value set of this key, which no carrier states as a shape question; ADR 0052 row 4 still decides -> refuse	string-number
form	yaml	cache.enabled	null,bool	default		website/docs/getting-started/configuration.md:528 + website/docs/getting-started/configuration.md:860-864	PROMISED	axis D (outside `rules:`); form from documented example | null: read from website/docs/getting-started/configuration.md:862-864 - a key written with no value, `key:` or the explicit `key: ~`, means the default is taken for that key's own value, "at every depth and in every section"; its own example writes `cache: ~` and `coupling: ~`, roots outside `rules:` (website/docs/getting-started/configuration.md:867-868). The narrowing the same section introduces does not reach this row: website/docs/getting-started/configuration.md:877 scopes it to `rules:` in so many words; string-nonnumber: read from website/docs/getting-started/configuration.md:803 - a boolean accepts `true` / `false`; a quoted `"false"` is a string, and a value of another shape ends the run with exit code 3 (website/docs/getting-started/configuration.md:786-791); string-number: read from website/docs/getting-started/configuration.md:803 - a boolean accepts `true` / `false`; `1`-as-string is a string, and a value of another shape ends the run with exit code 3 (website/docs/getting-started/configuration.md:786-791) | complement refused by website/docs/getting-started/configuration.md:781-791: the shape contract names «the roots, the sections» explicitly, so it reaches axis D and not only the `rules:` subtree	
form	cli-root	cache.enabled	bool	refuse		website/docs/getting-started/configuration.md:528	DECIDED	axis D (outside `rules:`); form from documented example | null: empty value after `=`: no carrier; ADR 0052 row 4 (accepted set closed before analysis) -> refuse; string-nonnumber: read from website/docs/getting-started/configuration.md:803 + website/docs/getting-started/configuration.md:817-820 - the text is converted before its shape is judged, and a word that is neither `true` nor `false` is not a boolean; string-number: read from website/docs/getting-started/configuration.md:803 + website/docs/getting-started/configuration.md:817-820 - the text is converted before its shape is judged, so `1` arrives as a number exactly as `25` does, and a number is not one of the two words a boolean accepts (website/docs/getting-started/configuration.md:803)	null
form	yaml	parallel	null,map	default		website/docs/getting-started/configuration.md:543 + website/docs/getting-started/configuration.md:860-864	PROMISED	axis D (outside `rules:`); form from documented example | null: read from website/docs/getting-started/configuration.md:862-864 - a key written with no value, `key:` or the explicit `key: ~`, means the default is taken for that key's own value, "at every depth and in every section"; its own example writes `cache: ~` and `coupling: ~`, roots outside `rules:` (website/docs/getting-started/configuration.md:867-868). The narrowing the same section introduces does not reach this row: website/docs/getting-started/configuration.md:877 scopes it to `rules:` in so many words | complement refused by website/docs/getting-started/configuration.md:781-791: the shape contract names «the roots, the sections» explicitly, so it reaches axis D and not only the `rules:` subtree	
form	yaml	parallel.workers	null,int	default		website/docs/getting-started/configuration.md:544 + website/docs/getting-started/configuration.md:860-864	DECIDED	axis D (outside `rules:`); form from documented example | float: carrier shows integers only; "number vs integer" not settled by any carrier; ADR 0052 row 4 -> refuse a fractional threshold rather than truncate; null: read from website/docs/getting-started/configuration.md:862-864 - a key written with no value, `key:` or the explicit `key: ~`, means the default is taken for that key's own value, "at every depth and in every section"; its own example writes `cache: ~` and `coupling: ~`, roots outside `rules:` (website/docs/getting-started/configuration.md:867-868). The narrowing the same section introduces does not reach this row: website/docs/getting-started/configuration.md:877 scopes it to `rules:` in so many words; string-number: read from website/docs/getting-started/configuration.md:804 + website/docs/getting-started/configuration.md:815-816 - a quoted number is a string and a whole number does not accept `"15"`; a value of another shape ends the run with exit code 3 (website/docs/getting-started/configuration.md:786-791) | complement refused by website/docs/getting-started/configuration.md:781-791: the shape contract names «the roots, the sections» explicitly, so it reaches axis D and not only the `rules:` subtree	float
form	cli-root	parallel.workers	int,string-number	refuse		website/docs/getting-started/configuration.md:544	DECIDED	axis D (outside `rules:`); form from documented example | float: carrier shows integers only; "number vs integer" not settled by any carrier; ADR 0052 row 4 -> refuse a fractional threshold rather than truncate; null: empty value after `=`: no carrier; ADR 0052 row 4 (accepted set closed before analysis) -> refuse; string-number: read from website/docs/getting-started/configuration.md:817-820 - a value arriving on the command line is text by construction and is converted before its shape is judged, so the quoted spelling is accepted on this door	float,null
form	yaml	coupling	null,map	default		website/docs/getting-started/configuration.md:566 + website/docs/getting-started/configuration.md:860-864	PROMISED	axis D (outside `rules:`); form from documented example | null: read from website/docs/getting-started/configuration.md:862-864 - a key written with no value, `key:` or the explicit `key: ~`, means the default is taken for that key's own value, "at every depth and in every section"; its own example writes `cache: ~` and `coupling: ~`, roots outside `rules:` (website/docs/getting-started/configuration.md:867-868). The narrowing the same section introduces does not reach this row: website/docs/getting-started/configuration.md:877 scopes it to `rules:` in so many words | complement refused by website/docs/getting-started/configuration.md:781-791: the shape contract names «the roots, the sections» explicitly, so it reaches axis D and not only the `rules:` subtree	
form	yaml	coupling.framework_namespaces	null,list	default		website/docs/getting-started/configuration.md:567 + website/docs/getting-started/configuration.md:860-864	PROMISED	axis D (outside `rules:`); form from documented example | null: read from website/docs/getting-started/configuration.md:862-864 - a key written with no value, `key:` or the explicit `key: ~`, means the default is taken for that key's own value, "at every depth and in every section"; its own example writes `cache: ~` and `coupling: ~`, roots outside `rules:` (website/docs/getting-started/configuration.md:867-868). The narrowing the same section introduces does not reach this row: website/docs/getting-started/configuration.md:877 scopes it to `rules:` in so many words | complement refused by website/docs/getting-started/configuration.md:781-791: the shape contract names «the roots, the sections» explicitly, so it reaches axis D and not only the `rules:` subtree	
form	yaml	include_generated	null,bool	default		website/docs/usage/cli-options.md:62 + website/docs/getting-started/configuration.md:860-864	PROMISED	axis D (outside `rules:`); form from documented example | null: read from website/docs/getting-started/configuration.md:862-864 - a key written with no value, `key:` or the explicit `key: ~`, means the default is taken for that key's own value, "at every depth and in every section"; its own example writes `cache: ~` and `coupling: ~`, roots outside `rules:` (website/docs/getting-started/configuration.md:867-868). The narrowing the same section introduces does not reach this row: website/docs/getting-started/configuration.md:877 scopes it to `rules:` in so many words; string-nonnumber: read from website/docs/getting-started/configuration.md:803 - a boolean accepts `true` / `false`; a quoted `"false"` is a string, and a value of another shape ends the run with exit code 3 (website/docs/getting-started/configuration.md:786-791); string-number: read from website/docs/getting-started/configuration.md:803 - a boolean accepts `true` / `false`; `1`-as-string is a string, and a value of another shape ends the run with exit code 3 (website/docs/getting-started/configuration.md:786-791) | complement refused by website/docs/getting-started/configuration.md:781-791: the shape contract names «the roots, the sections» explicitly, so it reaches axis D and not only the `rules:` subtree	
form	cli-root	include_generated	bool	refuse		website/docs/usage/cli-options.md:62	DECIDED	axis D (outside `rules:`); form from documented example | null: empty value after `=`: no carrier; ADR 0052 row 4 (accepted set closed before analysis) -> refuse; string-nonnumber: read from website/docs/getting-started/configuration.md:803 + website/docs/getting-started/configuration.md:817-820 - the text is converted before its shape is judged, and a word that is neither `true` nor `false` is not a boolean; string-number: read from website/docs/getting-started/configuration.md:803 + website/docs/getting-started/configuration.md:817-820 - the text is converted before its shape is judged, so `1` arrives as a number exactly as `25` does, and a number is not one of the two words a boolean accepts (website/docs/getting-started/configuration.md:803)	null
form	yaml	memory_limit	null,string-nonnumber	default		website/docs/getting-started/configuration.md:506 + website/docs/getting-started/configuration.md:860-864	DECIDED	axis D (outside `rules:`); form from documented example | null: read from website/docs/getting-started/configuration.md:862-864 - a key written with no value, `key:` or the explicit `key: ~`, means the default is taken for that key's own value, "at every depth and in every section"; its own example writes `cache: ~` and `coupling: ~`, roots outside `rules:` (website/docs/getting-started/configuration.md:867-868). The narrowing the same section introduces does not reach this row: website/docs/getting-started/configuration.md:877 scopes it to `rules:` in so many words; string-number: website/docs/getting-started/configuration.md:806-807 makes a quoted digit string shape-VALID here (`a string` / `a non-empty string` accepts it), so the shape section does NOT refuse it; what refuses is the value set of this key, which no carrier states as a shape question; ADR 0052 row 4 still decides -> refuse | complement refused by website/docs/getting-started/configuration.md:781-791: the shape contract names «the roots, the sections» explicitly, so it reaches axis D and not only the `rules:` subtree	string-number
form	cli-root	memory_limit	string-nonnumber	refuse		website/docs/getting-started/configuration.md:506	DECIDED	axis D (outside `rules:`); form from documented example | null: read from website/docs/getting-started/configuration.md:855-858 - the empty string is a shape of its own and is refused wherever a non-empty value is required, with `--fail-on=`, `--format=`, `--cache-dir=` and `--memory-limit=` named there; string-number: website/docs/getting-started/configuration.md:806-807 makes a quoted digit string shape-VALID here (`a string` / `a non-empty string` accepts it), so the shape section does NOT refuse it; what refuses is the value set of this key, which no carrier states as a shape question; ADR 0052 row 4 still decides -> refuse	string-number
form	yaml	architecture	null,map	default		website/docs/getting-started/configuration.md:587 + website/docs/getting-started/configuration.md:860-864	PROMISED	axis D (outside `rules:`); form from documented example | null: read from website/docs/getting-started/configuration.md:862-864 - a key written with no value, `key:` or the explicit `key: ~`, means the default is taken for that key's own value, "at every depth and in every section"; its own example writes `cache: ~` and `coupling: ~`, roots outside `rules:` (website/docs/getting-started/configuration.md:867-868). The narrowing the same section introduces does not reach this row: website/docs/getting-started/configuration.md:877 scopes it to `rules:` in so many words | complement refused by website/docs/getting-started/configuration.md:781-791: the shape contract names «the roots, the sections» explicitly, so it reaches axis D and not only the `rules:` subtree	
form	yaml	architecture.layers	null,list	default		website/docs/getting-started/configuration.md:588 + website/docs/getting-started/configuration.md:860-864	PROMISED	axis D (outside `rules:`); form from documented example | null: read from website/docs/getting-started/configuration.md:862-864 - a key written with no value, `key:` or the explicit `key: ~`, means the default is taken for that key's own value, "at every depth and in every section"; its own example writes `cache: ~` and `coupling: ~`, roots outside `rules:` (website/docs/getting-started/configuration.md:867-868). The narrowing the same section introduces does not reach this row: website/docs/getting-started/configuration.md:877 scopes it to `rules:` in so many words | complement refused by website/docs/getting-started/configuration.md:781-791: the shape contract names «the roots, the sections» explicitly, so it reaches axis D and not only the `rules:` subtree	
form	yaml	architecture.allow	null,map	default		website/docs/getting-started/configuration.md:594 + website/docs/getting-started/configuration.md:860-864	PROMISED	axis D (outside `rules:`); form from documented example | null: read from website/docs/getting-started/configuration.md:862-864 - a key written with no value, `key:` or the explicit `key: ~`, means the default is taken for that key's own value, "at every depth and in every section"; its own example writes `cache: ~` and `coupling: ~`, roots outside `rules:` (website/docs/getting-started/configuration.md:867-868). The narrowing the same section introduces does not reach this row: website/docs/getting-started/configuration.md:877 scopes it to `rules:` in so many words | complement refused by website/docs/getting-started/configuration.md:781-791: the shape contract names «the roots, the sections» explicitly, so it reaches axis D and not only the `rules:` subtree	
form	yaml	architecture.coverage-gap	null,string-nonnumber	default		website/docs/getting-started/configuration.md:600 + website/docs/getting-started/configuration.md:860-864	DECIDED	axis D (outside `rules:`); form from documented example | null: read from website/docs/getting-started/configuration.md:862-864 - a key written with no value, `key:` or the explicit `key: ~`, means the default is taken for that key's own value, "at every depth and in every section"; its own example writes `cache: ~` and `coupling: ~`, roots outside `rules:` (website/docs/getting-started/configuration.md:867-868). The narrowing the same section introduces does not reach this row: website/docs/getting-started/configuration.md:877 scopes it to `rules:` in so many words; string-number: website/docs/getting-started/configuration.md:806-807 makes a quoted digit string shape-VALID here (`a string` / `a non-empty string` accepts it), so the shape section does NOT refuse it; what refuses is the value set of this key, which no carrier states as a shape question; ADR 0052 row 4 still decides -> refuse | complement refused by website/docs/getting-started/configuration.md:781-791: the shape contract names «the roots, the sections» explicitly, so it reaches axis D and not only the `rules:` subtree	string-number
form	yaml	architecture.max_expanded_layers	null,int	default		website/docs/getting-started/configuration.md:601 + website/docs/getting-started/configuration.md:860-864	DECIDED	axis D (outside `rules:`); form from documented example | float: carrier shows integers only; "number vs integer" not settled by any carrier; ADR 0052 row 4 -> refuse a fractional threshold rather than truncate; null: read from website/docs/getting-started/configuration.md:862-864 - a key written with no value, `key:` or the explicit `key: ~`, means the default is taken for that key's own value, "at every depth and in every section"; its own example writes `cache: ~` and `coupling: ~`, roots outside `rules:` (website/docs/getting-started/configuration.md:867-868). The narrowing the same section introduces does not reach this row: website/docs/getting-started/configuration.md:877 scopes it to `rules:` in so many words; string-number: read from website/docs/getting-started/configuration.md:804 + website/docs/getting-started/configuration.md:815-816 - a quoted number is a string and a whole number does not accept `"15"`; a value of another shape ends the run with exit code 3 (website/docs/getting-started/configuration.md:786-791) | complement refused by website/docs/getting-started/configuration.md:781-791: the shape contract names «the roots, the sections» explicitly, so it reaches axis D and not only the `rules:` subtree	float
form	yaml	architecture.layers[*].name	null,string-nonnumber	default		website/docs/rules/architecture.md:249 + website/docs/getting-started/configuration.md:860-864	DECIDED	axis D (outside `rules:`); form from documented example | null: read from website/docs/getting-started/configuration.md:862-864 - a key written with no value, `key:` or the explicit `key: ~`, means the default is taken for that key's own value, "at every depth and in every section"; its own example writes `cache: ~` and `coupling: ~`, roots outside `rules:` (website/docs/getting-started/configuration.md:867-868). The narrowing the same section introduces does not reach this row: website/docs/getting-started/configuration.md:877 scopes it to `rules:` in so many words; string-number: website/docs/getting-started/configuration.md:806-807 makes a quoted digit string shape-VALID here (`a string` / `a non-empty string` accepts it), so the shape section does NOT refuse it; what refuses is the value set of this key, which no carrier states as a shape question; ADR 0052 row 4 still decides -> refuse | complement refused by website/docs/getting-started/configuration.md:781-791: the shape contract names «the roots, the sections» explicitly, so it reaches axis D and not only the `rules:` subtree	string-number
form	yaml	architecture.layers[*].patterns	null,list,string-nonnumber,string-number	default		website/docs/rules/architecture.md:250 + website/docs/rules/architecture.md:336 + website/docs/getting-started/configuration.md:860-864	PROMISED	axis D (outside `rules:`); form from documented example | null: read from website/docs/getting-started/configuration.md:862-864 - a key written with no value, `key:` or the explicit `key: ~`, means the default is taken for that key's own value, "at every depth and in every section"; its own example writes `cache: ~` and `coupling: ~`, roots outside `rules:` (website/docs/getting-started/configuration.md:867-868). The narrowing the same section introduces does not reach this row: website/docs/getting-started/configuration.md:877 scopes it to `rules:` in so many words; string-nonnumber and string-number: website/docs/rules/architecture.md:336 documents the single-value shorthand -- a bare value stands for a singleton list, and `patterns` accepts either an FQN-shaped or a plain string so both a non-numeric word and a quoted digit string qualify; LayerCriterionNormalizer.php:194-213 `coerceToStringList()` implements it -- CAVEAT (this package's own measurement, not a carrier statement): the top-level base document in promise-effect/axis-d-envelopes.tsv still writes an uppercase layer name ("Domain") with no other criterion; LayerDefinition::NAME_REGEX refuses that name once the criterion list itself is accepted, so the stand's own string-nonnumber/string-number cells for this row are expected to read REFUSES against a base defect, not against this promise -- reported to the orchestrator as a stand finding (same class the six exclude.*|null cells were before S10), not fixed here (promise-effect/** is out of this package's file grant) | complement refused by website/docs/getting-started/configuration.md:781-791: the shape contract names «the roots, the sections» explicitly, so it reaches axis D and not only the `rules:` subtree	
form	yaml	architecture.layers[*].suffix	null,list,string-nonnumber,string-number	default		website/docs/rules/architecture.md:342 + website/docs/rules/architecture.md:336 + website/docs/getting-started/configuration.md:860-864	PROMISED	axis D (outside `rules:`); form from documented example | null: read from website/docs/getting-started/configuration.md:862-864 - a key written with no value, `key:` or the explicit `key: ~`, means the default is taken for that key's own value, "at every depth and in every section"; its own example writes `cache: ~` and `coupling: ~`, roots outside `rules:` (website/docs/getting-started/configuration.md:867-868). The narrowing the same section introduces does not reach this row: website/docs/getting-started/configuration.md:877 scopes it to `rules:` in so many words; string-nonnumber and string-number: website/docs/rules/architecture.md:336 documents the single-value shorthand -- a bare value stands for a singleton list, and `suffix` refuses a value containing `\` but a quoted digit string or a plain word carries none so both qualify; LayerCriterionNormalizer.php:194-213 `coerceToStringList()` implements it -- CAVEAT (this package's own measurement, not a carrier statement): the top-level base document in promise-effect/axis-d-envelopes.tsv still writes an uppercase layer name ("Domain") with no other criterion; LayerDefinition::NAME_REGEX refuses that name once the criterion list itself is accepted, so the stand's own string-nonnumber/string-number cells for this row are expected to read REFUSES against a base defect, not against this promise -- reported to the orchestrator as a stand finding (same class the six exclude.*|null cells were before S10), not fixed here (promise-effect/** is out of this package's file grant) | complement refused by website/docs/getting-started/configuration.md:781-791: the shape contract names «the roots, the sections» explicitly, so it reaches axis D and not only the `rules:` subtree	
form	yaml	architecture.layers[*].attributes	null,list	default		website/docs/rules/architecture.md:352 + website/docs/getting-started/configuration.md:860-864	PROMISED	axis D (outside `rules:`); form from documented example | null: read from website/docs/getting-started/configuration.md:862-864 - a key written with no value, `key:` or the explicit `key: ~`, means the default is taken for that key's own value, "at every depth and in every section"; its own example writes `cache: ~` and `coupling: ~`, roots outside `rules:` (website/docs/getting-started/configuration.md:867-868). The narrowing the same section introduces does not reach this row: website/docs/getting-started/configuration.md:877 scopes it to `rules:` in so many words | complement refused by website/docs/getting-started/configuration.md:781-791: the shape contract names «the roots, the sections» explicitly, so it reaches axis D and not only the `rules:` subtree	
form	yaml	architecture.layers[*].implements	null,list	default		website/docs/rules/architecture.md:343 + website/docs/getting-started/configuration.md:860-864	PROMISED	axis D (outside `rules:`); form from documented example | null: read from website/docs/getting-started/configuration.md:862-864 - a key written with no value, `key:` or the explicit `key: ~`, means the default is taken for that key's own value, "at every depth and in every section"; its own example writes `cache: ~` and `coupling: ~`, roots outside `rules:` (website/docs/getting-started/configuration.md:867-868). The narrowing the same section introduces does not reach this row: website/docs/getting-started/configuration.md:877 scopes it to `rules:` in so many words | complement refused by website/docs/getting-started/configuration.md:781-791: the shape contract names «the roots, the sections» explicitly, so it reaches axis D and not only the `rules:` subtree	
form	yaml	architecture.layers[*].extends	null,list	default		website/docs/rules/architecture.md:362 + website/docs/getting-started/configuration.md:860-864	PROMISED	axis D (outside `rules:`); form from documented example | null: read from website/docs/getting-started/configuration.md:862-864 - a key written with no value, `key:` or the explicit `key: ~`, means the default is taken for that key's own value, "at every depth and in every section"; its own example writes `cache: ~` and `coupling: ~`, roots outside `rules:` (website/docs/getting-started/configuration.md:867-868). The narrowing the same section introduces does not reach this row: website/docs/getting-started/configuration.md:877 scopes it to `rules:` in so many words | complement refused by website/docs/getting-started/configuration.md:781-791: the shape contract names «the roots, the sections» explicitly, so it reaches axis D and not only the `rules:` subtree	
form	yaml	architecture.layers[*].match	null	default		website/docs/rules/architecture.md:324 + website/docs/getting-started/configuration.md:860-864	DECIDED	axis D (outside `rules:`); closed 2-word switch read from website/docs/rules/architecture.md:324 ("a `match: any | all` switch that controls how they combine"), not from a single documented example | null: read from website/docs/getting-started/configuration.md:862-864 - a key written with no value, `key:` or the explicit `key: ~`, means the default is taken for that key's own value, "at every depth and in every section"; its own example writes `cache: ~` and `coupling: ~`, roots outside `rules:` (website/docs/getting-started/configuration.md:867-868). The narrowing the same section introduces does not reach this row: website/docs/getting-started/configuration.md:877 scopes it to `rules:` in so many words; string-nonnumber: the row previously read the documented example `match: all` (website/docs/rules/architecture.md:351) as a generic "string promised" -- the surrounding prose two paragraphs earlier already closes the set to two words, so a non-member word like `abc` is refused by the value set even though it is shape-valid text, a value-set question and not a shape question; LayerCriterionNormalizer.php:158-185 `normalizeMatchMode()` / `MatchMode::tryFrom()` enforces the two-word set, covered by `LayersValidatorTest::itRejectsAnUnknownMatchValueNamingBothAcceptedModes`; ADR 0052 row 4 still decides -> refuse; string-number: website/docs/getting-started/configuration.md:806-807 makes a quoted digit string shape-VALID here (`a string` / `a non-empty string` accepts it), so the shape section does NOT refuse it; what refuses is the value set of this key, which no carrier states as a shape question; ADR 0052 row 4 still decides -> refuse | complement refused by website/docs/getting-started/configuration.md:781-791: the shape contract names «the roots, the sections» explicitly, so it reaches axis D and not only the `rules:` subtree	string-nonnumber,string-number
form	yaml	architecture.layers[*].exclude	null,map	default		website/docs/rules/architecture.md:488 + website/docs/getting-started/configuration.md:860-864	PROMISED	axis D (outside `rules:`); form from documented example | null: read from website/docs/getting-started/configuration.md:862-864 - a key written with no value, `key:` or the explicit `key: ~`, means the default is taken for that key's own value, "at every depth and in every section"; its own example writes `cache: ~` and `coupling: ~`, roots outside `rules:` (website/docs/getting-started/configuration.md:867-868). The narrowing the same section introduces does not reach this row: website/docs/getting-started/configuration.md:877 scopes it to `rules:` in so many words | complement refused by website/docs/getting-started/configuration.md:781-791: the shape contract names «the roots, the sections» explicitly, so it reaches axis D and not only the `rules:` subtree	
form	yaml	architecture.layers[*].pending	null,bool	default		website/docs/rules/architecture.md:553 + website/docs/getting-started/configuration.md:860-864	PROMISED	axis D (outside `rules:`); form from documented example | null: read from website/docs/getting-started/configuration.md:862-864 - a key written with no value, `key:` or the explicit `key: ~`, means the default is taken for that key's own value, "at every depth and in every section"; its own example writes `cache: ~` and `coupling: ~`, roots outside `rules:` (website/docs/getting-started/configuration.md:867-868). The narrowing the same section introduces does not reach this row: website/docs/getting-started/configuration.md:877 scopes it to `rules:` in so many words; string-nonnumber: read from website/docs/getting-started/configuration.md:803 - a boolean accepts `true` / `false`; a quoted `"false"` is a string, and a value of another shape ends the run with exit code 3 (website/docs/getting-started/configuration.md:786-791); string-number: read from website/docs/getting-started/configuration.md:803 - a boolean accepts `true` / `false`; `1`-as-string is a string, and a value of another shape ends the run with exit code 3 (website/docs/getting-started/configuration.md:786-791) | complement refused by website/docs/getting-started/configuration.md:781-791: the shape contract names «the roots, the sections» explicitly, so it reaches axis D and not only the `rules:` subtree	
form	yaml	architecture.layers[*].exclude.patterns	null,list,string-nonnumber,string-number	default		website/docs/rules/architecture.md:250 + website/docs/rules/architecture.md:336 + website/docs/getting-started/configuration.md:860-864	PROMISED	axis D (outside `rules:`); form from documented example | null: read from website/docs/getting-started/configuration.md:862-864 - a key written with no value, `key:` or the explicit `key: ~`, means the default is taken for that key's own value, "at every depth and in every section"; its own example writes `cache: ~` and `coupling: ~`, roots outside `rules:` (website/docs/getting-started/configuration.md:867-868). The narrowing the same section introduces does not reach this row: website/docs/getting-started/configuration.md:877 scopes it to `rules:` in so many words; string-nonnumber and string-number: website/docs/rules/architecture.md:336 documents the single-value shorthand -- a bare value stands for a singleton list, and `patterns` accepts either an FQN-shaped or a plain string so both a non-numeric word and a quoted digit string qualify; LayerCriterionNormalizer.php:194-213 `coerceToStringList()` (`\is_string($value) ? [$value] : $value`) implements it, exercised end to end by `LayersValidatorTest::itAcceptsStringShorthandForExcludeCriterionLists` | complement refused by website/docs/getting-started/configuration.md:781-791: the shape contract names «the roots, the sections» explicitly, so it reaches axis D and not only the `rules:` subtree	
form	yaml	architecture.layers[*].exclude.suffix	null,list,string-nonnumber,string-number	default		website/docs/rules/architecture.md:342 + website/docs/rules/architecture.md:336 + website/docs/getting-started/configuration.md:860-864	PROMISED	axis D (outside `rules:`); form from documented example | null: read from website/docs/getting-started/configuration.md:862-864 - a key written with no value, `key:` or the explicit `key: ~`, means the default is taken for that key's own value, "at every depth and in every section"; its own example writes `cache: ~` and `coupling: ~`, roots outside `rules:` (website/docs/getting-started/configuration.md:867-868). The narrowing the same section introduces does not reach this row: website/docs/getting-started/configuration.md:877 scopes it to `rules:` in so many words; string-nonnumber and string-number: website/docs/rules/architecture.md:336 documents the single-value shorthand -- a bare value stands for a singleton list, and `suffix` refuses a value containing `\` but a quoted digit string or a plain word carries none so both qualify; LayerCriterionNormalizer.php:194-213 `coerceToStringList()` (`\is_string($value) ? [$value] : $value`) implements it, exercised end to end by `LayersValidatorTest::itAcceptsStringShorthandForExcludeCriterionLists`; a value containing `\` (an FQN-shaped suffix) is still refused by the criterion's own semantic check regardless of the shorthand, unaffected by this row | complement refused by website/docs/getting-started/configuration.md:781-791: the shape contract names «the roots, the sections» explicitly, so it reaches axis D and not only the `rules:` subtree	
form	yaml	architecture.layers[*].exclude.attributes	null,list	default		website/docs/rules/architecture.md:352 + website/docs/getting-started/configuration.md:860-864	PROMISED	axis D (outside `rules:`); form from documented example | null: read from website/docs/getting-started/configuration.md:862-864 - a key written with no value, `key:` or the explicit `key: ~`, means the default is taken for that key's own value, "at every depth and in every section"; its own example writes `cache: ~` and `coupling: ~`, roots outside `rules:` (website/docs/getting-started/configuration.md:867-868). The narrowing the same section introduces does not reach this row: website/docs/getting-started/configuration.md:877 scopes it to `rules:` in so many words | complement refused by website/docs/getting-started/configuration.md:781-791: the shape contract names «the roots, the sections» explicitly, so it reaches axis D and not only the `rules:` subtree	
form	yaml	architecture.layers[*].exclude.implements	null,list	default		website/docs/rules/architecture.md:343 + website/docs/getting-started/configuration.md:860-864	PROMISED	axis D (outside `rules:`); form from documented example | null: read from website/docs/getting-started/configuration.md:862-864 - a key written with no value, `key:` or the explicit `key: ~`, means the default is taken for that key's own value, "at every depth and in every section"; its own example writes `cache: ~` and `coupling: ~`, roots outside `rules:` (website/docs/getting-started/configuration.md:867-868). The narrowing the same section introduces does not reach this row: website/docs/getting-started/configuration.md:877 scopes it to `rules:` in so many words | complement refused by website/docs/getting-started/configuration.md:781-791: the shape contract names «the roots, the sections» explicitly, so it reaches axis D and not only the `rules:` subtree	
form	yaml	architecture.layers[*].exclude.extends	null,list	default		website/docs/rules/architecture.md:362 + website/docs/getting-started/configuration.md:860-864	PROMISED	axis D (outside `rules:`); form from documented example | null: read from website/docs/getting-started/configuration.md:862-864 - a key written with no value, `key:` or the explicit `key: ~`, means the default is taken for that key's own value, "at every depth and in every section"; its own example writes `cache: ~` and `coupling: ~`, roots outside `rules:` (website/docs/getting-started/configuration.md:867-868). The narrowing the same section introduces does not reach this row: website/docs/getting-started/configuration.md:877 scopes it to `rules:` in so many words | complement refused by website/docs/getting-started/configuration.md:781-791: the shape contract names «the roots, the sections» explicitly, so it reaches axis D and not only the `rules:` subtree	
form	yaml	architecture.layers[*].exclude.match	null	default		website/docs/rules/architecture.md:489,492 + website/docs/getting-started/configuration.md:860-864	DECIDED	axis D (outside `rules:`); closed 2-word switch read from website/docs/rules/architecture.md:489 ("match: any # default") and :492 ("`exclude.match: all` is also supported"), not from a single documented example | null: read from website/docs/getting-started/configuration.md:862-864 - a key written with no value, `key:` or the explicit `key: ~`, means the default is taken for that key's own value, "at every depth and in every section"; its own example writes `cache: ~` and `coupling: ~`, roots outside `rules:` (website/docs/getting-started/configuration.md:867-868). The narrowing the same section introduces does not reach this row: website/docs/getting-started/configuration.md:877 scopes it to `rules:` in so many words; string-nonnumber: the row previously read the documented example `match: all` (website/docs/rules/architecture.md:351) as a generic "string promised" for this path too -- the exclude section's own prose (:489, :492) already closes the set to two words, so a non-member word like `abc` is refused by the value set even though it is shape-valid text, a value-set question and not a shape question; LayerCriterionNormalizer.php:158-185 `normalizeMatchMode()` / `MatchMode::tryFrom()` enforces the two-word set, covered by `LayersValidatorTest::itRejectsAnUnknownMatchValueNamingBothAcceptedModes` (top-level path; exclude delegates to the same method); ADR 0052 row 4 still decides -> refuse; string-number: website/docs/getting-started/configuration.md:806-807 makes a quoted digit string shape-VALID here (`a string` / `a non-empty string` accepts it), so the shape section does NOT refuse it; what refuses is the value set of this key, which no carrier states as a shape question; ADR 0052 row 4 still decides -> refuse | complement refused by website/docs/getting-started/configuration.md:781-791: the shape contract names «the roots, the sections» explicitly, so it reaches axis D and not only the `rules:` subtree	string-nonnumber,string-number
form	yaml	architecture.allow.<layer>		unpromised			DECIDED	ADR 0052: no carrier names this key at all. Round decides by row 4 (the accepted set is closed before analysis): every form other than `~` is refused, exit 3. axis D (outside `rules:`); no carrier	bool,int,float,string-number,string-nonnumber,list,map
form	yaml	architecture.allow.<layer>[*].target	null,string-nonnumber	default		website/docs/rules/architecture.md:420 + website/docs/getting-started/configuration.md:860-864	DECIDED	axis D (outside `rules:`); form from documented example | null: read from website/docs/getting-started/configuration.md:862-864 - a key written with no value, `key:` or the explicit `key: ~`, means the default is taken for that key's own value, "at every depth and in every section"; its own example writes `cache: ~` and `coupling: ~`, roots outside `rules:` (website/docs/getting-started/configuration.md:867-868). The narrowing the same section introduces does not reach this row: website/docs/getting-started/configuration.md:877 scopes it to `rules:` in so many words; string-number: website/docs/getting-started/configuration.md:806-807 makes a quoted digit string shape-VALID here (`a string` / `a non-empty string` accepts it), so the shape section does NOT refuse it; what refuses is the value set of this key, which no carrier states as a shape question; ADR 0052 row 4 still decides -> refuse | complement refused by website/docs/getting-started/configuration.md:781-791: the shape contract names «the roots, the sections» explicitly, so it reaches axis D and not only the `rules:` subtree	string-number
form	yaml	architecture.allow.<layer>[*].relations	null,list	default		website/docs/rules/architecture.md:568 + website/docs/getting-started/configuration.md:860-864	PROMISED	axis D (outside `rules:`); form from documented example | null: read from website/docs/getting-started/configuration.md:862-864 - a key written with no value, `key:` or the explicit `key: ~`, means the default is taken for that key's own value, "at every depth and in every section"; its own example writes `cache: ~` and `coupling: ~`, roots outside `rules:` (website/docs/getting-started/configuration.md:867-868). The narrowing the same section introduces does not reach this row: website/docs/getting-started/configuration.md:877 scopes it to `rules:` in so many words | complement refused by website/docs/getting-started/configuration.md:781-791: the shape contract names «the roots, the sections» explicitly, so it reaches axis D and not only the `rules:` subtree	
form	yaml	architecture.allow.<layer>[*].allow_cross_instance	null,bool	default		website/docs/rules/architecture.md:421 + website/docs/getting-started/configuration.md:860-864	PROMISED	axis D (outside `rules:`); form from documented example | null: read from website/docs/getting-started/configuration.md:862-864 - a key written with no value, `key:` or the explicit `key: ~`, means the default is taken for that key's own value, "at every depth and in every section"; its own example writes `cache: ~` and `coupling: ~`, roots outside `rules:` (website/docs/getting-started/configuration.md:867-868). The narrowing the same section introduces does not reach this row: website/docs/getting-started/configuration.md:877 scopes it to `rules:` in so many words; string-nonnumber: read from website/docs/getting-started/configuration.md:803 - a boolean accepts `true` / `false`; a quoted `"false"` is a string, and a value of another shape ends the run with exit code 3 (website/docs/getting-started/configuration.md:786-791); string-number: read from website/docs/getting-started/configuration.md:803 - a boolean accepts `true` / `false`; `1`-as-string is a string, and a value of another shape ends the run with exit code 3 (website/docs/getting-started/configuration.md:786-791) | complement refused by website/docs/getting-started/configuration.md:781-791: the shape contract names «the roots, the sections» explicitly, so it reaches axis D and not only the `rules:` subtree	
form	yaml	computed_metrics	null,map	default		website/docs/reference/default-thresholds.md:256 + website/docs/getting-started/configuration.md:860-864	PROMISED	axis D (outside `rules:`); form from documented example | null: read from website/docs/getting-started/configuration.md:862-864 - a key written with no value, `key:` or the explicit `key: ~`, means the default is taken for that key's own value, "at every depth and in every section"; its own example writes `cache: ~` and `coupling: ~`, roots outside `rules:` (website/docs/getting-started/configuration.md:867-868). The narrowing the same section introduces does not reach this row: website/docs/getting-started/configuration.md:877 scopes it to `rules:` in so many words | complement refused by website/docs/getting-started/configuration.md:781-791: the shape contract names «the roots, the sections» explicitly, so it reaches axis D and not only the `rules:` subtree	
form	yaml	computed_metrics.<name>		unpromised			DECIDED	ADR 0052: no carrier names this key at all. Round decides by row 4 (the accepted set is closed before analysis): every form other than `~` is refused, exit 3. axis D (outside `rules:`); no carrier	bool,int,float,string-number,string-nonnumber,list,map
form	yaml	computed_metrics.<name>.description	null,string-nonnumber	default		website/docs/reference/health-scores.md:197 + website/docs/getting-started/configuration.md:860-864	DECIDED	axis D (outside `rules:`); form from documented example | null: read from website/docs/getting-started/configuration.md:862-864 - a key written with no value, `key:` or the explicit `key: ~`, means the default is taken for that key's own value, "at every depth and in every section"; its own example writes `cache: ~` and `coupling: ~`, roots outside `rules:` (website/docs/getting-started/configuration.md:867-868). The narrowing the same section introduces does not reach this row: website/docs/getting-started/configuration.md:877 scopes it to `rules:` in so many words; string-number: website/docs/getting-started/configuration.md:806-807 makes a quoted digit string shape-VALID here (`a string` / `a non-empty string` accepts it), so the shape section does NOT refuse it; what refuses is the value set of this key, which no carrier states as a shape question; ADR 0052 row 4 still decides -> refuse | complement refused by website/docs/getting-started/configuration.md:781-791: the shape contract names «the roots, the sections» explicitly, so it reaches axis D and not only the `rules:` subtree	string-number
form	yaml	computed_metrics.<name>.enabled	null,bool	default		website/docs/reference/health-scores.md:149 + website/docs/getting-started/configuration.md:860-864	PROMISED	axis D (outside `rules:`); form from documented example | null: read from website/docs/getting-started/configuration.md:862-864 - a key written with no value, `key:` or the explicit `key: ~`, means the default is taken for that key's own value, "at every depth and in every section"; its own example writes `cache: ~` and `coupling: ~`, roots outside `rules:` (website/docs/getting-started/configuration.md:867-868). The narrowing the same section introduces does not reach this row: website/docs/getting-started/configuration.md:877 scopes it to `rules:` in so many words; string-nonnumber: read from website/docs/getting-started/configuration.md:803 - a boolean accepts `true` / `false`; a quoted `"false"` is a string, and a value of another shape ends the run with exit code 3 (website/docs/getting-started/configuration.md:786-791); string-number: read from website/docs/getting-started/configuration.md:803 - a boolean accepts `true` / `false`; `1`-as-string is a string, and a value of another shape ends the run with exit code 3 (website/docs/getting-started/configuration.md:786-791) | complement refused by website/docs/getting-started/configuration.md:781-791: the shape contract names «the roots, the sections» explicitly, so it reaches axis D and not only the `rules:` subtree	
form	yaml	computed_metrics.<name>.error	null,int	default		website/docs/reference/health-scores.md:141 + website/docs/getting-started/configuration.md:860-864	DECIDED	axis D (outside `rules:`); form from documented example | float: carrier shows integers only; "number vs integer" not settled by any carrier; ADR 0052 row 4 -> refuse a fractional threshold rather than truncate; null: read from website/docs/getting-started/configuration.md:862-864 - a key written with no value, `key:` or the explicit `key: ~`, means the default is taken for that key's own value, "at every depth and in every section"; its own example writes `cache: ~` and `coupling: ~`, roots outside `rules:` (website/docs/getting-started/configuration.md:867-868). The narrowing the same section introduces does not reach this row: website/docs/getting-started/configuration.md:877 scopes it to `rules:` in so many words; string-number: read from website/docs/getting-started/configuration.md:804 + website/docs/getting-started/configuration.md:815-816 - a quoted number is a string and a whole number does not accept `"15"`; a value of another shape ends the run with exit code 3 (website/docs/getting-started/configuration.md:786-791) | complement refused by website/docs/getting-started/configuration.md:781-791: the shape contract names «the roots, the sections» explicitly, so it reaches axis D and not only the `rules:` subtree	float
form	yaml	computed_metrics.<name>.formula	null,string-nonnumber,string-number	default		website/docs/reference/health-scores.md:174 + website/docs/getting-started/configuration.md:860-864 + website/docs/reference/health-scores.md:177-179	DECIDED	axis D (outside `rules:`); form from documented example | null: read from website/docs/getting-started/configuration.md:862-864 - a key written with no value, `key:` or the explicit `key: ~`, means the default is taken for that key's own value, "at every depth and in every section"; its own example writes `cache: ~` and `coupling: ~`, roots outside `rules:` (website/docs/getting-started/configuration.md:867-868). The narrowing the same section introduces does not reach this row: website/docs/getting-started/configuration.md:877 scopes it to `rules:` in so many words; string-number: website/docs/reference/health-scores.md:177-179 says a formula is an expression written as a string and a constant is an expression, and names the quoting the YAML door needs for it -> accept | complement refused by website/docs/getting-started/configuration.md:781-791: the shape contract names «the roots, the sections» explicitly, so it reaches axis D and not only the `rules:` subtree	
form	yaml	computed_metrics.<name>.formulas	null,map	default		website/docs/reference/health-scores.md:185 + website/docs/getting-started/configuration.md:860-864	PROMISED	axis D (outside `rules:`); form from documented example | null: read from website/docs/getting-started/configuration.md:862-864 - a key written with no value, `key:` or the explicit `key: ~`, means the default is taken for that key's own value, "at every depth and in every section"; its own example writes `cache: ~` and `coupling: ~`, roots outside `rules:` (website/docs/getting-started/configuration.md:867-868). The narrowing the same section introduces does not reach this row: website/docs/getting-started/configuration.md:877 scopes it to `rules:` in so many words | complement refused by website/docs/getting-started/configuration.md:781-791: the shape contract names «the roots, the sections» explicitly, so it reaches axis D and not only the `rules:` subtree	
form	yaml	computed_metrics.<name>.formulas.<level>		unpromised			DECIDED	ADR 0052: no carrier names this key at all. Round decides by row 4 (the accepted set is closed before analysis): every form other than `~` is refused, exit 3. axis D (outside `rules:`); no carrier	bool,int,float,string-number,string-nonnumber,list,map
form	yaml	computed_metrics.<name>.inverted	null,bool	default		website/docs/reference/health-scores.md:201 + website/docs/getting-started/configuration.md:860-864	PROMISED	axis D (outside `rules:`); form from documented example | null: read from website/docs/getting-started/configuration.md:862-864 - a key written with no value, `key:` or the explicit `key: ~`, means the default is taken for that key's own value, "at every depth and in every section"; its own example writes `cache: ~` and `coupling: ~`, roots outside `rules:` (website/docs/getting-started/configuration.md:867-868). The narrowing the same section introduces does not reach this row: website/docs/getting-started/configuration.md:877 scopes it to `rules:` in so many words; string-nonnumber: read from website/docs/getting-started/configuration.md:803 - a boolean accepts `true` / `false`; a quoted `"false"` is a string, and a value of another shape ends the run with exit code 3 (website/docs/getting-started/configuration.md:786-791); string-number: read from website/docs/getting-started/configuration.md:803 - a boolean accepts `true` / `false`; `1`-as-string is a string, and a value of another shape ends the run with exit code 3 (website/docs/getting-started/configuration.md:786-791) | complement refused by website/docs/getting-started/configuration.md:781-791: the shape contract names «the roots, the sections» explicitly, so it reaches axis D and not only the `rules:` subtree	
form	yaml	computed_metrics.<name>.levels	null,list	default		website/docs/reference/health-scores.md:198 + website/docs/getting-started/configuration.md:860-864	PROMISED	axis D (outside `rules:`); form from documented example | null: read from website/docs/getting-started/configuration.md:862-864 - a key written with no value, `key:` or the explicit `key: ~`, means the default is taken for that key's own value, "at every depth and in every section"; its own example writes `cache: ~` and `coupling: ~`, roots outside `rules:` (website/docs/getting-started/configuration.md:867-868). The narrowing the same section introduces does not reach this row: website/docs/getting-started/configuration.md:877 scopes it to `rules:` in so many words | complement refused by website/docs/getting-started/configuration.md:781-791: the shape contract names «the roots, the sections» explicitly, so it reaches axis D and not only the `rules:` subtree	
form	yaml	computed_metrics.<name>.threshold		unpromised			DECIDED	ADR 0052: no carrier names this key at all. Round decides by row 4 (the accepted set is closed before analysis): every form other than `~` is refused, exit 3. axis D (outside `rules:`); no carrier	bool,int,float,string-number,string-nonnumber,list,map
form	yaml	computed_metrics.<name>.warning	null,int	default		website/docs/reference/health-scores.md:140 + website/docs/getting-started/configuration.md:860-864	DECIDED	axis D (outside `rules:`); form from documented example | float: carrier shows integers only; "number vs integer" not settled by any carrier; ADR 0052 row 4 -> refuse a fractional threshold rather than truncate; null: read from website/docs/getting-started/configuration.md:862-864 - a key written with no value, `key:` or the explicit `key: ~`, means the default is taken for that key's own value, "at every depth and in every section"; its own example writes `cache: ~` and `coupling: ~`, roots outside `rules:` (website/docs/getting-started/configuration.md:867-868). The narrowing the same section introduces does not reach this row: website/docs/getting-started/configuration.md:877 scopes it to `rules:` in so many words; string-number: read from website/docs/getting-started/configuration.md:804 + website/docs/getting-started/configuration.md:815-816 - a quoted number is a string and a whole number does not accept `"15"`; a value of another shape ends the run with exit code 3 (website/docs/getting-started/configuration.md:786-791) | complement refused by website/docs/getting-started/configuration.md:781-791: the shape contract names «the roots, the sections» explicitly, so it reaches axis D and not only the `rules:` subtree	float
form	yaml	exclude_health	null,list	default		website/docs/usage/cli-options.md:212 + website/docs/getting-started/configuration.md:860-864	PROMISED	axis D (outside `rules:`); form from documented example | null: read from website/docs/getting-started/configuration.md:862-864 - a key written with no value, `key:` or the explicit `key: ~`, means the default is taken for that key's own value, "at every depth and in every section"; its own example writes `cache: ~` and `coupling: ~`, roots outside `rules:` (website/docs/getting-started/configuration.md:867-868). The narrowing the same section introduces does not reach this row: website/docs/getting-started/configuration.md:877 scopes it to `rules:` in so many words | complement refused by website/docs/getting-started/configuration.md:781-791: the shape contract names «the roots, the sections» explicitly, so it reaches axis D and not only the `rules:` subtree	
form	cli-root	exclude_health		refuse		website/docs/usage/cli-options.md:212	DECIDED	axis D (outside `rules:`); form from documented example | a container value is not writable on this door at all (website/docs/usage/cli-options.md:669-674); only a deeper scalar path is | null: empty value after `=`: no carrier; ADR 0052 row 4 (accepted set closed before analysis) -> refuse	null
pair	code-smell.constructor-overinjection	error	threshold	same-source	refuse	website/docs/getting-started/configuration.md:152-166	PROMISED	carrier forbids mixing `threshold` with explicit `warning`/`error` from the same layer for the same level | kind=1-threshold-group-declared; path=(top)	
pair	code-smell.constructor-overinjection	error	warning	same-source	compose	website/docs/rules/code-smell.md:575	PROMISED	one documented yaml block writes both keys of this rule side by side | kind=1-threshold-group-declared; path=(top)	
pair	code-smell.constructor-overinjection	threshold	warning	same-source	refuse	website/docs/getting-started/configuration.md:152-166	PROMISED	carrier forbids mixing `threshold` with explicit `warning`/`error` from the same layer for the same level | kind=1-threshold-group-declared; path=(top)	
pair	code-smell.long-parameter-list	error	threshold	same-source	refuse	website/docs/getting-started/configuration.md:152-166	PROMISED	carrier forbids mixing `threshold` with explicit `warning`/`error` from the same layer for the same level | kind=1-threshold-group-declared; path=(top)	
pair	code-smell.long-parameter-list	error	warning	same-source	compose	website/docs/rules/code-smell.md:696	PROMISED	one documented yaml block writes both keys of this rule side by side | kind=1-threshold-group-declared; path=(top)	
pair	code-smell.long-parameter-list	threshold	warning	same-source	refuse	website/docs/getting-started/configuration.md:152-166	PROMISED	carrier forbids mixing `threshold` with explicit `warning`/`error` from the same layer for the same level | kind=1-threshold-group-declared; path=(top)	
pair	code-smell.long-parameter-list	vo-error	vo-threshold	same-source	refuse	website/docs/getting-started/configuration.md:152-166	PROMISED	carrier forbids mixing `threshold` with explicit `warning`/`error` from the same layer for the same level | kind=1-threshold-group-declared; path=(top)	
pair	code-smell.long-parameter-list	vo-error	vo-warning	same-source	compose	website/docs/rules/code-smell.md:696	PROMISED	one documented yaml block writes both keys of this rule side by side | kind=1-threshold-group-declared; path=(top)	
pair	code-smell.long-parameter-list	vo-threshold	vo-warning	same-source	refuse	website/docs/getting-started/configuration.md:152-166	PROMISED	carrier forbids mixing `threshold` with explicit `warning`/`error` from the same layer for the same level | kind=1-threshold-group-declared; path=(top)	
pair	code-smell.unreachable-code	error	threshold	same-source	refuse	website/docs/getting-started/configuration.md:152-166	PROMISED	carrier forbids mixing `threshold` with explicit `warning`/`error` from the same layer for the same level | kind=1-threshold-group-declared; path=(top)	
pair	code-smell.unreachable-code	error	warning	same-source	compose	website/docs/rules/code-smell.md:924	PROMISED	one documented yaml block writes both keys of this rule side by side | kind=1-threshold-group-declared; path=(top)	
pair	code-smell.unreachable-code	threshold	warning	same-source	refuse	website/docs/getting-started/configuration.md:152-166	PROMISED	carrier forbids mixing `threshold` with explicit `warning`/`error` from the same layer for the same level | kind=1-threshold-group-declared; path=(top)	
pair	cohesion.lcom	error	threshold	same-source	refuse	website/docs/getting-started/configuration.md:152-166	PROMISED	carrier forbids mixing `threshold` with explicit `warning`/`error` from the same layer for the same level | kind=1-threshold-group-declared; path=(top)	
pair	cohesion.lcom	error	warning	same-source	compose	website/docs/rules/cohesion.md:26	PROMISED	one documented yaml block writes both keys of this rule side by side | kind=1-threshold-group-declared; path=(top)	
pair	cohesion.lcom	threshold	warning	same-source	refuse	website/docs/getting-started/configuration.md:152-166	PROMISED	carrier forbids mixing `threshold` with explicit `warning`/`error` from the same layer for the same level | kind=1-threshold-group-declared; path=(top)	
pair	complexity.ccn	callable.error	callable.threshold	same-source	refuse	website/docs/getting-started/configuration.md:152-166	PROMISED	carrier forbids mixing `threshold` with explicit `warning`/`error` from the same layer for the same level | kind=1-threshold-group-declared; path=callable	
pair	complexity.ccn	callable.error	callable.warning	same-source	compose	website/docs/usage/usage-scenarios.md:20	PROMISED	one documented yaml block writes both keys of this rule side by side | kind=1-threshold-group-declared; path=callable	
pair	complexity.ccn	callable.threshold	callable.warning	same-source	refuse	website/docs/getting-started/configuration.md:152-166	PROMISED	carrier forbids mixing `threshold` with explicit `warning`/`error` from the same layer for the same level | kind=1-threshold-group-declared; path=callable	
pair	complexity.ccn	class.max-error	class.max-warning	same-source	compose	website/docs/reference/default-thresholds.md:197	PROMISED	one documented yaml block writes both keys of this rule side by side | kind=1-threshold-group-declared; path=class	
pair	complexity.ccn	class.max-error	class.threshold	same-source	refuse	website/docs/getting-started/configuration.md:152-166	PROMISED	carrier forbids mixing `threshold` with explicit `warning`/`error` from the same layer for the same level | kind=1-threshold-group-declared; path=class	
pair	complexity.ccn	class.max-warning	class.threshold	same-source	refuse	website/docs/getting-started/configuration.md:152-166	PROMISED	carrier forbids mixing `threshold` with explicit `warning`/`error` from the same layer for the same level | kind=1-threshold-group-declared; path=class	
pair	complexity.cognitive	callable.error	callable.threshold	same-source	refuse	website/docs/getting-started/configuration.md:152-166	PROMISED	carrier forbids mixing `threshold` with explicit `warning`/`error` from the same layer for the same level | kind=1-threshold-group-declared; path=callable	
pair	complexity.cognitive	callable.error	callable.warning	same-source	compose	website/docs/rules/complexity.md:228	PROMISED	one documented yaml block writes both keys of this rule side by side | kind=1-threshold-group-declared; path=callable	
pair	complexity.cognitive	callable.threshold	callable.warning	same-source	refuse	website/docs/getting-started/configuration.md:152-166	PROMISED	carrier forbids mixing `threshold` with explicit `warning`/`error` from the same layer for the same level | kind=1-threshold-group-declared; path=callable	
pair	complexity.cognitive	class.max-error	class.max-warning	same-source	compose	website/docs/getting-started/configuration.md:138-151	DECIDED	no documented block writes these two keys of this rule together; the generic warning/error example is about another rule. ADR 0052 row 3: a warning band and an error band of one group miss nothing when written together -> both apply | kind=1-threshold-group-declared; path=class	
pair	complexity.cognitive	class.max-error	class.threshold	same-source	refuse	website/docs/getting-started/configuration.md:152-166	PROMISED	carrier forbids mixing `threshold` with explicit `warning`/`error` from the same layer for the same level | kind=1-threshold-group-declared; path=class	
pair	complexity.cognitive	class.max-warning	class.threshold	same-source	refuse	website/docs/getting-started/configuration.md:152-166	PROMISED	carrier forbids mixing `threshold` with explicit `warning`/`error` from the same layer for the same level | kind=1-threshold-group-declared; path=class	
pair	complexity.npath	callable.error	callable.threshold	same-source	refuse	website/docs/getting-started/configuration.md:152-166	PROMISED	carrier forbids mixing `threshold` with explicit `warning`/`error` from the same layer for the same level | kind=1-threshold-group-declared; path=callable	
pair	complexity.npath	callable.error	callable.warning	same-source	compose	website/docs/rules/complexity.md:370	PROMISED	one documented yaml block writes both keys of this rule side by side | kind=1-threshold-group-declared; path=callable	
pair	complexity.npath	callable.threshold	callable.warning	same-source	refuse	website/docs/getting-started/configuration.md:152-166	PROMISED	carrier forbids mixing `threshold` with explicit `warning`/`error` from the same layer for the same level | kind=1-threshold-group-declared; path=callable	
pair	complexity.npath	class.max-error	class.max-warning	same-source	compose	website/docs/getting-started/configuration.md:138-151	DECIDED	no documented block writes these two keys of this rule together; the generic warning/error example is about another rule. ADR 0052 row 3: a warning band and an error band of one group miss nothing when written together -> both apply | kind=1-threshold-group-declared; path=class	
pair	complexity.npath	class.max-error	class.threshold	same-source	refuse	website/docs/getting-started/configuration.md:152-166	PROMISED	carrier forbids mixing `threshold` with explicit `warning`/`error` from the same layer for the same level | kind=1-threshold-group-declared; path=class	
pair	complexity.npath	class.max-warning	class.threshold	same-source	refuse	website/docs/getting-started/configuration.md:152-166	PROMISED	carrier forbids mixing `threshold` with explicit `warning`/`error` from the same layer for the same level | kind=1-threshold-group-declared; path=class	
pair	complexity.wmc	error	threshold	same-source	refuse	website/docs/getting-started/configuration.md:152-166	PROMISED	carrier forbids mixing `threshold` with explicit `warning`/`error` from the same layer for the same level | kind=1-threshold-group-declared; path=(top)	
pair	complexity.wmc	error	warning	same-source	compose	website/docs/rules/complexity.md:474	PROMISED	one documented yaml block writes both keys of this rule side by side | kind=1-threshold-group-declared; path=(top)	
pair	complexity.wmc	threshold	warning	same-source	refuse	website/docs/getting-started/configuration.md:152-166	PROMISED	carrier forbids mixing `threshold` with explicit `warning`/`error` from the same layer for the same level | kind=1-threshold-group-declared; path=(top)	
pair	coupling.cbo	class.error	class.threshold	same-source	refuse	website/docs/getting-started/configuration.md:152-166	PROMISED	carrier forbids mixing `threshold` with explicit `warning`/`error` from the same layer for the same level | kind=1-threshold-group-declared; path=class	
pair	coupling.cbo	class.error	class.warning	same-source	compose	website/docs/rules/coupling.md:122	PROMISED	one documented yaml block writes both keys of this rule side by side | kind=1-threshold-group-declared; path=class	
pair	coupling.cbo	class.threshold	class.warning	same-source	refuse	website/docs/getting-started/configuration.md:152-166	PROMISED	carrier forbids mixing `threshold` with explicit `warning`/`error` from the same layer for the same level | kind=1-threshold-group-declared; path=class	
pair	coupling.cbo	error	threshold	same-source	refuse	website/docs/getting-started/configuration.md:152-166	PROMISED	carrier forbids mixing `threshold` with explicit `warning`/`error` from the same layer for the same level | kind=1-threshold-group-declared; path=(top)	
pair	coupling.cbo	error	warning	same-source	compose	website/docs/rules/coupling.md:185	PROMISED	one documented yaml block writes both keys of this rule side by side | kind=1-threshold-group-declared; path=(top)	
pair	coupling.cbo	namespace.error	namespace.threshold	same-source	refuse	website/docs/getting-started/configuration.md:152-166	PROMISED	carrier forbids mixing `threshold` with explicit `warning`/`error` from the same layer for the same level | kind=1-threshold-group-declared; path=namespace	
pair	coupling.cbo	namespace.error	namespace.warning	same-source	compose	website/docs/getting-started/configuration.md:138-151	DECIDED	no documented block writes these two keys of this rule together; the generic warning/error example is about another rule. ADR 0052 row 3: a warning band and an error band of one group miss nothing when written together -> both apply | kind=1-threshold-group-declared; path=namespace	
pair	coupling.cbo	namespace.threshold	namespace.warning	same-source	refuse	website/docs/getting-started/configuration.md:152-166	PROMISED	carrier forbids mixing `threshold` with explicit `warning`/`error` from the same layer for the same level | kind=1-threshold-group-declared; path=namespace	
pair	coupling.cbo	threshold	warning	same-source	refuse	website/docs/getting-started/configuration.md:152-166	PROMISED	carrier forbids mixing `threshold` with explicit `warning`/`error` from the same layer for the same level | kind=1-threshold-group-declared; path=(top)	
pair	coupling.class-rank	error	threshold	same-source	refuse	website/docs/getting-started/configuration.md:152-166	PROMISED	carrier forbids mixing `threshold` with explicit `warning`/`error` from the same layer for the same level | kind=1-threshold-group-declared; path=(top)	
pair	coupling.class-rank	error	warning	same-source	compose	website/docs/rules/coupling.md:686	PROMISED	one documented yaml block writes both keys of this rule side by side | kind=1-threshold-group-declared; path=(top)	
pair	coupling.class-rank	threshold	warning	same-source	refuse	website/docs/getting-started/configuration.md:152-166	PROMISED	carrier forbids mixing `threshold` with explicit `warning`/`error` from the same layer for the same level | kind=1-threshold-group-declared; path=(top)	
pair	coupling.distance	max-distance-error	max-distance-warning	same-source	compose	website/docs/rules/coupling.md:557	PROMISED	one documented yaml block writes both keys of this rule side by side | kind=1-threshold-group-declared; path=(top)	
pair	coupling.distance	max-distance-error	threshold	same-source	refuse	website/docs/getting-started/configuration.md:152-166	PROMISED	carrier forbids mixing `threshold` with explicit `warning`/`error` from the same layer for the same level | kind=1-threshold-group-declared; path=(top)	
pair	coupling.distance	max-distance-warning	threshold	same-source	refuse	website/docs/getting-started/configuration.md:152-166	PROMISED	carrier forbids mixing `threshold` with explicit `warning`/`error` from the same layer for the same level | kind=1-threshold-group-declared; path=(top)	
pair	coupling.instability	class.max-error	class.max-warning	same-source	compose	website/docs/rules/coupling.md:391	PROMISED	one documented yaml block writes both keys of this rule side by side | kind=1-threshold-group-declared; path=class	
pair	coupling.instability	class.max-error	class.threshold	same-source	refuse	website/docs/getting-started/configuration.md:152-166	PROMISED	carrier forbids mixing `threshold` with explicit `warning`/`error` from the same layer for the same level | kind=1-threshold-group-declared; path=class	
pair	coupling.instability	class.max-warning	class.threshold	same-source	refuse	website/docs/getting-started/configuration.md:152-166	PROMISED	carrier forbids mixing `threshold` with explicit `warning`/`error` from the same layer for the same level | kind=1-threshold-group-declared; path=class	
pair	coupling.instability	max-error	max-warning	same-source	compose	website/docs/rules/coupling.md:451	PROMISED	one documented yaml block writes both keys of this rule side by side | kind=1-threshold-group-declared; path=(top)	
pair	coupling.instability	max-error	threshold	same-source	refuse	website/docs/getting-started/configuration.md:152-166	PROMISED	carrier forbids mixing `threshold` with explicit `warning`/`error` from the same layer for the same level | kind=1-threshold-group-declared; path=(top)	
pair	coupling.instability	max-warning	threshold	same-source	refuse	website/docs/getting-started/configuration.md:152-166	PROMISED	carrier forbids mixing `threshold` with explicit `warning`/`error` from the same layer for the same level | kind=1-threshold-group-declared; path=(top)	
pair	coupling.instability	namespace.max-error	namespace.max-warning	same-source	compose	website/docs/getting-started/configuration.md:138-151	DECIDED	no documented block writes these two keys of this rule together; the generic warning/error example is about another rule. ADR 0052 row 3: a warning band and an error band of one group miss nothing when written together -> both apply | kind=1-threshold-group-declared; path=namespace	
pair	coupling.instability	namespace.max-error	namespace.threshold	same-source	refuse	website/docs/getting-started/configuration.md:152-166	PROMISED	carrier forbids mixing `threshold` with explicit `warning`/`error` from the same layer for the same level | kind=1-threshold-group-declared; path=namespace	
pair	coupling.instability	namespace.max-warning	namespace.threshold	same-source	refuse	website/docs/getting-started/configuration.md:152-166	PROMISED	carrier forbids mixing `threshold` with explicit `warning`/`error` from the same layer for the same level | kind=1-threshold-group-declared; path=namespace	
pair	design.dit	error	threshold	same-source	refuse	website/docs/getting-started/configuration.md:152-166	PROMISED	carrier forbids mixing `threshold` with explicit `warning`/`error` from the same layer for the same level | kind=1-threshold-group-declared; path=(top)	
pair	design.dit	error	warning	same-source	compose	website/docs/rules/design.md:194	PROMISED	one documented yaml block writes both keys of this rule side by side | kind=1-threshold-group-declared; path=(top)	
pair	design.dit	threshold	warning	same-source	refuse	website/docs/getting-started/configuration.md:152-166	PROMISED	carrier forbids mixing `threshold` with explicit `warning`/`error` from the same layer for the same level | kind=1-threshold-group-declared; path=(top)	
pair	design.noc	error	threshold	same-source	refuse	website/docs/getting-started/configuration.md:152-166	PROMISED	carrier forbids mixing `threshold` with explicit `warning`/`error` from the same layer for the same level | kind=1-threshold-group-declared; path=(top)	
pair	design.noc	error	warning	same-source	compose	website/docs/rules/design.md:84	PROMISED	one documented yaml block writes both keys of this rule side by side | kind=1-threshold-group-declared; path=(top)	
pair	design.noc	threshold	warning	same-source	refuse	website/docs/getting-started/configuration.md:152-166	PROMISED	carrier forbids mixing `threshold` with explicit `warning`/`error` from the same layer for the same level | kind=1-threshold-group-declared; path=(top)	
pair	design.type-coverage.param	error	threshold	same-source	refuse	website/docs/getting-started/configuration.md:152-166	PROMISED	carrier forbids mixing `threshold` with explicit `warning`/`error` from the same layer for the same level | kind=1-threshold-group-declared; path=(top)	
pair	design.type-coverage.param	error	warning	same-source	compose	website/docs/rules/design.md:284	PROMISED	one documented yaml block writes both keys of this rule side by side | kind=1-threshold-group-declared; path=(top)	
pair	design.type-coverage.param	threshold	warning	same-source	refuse	website/docs/getting-started/configuration.md:152-166	PROMISED	carrier forbids mixing `threshold` with explicit `warning`/`error` from the same layer for the same level | kind=1-threshold-group-declared; path=(top)	
pair	design.type-coverage.property	error	threshold	same-source	refuse	website/docs/getting-started/configuration.md:152-166	PROMISED	carrier forbids mixing `threshold` with explicit `warning`/`error` from the same layer for the same level | kind=1-threshold-group-declared; path=(top)	
pair	design.type-coverage.property	error	warning	same-source	compose	website/docs/rules/design.md:414	PROMISED	one documented yaml block writes both keys of this rule side by side | kind=1-threshold-group-declared; path=(top)	
pair	design.type-coverage.property	threshold	warning	same-source	refuse	website/docs/getting-started/configuration.md:152-166	PROMISED	carrier forbids mixing `threshold` with explicit `warning`/`error` from the same layer for the same level | kind=1-threshold-group-declared; path=(top)	
pair	design.type-coverage.return	error	threshold	same-source	refuse	website/docs/getting-started/configuration.md:152-166	PROMISED	carrier forbids mixing `threshold` with explicit `warning`/`error` from the same layer for the same level | kind=1-threshold-group-declared; path=(top)	
pair	design.type-coverage.return	error	warning	same-source	compose	website/docs/rules/design.md:351	PROMISED	one documented yaml block writes both keys of this rule side by side | kind=1-threshold-group-declared; path=(top)	
pair	design.type-coverage.return	threshold	warning	same-source	refuse	website/docs/getting-started/configuration.md:152-166	PROMISED	carrier forbids mixing `threshold` with explicit `warning`/`error` from the same layer for the same level | kind=1-threshold-group-declared; path=(top)	
pair	duplication.clone	error	threshold	same-source	refuse	website/docs/getting-started/configuration.md:152-166	PROMISED	carrier forbids mixing `threshold` with explicit `warning`/`error` from the same layer for the same level | kind=1-threshold-group-declared; path=(top)	
pair	duplication.clone	error	warning	same-source	compose	website/docs/getting-started/configuration.md:138-151	DECIDED	no documented block writes these two keys of this rule together; the generic warning/error example is about another rule. ADR 0052 row 3: a warning band and an error band of one group miss nothing when written together -> both apply | kind=1-threshold-group-declared; path=(top)	
pair	duplication.clone	threshold	warning	same-source	refuse	website/docs/getting-started/configuration.md:152-166	PROMISED	carrier forbids mixing `threshold` with explicit `warning`/`error` from the same layer for the same level | kind=1-threshold-group-declared; path=(top)	
pair	maintainability.mi	error	threshold	same-source	refuse	website/docs/getting-started/configuration.md:152-166	PROMISED	carrier forbids mixing `threshold` with explicit `warning`/`error` from the same layer for the same level | kind=1-threshold-group-declared; path=(top)	
pair	maintainability.mi	error	warning	same-source	compose	website/docs/rules/maintainability.md:187	PROMISED	one documented yaml block writes both keys of this rule side by side | kind=1-threshold-group-declared; path=(top)	
pair	maintainability.mi	threshold	warning	same-source	refuse	website/docs/getting-started/configuration.md:152-166	PROMISED	carrier forbids mixing `threshold` with explicit `warning`/`error` from the same layer for the same level | kind=1-threshold-group-declared; path=(top)	
pair	size.class-count	error	threshold	same-source	refuse	website/docs/getting-started/configuration.md:152-166	PROMISED	carrier forbids mixing `threshold` with explicit `warning`/`error` from the same layer for the same level | kind=1-threshold-group-declared; path=(top)	
pair	size.class-count	error	warning	same-source	compose	website/docs/rules/size.md:165	PROMISED	one documented yaml block writes both keys of this rule side by side | kind=1-threshold-group-declared; path=(top)	
pair	size.class-count	threshold	warning	same-source	refuse	website/docs/getting-started/configuration.md:152-166	PROMISED	carrier forbids mixing `threshold` with explicit `warning`/`error` from the same layer for the same level | kind=1-threshold-group-declared; path=(top)	
pair	size.method-count	error	threshold	same-source	refuse	website/docs/getting-started/configuration.md:152-166	PROMISED	carrier forbids mixing `threshold` with explicit `warning`/`error` from the same layer for the same level | kind=1-threshold-group-declared; path=(top)	
pair	size.method-count	error	warning	same-source	compose	website/docs/getting-started/configuration.md:170	PROMISED	one documented yaml block writes both keys of this rule side by side | kind=1-threshold-group-declared; path=(top)	
pair	size.method-count	threshold	warning	same-source	refuse	website/docs/getting-started/configuration.md:152-166	PROMISED	carrier forbids mixing `threshold` with explicit `warning`/`error` from the same layer for the same level | kind=1-threshold-group-declared; path=(top)	
pair	size.property-count	error	threshold	same-source	refuse	website/docs/getting-started/configuration.md:152-166	PROMISED	carrier forbids mixing `threshold` with explicit `warning`/`error` from the same layer for the same level | kind=1-threshold-group-declared; path=(top)	
pair	size.property-count	error	warning	same-source	compose	website/docs/rules/size.md:264	PROMISED	one documented yaml block writes both keys of this rule side by side | kind=1-threshold-group-declared; path=(top)	
pair	size.property-count	threshold	warning	same-source	refuse	website/docs/getting-started/configuration.md:152-166	PROMISED	carrier forbids mixing `threshold` with explicit `warning`/`error` from the same layer for the same level | kind=1-threshold-group-declared; path=(top)	
pair	complexity.ccn	callable.enabled	enabled	same-source	compose		DECIDED	the carrier (website/docs/getting-started/configuration.md:185-217) speaks only about the bare `threshold` shorthand and says nothing about this key at either depth. ADR 0052 row 3: nothing is missed when a top-level key and its namesake inside a slot are both written -> both apply at their own depth | kind=2-same-name-top-vs-level; path=(top)|callable	
pair	complexity.ccn	callable.threshold	threshold	same-source	refuse	website/docs/getting-started/configuration.md:185-217 + website/docs/getting-started/configuration.md:152-166	DECIDED	C6c puts the top-level shorthand at exactly this slot, so the two write the same band twice; the carriers do not name the winner, and the pair row is coarser than the carrier (a slot holds more than its threshold). ADR 0052 row 4 -> refuse | COLLISION: this pair is a row of two kinds at once (2-same-name-top-vs-level,4-cross-level); the verdict of the more specific kind wins and both rows carry it | kind=2-same-name-top-vs-level; path=(top)|callable | website/docs/getting-started/configuration.md:185-217 now states the rule once and website/docs/getting-started/configuration.md:887-890 defers to it; the earlier two-carrier reading is gone. It confirms that the shorthand governs this slot, and still does not state this row's answer in the vocabulary the coexistence column uses	
pair	complexity.ccn	class.enabled	enabled	same-source	compose		DECIDED	the carrier (website/docs/getting-started/configuration.md:185-217) speaks only about the bare `threshold` shorthand and says nothing about this key at either depth. ADR 0052 row 3: nothing is missed when a top-level key and its namesake inside a slot are both written -> both apply at their own depth | kind=2-same-name-top-vs-level; path=(top)|class	
pair	complexity.ccn	class.threshold	threshold	same-source	compose	website/docs/getting-started/configuration.md:185-217	DECIDED	carrier: a `complexity.ccn`-shaped top-level shorthand reaches only the more granular slot, so THIS slot keeps its own value | kind=2-same-name-top-vs-level; path=(top)|class | CONFLICT RESOLVED, PROMOTION STILL BLOCKED — and the two are separate facts. The page no longer contradicts itself: website/docs/getting-started/configuration.md:185-217 now states the rule once — «A bare `threshold` at a hierarchical rule's own top level REPLACES the level blocks, it does not add to them… whatever `callable:` / `class:` / `namespace:` blocks stand beside it are not read — silently, with no word about them», and for `complexity.*` it adds «apply it to the callable level and SWITCH THE CLASS LEVEL OFF… reports nothing about classes at all»; website/docs/getting-started/configuration.md:887-890 defers to that same paragraph instead of restating it. The reading is therefore single and explicit. What it is NOT is `compose`: the carrier positively denies that both apply. It is not `refuse` either — the carrier insists the drop is silent. The coexistence column has no value for «the shorthand replaces, silently», and for this family none for «and the other level is switched off» either, which is a consequence on findings rather than a winner between two keys. So the row stays a round decision for a NEW reason, and the blocker is now the same one the 60 coupling rows carry	
pair	complexity.cognitive	callable.enabled	enabled	same-source	compose		DECIDED	the carrier (website/docs/getting-started/configuration.md:185-217) speaks only about the bare `threshold` shorthand and says nothing about this key at either depth. ADR 0052 row 3: nothing is missed when a top-level key and its namesake inside a slot are both written -> both apply at their own depth | kind=2-same-name-top-vs-level; path=(top)|callable	
pair	complexity.cognitive	callable.threshold	threshold	same-source	refuse	website/docs/getting-started/configuration.md:185-217 + website/docs/getting-started/configuration.md:152-166	DECIDED	C6c puts the top-level shorthand at exactly this slot, so the two write the same band twice; the carriers do not name the winner, and the pair row is coarser than the carrier (a slot holds more than its threshold). ADR 0052 row 4 -> refuse | COLLISION: this pair is a row of two kinds at once (2-same-name-top-vs-level,4-cross-level); the verdict of the more specific kind wins and both rows carry it | kind=2-same-name-top-vs-level; path=(top)|callable | website/docs/getting-started/configuration.md:185-217 now states the rule once and website/docs/getting-started/configuration.md:887-890 defers to it; the earlier two-carrier reading is gone. It confirms that the shorthand governs this slot, and still does not state this row's answer in the vocabulary the coexistence column uses	
pair	complexity.cognitive	class.enabled	enabled	same-source	compose		DECIDED	the carrier (website/docs/getting-started/configuration.md:185-217) speaks only about the bare `threshold` shorthand and says nothing about this key at either depth. ADR 0052 row 3: nothing is missed when a top-level key and its namesake inside a slot are both written -> both apply at their own depth | kind=2-same-name-top-vs-level; path=(top)|class	
pair	complexity.cognitive	class.threshold	threshold	same-source	compose	website/docs/getting-started/configuration.md:185-217	DECIDED	carrier: a `complexity.ccn`-shaped top-level shorthand reaches only the more granular slot, so THIS slot keeps its own value | kind=2-same-name-top-vs-level; path=(top)|class | CONFLICT RESOLVED, PROMOTION STILL BLOCKED — and the two are separate facts. The page no longer contradicts itself: website/docs/getting-started/configuration.md:185-217 now states the rule once — «A bare `threshold` at a hierarchical rule's own top level REPLACES the level blocks, it does not add to them… whatever `callable:` / `class:` / `namespace:` blocks stand beside it are not read — silently, with no word about them», and for `complexity.*` it adds «apply it to the callable level and SWITCH THE CLASS LEVEL OFF… reports nothing about classes at all»; website/docs/getting-started/configuration.md:887-890 defers to that same paragraph instead of restating it. The reading is therefore single and explicit. What it is NOT is `compose`: the carrier positively denies that both apply. It is not `refuse` either — the carrier insists the drop is silent. The coexistence column has no value for «the shorthand replaces, silently», and for this family none for «and the other level is switched off» either, which is a consequence on findings rather than a winner between two keys. So the row stays a round decision for a NEW reason, and the blocker is now the same one the 60 coupling rows carry	
pair	complexity.npath	callable.enabled	enabled	same-source	compose		DECIDED	the carrier (website/docs/getting-started/configuration.md:185-217) speaks only about the bare `threshold` shorthand and says nothing about this key at either depth. ADR 0052 row 3: nothing is missed when a top-level key and its namesake inside a slot are both written -> both apply at their own depth | kind=2-same-name-top-vs-level; path=(top)|callable	
pair	complexity.npath	callable.threshold	threshold	same-source	refuse	website/docs/getting-started/configuration.md:185-217 + website/docs/getting-started/configuration.md:152-166	DECIDED	C6c puts the top-level shorthand at exactly this slot, so the two write the same band twice; the carriers do not name the winner, and the pair row is coarser than the carrier (a slot holds more than its threshold). ADR 0052 row 4 -> refuse | COLLISION: this pair is a row of two kinds at once (2-same-name-top-vs-level,4-cross-level); the verdict of the more specific kind wins and both rows carry it | kind=2-same-name-top-vs-level; path=(top)|callable | website/docs/getting-started/configuration.md:185-217 now states the rule once and website/docs/getting-started/configuration.md:887-890 defers to it; the earlier two-carrier reading is gone. It confirms that the shorthand governs this slot, and still does not state this row's answer in the vocabulary the coexistence column uses	
pair	complexity.npath	class.enabled	enabled	same-source	compose		DECIDED	the carrier (website/docs/getting-started/configuration.md:185-217) speaks only about the bare `threshold` shorthand and says nothing about this key at either depth. ADR 0052 row 3: nothing is missed when a top-level key and its namesake inside a slot are both written -> both apply at their own depth | kind=2-same-name-top-vs-level; path=(top)|class	
pair	complexity.npath	class.threshold	threshold	same-source	compose	website/docs/getting-started/configuration.md:185-217	DECIDED	carrier: a `complexity.ccn`-shaped top-level shorthand reaches only the more granular slot, so THIS slot keeps its own value | kind=2-same-name-top-vs-level; path=(top)|class | CONFLICT RESOLVED, PROMOTION STILL BLOCKED — and the two are separate facts. The page no longer contradicts itself: website/docs/getting-started/configuration.md:185-217 now states the rule once — «A bare `threshold` at a hierarchical rule's own top level REPLACES the level blocks, it does not add to them… whatever `callable:` / `class:` / `namespace:` blocks stand beside it are not read — silently, with no word about them», and for `complexity.*` it adds «apply it to the callable level and SWITCH THE CLASS LEVEL OFF… reports nothing about classes at all»; website/docs/getting-started/configuration.md:887-890 defers to that same paragraph instead of restating it. The reading is therefore single and explicit. What it is NOT is `compose`: the carrier positively denies that both apply. It is not `refuse` either — the carrier insists the drop is silent. The coexistence column has no value for «the shorthand replaces, silently», and for this family none for «and the other level is switched off» either, which is a consequence on findings rather than a winner between two keys. So the row stays a round decision for a NEW reason, and the blocker is now the same one the 60 coupling rows carry	
pair	coupling.cbo	class.enabled	enabled	same-source	compose		DECIDED	the carrier (website/docs/getting-started/configuration.md:185-217) speaks only about the bare `threshold` shorthand and says nothing about this key at either depth. ADR 0052 row 3: nothing is missed when a top-level key and its namesake inside a slot are both written -> both apply at their own depth | kind=2-same-name-top-vs-level; path=(top)|class	
pair	coupling.cbo	class.error	error	same-source	compose		DECIDED	the carrier (website/docs/getting-started/configuration.md:185-217) speaks only about the bare `threshold` shorthand and says nothing about this key at either depth. ADR 0052 row 3: nothing is missed when a top-level key and its namesake inside a slot are both written -> both apply at their own depth | kind=2-same-name-top-vs-level; path=(top)|class | website/docs/getting-started/configuration.md:185-217 now states the rule once, in so many words: the shorthand REPLACES the level blocks and a `class:` or `namespace:` block beside the bare key is not read. The winner this row recorded as unnamed is therefore named. The round decision is kept only because the coexistence column has no value meaning «the shorthand wins and the block is silently dropped»	
pair	coupling.cbo	class.scope	scope	same-source	compose		DECIDED	the carrier (website/docs/getting-started/configuration.md:185-217) speaks only about the bare `threshold` shorthand and says nothing about this key at either depth. ADR 0052 row 3: nothing is missed when a top-level key and its namesake inside a slot are both written -> both apply at their own depth | kind=2-same-name-top-vs-level; path=(top)|class	
pair	coupling.cbo	class.threshold	threshold	same-source	refuse		DECIDED	the carrier (website/docs/getting-started/configuration.md:185-217) says a top-level shorthand of THESE two rules applies to both levels at once, so a level key written beside it is disputed and the carrier does not say which wins; ADR 0052 row 4 -> refuse rather than pick silently | COLLISION: this pair is a row of two kinds at once (2-same-name-top-vs-level,4-cross-level); the verdict of the more specific kind wins and both rows carry it | kind=2-same-name-top-vs-level; path=(top)|class | website/docs/getting-started/configuration.md:185-217 now states the rule once, in so many words: the shorthand REPLACES the level blocks and a `class:` or `namespace:` block beside the bare key is not read. The winner this row recorded as unnamed is therefore named. The round decision is kept only because the coexistence column has no value meaning «the shorthand wins and the block is silently dropped»	
pair	coupling.cbo	class.warning	warning	same-source	compose		DECIDED	the carrier (website/docs/getting-started/configuration.md:185-217) speaks only about the bare `threshold` shorthand and says nothing about this key at either depth. ADR 0052 row 3: nothing is missed when a top-level key and its namesake inside a slot are both written -> both apply at their own depth | kind=2-same-name-top-vs-level; path=(top)|class | website/docs/getting-started/configuration.md:185-217 now states the rule once, in so many words: the shorthand REPLACES the level blocks and a `class:` or `namespace:` block beside the bare key is not read. The winner this row recorded as unnamed is therefore named. The round decision is kept only because the coexistence column has no value meaning «the shorthand wins and the block is silently dropped»	
pair	coupling.cbo	enabled	namespace.enabled	same-source	compose		DECIDED	the carrier (website/docs/getting-started/configuration.md:185-217) speaks only about the bare `threshold` shorthand and says nothing about this key at either depth. ADR 0052 row 3: nothing is missed when a top-level key and its namesake inside a slot are both written -> both apply at their own depth | kind=2-same-name-top-vs-level; path=(top)|namespace	
pair	coupling.cbo	error	namespace.error	same-source	compose		DECIDED	the carrier (website/docs/getting-started/configuration.md:185-217) speaks only about the bare `threshold` shorthand and says nothing about this key at either depth. ADR 0052 row 3: nothing is missed when a top-level key and its namesake inside a slot are both written -> both apply at their own depth | kind=2-same-name-top-vs-level; path=(top)|namespace | website/docs/getting-started/configuration.md:185-217 now states the rule once, in so many words: the shorthand REPLACES the level blocks and a `class:` or `namespace:` block beside the bare key is not read. The winner this row recorded as unnamed is therefore named. The round decision is kept only because the coexistence column has no value meaning «the shorthand wins and the block is silently dropped»	
pair	coupling.cbo	namespace.threshold	threshold	same-source	refuse		DECIDED	the carrier (website/docs/getting-started/configuration.md:185-217) says a top-level shorthand of THESE two rules applies to both levels at once, so a level key written beside it is disputed and the carrier does not say which wins; ADR 0052 row 4 -> refuse rather than pick silently | COLLISION: this pair is a row of two kinds at once (2-same-name-top-vs-level,4-cross-level); the verdict of the more specific kind wins and both rows carry it | kind=2-same-name-top-vs-level; path=(top)|namespace | website/docs/getting-started/configuration.md:185-217 now states the rule once, in so many words: the shorthand REPLACES the level blocks and a `class:` or `namespace:` block beside the bare key is not read. The winner this row recorded as unnamed is therefore named. The round decision is kept only because the coexistence column has no value meaning «the shorthand wins and the block is silently dropped»	
pair	coupling.cbo	namespace.warning	warning	same-source	compose		DECIDED	the carrier (website/docs/getting-started/configuration.md:185-217) speaks only about the bare `threshold` shorthand and says nothing about this key at either depth. ADR 0052 row 3: nothing is missed when a top-level key and its namesake inside a slot are both written -> both apply at their own depth | kind=2-same-name-top-vs-level; path=(top)|namespace | website/docs/getting-started/configuration.md:185-217 now states the rule once, in so many words: the shorthand REPLACES the level blocks and a `class:` or `namespace:` block beside the bare key is not read. The winner this row recorded as unnamed is therefore named. The round decision is kept only because the coexistence column has no value meaning «the shorthand wins and the block is silently dropped»	
pair	coupling.instability	class.enabled	enabled	same-source	compose		DECIDED	the carrier (website/docs/getting-started/configuration.md:185-217) speaks only about the bare `threshold` shorthand and says nothing about this key at either depth. ADR 0052 row 3: nothing is missed when a top-level key and its namesake inside a slot are both written -> both apply at their own depth | kind=2-same-name-top-vs-level; path=(top)|class	
pair	coupling.instability	class.max-error	max-error	same-source	compose		DECIDED	the carrier (website/docs/getting-started/configuration.md:185-217) speaks only about the bare `threshold` shorthand and says nothing about this key at either depth. ADR 0052 row 3: nothing is missed when a top-level key and its namesake inside a slot are both written -> both apply at their own depth | kind=2-same-name-top-vs-level; path=(top)|class | website/docs/getting-started/configuration.md:185-217 now states the rule once, in so many words: the shorthand REPLACES the level blocks and a `class:` or `namespace:` block beside the bare key is not read. The winner this row recorded as unnamed is therefore named. The round decision is kept only because the coexistence column has no value meaning «the shorthand wins and the block is silently dropped»	
pair	coupling.instability	class.max-warning	max-warning	same-source	compose		DECIDED	the carrier (website/docs/getting-started/configuration.md:185-217) speaks only about the bare `threshold` shorthand and says nothing about this key at either depth. ADR 0052 row 3: nothing is missed when a top-level key and its namesake inside a slot are both written -> both apply at their own depth | kind=2-same-name-top-vs-level; path=(top)|class | website/docs/getting-started/configuration.md:185-217 now states the rule once, in so many words: the shorthand REPLACES the level blocks and a `class:` or `namespace:` block beside the bare key is not read. The winner this row recorded as unnamed is therefore named. The round decision is kept only because the coexistence column has no value meaning «the shorthand wins and the block is silently dropped»	
pair	coupling.instability	class.threshold	threshold	same-source	refuse		DECIDED	the carrier (website/docs/getting-started/configuration.md:185-217) says a top-level shorthand of THESE two rules applies to both levels at once, so a level key written beside it is disputed and the carrier does not say which wins; ADR 0052 row 4 -> refuse rather than pick silently | COLLISION: this pair is a row of two kinds at once (2-same-name-top-vs-level,4-cross-level); the verdict of the more specific kind wins and both rows carry it | kind=2-same-name-top-vs-level; path=(top)|class | website/docs/getting-started/configuration.md:185-217 now states the rule once, in so many words: the shorthand REPLACES the level blocks and a `class:` or `namespace:` block beside the bare key is not read. The winner this row recorded as unnamed is therefore named. The round decision is kept only because the coexistence column has no value meaning «the shorthand wins and the block is silently dropped»	
pair	coupling.instability	enabled	namespace.enabled	same-source	compose		DECIDED	the carrier (website/docs/getting-started/configuration.md:185-217) speaks only about the bare `threshold` shorthand and says nothing about this key at either depth. ADR 0052 row 3: nothing is missed when a top-level key and its namesake inside a slot are both written -> both apply at their own depth | kind=2-same-name-top-vs-level; path=(top)|namespace	
pair	coupling.instability	max-error	namespace.max-error	same-source	compose		DECIDED	the carrier (website/docs/getting-started/configuration.md:185-217) speaks only about the bare `threshold` shorthand and says nothing about this key at either depth. ADR 0052 row 3: nothing is missed when a top-level key and its namesake inside a slot are both written -> both apply at their own depth | kind=2-same-name-top-vs-level; path=(top)|namespace | website/docs/getting-started/configuration.md:185-217 now states the rule once, in so many words: the shorthand REPLACES the level blocks and a `class:` or `namespace:` block beside the bare key is not read. The winner this row recorded as unnamed is therefore named. The round decision is kept only because the coexistence column has no value meaning «the shorthand wins and the block is silently dropped»	
pair	coupling.instability	max-warning	namespace.max-warning	same-source	compose		DECIDED	the carrier (website/docs/getting-started/configuration.md:185-217) speaks only about the bare `threshold` shorthand and says nothing about this key at either depth. ADR 0052 row 3: nothing is missed when a top-level key and its namesake inside a slot are both written -> both apply at their own depth | kind=2-same-name-top-vs-level; path=(top)|namespace | website/docs/getting-started/configuration.md:185-217 now states the rule once, in so many words: the shorthand REPLACES the level blocks and a `class:` or `namespace:` block beside the bare key is not read. The winner this row recorded as unnamed is therefore named. The round decision is kept only because the coexistence column has no value meaning «the shorthand wins and the block is silently dropped»	
pair	coupling.instability	namespace.threshold	threshold	same-source	refuse		DECIDED	the carrier (website/docs/getting-started/configuration.md:185-217) says a top-level shorthand of THESE two rules applies to both levels at once, so a level key written beside it is disputed and the carrier does not say which wins; ADR 0052 row 4 -> refuse rather than pick silently | COLLISION: this pair is a row of two kinds at once (2-same-name-top-vs-level,4-cross-level); the verdict of the more specific kind wins and both rows carry it | kind=2-same-name-top-vs-level; path=(top)|namespace | website/docs/getting-started/configuration.md:185-217 now states the rule once, in so many words: the shorthand REPLACES the level blocks and a `class:` or `namespace:` block beside the bare key is not read. The winner this row recorded as unnamed is therefore named. The round decision is kept only because the coexistence column has no value meaning «the shorthand wins and the block is silently dropped»	
pair	complexity.ccn	callable:	threshold	same-source	refuse	website/docs/getting-started/configuration.md:185-217 + website/docs/getting-started/configuration.md:152-166	DECIDED	C6c puts the top-level shorthand at exactly this slot, so the two write the same band twice; the carriers do not name the winner, and the pair row is coarser than the carrier (a slot holds more than its threshold). ADR 0052 row 4 -> refuse | kind=3-shorthand-vs-level-block; path=(top)|callable | website/docs/getting-started/configuration.md:185-217 now states the rule once and website/docs/getting-started/configuration.md:887-890 defers to it; the earlier two-carrier reading is gone. It confirms that the shorthand governs this slot, and still does not state this row's answer in the vocabulary the coexistence column uses	
pair	complexity.ccn	class:	threshold	same-source	compose	website/docs/getting-started/configuration.md:185-217	DECIDED	carrier: a `complexity.ccn`-shaped top-level shorthand reaches only the more granular slot, so THIS slot keeps its own value | kind=3-shorthand-vs-level-block; path=(top)|class | CONFLICT RESOLVED, PROMOTION STILL BLOCKED — and the two are separate facts. The page no longer contradicts itself: website/docs/getting-started/configuration.md:185-217 now states the rule once — «A bare `threshold` at a hierarchical rule's own top level REPLACES the level blocks, it does not add to them… whatever `callable:` / `class:` / `namespace:` blocks stand beside it are not read — silently, with no word about them», and for `complexity.*` it adds «apply it to the callable level and SWITCH THE CLASS LEVEL OFF… reports nothing about classes at all»; website/docs/getting-started/configuration.md:887-890 defers to that same paragraph instead of restating it. The reading is therefore single and explicit. What it is NOT is `compose`: the carrier positively denies that both apply. It is not `refuse` either — the carrier insists the drop is silent. The coexistence column has no value for «the shorthand replaces, silently», and for this family none for «and the other level is switched off» either, which is a consequence on findings rather than a winner between two keys. So the row stays a round decision for a NEW reason, and the blocker is now the same one the 60 coupling rows carry	
pair	complexity.cognitive	callable:	threshold	same-source	refuse	website/docs/getting-started/configuration.md:185-217 + website/docs/getting-started/configuration.md:152-166	DECIDED	C6c puts the top-level shorthand at exactly this slot, so the two write the same band twice; the carriers do not name the winner, and the pair row is coarser than the carrier (a slot holds more than its threshold). ADR 0052 row 4 -> refuse | kind=3-shorthand-vs-level-block; path=(top)|callable | website/docs/getting-started/configuration.md:185-217 now states the rule once and website/docs/getting-started/configuration.md:887-890 defers to it; the earlier two-carrier reading is gone. It confirms that the shorthand governs this slot, and still does not state this row's answer in the vocabulary the coexistence column uses	
pair	complexity.cognitive	class:	threshold	same-source	compose	website/docs/getting-started/configuration.md:185-217	DECIDED	carrier: a `complexity.ccn`-shaped top-level shorthand reaches only the more granular slot, so THIS slot keeps its own value | kind=3-shorthand-vs-level-block; path=(top)|class | CONFLICT RESOLVED, PROMOTION STILL BLOCKED — and the two are separate facts. The page no longer contradicts itself: website/docs/getting-started/configuration.md:185-217 now states the rule once — «A bare `threshold` at a hierarchical rule's own top level REPLACES the level blocks, it does not add to them… whatever `callable:` / `class:` / `namespace:` blocks stand beside it are not read — silently, with no word about them», and for `complexity.*` it adds «apply it to the callable level and SWITCH THE CLASS LEVEL OFF… reports nothing about classes at all»; website/docs/getting-started/configuration.md:887-890 defers to that same paragraph instead of restating it. The reading is therefore single and explicit. What it is NOT is `compose`: the carrier positively denies that both apply. It is not `refuse` either — the carrier insists the drop is silent. The coexistence column has no value for «the shorthand replaces, silently», and for this family none for «and the other level is switched off» either, which is a consequence on findings rather than a winner between two keys. So the row stays a round decision for a NEW reason, and the blocker is now the same one the 60 coupling rows carry	
pair	complexity.npath	callable:	threshold	same-source	refuse	website/docs/getting-started/configuration.md:185-217 + website/docs/getting-started/configuration.md:152-166	DECIDED	C6c puts the top-level shorthand at exactly this slot, so the two write the same band twice; the carriers do not name the winner, and the pair row is coarser than the carrier (a slot holds more than its threshold). ADR 0052 row 4 -> refuse | kind=3-shorthand-vs-level-block; path=(top)|callable | website/docs/getting-started/configuration.md:185-217 now states the rule once and website/docs/getting-started/configuration.md:887-890 defers to it; the earlier two-carrier reading is gone. It confirms that the shorthand governs this slot, and still does not state this row's answer in the vocabulary the coexistence column uses	
pair	complexity.npath	class:	threshold	same-source	compose	website/docs/getting-started/configuration.md:185-217	DECIDED	carrier: a `complexity.ccn`-shaped top-level shorthand reaches only the more granular slot, so THIS slot keeps its own value | kind=3-shorthand-vs-level-block; path=(top)|class | CONFLICT RESOLVED, PROMOTION STILL BLOCKED — and the two are separate facts. The page no longer contradicts itself: website/docs/getting-started/configuration.md:185-217 now states the rule once — «A bare `threshold` at a hierarchical rule's own top level REPLACES the level blocks, it does not add to them… whatever `callable:` / `class:` / `namespace:` blocks stand beside it are not read — silently, with no word about them», and for `complexity.*` it adds «apply it to the callable level and SWITCH THE CLASS LEVEL OFF… reports nothing about classes at all»; website/docs/getting-started/configuration.md:887-890 defers to that same paragraph instead of restating it. The reading is therefore single and explicit. What it is NOT is `compose`: the carrier positively denies that both apply. It is not `refuse` either — the carrier insists the drop is silent. The coexistence column has no value for «the shorthand replaces, silently», and for this family none for «and the other level is switched off» either, which is a consequence on findings rather than a winner between two keys. So the row stays a round decision for a NEW reason, and the blocker is now the same one the 60 coupling rows carry	
pair	coupling.cbo	class:	error	same-source	compose		DECIDED	the carrier (website/docs/getting-started/configuration.md:185-217) speaks only about the bare `threshold` shorthand and says nothing about this key at either depth. ADR 0052 row 3: nothing is missed when a top-level key and its namesake inside a slot are both written -> both apply at their own depth | kind=3-shorthand-vs-level-block; path=(top)|class | website/docs/getting-started/configuration.md:185-217 now states the rule once, in so many words: the shorthand REPLACES the level blocks and a `class:` or `namespace:` block beside the bare key is not read. The winner this row recorded as unnamed is therefore named. The round decision is kept only because the coexistence column has no value meaning «the shorthand wins and the block is silently dropped»	
pair	coupling.cbo	class:	threshold	same-source	refuse		DECIDED	the carrier (website/docs/getting-started/configuration.md:185-217) says a top-level shorthand of THESE two rules applies to both levels at once, so a level key written beside it is disputed and the carrier does not say which wins; ADR 0052 row 4 -> refuse rather than pick silently | kind=3-shorthand-vs-level-block; path=(top)|class | website/docs/getting-started/configuration.md:185-217 now states the rule once, in so many words: the shorthand REPLACES the level blocks and a `class:` or `namespace:` block beside the bare key is not read. The winner this row recorded as unnamed is therefore named. The round decision is kept only because the coexistence column has no value meaning «the shorthand wins and the block is silently dropped»	
pair	coupling.cbo	class:	warning	same-source	compose		DECIDED	the carrier (website/docs/getting-started/configuration.md:185-217) speaks only about the bare `threshold` shorthand and says nothing about this key at either depth. ADR 0052 row 3: nothing is missed when a top-level key and its namesake inside a slot are both written -> both apply at their own depth | kind=3-shorthand-vs-level-block; path=(top)|class | website/docs/getting-started/configuration.md:185-217 now states the rule once, in so many words: the shorthand REPLACES the level blocks and a `class:` or `namespace:` block beside the bare key is not read. The winner this row recorded as unnamed is therefore named. The round decision is kept only because the coexistence column has no value meaning «the shorthand wins and the block is silently dropped»	
pair	coupling.cbo	error	namespace:	same-source	compose		DECIDED	the carrier (website/docs/getting-started/configuration.md:185-217) speaks only about the bare `threshold` shorthand and says nothing about this key at either depth. ADR 0052 row 3: nothing is missed when a top-level key and its namesake inside a slot are both written -> both apply at their own depth | kind=3-shorthand-vs-level-block; path=(top)|namespace | website/docs/getting-started/configuration.md:185-217 now states the rule once, in so many words: the shorthand REPLACES the level blocks and a `class:` or `namespace:` block beside the bare key is not read. The winner this row recorded as unnamed is therefore named. The round decision is kept only because the coexistence column has no value meaning «the shorthand wins and the block is silently dropped»	
pair	coupling.cbo	namespace:	threshold	same-source	refuse		DECIDED	the carrier (website/docs/getting-started/configuration.md:185-217) says a top-level shorthand of THESE two rules applies to both levels at once, so a level key written beside it is disputed and the carrier does not say which wins; ADR 0052 row 4 -> refuse rather than pick silently | kind=3-shorthand-vs-level-block; path=(top)|namespace | website/docs/getting-started/configuration.md:185-217 now states the rule once, in so many words: the shorthand REPLACES the level blocks and a `class:` or `namespace:` block beside the bare key is not read. The winner this row recorded as unnamed is therefore named. The round decision is kept only because the coexistence column has no value meaning «the shorthand wins and the block is silently dropped»	
pair	coupling.cbo	namespace:	warning	same-source	compose		DECIDED	the carrier (website/docs/getting-started/configuration.md:185-217) speaks only about the bare `threshold` shorthand and says nothing about this key at either depth. ADR 0052 row 3: nothing is missed when a top-level key and its namesake inside a slot are both written -> both apply at their own depth | kind=3-shorthand-vs-level-block; path=(top)|namespace | website/docs/getting-started/configuration.md:185-217 now states the rule once, in so many words: the shorthand REPLACES the level blocks and a `class:` or `namespace:` block beside the bare key is not read. The winner this row recorded as unnamed is therefore named. The round decision is kept only because the coexistence column has no value meaning «the shorthand wins and the block is silently dropped»	
pair	coupling.instability	class:	max-error	same-source	compose		DECIDED	the carrier (website/docs/getting-started/configuration.md:185-217) speaks only about the bare `threshold` shorthand and says nothing about this key at either depth. ADR 0052 row 3: nothing is missed when a top-level key and its namesake inside a slot are both written -> both apply at their own depth | kind=3-shorthand-vs-level-block; path=(top)|class | website/docs/getting-started/configuration.md:185-217 now states the rule once, in so many words: the shorthand REPLACES the level blocks and a `class:` or `namespace:` block beside the bare key is not read. The winner this row recorded as unnamed is therefore named. The round decision is kept only because the coexistence column has no value meaning «the shorthand wins and the block is silently dropped»	
pair	coupling.instability	class:	max-warning	same-source	compose		DECIDED	the carrier (website/docs/getting-started/configuration.md:185-217) speaks only about the bare `threshold` shorthand and says nothing about this key at either depth. ADR 0052 row 3: nothing is missed when a top-level key and its namesake inside a slot are both written -> both apply at their own depth | kind=3-shorthand-vs-level-block; path=(top)|class | website/docs/getting-started/configuration.md:185-217 now states the rule once, in so many words: the shorthand REPLACES the level blocks and a `class:` or `namespace:` block beside the bare key is not read. The winner this row recorded as unnamed is therefore named. The round decision is kept only because the coexistence column has no value meaning «the shorthand wins and the block is silently dropped»	
pair	coupling.instability	class:	threshold	same-source	refuse		DECIDED	the carrier (website/docs/getting-started/configuration.md:185-217) says a top-level shorthand of THESE two rules applies to both levels at once, so a level key written beside it is disputed and the carrier does not say which wins; ADR 0052 row 4 -> refuse rather than pick silently | kind=3-shorthand-vs-level-block; path=(top)|class | website/docs/getting-started/configuration.md:185-217 now states the rule once, in so many words: the shorthand REPLACES the level blocks and a `class:` or `namespace:` block beside the bare key is not read. The winner this row recorded as unnamed is therefore named. The round decision is kept only because the coexistence column has no value meaning «the shorthand wins and the block is silently dropped»	
pair	coupling.instability	max-error	namespace:	same-source	compose		DECIDED	the carrier (website/docs/getting-started/configuration.md:185-217) speaks only about the bare `threshold` shorthand and says nothing about this key at either depth. ADR 0052 row 3: nothing is missed when a top-level key and its namesake inside a slot are both written -> both apply at their own depth | kind=3-shorthand-vs-level-block; path=(top)|namespace | website/docs/getting-started/configuration.md:185-217 now states the rule once, in so many words: the shorthand REPLACES the level blocks and a `class:` or `namespace:` block beside the bare key is not read. The winner this row recorded as unnamed is therefore named. The round decision is kept only because the coexistence column has no value meaning «the shorthand wins and the block is silently dropped»	
pair	coupling.instability	max-warning	namespace:	same-source	compose		DECIDED	the carrier (website/docs/getting-started/configuration.md:185-217) speaks only about the bare `threshold` shorthand and says nothing about this key at either depth. ADR 0052 row 3: nothing is missed when a top-level key and its namesake inside a slot are both written -> both apply at their own depth | kind=3-shorthand-vs-level-block; path=(top)|namespace | website/docs/getting-started/configuration.md:185-217 now states the rule once, in so many words: the shorthand REPLACES the level blocks and a `class:` or `namespace:` block beside the bare key is not read. The winner this row recorded as unnamed is therefore named. The round decision is kept only because the coexistence column has no value meaning «the shorthand wins and the block is silently dropped»	
pair	coupling.instability	namespace:	threshold	same-source	refuse		DECIDED	the carrier (website/docs/getting-started/configuration.md:185-217) says a top-level shorthand of THESE two rules applies to both levels at once, so a level key written beside it is disputed and the carrier does not say which wins; ADR 0052 row 4 -> refuse rather than pick silently | kind=3-shorthand-vs-level-block; path=(top)|namespace | website/docs/getting-started/configuration.md:185-217 now states the rule once, in so many words: the shorthand REPLACES the level blocks and a `class:` or `namespace:` block beside the bare key is not read. The winner this row recorded as unnamed is therefore named. The round decision is kept only because the coexistence column has no value meaning «the shorthand wins and the block is silently dropped»	
pair	code-smell.long-parameter-list	error	vo-error	same-source	compose	website/docs/rules/code-smell.md:696	PROMISED	one documented yaml block of THIS rule writes both keys side by side | kind=4-cross-group-same-path; path=(top)	
pair	code-smell.long-parameter-list	error	vo-threshold	same-source	compose		DECIDED	no documented block of this rule writes these two keys together; they belong to different groups or different levels. ADR 0052 row 3: nothing is missed -> both apply | kind=4-cross-group-same-path; path=(top)	
pair	code-smell.long-parameter-list	error	vo-warning	same-source	compose	website/docs/rules/code-smell.md:696	PROMISED	one documented yaml block of THIS rule writes both keys side by side | kind=4-cross-group-same-path; path=(top)	
pair	code-smell.long-parameter-list	threshold	vo-error	same-source	compose		DECIDED	no documented block of this rule writes these two keys together; they belong to different groups or different levels. ADR 0052 row 3: nothing is missed -> both apply | kind=4-cross-group-same-path; path=(top)	
pair	code-smell.long-parameter-list	threshold	vo-threshold	same-source	compose		DECIDED	no documented block of this rule writes these two keys together; they belong to different groups or different levels. ADR 0052 row 3: nothing is missed -> both apply | kind=4-cross-group-same-path; path=(top)	
pair	code-smell.long-parameter-list	threshold	vo-warning	same-source	compose		DECIDED	no documented block of this rule writes these two keys together; they belong to different groups or different levels. ADR 0052 row 3: nothing is missed -> both apply | kind=4-cross-group-same-path; path=(top)	
pair	code-smell.long-parameter-list	vo-error	warning	same-source	compose	website/docs/rules/code-smell.md:696	PROMISED	one documented yaml block of THIS rule writes both keys side by side | kind=4-cross-group-same-path; path=(top)	
pair	code-smell.long-parameter-list	vo-threshold	warning	same-source	compose		DECIDED	no documented block of this rule writes these two keys together; they belong to different groups or different levels. ADR 0052 row 3: nothing is missed -> both apply | kind=4-cross-group-same-path; path=(top)	
pair	code-smell.long-parameter-list	vo-warning	warning	same-source	compose	website/docs/rules/code-smell.md:696	PROMISED	one documented yaml block of THIS rule writes both keys side by side | kind=4-cross-group-same-path; path=(top)	
pair	complexity.ccn	callable.error	class.max-error	same-source	compose	website/docs/reference/default-thresholds.md:197	PROMISED	one documented yaml block of THIS rule writes both keys side by side | kind=4-cross-level; path=callable|class	
pair	complexity.ccn	callable.error	class.max-warning	same-source	compose	website/docs/rules/complexity.md:108	PROMISED	one documented yaml block of THIS rule writes both keys side by side | kind=4-cross-level; path=callable|class	
pair	complexity.ccn	callable.error	class.threshold	same-source	compose		DECIDED	no documented block of this rule writes these two keys together; they belong to different groups or different levels. ADR 0052 row 3: nothing is missed -> both apply | kind=4-cross-level; path=callable|class	
pair	complexity.ccn	callable.error	threshold	same-source	compose		DECIDED	no documented block of this rule writes these two keys together; they belong to different groups or different levels. ADR 0052 row 3: nothing is missed -> both apply | kind=4-cross-level; path=|callable | website/docs/getting-started/configuration.md:185-217 now states the rule once and website/docs/getting-started/configuration.md:887-890 defers to it; the earlier two-carrier reading is gone. It confirms that the shorthand governs this slot, and still does not state this row's answer in the vocabulary the coexistence column uses	
pair	complexity.ccn	callable.threshold	class.max-error	same-source	compose		DECIDED	no documented block of this rule writes these two keys together; they belong to different groups or different levels. ADR 0052 row 3: nothing is missed -> both apply | kind=4-cross-level; path=callable|class	
pair	complexity.ccn	callable.threshold	class.max-warning	same-source	compose		DECIDED	no documented block of this rule writes these two keys together; they belong to different groups or different levels. ADR 0052 row 3: nothing is missed -> both apply | kind=4-cross-level; path=callable|class	
pair	complexity.ccn	callable.threshold	class.threshold	same-source	compose		DECIDED	no documented block of this rule writes these two keys together; they belong to different groups or different levels. ADR 0052 row 3: nothing is missed -> both apply | kind=4-cross-level; path=callable|class	
pair	complexity.ccn	callable.threshold	threshold	same-source	refuse	website/docs/getting-started/configuration.md:185-217 + website/docs/getting-started/configuration.md:152-166	DECIDED	C6c puts the top-level shorthand at exactly this slot, so the two write the same band twice; the carriers do not name the winner, and the pair row is coarser than the carrier (a slot holds more than its threshold). ADR 0052 row 4 -> refuse | COLLISION: this pair is a row of two kinds at once (2-same-name-top-vs-level,4-cross-level); the verdict of the more specific kind wins and both rows carry it | COLLISION: this pair is a row of two kinds at once (2-same-name-top-vs-level,4-cross-level); the verdict of the more specific kind wins and both rows carry it | kind=4-cross-level; path=|callable | website/docs/getting-started/configuration.md:185-217 now states the rule once and website/docs/getting-started/configuration.md:887-890 defers to it; the earlier two-carrier reading is gone. It confirms that the shorthand governs this slot, and still does not state this row's answer in the vocabulary the coexistence column uses	
pair	complexity.ccn	callable.warning	class.max-error	same-source	compose	website/docs/reference/default-thresholds.md:197	PROMISED	one documented yaml block of THIS rule writes both keys side by side | kind=4-cross-level; path=callable|class	
pair	complexity.ccn	callable.warning	class.max-warning	same-source	compose	website/docs/rules/complexity.md:108	PROMISED	one documented yaml block of THIS rule writes both keys side by side | kind=4-cross-level; path=callable|class	
pair	complexity.ccn	callable.warning	class.threshold	same-source	compose		DECIDED	no documented block of this rule writes these two keys together; they belong to different groups or different levels. ADR 0052 row 3: nothing is missed -> both apply | kind=4-cross-level; path=callable|class	
pair	complexity.ccn	callable.warning	threshold	same-source	compose		DECIDED	no documented block of this rule writes these two keys together; they belong to different groups or different levels. ADR 0052 row 3: nothing is missed -> both apply | kind=4-cross-level; path=|callable | website/docs/getting-started/configuration.md:185-217 now states the rule once and website/docs/getting-started/configuration.md:887-890 defers to it; the earlier two-carrier reading is gone. It confirms that the shorthand governs this slot, and still does not state this row's answer in the vocabulary the coexistence column uses	
pair	complexity.ccn	class.max-error	threshold	same-source	compose		DECIDED	no documented block of this rule writes these two keys together; they belong to different groups or different levels. ADR 0052 row 3: nothing is missed -> both apply | kind=4-cross-level; path=|class | CONFLICT RESOLVED, PROMOTION STILL BLOCKED — and the two are separate facts. The page no longer contradicts itself: website/docs/getting-started/configuration.md:185-217 now states the rule once — «A bare `threshold` at a hierarchical rule's own top level REPLACES the level blocks, it does not add to them… whatever `callable:` / `class:` / `namespace:` blocks stand beside it are not read — silently, with no word about them», and for `complexity.*` it adds «apply it to the callable level and SWITCH THE CLASS LEVEL OFF… reports nothing about classes at all»; website/docs/getting-started/configuration.md:887-890 defers to that same paragraph instead of restating it. The reading is therefore single and explicit. What it is NOT is `compose`: the carrier positively denies that both apply. It is not `refuse` either — the carrier insists the drop is silent. The coexistence column has no value for «the shorthand replaces, silently», and for this family none for «and the other level is switched off» either, which is a consequence on findings rather than a winner between two keys. So the row stays a round decision for a NEW reason, and the blocker is now the same one the 60 coupling rows carry	
pair	complexity.ccn	class.max-warning	threshold	same-source	compose		DECIDED	no documented block of this rule writes these two keys together; they belong to different groups or different levels. ADR 0052 row 3: nothing is missed -> both apply | kind=4-cross-level; path=|class | CONFLICT RESOLVED, PROMOTION STILL BLOCKED — and the two are separate facts. The page no longer contradicts itself: website/docs/getting-started/configuration.md:185-217 now states the rule once — «A bare `threshold` at a hierarchical rule's own top level REPLACES the level blocks, it does not add to them… whatever `callable:` / `class:` / `namespace:` blocks stand beside it are not read — silently, with no word about them», and for `complexity.*` it adds «apply it to the callable level and SWITCH THE CLASS LEVEL OFF… reports nothing about classes at all»; website/docs/getting-started/configuration.md:887-890 defers to that same paragraph instead of restating it. The reading is therefore single and explicit. What it is NOT is `compose`: the carrier positively denies that both apply. It is not `refuse` either — the carrier insists the drop is silent. The coexistence column has no value for «the shorthand replaces, silently», and for this family none for «and the other level is switched off» either, which is a consequence on findings rather than a winner between two keys. So the row stays a round decision for a NEW reason, and the blocker is now the same one the 60 coupling rows carry	
pair	complexity.ccn	class.threshold	threshold	same-source	compose		DECIDED	no documented block of this rule writes these two keys together; they belong to different groups or different levels. ADR 0052 row 3: nothing is missed -> both apply | kind=4-cross-level; path=|class | CONFLICT RESOLVED, PROMOTION STILL BLOCKED — and the two are separate facts. The page no longer contradicts itself: website/docs/getting-started/configuration.md:185-217 now states the rule once — «A bare `threshold` at a hierarchical rule's own top level REPLACES the level blocks, it does not add to them… whatever `callable:` / `class:` / `namespace:` blocks stand beside it are not read — silently, with no word about them», and for `complexity.*` it adds «apply it to the callable level and SWITCH THE CLASS LEVEL OFF… reports nothing about classes at all»; website/docs/getting-started/configuration.md:887-890 defers to that same paragraph instead of restating it. The reading is therefore single and explicit. What it is NOT is `compose`: the carrier positively denies that both apply. It is not `refuse` either — the carrier insists the drop is silent. The coexistence column has no value for «the shorthand replaces, silently», and for this family none for «and the other level is switched off» either, which is a consequence on findings rather than a winner between two keys. So the row stays a round decision for a NEW reason, and the blocker is now the same one the 60 coupling rows carry	
pair	complexity.cognitive	callable.error	class.max-error	same-source	compose		DECIDED	no documented block of this rule writes these two keys together; they belong to different groups or different levels. ADR 0052 row 3: nothing is missed -> both apply | kind=4-cross-level; path=callable|class	
pair	complexity.cognitive	callable.error	class.max-warning	same-source	compose	website/docs/rules/complexity.md:228	PROMISED	one documented yaml block of THIS rule writes both keys side by side | kind=4-cross-level; path=callable|class	
pair	complexity.cognitive	callable.error	class.threshold	same-source	compose		DECIDED	no documented block of this rule writes these two keys together; they belong to different groups or different levels. ADR 0052 row 3: nothing is missed -> both apply | kind=4-cross-level; path=callable|class	
pair	complexity.cognitive	callable.error	threshold	same-source	compose		DECIDED	no documented block of this rule writes these two keys together; they belong to different groups or different levels. ADR 0052 row 3: nothing is missed -> both apply | kind=4-cross-level; path=|callable | website/docs/getting-started/configuration.md:185-217 now states the rule once and website/docs/getting-started/configuration.md:887-890 defers to it; the earlier two-carrier reading is gone. It confirms that the shorthand governs this slot, and still does not state this row's answer in the vocabulary the coexistence column uses	
pair	complexity.cognitive	callable.threshold	class.max-error	same-source	compose		DECIDED	no documented block of this rule writes these two keys together; they belong to different groups or different levels. ADR 0052 row 3: nothing is missed -> both apply | kind=4-cross-level; path=callable|class	
pair	complexity.cognitive	callable.threshold	class.max-warning	same-source	compose		DECIDED	no documented block of this rule writes these two keys together; they belong to different groups or different levels. ADR 0052 row 3: nothing is missed -> both apply | kind=4-cross-level; path=callable|class	
pair	complexity.cognitive	callable.threshold	class.threshold	same-source	compose		DECIDED	no documented block of this rule writes these two keys together; they belong to different groups or different levels. ADR 0052 row 3: nothing is missed -> both apply | kind=4-cross-level; path=callable|class	
pair	complexity.cognitive	callable.threshold	threshold	same-source	refuse	website/docs/getting-started/configuration.md:185-217 + website/docs/getting-started/configuration.md:152-166	DECIDED	C6c puts the top-level shorthand at exactly this slot, so the two write the same band twice; the carriers do not name the winner, and the pair row is coarser than the carrier (a slot holds more than its threshold). ADR 0052 row 4 -> refuse | COLLISION: this pair is a row of two kinds at once (2-same-name-top-vs-level,4-cross-level); the verdict of the more specific kind wins and both rows carry it | COLLISION: this pair is a row of two kinds at once (2-same-name-top-vs-level,4-cross-level); the verdict of the more specific kind wins and both rows carry it | kind=4-cross-level; path=|callable | website/docs/getting-started/configuration.md:185-217 now states the rule once and website/docs/getting-started/configuration.md:887-890 defers to it; the earlier two-carrier reading is gone. It confirms that the shorthand governs this slot, and still does not state this row's answer in the vocabulary the coexistence column uses	
pair	complexity.cognitive	callable.warning	class.max-error	same-source	compose		DECIDED	no documented block of this rule writes these two keys together; they belong to different groups or different levels. ADR 0052 row 3: nothing is missed -> both apply | kind=4-cross-level; path=callable|class	
pair	complexity.cognitive	callable.warning	class.max-warning	same-source	compose	website/docs/rules/complexity.md:228	PROMISED	one documented yaml block of THIS rule writes both keys side by side | kind=4-cross-level; path=callable|class	
pair	complexity.cognitive	callable.warning	class.threshold	same-source	compose		DECIDED	no documented block of this rule writes these two keys together; they belong to different groups or different levels. ADR 0052 row 3: nothing is missed -> both apply | kind=4-cross-level; path=callable|class	
pair	complexity.cognitive	callable.warning	threshold	same-source	compose		DECIDED	no documented block of this rule writes these two keys together; they belong to different groups or different levels. ADR 0052 row 3: nothing is missed -> both apply | kind=4-cross-level; path=|callable | website/docs/getting-started/configuration.md:185-217 now states the rule once and website/docs/getting-started/configuration.md:887-890 defers to it; the earlier two-carrier reading is gone. It confirms that the shorthand governs this slot, and still does not state this row's answer in the vocabulary the coexistence column uses	
pair	complexity.cognitive	class.max-error	threshold	same-source	compose		DECIDED	no documented block of this rule writes these two keys together; they belong to different groups or different levels. ADR 0052 row 3: nothing is missed -> both apply | kind=4-cross-level; path=|class | CONFLICT RESOLVED, PROMOTION STILL BLOCKED — and the two are separate facts. The page no longer contradicts itself: website/docs/getting-started/configuration.md:185-217 now states the rule once — «A bare `threshold` at a hierarchical rule's own top level REPLACES the level blocks, it does not add to them… whatever `callable:` / `class:` / `namespace:` blocks stand beside it are not read — silently, with no word about them», and for `complexity.*` it adds «apply it to the callable level and SWITCH THE CLASS LEVEL OFF… reports nothing about classes at all»; website/docs/getting-started/configuration.md:887-890 defers to that same paragraph instead of restating it. The reading is therefore single and explicit. What it is NOT is `compose`: the carrier positively denies that both apply. It is not `refuse` either — the carrier insists the drop is silent. The coexistence column has no value for «the shorthand replaces, silently», and for this family none for «and the other level is switched off» either, which is a consequence on findings rather than a winner between two keys. So the row stays a round decision for a NEW reason, and the blocker is now the same one the 60 coupling rows carry	
pair	complexity.cognitive	class.max-warning	threshold	same-source	compose		DECIDED	no documented block of this rule writes these two keys together; they belong to different groups or different levels. ADR 0052 row 3: nothing is missed -> both apply | kind=4-cross-level; path=|class | CONFLICT RESOLVED, PROMOTION STILL BLOCKED — and the two are separate facts. The page no longer contradicts itself: website/docs/getting-started/configuration.md:185-217 now states the rule once — «A bare `threshold` at a hierarchical rule's own top level REPLACES the level blocks, it does not add to them… whatever `callable:` / `class:` / `namespace:` blocks stand beside it are not read — silently, with no word about them», and for `complexity.*` it adds «apply it to the callable level and SWITCH THE CLASS LEVEL OFF… reports nothing about classes at all»; website/docs/getting-started/configuration.md:887-890 defers to that same paragraph instead of restating it. The reading is therefore single and explicit. What it is NOT is `compose`: the carrier positively denies that both apply. It is not `refuse` either — the carrier insists the drop is silent. The coexistence column has no value for «the shorthand replaces, silently», and for this family none for «and the other level is switched off» either, which is a consequence on findings rather than a winner between two keys. So the row stays a round decision for a NEW reason, and the blocker is now the same one the 60 coupling rows carry	
pair	complexity.cognitive	class.threshold	threshold	same-source	compose		DECIDED	no documented block of this rule writes these two keys together; they belong to different groups or different levels. ADR 0052 row 3: nothing is missed -> both apply | kind=4-cross-level; path=|class | CONFLICT RESOLVED, PROMOTION STILL BLOCKED — and the two are separate facts. The page no longer contradicts itself: website/docs/getting-started/configuration.md:185-217 now states the rule once — «A bare `threshold` at a hierarchical rule's own top level REPLACES the level blocks, it does not add to them… whatever `callable:` / `class:` / `namespace:` blocks stand beside it are not read — silently, with no word about them», and for `complexity.*` it adds «apply it to the callable level and SWITCH THE CLASS LEVEL OFF… reports nothing about classes at all»; website/docs/getting-started/configuration.md:887-890 defers to that same paragraph instead of restating it. The reading is therefore single and explicit. What it is NOT is `compose`: the carrier positively denies that both apply. It is not `refuse` either — the carrier insists the drop is silent. The coexistence column has no value for «the shorthand replaces, silently», and for this family none for «and the other level is switched off» either, which is a consequence on findings rather than a winner between two keys. So the row stays a round decision for a NEW reason, and the blocker is now the same one the 60 coupling rows carry	
pair	complexity.npath	callable.error	class.max-error	same-source	compose		DECIDED	no documented block of this rule writes these two keys together; they belong to different groups or different levels. ADR 0052 row 3: nothing is missed -> both apply | kind=4-cross-level; path=callable|class	
pair	complexity.npath	callable.error	class.max-warning	same-source	compose		DECIDED	no documented block of this rule writes these two keys together; they belong to different groups or different levels. ADR 0052 row 3: nothing is missed -> both apply | kind=4-cross-level; path=callable|class	
pair	complexity.npath	callable.error	class.threshold	same-source	compose		DECIDED	no documented block of this rule writes these two keys together; they belong to different groups or different levels. ADR 0052 row 3: nothing is missed -> both apply | kind=4-cross-level; path=callable|class	
pair	complexity.npath	callable.error	threshold	same-source	compose		DECIDED	no documented block of this rule writes these two keys together; they belong to different groups or different levels. ADR 0052 row 3: nothing is missed -> both apply | kind=4-cross-level; path=|callable | website/docs/getting-started/configuration.md:185-217 now states the rule once and website/docs/getting-started/configuration.md:887-890 defers to it; the earlier two-carrier reading is gone. It confirms that the shorthand governs this slot, and still does not state this row's answer in the vocabulary the coexistence column uses	
pair	complexity.npath	callable.threshold	class.max-error	same-source	compose		DECIDED	no documented block of this rule writes these two keys together; they belong to different groups or different levels. ADR 0052 row 3: nothing is missed -> both apply | kind=4-cross-level; path=callable|class	
pair	complexity.npath	callable.threshold	class.max-warning	same-source	compose		DECIDED	no documented block of this rule writes these two keys together; they belong to different groups or different levels. ADR 0052 row 3: nothing is missed -> both apply | kind=4-cross-level; path=callable|class	
pair	complexity.npath	callable.threshold	class.threshold	same-source	compose		DECIDED	no documented block of this rule writes these two keys together; they belong to different groups or different levels. ADR 0052 row 3: nothing is missed -> both apply | kind=4-cross-level; path=callable|class	
pair	complexity.npath	callable.threshold	threshold	same-source	refuse	website/docs/getting-started/configuration.md:185-217 + website/docs/getting-started/configuration.md:152-166	DECIDED	C6c puts the top-level shorthand at exactly this slot, so the two write the same band twice; the carriers do not name the winner, and the pair row is coarser than the carrier (a slot holds more than its threshold). ADR 0052 row 4 -> refuse | COLLISION: this pair is a row of two kinds at once (2-same-name-top-vs-level,4-cross-level); the verdict of the more specific kind wins and both rows carry it | COLLISION: this pair is a row of two kinds at once (2-same-name-top-vs-level,4-cross-level); the verdict of the more specific kind wins and both rows carry it | kind=4-cross-level; path=|callable | website/docs/getting-started/configuration.md:185-217 now states the rule once and website/docs/getting-started/configuration.md:887-890 defers to it; the earlier two-carrier reading is gone. It confirms that the shorthand governs this slot, and still does not state this row's answer in the vocabulary the coexistence column uses	
pair	complexity.npath	callable.warning	class.max-error	same-source	compose		DECIDED	no documented block of this rule writes these two keys together; they belong to different groups or different levels. ADR 0052 row 3: nothing is missed -> both apply | kind=4-cross-level; path=callable|class	
pair	complexity.npath	callable.warning	class.max-warning	same-source	compose		DECIDED	no documented block of this rule writes these two keys together; they belong to different groups or different levels. ADR 0052 row 3: nothing is missed -> both apply | kind=4-cross-level; path=callable|class	
pair	complexity.npath	callable.warning	class.threshold	same-source	compose		DECIDED	no documented block of this rule writes these two keys together; they belong to different groups or different levels. ADR 0052 row 3: nothing is missed -> both apply | kind=4-cross-level; path=callable|class	
pair	complexity.npath	callable.warning	threshold	same-source	compose		DECIDED	no documented block of this rule writes these two keys together; they belong to different groups or different levels. ADR 0052 row 3: nothing is missed -> both apply | kind=4-cross-level; path=|callable | website/docs/getting-started/configuration.md:185-217 now states the rule once and website/docs/getting-started/configuration.md:887-890 defers to it; the earlier two-carrier reading is gone. It confirms that the shorthand governs this slot, and still does not state this row's answer in the vocabulary the coexistence column uses	
pair	complexity.npath	class.max-error	threshold	same-source	compose		DECIDED	no documented block of this rule writes these two keys together; they belong to different groups or different levels. ADR 0052 row 3: nothing is missed -> both apply | kind=4-cross-level; path=|class | CONFLICT RESOLVED, PROMOTION STILL BLOCKED — and the two are separate facts. The page no longer contradicts itself: website/docs/getting-started/configuration.md:185-217 now states the rule once — «A bare `threshold` at a hierarchical rule's own top level REPLACES the level blocks, it does not add to them… whatever `callable:` / `class:` / `namespace:` blocks stand beside it are not read — silently, with no word about them», and for `complexity.*` it adds «apply it to the callable level and SWITCH THE CLASS LEVEL OFF… reports nothing about classes at all»; website/docs/getting-started/configuration.md:887-890 defers to that same paragraph instead of restating it. The reading is therefore single and explicit. What it is NOT is `compose`: the carrier positively denies that both apply. It is not `refuse` either — the carrier insists the drop is silent. The coexistence column has no value for «the shorthand replaces, silently», and for this family none for «and the other level is switched off» either, which is a consequence on findings rather than a winner between two keys. So the row stays a round decision for a NEW reason, and the blocker is now the same one the 60 coupling rows carry	
pair	complexity.npath	class.max-warning	threshold	same-source	compose		DECIDED	no documented block of this rule writes these two keys together; they belong to different groups or different levels. ADR 0052 row 3: nothing is missed -> both apply | kind=4-cross-level; path=|class | CONFLICT RESOLVED, PROMOTION STILL BLOCKED — and the two are separate facts. The page no longer contradicts itself: website/docs/getting-started/configuration.md:185-217 now states the rule once — «A bare `threshold` at a hierarchical rule's own top level REPLACES the level blocks, it does not add to them… whatever `callable:` / `class:` / `namespace:` blocks stand beside it are not read — silently, with no word about them», and for `complexity.*` it adds «apply it to the callable level and SWITCH THE CLASS LEVEL OFF… reports nothing about classes at all»; website/docs/getting-started/configuration.md:887-890 defers to that same paragraph instead of restating it. The reading is therefore single and explicit. What it is NOT is `compose`: the carrier positively denies that both apply. It is not `refuse` either — the carrier insists the drop is silent. The coexistence column has no value for «the shorthand replaces, silently», and for this family none for «and the other level is switched off» either, which is a consequence on findings rather than a winner between two keys. So the row stays a round decision for a NEW reason, and the blocker is now the same one the 60 coupling rows carry	
pair	complexity.npath	class.threshold	threshold	same-source	compose		DECIDED	no documented block of this rule writes these two keys together; they belong to different groups or different levels. ADR 0052 row 3: nothing is missed -> both apply | kind=4-cross-level; path=|class | CONFLICT RESOLVED, PROMOTION STILL BLOCKED — and the two are separate facts. The page no longer contradicts itself: website/docs/getting-started/configuration.md:185-217 now states the rule once — «A bare `threshold` at a hierarchical rule's own top level REPLACES the level blocks, it does not add to them… whatever `callable:` / `class:` / `namespace:` blocks stand beside it are not read — silently, with no word about them», and for `complexity.*` it adds «apply it to the callable level and SWITCH THE CLASS LEVEL OFF… reports nothing about classes at all»; website/docs/getting-started/configuration.md:887-890 defers to that same paragraph instead of restating it. The reading is therefore single and explicit. What it is NOT is `compose`: the carrier positively denies that both apply. It is not `refuse` either — the carrier insists the drop is silent. The coexistence column has no value for «the shorthand replaces, silently», and for this family none for «and the other level is switched off» either, which is a consequence on findings rather than a winner between two keys. So the row stays a round decision for a NEW reason, and the blocker is now the same one the 60 coupling rows carry	
pair	coupling.cbo	class.error	error	same-source	compose		DECIDED	no documented block of this rule writes these two keys together; they belong to different groups or different levels. ADR 0052 row 3: nothing is missed -> both apply | kind=4-cross-level; path=|class | website/docs/getting-started/configuration.md:185-217 now states the rule once, in so many words: the shorthand REPLACES the level blocks and a `class:` or `namespace:` block beside the bare key is not read. The winner this row recorded as unnamed is therefore named. The round decision is kept only because the coexistence column has no value meaning «the shorthand wins and the block is silently dropped»	
pair	coupling.cbo	class.error	namespace.error	same-source	compose		DECIDED	no documented block of this rule writes these two keys together; they belong to different groups or different levels. ADR 0052 row 3: nothing is missed -> both apply | kind=4-cross-level; path=class|namespace	
pair	coupling.cbo	class.error	namespace.threshold	same-source	compose		DECIDED	no documented block of this rule writes these two keys together; they belong to different groups or different levels. ADR 0052 row 3: nothing is missed -> both apply | kind=4-cross-level; path=class|namespace	
pair	coupling.cbo	class.error	namespace.warning	same-source	compose		DECIDED	no documented block of this rule writes these two keys together; they belong to different groups or different levels. ADR 0052 row 3: nothing is missed -> both apply | kind=4-cross-level; path=class|namespace	
pair	coupling.cbo	class.error	threshold	same-source	compose		DECIDED	no documented block of this rule writes these two keys together; they belong to different groups or different levels. ADR 0052 row 3: nothing is missed -> both apply | kind=4-cross-level; path=|class | website/docs/getting-started/configuration.md:185-217 now states the rule once, in so many words: the shorthand REPLACES the level blocks and a `class:` or `namespace:` block beside the bare key is not read. The winner this row recorded as unnamed is therefore named. The round decision is kept only because the coexistence column has no value meaning «the shorthand wins and the block is silently dropped»	
pair	coupling.cbo	class.error	warning	same-source	compose		DECIDED	no documented block of this rule writes these two keys together; they belong to different groups or different levels. ADR 0052 row 3: nothing is missed -> both apply | kind=4-cross-level; path=|class | website/docs/getting-started/configuration.md:185-217 now states the rule once, in so many words: the shorthand REPLACES the level blocks and a `class:` or `namespace:` block beside the bare key is not read. The winner this row recorded as unnamed is therefore named. The round decision is kept only because the coexistence column has no value meaning «the shorthand wins and the block is silently dropped»	
pair	coupling.cbo	class.threshold	error	same-source	compose		DECIDED	no documented block of this rule writes these two keys together; they belong to different groups or different levels. ADR 0052 row 3: nothing is missed -> both apply | kind=4-cross-level; path=|class | website/docs/getting-started/configuration.md:185-217 now states the rule once, in so many words: the shorthand REPLACES the level blocks and a `class:` or `namespace:` block beside the bare key is not read. The winner this row recorded as unnamed is therefore named. The round decision is kept only because the coexistence column has no value meaning «the shorthand wins and the block is silently dropped»	
pair	coupling.cbo	class.threshold	namespace.error	same-source	compose		DECIDED	no documented block of this rule writes these two keys together; they belong to different groups or different levels. ADR 0052 row 3: nothing is missed -> both apply | kind=4-cross-level; path=class|namespace	
pair	coupling.cbo	class.threshold	namespace.threshold	same-source	compose		DECIDED	no documented block of this rule writes these two keys together; they belong to different groups or different levels. ADR 0052 row 3: nothing is missed -> both apply | kind=4-cross-level; path=class|namespace	
pair	coupling.cbo	class.threshold	namespace.warning	same-source	compose		DECIDED	no documented block of this rule writes these two keys together; they belong to different groups or different levels. ADR 0052 row 3: nothing is missed -> both apply | kind=4-cross-level; path=class|namespace	
pair	coupling.cbo	class.threshold	threshold	same-source	refuse		DECIDED	the carrier (website/docs/getting-started/configuration.md:185-217) says a top-level shorthand of THESE two rules applies to both levels at once, so a level key written beside it is disputed and the carrier does not say which wins; ADR 0052 row 4 -> refuse rather than pick silently | COLLISION: this pair is a row of two kinds at once (2-same-name-top-vs-level,4-cross-level); the verdict of the more specific kind wins and both rows carry it | COLLISION: this pair is a row of two kinds at once (2-same-name-top-vs-level,4-cross-level); the verdict of the more specific kind wins and both rows carry it | kind=4-cross-level; path=|class | website/docs/getting-started/configuration.md:185-217 now states the rule once, in so many words: the shorthand REPLACES the level blocks and a `class:` or `namespace:` block beside the bare key is not read. The winner this row recorded as unnamed is therefore named. The round decision is kept only because the coexistence column has no value meaning «the shorthand wins and the block is silently dropped»	
pair	coupling.cbo	class.threshold	warning	same-source	compose		DECIDED	no documented block of this rule writes these two keys together; they belong to different groups or different levels. ADR 0052 row 3: nothing is missed -> both apply | kind=4-cross-level; path=|class | website/docs/getting-started/configuration.md:185-217 now states the rule once, in so many words: the shorthand REPLACES the level blocks and a `class:` or `namespace:` block beside the bare key is not read. The winner this row recorded as unnamed is therefore named. The round decision is kept only because the coexistence column has no value meaning «the shorthand wins and the block is silently dropped»	
pair	coupling.cbo	class.warning	error	same-source	compose		DECIDED	no documented block of this rule writes these two keys together; they belong to different groups or different levels. ADR 0052 row 3: nothing is missed -> both apply | kind=4-cross-level; path=|class | website/docs/getting-started/configuration.md:185-217 now states the rule once, in so many words: the shorthand REPLACES the level blocks and a `class:` or `namespace:` block beside the bare key is not read. The winner this row recorded as unnamed is therefore named. The round decision is kept only because the coexistence column has no value meaning «the shorthand wins and the block is silently dropped»	
pair	coupling.cbo	class.warning	namespace.error	same-source	compose		DECIDED	no documented block of this rule writes these two keys together; they belong to different groups or different levels. ADR 0052 row 3: nothing is missed -> both apply | kind=4-cross-level; path=class|namespace	
pair	coupling.cbo	class.warning	namespace.threshold	same-source	compose		DECIDED	no documented block of this rule writes these two keys together; they belong to different groups or different levels. ADR 0052 row 3: nothing is missed -> both apply | kind=4-cross-level; path=class|namespace	
pair	coupling.cbo	class.warning	namespace.warning	same-source	compose		DECIDED	no documented block of this rule writes these two keys together; they belong to different groups or different levels. ADR 0052 row 3: nothing is missed -> both apply | kind=4-cross-level; path=class|namespace	
pair	coupling.cbo	class.warning	threshold	same-source	compose		DECIDED	no documented block of this rule writes these two keys together; they belong to different groups or different levels. ADR 0052 row 3: nothing is missed -> both apply | kind=4-cross-level; path=|class | website/docs/getting-started/configuration.md:185-217 now states the rule once, in so many words: the shorthand REPLACES the level blocks and a `class:` or `namespace:` block beside the bare key is not read. The winner this row recorded as unnamed is therefore named. The round decision is kept only because the coexistence column has no value meaning «the shorthand wins and the block is silently dropped»	
pair	coupling.cbo	class.warning	warning	same-source	compose		DECIDED	no documented block of this rule writes these two keys together; they belong to different groups or different levels. ADR 0052 row 3: nothing is missed -> both apply | kind=4-cross-level; path=|class | website/docs/getting-started/configuration.md:185-217 now states the rule once, in so many words: the shorthand REPLACES the level blocks and a `class:` or `namespace:` block beside the bare key is not read. The winner this row recorded as unnamed is therefore named. The round decision is kept only because the coexistence column has no value meaning «the shorthand wins and the block is silently dropped»	
pair	coupling.cbo	error	namespace.error	same-source	compose		DECIDED	no documented block of this rule writes these two keys together; they belong to different groups or different levels. ADR 0052 row 3: nothing is missed -> both apply | kind=4-cross-level; path=|namespace | website/docs/getting-started/configuration.md:185-217 now states the rule once, in so many words: the shorthand REPLACES the level blocks and a `class:` or `namespace:` block beside the bare key is not read. The winner this row recorded as unnamed is therefore named. The round decision is kept only because the coexistence column has no value meaning «the shorthand wins and the block is silently dropped»	
pair	coupling.cbo	error	namespace.threshold	same-source	compose		DECIDED	no documented block of this rule writes these two keys together; they belong to different groups or different levels. ADR 0052 row 3: nothing is missed -> both apply | kind=4-cross-level; path=|namespace | website/docs/getting-started/configuration.md:185-217 now states the rule once, in so many words: the shorthand REPLACES the level blocks and a `class:` or `namespace:` block beside the bare key is not read. The winner this row recorded as unnamed is therefore named. The round decision is kept only because the coexistence column has no value meaning «the shorthand wins and the block is silently dropped»	
pair	coupling.cbo	error	namespace.warning	same-source	compose		DECIDED	no documented block of this rule writes these two keys together; they belong to different groups or different levels. ADR 0052 row 3: nothing is missed -> both apply | kind=4-cross-level; path=|namespace | website/docs/getting-started/configuration.md:185-217 now states the rule once, in so many words: the shorthand REPLACES the level blocks and a `class:` or `namespace:` block beside the bare key is not read. The winner this row recorded as unnamed is therefore named. The round decision is kept only because the coexistence column has no value meaning «the shorthand wins and the block is silently dropped»	
pair	coupling.cbo	namespace.error	threshold	same-source	compose		DECIDED	no documented block of this rule writes these two keys together; they belong to different groups or different levels. ADR 0052 row 3: nothing is missed -> both apply | kind=4-cross-level; path=|namespace | website/docs/getting-started/configuration.md:185-217 now states the rule once, in so many words: the shorthand REPLACES the level blocks and a `class:` or `namespace:` block beside the bare key is not read. The winner this row recorded as unnamed is therefore named. The round decision is kept only because the coexistence column has no value meaning «the shorthand wins and the block is silently dropped»	
pair	coupling.cbo	namespace.error	warning	same-source	compose		DECIDED	no documented block of this rule writes these two keys together; they belong to different groups or different levels. ADR 0052 row 3: nothing is missed -> both apply | kind=4-cross-level; path=|namespace | website/docs/getting-started/configuration.md:185-217 now states the rule once, in so many words: the shorthand REPLACES the level blocks and a `class:` or `namespace:` block beside the bare key is not read. The winner this row recorded as unnamed is therefore named. The round decision is kept only because the coexistence column has no value meaning «the shorthand wins and the block is silently dropped»	
pair	coupling.cbo	namespace.threshold	threshold	same-source	refuse		DECIDED	the carrier (website/docs/getting-started/configuration.md:185-217) says a top-level shorthand of THESE two rules applies to both levels at once, so a level key written beside it is disputed and the carrier does not say which wins; ADR 0052 row 4 -> refuse rather than pick silently | COLLISION: this pair is a row of two kinds at once (2-same-name-top-vs-level,4-cross-level); the verdict of the more specific kind wins and both rows carry it | COLLISION: this pair is a row of two kinds at once (2-same-name-top-vs-level,4-cross-level); the verdict of the more specific kind wins and both rows carry it | kind=4-cross-level; path=|namespace | website/docs/getting-started/configuration.md:185-217 now states the rule once, in so many words: the shorthand REPLACES the level blocks and a `class:` or `namespace:` block beside the bare key is not read. The winner this row recorded as unnamed is therefore named. The round decision is kept only because the coexistence column has no value meaning «the shorthand wins and the block is silently dropped»	
pair	coupling.cbo	namespace.threshold	warning	same-source	compose		DECIDED	no documented block of this rule writes these two keys together; they belong to different groups or different levels. ADR 0052 row 3: nothing is missed -> both apply | kind=4-cross-level; path=|namespace | website/docs/getting-started/configuration.md:185-217 now states the rule once, in so many words: the shorthand REPLACES the level blocks and a `class:` or `namespace:` block beside the bare key is not read. The winner this row recorded as unnamed is therefore named. The round decision is kept only because the coexistence column has no value meaning «the shorthand wins and the block is silently dropped»	
pair	coupling.cbo	namespace.warning	threshold	same-source	compose		DECIDED	no documented block of this rule writes these two keys together; they belong to different groups or different levels. ADR 0052 row 3: nothing is missed -> both apply | kind=4-cross-level; path=|namespace | website/docs/getting-started/configuration.md:185-217 now states the rule once, in so many words: the shorthand REPLACES the level blocks and a `class:` or `namespace:` block beside the bare key is not read. The winner this row recorded as unnamed is therefore named. The round decision is kept only because the coexistence column has no value meaning «the shorthand wins and the block is silently dropped»	
pair	coupling.cbo	namespace.warning	warning	same-source	compose		DECIDED	no documented block of this rule writes these two keys together; they belong to different groups or different levels. ADR 0052 row 3: nothing is missed -> both apply | kind=4-cross-level; path=|namespace | website/docs/getting-started/configuration.md:185-217 now states the rule once, in so many words: the shorthand REPLACES the level blocks and a `class:` or `namespace:` block beside the bare key is not read. The winner this row recorded as unnamed is therefore named. The round decision is kept only because the coexistence column has no value meaning «the shorthand wins and the block is silently dropped»	
pair	coupling.instability	class.max-error	max-error	same-source	compose		DECIDED	no documented block of this rule writes these two keys together; they belong to different groups or different levels. ADR 0052 row 3: nothing is missed -> both apply | kind=4-cross-level; path=|class | website/docs/getting-started/configuration.md:185-217 now states the rule once, in so many words: the shorthand REPLACES the level blocks and a `class:` or `namespace:` block beside the bare key is not read. The winner this row recorded as unnamed is therefore named. The round decision is kept only because the coexistence column has no value meaning «the shorthand wins and the block is silently dropped»	
pair	coupling.instability	class.max-error	max-warning	same-source	compose		DECIDED	no documented block of this rule writes these two keys together; they belong to different groups or different levels. ADR 0052 row 3: nothing is missed -> both apply | kind=4-cross-level; path=|class | website/docs/getting-started/configuration.md:185-217 now states the rule once, in so many words: the shorthand REPLACES the level blocks and a `class:` or `namespace:` block beside the bare key is not read. The winner this row recorded as unnamed is therefore named. The round decision is kept only because the coexistence column has no value meaning «the shorthand wins and the block is silently dropped»	
pair	coupling.instability	class.max-error	namespace.max-error	same-source	compose		DECIDED	no documented block of this rule writes these two keys together; they belong to different groups or different levels. ADR 0052 row 3: nothing is missed -> both apply | kind=4-cross-level; path=class|namespace	
pair	coupling.instability	class.max-error	namespace.max-warning	same-source	compose		DECIDED	no documented block of this rule writes these two keys together; they belong to different groups or different levels. ADR 0052 row 3: nothing is missed -> both apply | kind=4-cross-level; path=class|namespace	
pair	coupling.instability	class.max-error	namespace.threshold	same-source	compose		DECIDED	no documented block of this rule writes these two keys together; they belong to different groups or different levels. ADR 0052 row 3: nothing is missed -> both apply | kind=4-cross-level; path=class|namespace	
pair	coupling.instability	class.max-error	threshold	same-source	compose		DECIDED	no documented block of this rule writes these two keys together; they belong to different groups or different levels. ADR 0052 row 3: nothing is missed -> both apply | kind=4-cross-level; path=|class | website/docs/getting-started/configuration.md:185-217 now states the rule once, in so many words: the shorthand REPLACES the level blocks and a `class:` or `namespace:` block beside the bare key is not read. The winner this row recorded as unnamed is therefore named. The round decision is kept only because the coexistence column has no value meaning «the shorthand wins and the block is silently dropped»	
pair	coupling.instability	class.max-warning	max-error	same-source	compose		DECIDED	no documented block of this rule writes these two keys together; they belong to different groups or different levels. ADR 0052 row 3: nothing is missed -> both apply | kind=4-cross-level; path=|class | website/docs/getting-started/configuration.md:185-217 now states the rule once, in so many words: the shorthand REPLACES the level blocks and a `class:` or `namespace:` block beside the bare key is not read. The winner this row recorded as unnamed is therefore named. The round decision is kept only because the coexistence column has no value meaning «the shorthand wins and the block is silently dropped»	
pair	coupling.instability	class.max-warning	max-warning	same-source	compose		DECIDED	no documented block of this rule writes these two keys together; they belong to different groups or different levels. ADR 0052 row 3: nothing is missed -> both apply | kind=4-cross-level; path=|class | website/docs/getting-started/configuration.md:185-217 now states the rule once, in so many words: the shorthand REPLACES the level blocks and a `class:` or `namespace:` block beside the bare key is not read. The winner this row recorded as unnamed is therefore named. The round decision is kept only because the coexistence column has no value meaning «the shorthand wins and the block is silently dropped»	
pair	coupling.instability	class.max-warning	namespace.max-error	same-source	compose		DECIDED	no documented block of this rule writes these two keys together; they belong to different groups or different levels. ADR 0052 row 3: nothing is missed -> both apply | kind=4-cross-level; path=class|namespace	
pair	coupling.instability	class.max-warning	namespace.max-warning	same-source	compose		DECIDED	no documented block of this rule writes these two keys together; they belong to different groups or different levels. ADR 0052 row 3: nothing is missed -> both apply | kind=4-cross-level; path=class|namespace	
pair	coupling.instability	class.max-warning	namespace.threshold	same-source	compose		DECIDED	no documented block of this rule writes these two keys together; they belong to different groups or different levels. ADR 0052 row 3: nothing is missed -> both apply | kind=4-cross-level; path=class|namespace	
pair	coupling.instability	class.max-warning	threshold	same-source	compose		DECIDED	no documented block of this rule writes these two keys together; they belong to different groups or different levels. ADR 0052 row 3: nothing is missed -> both apply | kind=4-cross-level; path=|class | website/docs/getting-started/configuration.md:185-217 now states the rule once, in so many words: the shorthand REPLACES the level blocks and a `class:` or `namespace:` block beside the bare key is not read. The winner this row recorded as unnamed is therefore named. The round decision is kept only because the coexistence column has no value meaning «the shorthand wins and the block is silently dropped»	
pair	coupling.instability	class.threshold	max-error	same-source	compose		DECIDED	no documented block of this rule writes these two keys together; they belong to different groups or different levels. ADR 0052 row 3: nothing is missed -> both apply | kind=4-cross-level; path=|class | website/docs/getting-started/configuration.md:185-217 now states the rule once, in so many words: the shorthand REPLACES the level blocks and a `class:` or `namespace:` block beside the bare key is not read. The winner this row recorded as unnamed is therefore named. The round decision is kept only because the coexistence column has no value meaning «the shorthand wins and the block is silently dropped»	
pair	coupling.instability	class.threshold	max-warning	same-source	compose		DECIDED	no documented block of this rule writes these two keys together; they belong to different groups or different levels. ADR 0052 row 3: nothing is missed -> both apply | kind=4-cross-level; path=|class | website/docs/getting-started/configuration.md:185-217 now states the rule once, in so many words: the shorthand REPLACES the level blocks and a `class:` or `namespace:` block beside the bare key is not read. The winner this row recorded as unnamed is therefore named. The round decision is kept only because the coexistence column has no value meaning «the shorthand wins and the block is silently dropped»	
pair	coupling.instability	class.threshold	namespace.max-error	same-source	compose		DECIDED	no documented block of this rule writes these two keys together; they belong to different groups or different levels. ADR 0052 row 3: nothing is missed -> both apply | kind=4-cross-level; path=class|namespace	
pair	coupling.instability	class.threshold	namespace.max-warning	same-source	compose		DECIDED	no documented block of this rule writes these two keys together; they belong to different groups or different levels. ADR 0052 row 3: nothing is missed -> both apply | kind=4-cross-level; path=class|namespace	
pair	coupling.instability	class.threshold	namespace.threshold	same-source	compose		DECIDED	no documented block of this rule writes these two keys together; they belong to different groups or different levels. ADR 0052 row 3: nothing is missed -> both apply | kind=4-cross-level; path=class|namespace	
pair	coupling.instability	class.threshold	threshold	same-source	refuse		DECIDED	the carrier (website/docs/getting-started/configuration.md:185-217) says a top-level shorthand of THESE two rules applies to both levels at once, so a level key written beside it is disputed and the carrier does not say which wins; ADR 0052 row 4 -> refuse rather than pick silently | COLLISION: this pair is a row of two kinds at once (2-same-name-top-vs-level,4-cross-level); the verdict of the more specific kind wins and both rows carry it | COLLISION: this pair is a row of two kinds at once (2-same-name-top-vs-level,4-cross-level); the verdict of the more specific kind wins and both rows carry it | kind=4-cross-level; path=|class | website/docs/getting-started/configuration.md:185-217 now states the rule once, in so many words: the shorthand REPLACES the level blocks and a `class:` or `namespace:` block beside the bare key is not read. The winner this row recorded as unnamed is therefore named. The round decision is kept only because the coexistence column has no value meaning «the shorthand wins and the block is silently dropped»	
pair	coupling.instability	max-error	namespace.max-error	same-source	compose		DECIDED	no documented block of this rule writes these two keys together; they belong to different groups or different levels. ADR 0052 row 3: nothing is missed -> both apply | kind=4-cross-level; path=|namespace | website/docs/getting-started/configuration.md:185-217 now states the rule once, in so many words: the shorthand REPLACES the level blocks and a `class:` or `namespace:` block beside the bare key is not read. The winner this row recorded as unnamed is therefore named. The round decision is kept only because the coexistence column has no value meaning «the shorthand wins and the block is silently dropped»	
pair	coupling.instability	max-error	namespace.max-warning	same-source	compose		DECIDED	no documented block of this rule writes these two keys together; they belong to different groups or different levels. ADR 0052 row 3: nothing is missed -> both apply | kind=4-cross-level; path=|namespace | website/docs/getting-started/configuration.md:185-217 now states the rule once, in so many words: the shorthand REPLACES the level blocks and a `class:` or `namespace:` block beside the bare key is not read. The winner this row recorded as unnamed is therefore named. The round decision is kept only because the coexistence column has no value meaning «the shorthand wins and the block is silently dropped»	
pair	coupling.instability	max-error	namespace.threshold	same-source	compose		DECIDED	no documented block of this rule writes these two keys together; they belong to different groups or different levels. ADR 0052 row 3: nothing is missed -> both apply | kind=4-cross-level; path=|namespace | website/docs/getting-started/configuration.md:185-217 now states the rule once, in so many words: the shorthand REPLACES the level blocks and a `class:` or `namespace:` block beside the bare key is not read. The winner this row recorded as unnamed is therefore named. The round decision is kept only because the coexistence column has no value meaning «the shorthand wins and the block is silently dropped»	
pair	coupling.instability	max-warning	namespace.max-error	same-source	compose		DECIDED	no documented block of this rule writes these two keys together; they belong to different groups or different levels. ADR 0052 row 3: nothing is missed -> both apply | kind=4-cross-level; path=|namespace | website/docs/getting-started/configuration.md:185-217 now states the rule once, in so many words: the shorthand REPLACES the level blocks and a `class:` or `namespace:` block beside the bare key is not read. The winner this row recorded as unnamed is therefore named. The round decision is kept only because the coexistence column has no value meaning «the shorthand wins and the block is silently dropped»	
pair	coupling.instability	max-warning	namespace.max-warning	same-source	compose		DECIDED	no documented block of this rule writes these two keys together; they belong to different groups or different levels. ADR 0052 row 3: nothing is missed -> both apply | kind=4-cross-level; path=|namespace | website/docs/getting-started/configuration.md:185-217 now states the rule once, in so many words: the shorthand REPLACES the level blocks and a `class:` or `namespace:` block beside the bare key is not read. The winner this row recorded as unnamed is therefore named. The round decision is kept only because the coexistence column has no value meaning «the shorthand wins and the block is silently dropped»	
pair	coupling.instability	max-warning	namespace.threshold	same-source	compose		DECIDED	no documented block of this rule writes these two keys together; they belong to different groups or different levels. ADR 0052 row 3: nothing is missed -> both apply | kind=4-cross-level; path=|namespace | website/docs/getting-started/configuration.md:185-217 now states the rule once, in so many words: the shorthand REPLACES the level blocks and a `class:` or `namespace:` block beside the bare key is not read. The winner this row recorded as unnamed is therefore named. The round decision is kept only because the coexistence column has no value meaning «the shorthand wins and the block is silently dropped»	
pair	coupling.instability	namespace.max-error	threshold	same-source	compose		DECIDED	no documented block of this rule writes these two keys together; they belong to different groups or different levels. ADR 0052 row 3: nothing is missed -> both apply | kind=4-cross-level; path=|namespace | website/docs/getting-started/configuration.md:185-217 now states the rule once, in so many words: the shorthand REPLACES the level blocks and a `class:` or `namespace:` block beside the bare key is not read. The winner this row recorded as unnamed is therefore named. The round decision is kept only because the coexistence column has no value meaning «the shorthand wins and the block is silently dropped»	
pair	coupling.instability	namespace.max-warning	threshold	same-source	compose		DECIDED	no documented block of this rule writes these two keys together; they belong to different groups or different levels. ADR 0052 row 3: nothing is missed -> both apply | kind=4-cross-level; path=|namespace | website/docs/getting-started/configuration.md:185-217 now states the rule once, in so many words: the shorthand REPLACES the level blocks and a `class:` or `namespace:` block beside the bare key is not read. The winner this row recorded as unnamed is therefore named. The round decision is kept only because the coexistence column has no value meaning «the shorthand wins and the block is silently dropped»	
pair	coupling.instability	namespace.threshold	threshold	same-source	refuse		DECIDED	the carrier (website/docs/getting-started/configuration.md:185-217) says a top-level shorthand of THESE two rules applies to both levels at once, so a level key written beside it is disputed and the carrier does not say which wins; ADR 0052 row 4 -> refuse rather than pick silently | COLLISION: this pair is a row of two kinds at once (2-same-name-top-vs-level,4-cross-level); the verdict of the more specific kind wins and both rows carry it | COLLISION: this pair is a row of two kinds at once (2-same-name-top-vs-level,4-cross-level); the verdict of the more specific kind wins and both rows carry it | kind=4-cross-level; path=|namespace | website/docs/getting-started/configuration.md:185-217 now states the rule once, in so many words: the shorthand REPLACES the level blocks and a `class:` or `namespace:` block beside the bare key is not read. The winner this row recorded as unnamed is therefore named. The round decision is kept only because the coexistence column has no value meaning «the shorthand wins and the block is silently dropped»	
pair	architecture.unassigned-class	enabled	mode	same-source	refuse		DECIDED	ADR 0052 row 4: one key silently supersedes or contradicts the other; a silent fallback is what the ADR refuses | kind=6-contradiction-refused; path=(top)	
pair	design.god-class	class-loc-threshold	min-criteria	same-source	compose		DECIDED	ADR 0052: independent options, no miss occurs, nothing to signal (row three) -> both apply | kind=6-criteria-count; path=(top)	
pair	design.god-class	lcom-threshold	min-criteria	same-source	compose		DECIDED	ADR 0052: independent options, no miss occurs, nothing to signal (row three) -> both apply | kind=6-criteria-count; path=(top)	
pair	design.god-class	min-criteria	tcc-threshold	same-source	compose		DECIDED	ADR 0052: independent options, no miss occurs, nothing to signal (row three) -> both apply | kind=6-criteria-count; path=(top)	
pair	design.god-class	min-criteria	wmc-threshold	same-source	compose		DECIDED	ADR 0052: independent options, no miss occurs, nothing to signal (row three) -> both apply | kind=6-criteria-count; path=(top)	
pair	annotation.directive	enabled	unused-directive-severity	same-source	compose	website/docs/rules/annotation.md:166	PROMISED	one documented yaml block writes `enabled` beside this key of the same rule | kind=6-gate; path=(top)	
pair	architecture.circular-dependency	direct-as-error	enabled	same-source	compose		DECIDED	no documented block writes `enabled` beside this key; the only `enabled` example stands alone. ADR 0052 row 3: a gate and a value it gates miss nothing when written together -> both apply | kind=6-gate; path=(top)	
pair	architecture.circular-dependency	enabled	max-cycle-size	same-source	compose		DECIDED	no documented block writes `enabled` beside this key; the only `enabled` example stands alone. ADR 0052 row 3: a gate and a value it gates miss nothing when written together -> both apply | kind=6-gate; path=(top)	
pair	architecture.layer-violation	enabled	severity	same-source	compose	website/docs/rules/architecture.md:813	PROMISED	one documented yaml block writes `enabled` beside this key of the same rule | kind=6-gate; path=(top)	
pair	code-smell.boolean-argument	allowed-prefixes	enabled	same-source	compose	website/docs/rules/code-smell.md:943	PROMISED	one documented yaml block writes `enabled` beside this key of the same rule | kind=6-gate; path=(top)	
pair	code-smell.boolean-argument	enabled	flag-promoted-properties	same-source	compose	website/docs/rules/code-smell.md:943	PROMISED	one documented yaml block writes `enabled` beside this key of the same rule | kind=6-gate; path=(top)	
pair	code-smell.constructor-overinjection	enabled	error	same-source	compose		DECIDED	no documented block writes `enabled` beside this key; the only `enabled` example stands alone. ADR 0052 row 3: a gate and a value it gates miss nothing when written together -> both apply | kind=6-gate; path=(top)	
pair	code-smell.constructor-overinjection	enabled	threshold	same-source	compose		DECIDED	no documented block writes `enabled` beside this key; the only `enabled` example stands alone. ADR 0052 row 3: a gate and a value it gates miss nothing when written together -> both apply | kind=6-gate; path=(top)	
pair	code-smell.constructor-overinjection	enabled	warning	same-source	compose		DECIDED	no documented block writes `enabled` beside this key; the only `enabled` example stands alone. ADR 0052 row 3: a gate and a value it gates miss nothing when written together -> both apply | kind=6-gate; path=(top)	
pair	code-smell.error-suppression	allowed-functions	enabled	same-source	compose	website/docs/rules/code-smell.md:943	PROMISED	one documented yaml block writes `enabled` beside this key of the same rule | kind=6-gate; path=(top)	
pair	code-smell.long-parameter-list	enabled	error	same-source	compose		DECIDED	no documented block writes `enabled` beside this key; the only `enabled` example stands alone. ADR 0052 row 3: a gate and a value it gates miss nothing when written together -> both apply | kind=6-gate; path=(top)	
pair	code-smell.long-parameter-list	enabled	threshold	same-source	compose		DECIDED	no documented block writes `enabled` beside this key; the only `enabled` example stands alone. ADR 0052 row 3: a gate and a value it gates miss nothing when written together -> both apply | kind=6-gate; path=(top)	
pair	code-smell.long-parameter-list	enabled	vo-error	same-source	compose		DECIDED	no documented block writes `enabled` beside this key; the only `enabled` example stands alone. ADR 0052 row 3: a gate and a value it gates miss nothing when written together -> both apply | kind=6-gate; path=(top)	
pair	code-smell.long-parameter-list	enabled	vo-threshold	same-source	compose		DECIDED	no documented block writes `enabled` beside this key; the only `enabled` example stands alone. ADR 0052 row 3: a gate and a value it gates miss nothing when written together -> both apply | kind=6-gate; path=(top)	
pair	code-smell.long-parameter-list	enabled	vo-warning	same-source	compose		DECIDED	no documented block writes `enabled` beside this key; the only `enabled` example stands alone. ADR 0052 row 3: a gate and a value it gates miss nothing when written together -> both apply | kind=6-gate; path=(top)	
pair	code-smell.long-parameter-list	enabled	warning	same-source	compose		DECIDED	no documented block writes `enabled` beside this key; the only `enabled` example stands alone. ADR 0052 row 3: a gate and a value it gates miss nothing when written together -> both apply | kind=6-gate; path=(top)	
pair	code-smell.unreachable-code	enabled	error	same-source	compose		DECIDED	no documented block writes `enabled` beside this key; the only `enabled` example stands alone. ADR 0052 row 3: a gate and a value it gates miss nothing when written together -> both apply | kind=6-gate; path=(top)	
pair	code-smell.unreachable-code	enabled	threshold	same-source	compose		DECIDED	no documented block writes `enabled` beside this key; the only `enabled` example stands alone. ADR 0052 row 3: a gate and a value it gates miss nothing when written together -> both apply | kind=6-gate; path=(top)	
pair	code-smell.unreachable-code	enabled	warning	same-source	compose		DECIDED	no documented block writes `enabled` beside this key; the only `enabled` example stands alone. ADR 0052 row 3: a gate and a value it gates miss nothing when written together -> both apply | kind=6-gate; path=(top)	
pair	cohesion.lcom	enabled	error	same-source	compose		DECIDED	no documented block writes `enabled` beside this key; the only `enabled` example stands alone. ADR 0052 row 3: a gate and a value it gates miss nothing when written together -> both apply | kind=6-gate; path=(top)	
pair	cohesion.lcom	enabled	exclude-methods	same-source	compose		DECIDED	no documented block writes `enabled` beside this key; the only `enabled` example stands alone. ADR 0052 row 3: a gate and a value it gates miss nothing when written together -> both apply | kind=6-gate; path=(top)	
pair	cohesion.lcom	enabled	exclude-readonly	same-source	compose		DECIDED	no documented block writes `enabled` beside this key; the only `enabled` example stands alone. ADR 0052 row 3: a gate and a value it gates miss nothing when written together -> both apply | kind=6-gate; path=(top)	
pair	cohesion.lcom	enabled	min-methods	same-source	compose		DECIDED	no documented block writes `enabled` beside this key; the only `enabled` example stands alone. ADR 0052 row 3: a gate and a value it gates miss nothing when written together -> both apply | kind=6-gate; path=(top)	
pair	cohesion.lcom	enabled	threshold	same-source	compose		DECIDED	no documented block writes `enabled` beside this key; the only `enabled` example stands alone. ADR 0052 row 3: a gate and a value it gates miss nothing when written together -> both apply | kind=6-gate; path=(top)	
pair	cohesion.lcom	enabled	warning	same-source	compose		DECIDED	no documented block writes `enabled` beside this key; the only `enabled` example stands alone. ADR 0052 row 3: a gate and a value it gates miss nothing when written together -> both apply | kind=6-gate; path=(top)	
pair	complexity.ccn	callable	enabled	same-source	compose		DECIDED	no documented block writes `enabled` beside this key; the only `enabled` example stands alone. ADR 0052 row 3: a gate and a value it gates miss nothing when written together -> both apply | kind=6-gate; path=(top)	
pair	complexity.ccn	callable.enabled	callable.error	same-source	compose		DECIDED	no documented block writes `enabled` beside this key; the only `enabled` example stands alone. ADR 0052 row 3: a gate and a value it gates miss nothing when written together -> both apply | kind=6-gate; path=callable	
pair	complexity.ccn	callable.enabled	callable.threshold	same-source	compose		DECIDED	no documented block writes `enabled` beside this key; the only `enabled` example stands alone. ADR 0052 row 3: a gate and a value it gates miss nothing when written together -> both apply | kind=6-gate; path=callable	
pair	complexity.ccn	callable.enabled	callable.warning	same-source	compose		DECIDED	no documented block writes `enabled` beside this key; the only `enabled` example stands alone. ADR 0052 row 3: a gate and a value it gates miss nothing when written together -> both apply | kind=6-gate; path=callable	
pair	complexity.ccn	class	enabled	same-source	compose		DECIDED	no documented block writes `enabled` beside this key; the only `enabled` example stands alone. ADR 0052 row 3: a gate and a value it gates miss nothing when written together -> both apply | kind=6-gate; path=(top)	
pair	complexity.ccn	class.enabled	class.max-error	same-source	compose		DECIDED	no documented block writes `enabled` beside this key; the only `enabled` example stands alone. ADR 0052 row 3: a gate and a value it gates miss nothing when written together -> both apply | kind=6-gate; path=class	
pair	complexity.ccn	class.enabled	class.max-warning	same-source	compose	website/docs/rules/complexity.md:108	PROMISED	one documented yaml block writes `enabled` beside this key of the same rule | kind=6-gate; path=class	
pair	complexity.ccn	class.enabled	class.threshold	same-source	compose		DECIDED	no documented block writes `enabled` beside this key; the only `enabled` example stands alone. ADR 0052 row 3: a gate and a value it gates miss nothing when written together -> both apply | kind=6-gate; path=class	
pair	complexity.ccn	enabled	threshold	same-source	compose		DECIDED	no documented block writes `enabled` beside this key; the only `enabled` example stands alone. ADR 0052 row 3: a gate and a value it gates miss nothing when written together -> both apply | kind=6-gate; path=(top)	
pair	complexity.cognitive	callable	enabled	same-source	compose		DECIDED	no documented block writes `enabled` beside this key; the only `enabled` example stands alone. ADR 0052 row 3: a gate and a value it gates miss nothing when written together -> both apply | kind=6-gate; path=(top)	
pair	complexity.cognitive	callable.enabled	callable.error	same-source	compose		DECIDED	no documented block writes `enabled` beside this key; the only `enabled` example stands alone. ADR 0052 row 3: a gate and a value it gates miss nothing when written together -> both apply | kind=6-gate; path=callable	
pair	complexity.cognitive	callable.enabled	callable.threshold	same-source	compose		DECIDED	no documented block writes `enabled` beside this key; the only `enabled` example stands alone. ADR 0052 row 3: a gate and a value it gates miss nothing when written together -> both apply | kind=6-gate; path=callable	
pair	complexity.cognitive	callable.enabled	callable.warning	same-source	compose		DECIDED	no documented block writes `enabled` beside this key; the only `enabled` example stands alone. ADR 0052 row 3: a gate and a value it gates miss nothing when written together -> both apply | kind=6-gate; path=callable	
pair	complexity.cognitive	class	enabled	same-source	compose		DECIDED	no documented block writes `enabled` beside this key; the only `enabled` example stands alone. ADR 0052 row 3: a gate and a value it gates miss nothing when written together -> both apply | kind=6-gate; path=(top)	
pair	complexity.cognitive	class.enabled	class.max-error	same-source	compose		DECIDED	no documented block writes `enabled` beside this key; the only `enabled` example stands alone. ADR 0052 row 3: a gate and a value it gates miss nothing when written together -> both apply | kind=6-gate; path=class	
pair	complexity.cognitive	class.enabled	class.max-warning	same-source	compose		DECIDED	no documented block writes `enabled` beside this key; the only `enabled` example stands alone. ADR 0052 row 3: a gate and a value it gates miss nothing when written together -> both apply | kind=6-gate; path=class	
pair	complexity.cognitive	class.enabled	class.threshold	same-source	compose		DECIDED	no documented block writes `enabled` beside this key; the only `enabled` example stands alone. ADR 0052 row 3: a gate and a value it gates miss nothing when written together -> both apply | kind=6-gate; path=class	
pair	complexity.cognitive	enabled	threshold	same-source	compose		DECIDED	no documented block writes `enabled` beside this key; the only `enabled` example stands alone. ADR 0052 row 3: a gate and a value it gates miss nothing when written together -> both apply | kind=6-gate; path=(top)	
pair	complexity.npath	callable	enabled	same-source	compose		DECIDED	no documented block writes `enabled` beside this key; the only `enabled` example stands alone. ADR 0052 row 3: a gate and a value it gates miss nothing when written together -> both apply | kind=6-gate; path=(top)	
pair	complexity.npath	callable.enabled	callable.error	same-source	compose		DECIDED	no documented block writes `enabled` beside this key; the only `enabled` example stands alone. ADR 0052 row 3: a gate and a value it gates miss nothing when written together -> both apply | kind=6-gate; path=callable	
pair	complexity.npath	callable.enabled	callable.threshold	same-source	compose		DECIDED	no documented block writes `enabled` beside this key; the only `enabled` example stands alone. ADR 0052 row 3: a gate and a value it gates miss nothing when written together -> both apply | kind=6-gate; path=callable	
pair	complexity.npath	callable.enabled	callable.warning	same-source	compose		DECIDED	no documented block writes `enabled` beside this key; the only `enabled` example stands alone. ADR 0052 row 3: a gate and a value it gates miss nothing when written together -> both apply | kind=6-gate; path=callable	
pair	complexity.npath	class	enabled	same-source	compose		DECIDED	no documented block writes `enabled` beside this key; the only `enabled` example stands alone. ADR 0052 row 3: a gate and a value it gates miss nothing when written together -> both apply | kind=6-gate; path=(top)	
pair	complexity.npath	class.enabled	class.max-error	same-source	compose		DECIDED	no documented block writes `enabled` beside this key; the only `enabled` example stands alone. ADR 0052 row 3: a gate and a value it gates miss nothing when written together -> both apply | kind=6-gate; path=class	
pair	complexity.npath	class.enabled	class.max-warning	same-source	compose		DECIDED	no documented block writes `enabled` beside this key; the only `enabled` example stands alone. ADR 0052 row 3: a gate and a value it gates miss nothing when written together -> both apply | kind=6-gate; path=class	
pair	complexity.npath	class.enabled	class.threshold	same-source	compose		DECIDED	no documented block writes `enabled` beside this key; the only `enabled` example stands alone. ADR 0052 row 3: a gate and a value it gates miss nothing when written together -> both apply | kind=6-gate; path=class	
pair	complexity.npath	enabled	threshold	same-source	compose		DECIDED	no documented block writes `enabled` beside this key; the only `enabled` example stands alone. ADR 0052 row 3: a gate and a value it gates miss nothing when written together -> both apply | kind=6-gate; path=(top)	
pair	complexity.wmc	enabled	error	same-source	compose		DECIDED	no documented block writes `enabled` beside this key; the only `enabled` example stands alone. ADR 0052 row 3: a gate and a value it gates miss nothing when written together -> both apply | kind=6-gate; path=(top)	
pair	complexity.wmc	enabled	exclude-data-classes	same-source	compose		DECIDED	no documented block writes `enabled` beside this key; the only `enabled` example stands alone. ADR 0052 row 3: a gate and a value it gates miss nothing when written together -> both apply | kind=6-gate; path=(top)	
pair	complexity.wmc	enabled	threshold	same-source	compose		DECIDED	no documented block writes `enabled` beside this key; the only `enabled` example stands alone. ADR 0052 row 3: a gate and a value it gates miss nothing when written together -> both apply | kind=6-gate; path=(top)	
pair	complexity.wmc	enabled	warning	same-source	compose		DECIDED	no documented block writes `enabled` beside this key; the only `enabled` example stands alone. ADR 0052 row 3: a gate and a value it gates miss nothing when written together -> both apply | kind=6-gate; path=(top)	
pair	coupling.cbo	class	enabled	same-source	compose		DECIDED	no documented block writes `enabled` beside this key; the only `enabled` example stands alone. ADR 0052 row 3: a gate and a value it gates miss nothing when written together -> both apply | kind=6-gate; path=(top)	
pair	coupling.cbo	class.enabled	class.error	same-source	compose		DECIDED	no documented block writes `enabled` beside this key; the only `enabled` example stands alone. ADR 0052 row 3: a gate and a value it gates miss nothing when written together -> both apply | kind=6-gate; path=class	
pair	coupling.cbo	class.enabled	class.scope	same-source	compose		DECIDED	no documented block writes `enabled` beside this key; the only `enabled` example stands alone. ADR 0052 row 3: a gate and a value it gates miss nothing when written together -> both apply | kind=6-gate; path=class	
pair	coupling.cbo	class.enabled	class.threshold	same-source	compose		DECIDED	no documented block writes `enabled` beside this key; the only `enabled` example stands alone. ADR 0052 row 3: a gate and a value it gates miss nothing when written together -> both apply | kind=6-gate; path=class	
pair	coupling.cbo	class.enabled	class.warning	same-source	compose		DECIDED	no documented block writes `enabled` beside this key; the only `enabled` example stands alone. ADR 0052 row 3: a gate and a value it gates miss nothing when written together -> both apply | kind=6-gate; path=class	
pair	coupling.cbo	enabled	error	same-source	compose		DECIDED	no documented block writes `enabled` beside this key; the only `enabled` example stands alone. ADR 0052 row 3: a gate and a value it gates miss nothing when written together -> both apply | kind=6-gate; path=(top)	
pair	coupling.cbo	enabled	namespace	same-source	compose		DECIDED	no documented block writes `enabled` beside this key; the only `enabled` example stands alone. ADR 0052 row 3: a gate and a value it gates miss nothing when written together -> both apply | kind=6-gate; path=(top)	
pair	coupling.cbo	enabled	scope	same-source	compose		DECIDED	no documented block writes `enabled` beside this key; the only `enabled` example stands alone. ADR 0052 row 3: a gate and a value it gates miss nothing when written together -> both apply | kind=6-gate; path=(top)	
pair	coupling.cbo	enabled	threshold	same-source	compose		DECIDED	no documented block writes `enabled` beside this key; the only `enabled` example stands alone. ADR 0052 row 3: a gate and a value it gates miss nothing when written together -> both apply | kind=6-gate; path=(top)	
pair	coupling.cbo	enabled	warning	same-source	compose		DECIDED	no documented block writes `enabled` beside this key; the only `enabled` example stands alone. ADR 0052 row 3: a gate and a value it gates miss nothing when written together -> both apply | kind=6-gate; path=(top)	
pair	coupling.cbo	namespace.enabled	namespace.error	same-source	compose		DECIDED	no documented block writes `enabled` beside this key; the only `enabled` example stands alone. ADR 0052 row 3: a gate and a value it gates miss nothing when written together -> both apply | kind=6-gate; path=namespace	
pair	coupling.cbo	namespace.enabled	namespace.min-class-count	same-source	compose	website/docs/rules/coupling.md:122	PROMISED	one documented yaml block writes `enabled` beside this key of the same rule | kind=6-gate; path=namespace	
pair	coupling.cbo	namespace.enabled	namespace.threshold	same-source	compose		DECIDED	no documented block writes `enabled` beside this key; the only `enabled` example stands alone. ADR 0052 row 3: a gate and a value it gates miss nothing when written together -> both apply | kind=6-gate; path=namespace	
pair	coupling.cbo	namespace.enabled	namespace.warning	same-source	compose		DECIDED	no documented block writes `enabled` beside this key; the only `enabled` example stands alone. ADR 0052 row 3: a gate and a value it gates miss nothing when written together -> both apply | kind=6-gate; path=namespace	
pair	coupling.class-rank	enabled	error	same-source	compose		DECIDED	no documented block writes `enabled` beside this key; the only `enabled` example stands alone. ADR 0052 row 3: a gate and a value it gates miss nothing when written together -> both apply | kind=6-gate; path=(top)	
pair	coupling.class-rank	enabled	threshold	same-source	compose		DECIDED	no documented block writes `enabled` beside this key; the only `enabled` example stands alone. ADR 0052 row 3: a gate and a value it gates miss nothing when written together -> both apply | kind=6-gate; path=(top)	
pair	coupling.class-rank	enabled	warning	same-source	compose		DECIDED	no documented block writes `enabled` beside this key; the only `enabled` example stands alone. ADR 0052 row 3: a gate and a value it gates miss nothing when written together -> both apply | kind=6-gate; path=(top)	
pair	coupling.distance	enabled	include-namespaces	same-source	compose		DECIDED	no documented block writes `enabled` beside this key; the only `enabled` example stands alone. ADR 0052 row 3: a gate and a value it gates miss nothing when written together -> both apply | kind=6-gate; path=(top)	
pair	coupling.distance	enabled	max-distance-error	same-source	compose		DECIDED	no documented block writes `enabled` beside this key; the only `enabled` example stands alone. ADR 0052 row 3: a gate and a value it gates miss nothing when written together -> both apply | kind=6-gate; path=(top)	
pair	coupling.distance	enabled	max-distance-warning	same-source	compose		DECIDED	no documented block writes `enabled` beside this key; the only `enabled` example stands alone. ADR 0052 row 3: a gate and a value it gates miss nothing when written together -> both apply | kind=6-gate; path=(top)	
pair	coupling.distance	enabled	min-class-count	same-source	compose		DECIDED	no documented block writes `enabled` beside this key; the only `enabled` example stands alone. ADR 0052 row 3: a gate and a value it gates miss nothing when written together -> both apply | kind=6-gate; path=(top)	
pair	coupling.distance	enabled	threshold	same-source	compose		DECIDED	no documented block writes `enabled` beside this key; the only `enabled` example stands alone. ADR 0052 row 3: a gate and a value it gates miss nothing when written together -> both apply | kind=6-gate; path=(top)	
pair	coupling.instability	class	enabled	same-source	compose		DECIDED	no documented block writes `enabled` beside this key; the only `enabled` example stands alone. ADR 0052 row 3: a gate and a value it gates miss nothing when written together -> both apply | kind=6-gate; path=(top)	
pair	coupling.instability	class.enabled	class.max-error	same-source	compose		DECIDED	no documented block writes `enabled` beside this key; the only `enabled` example stands alone. ADR 0052 row 3: a gate and a value it gates miss nothing when written together -> both apply | kind=6-gate; path=class	
pair	coupling.instability	class.enabled	class.max-warning	same-source	compose		DECIDED	no documented block writes `enabled` beside this key; the only `enabled` example stands alone. ADR 0052 row 3: a gate and a value it gates miss nothing when written together -> both apply | kind=6-gate; path=class	
pair	coupling.instability	class.enabled	class.min-afferent	same-source	compose		DECIDED	no documented block writes `enabled` beside this key; the only `enabled` example stands alone. ADR 0052 row 3: a gate and a value it gates miss nothing when written together -> both apply | kind=6-gate; path=class	
pair	coupling.instability	class.enabled	class.threshold	same-source	compose		DECIDED	no documented block writes `enabled` beside this key; the only `enabled` example stands alone. ADR 0052 row 3: a gate and a value it gates miss nothing when written together -> both apply | kind=6-gate; path=class	
pair	coupling.instability	enabled	max-error	same-source	compose		DECIDED	no documented block writes `enabled` beside this key; the only `enabled` example stands alone. ADR 0052 row 3: a gate and a value it gates miss nothing when written together -> both apply | kind=6-gate; path=(top)	
pair	coupling.instability	enabled	max-warning	same-source	compose		DECIDED	no documented block writes `enabled` beside this key; the only `enabled` example stands alone. ADR 0052 row 3: a gate and a value it gates miss nothing when written together -> both apply | kind=6-gate; path=(top)	
pair	coupling.instability	enabled	namespace	same-source	compose		DECIDED	no documented block writes `enabled` beside this key; the only `enabled` example stands alone. ADR 0052 row 3: a gate and a value it gates miss nothing when written together -> both apply | kind=6-gate; path=(top)	
pair	coupling.instability	enabled	threshold	same-source	compose		DECIDED	no documented block writes `enabled` beside this key; the only `enabled` example stands alone. ADR 0052 row 3: a gate and a value it gates miss nothing when written together -> both apply | kind=6-gate; path=(top)	
pair	coupling.instability	namespace.enabled	namespace.max-error	same-source	compose		DECIDED	no documented block writes `enabled` beside this key; the only `enabled` example stands alone. ADR 0052 row 3: a gate and a value it gates miss nothing when written together -> both apply | kind=6-gate; path=namespace	
pair	coupling.instability	namespace.enabled	namespace.max-warning	same-source	compose		DECIDED	no documented block writes `enabled` beside this key; the only `enabled` example stands alone. ADR 0052 row 3: a gate and a value it gates miss nothing when written together -> both apply | kind=6-gate; path=namespace	
pair	coupling.instability	namespace.enabled	namespace.min-afferent	same-source	compose		DECIDED	no documented block writes `enabled` beside this key; the only `enabled` example stands alone. ADR 0052 row 3: a gate and a value it gates miss nothing when written together -> both apply | kind=6-gate; path=namespace	
pair	coupling.instability	namespace.enabled	namespace.min-class-count	same-source	compose		DECIDED	no documented block writes `enabled` beside this key; the only `enabled` example stands alone. ADR 0052 row 3: a gate and a value it gates miss nothing when written together -> both apply | kind=6-gate; path=namespace	
pair	coupling.instability	namespace.enabled	namespace.threshold	same-source	compose		DECIDED	no documented block writes `enabled` beside this key; the only `enabled` example stands alone. ADR 0052 row 3: a gate and a value it gates miss nothing when written together -> both apply | kind=6-gate; path=namespace	
pair	design.data-class	enabled	exclude-exceptions	same-source	compose		DECIDED	no documented block writes `enabled` beside this key; the only `enabled` example stands alone. ADR 0052 row 3: a gate and a value it gates miss nothing when written together -> both apply | kind=6-gate; path=(top)	
pair	design.data-class	enabled	exclude-promoted-only	same-source	compose		DECIDED	no documented block writes `enabled` beside this key; the only `enabled` example stands alone. ADR 0052 row 3: a gate and a value it gates miss nothing when written together -> both apply | kind=6-gate; path=(top)	
pair	design.data-class	enabled	exclude-readonly	same-source	compose		DECIDED	no documented block writes `enabled` beside this key; the only `enabled` example stands alone. ADR 0052 row 3: a gate and a value it gates miss nothing when written together -> both apply | kind=6-gate; path=(top)	
pair	design.data-class	enabled	min-members	same-source	compose		DECIDED	no documented block writes `enabled` beside this key; the only `enabled` example stands alone. ADR 0052 row 3: a gate and a value it gates miss nothing when written together -> both apply | kind=6-gate; path=(top)	
pair	design.data-class	enabled	wmc-threshold	same-source	compose		DECIDED	no documented block writes `enabled` beside this key; the only `enabled` example stands alone. ADR 0052 row 3: a gate and a value it gates miss nothing when written together -> both apply | kind=6-gate; path=(top)	
pair	design.data-class	enabled	woc-threshold	same-source	compose		DECIDED	no documented block writes `enabled` beside this key; the only `enabled` example stands alone. ADR 0052 row 3: a gate and a value it gates miss nothing when written together -> both apply | kind=6-gate; path=(top)	
pair	design.dit	enabled	error	same-source	compose		DECIDED	no documented block writes `enabled` beside this key; the only `enabled` example stands alone. ADR 0052 row 3: a gate and a value it gates miss nothing when written together -> both apply | kind=6-gate; path=(top)	
pair	design.dit	enabled	threshold	same-source	compose		DECIDED	no documented block writes `enabled` beside this key; the only `enabled` example stands alone. ADR 0052 row 3: a gate and a value it gates miss nothing when written together -> both apply | kind=6-gate; path=(top)	
pair	design.dit	enabled	warning	same-source	compose		DECIDED	no documented block writes `enabled` beside this key; the only `enabled` example stands alone. ADR 0052 row 3: a gate and a value it gates miss nothing when written together -> both apply | kind=6-gate; path=(top)	
pair	design.god-class	class-loc-threshold	enabled	same-source	compose		DECIDED	no documented block writes `enabled` beside this key; the only `enabled` example stands alone. ADR 0052 row 3: a gate and a value it gates miss nothing when written together -> both apply | kind=6-gate; path=(top)	
pair	design.god-class	enabled	exclude-readonly	same-source	compose		DECIDED	no documented block writes `enabled` beside this key; the only `enabled` example stands alone. ADR 0052 row 3: a gate and a value it gates miss nothing when written together -> both apply | kind=6-gate; path=(top)	
pair	design.god-class	enabled	lcom-threshold	same-source	compose		DECIDED	no documented block writes `enabled` beside this key; the only `enabled` example stands alone. ADR 0052 row 3: a gate and a value it gates miss nothing when written together -> both apply | kind=6-gate; path=(top)	
pair	design.god-class	enabled	min-criteria	same-source	compose		DECIDED	no documented block writes `enabled` beside this key; the only `enabled` example stands alone. ADR 0052 row 3: a gate and a value it gates miss nothing when written together -> both apply | kind=6-gate; path=(top)	
pair	design.god-class	enabled	min-methods	same-source	compose		DECIDED	no documented block writes `enabled` beside this key; the only `enabled` example stands alone. ADR 0052 row 3: a gate and a value it gates miss nothing when written together -> both apply | kind=6-gate; path=(top)	
pair	design.god-class	enabled	tcc-threshold	same-source	compose		DECIDED	no documented block writes `enabled` beside this key; the only `enabled` example stands alone. ADR 0052 row 3: a gate and a value it gates miss nothing when written together -> both apply | kind=6-gate; path=(top)	
pair	design.god-class	enabled	wmc-threshold	same-source	compose		DECIDED	no documented block writes `enabled` beside this key; the only `enabled` example stands alone. ADR 0052 row 3: a gate and a value it gates miss nothing when written together -> both apply | kind=6-gate; path=(top)	
pair	design.noc	enabled	error	same-source	compose		DECIDED	no documented block writes `enabled` beside this key; the only `enabled` example stands alone. ADR 0052 row 3: a gate and a value it gates miss nothing when written together -> both apply | kind=6-gate; path=(top)	
pair	design.noc	enabled	threshold	same-source	compose		DECIDED	no documented block writes `enabled` beside this key; the only `enabled` example stands alone. ADR 0052 row 3: a gate and a value it gates miss nothing when written together -> both apply | kind=6-gate; path=(top)	
pair	design.noc	enabled	warning	same-source	compose		DECIDED	no documented block writes `enabled` beside this key; the only `enabled` example stands alone. ADR 0052 row 3: a gate and a value it gates miss nothing when written together -> both apply | kind=6-gate; path=(top)	
pair	design.type-coverage.param	enabled	error	same-source	compose		DECIDED	no documented block writes `enabled` beside this key; the only `enabled` example stands alone. ADR 0052 row 3: a gate and a value it gates miss nothing when written together -> both apply | kind=6-gate; path=(top)	
pair	design.type-coverage.param	enabled	threshold	same-source	compose		DECIDED	no documented block writes `enabled` beside this key; the only `enabled` example stands alone. ADR 0052 row 3: a gate and a value it gates miss nothing when written together -> both apply | kind=6-gate; path=(top)	
pair	design.type-coverage.param	enabled	warning	same-source	compose		DECIDED	no documented block writes `enabled` beside this key; the only `enabled` example stands alone. ADR 0052 row 3: a gate and a value it gates miss nothing when written together -> both apply | kind=6-gate; path=(top)	
pair	design.type-coverage.property	enabled	error	same-source	compose		DECIDED	no documented block writes `enabled` beside this key; the only `enabled` example stands alone. ADR 0052 row 3: a gate and a value it gates miss nothing when written together -> both apply | kind=6-gate; path=(top)	
pair	design.type-coverage.property	enabled	threshold	same-source	compose		DECIDED	no documented block writes `enabled` beside this key; the only `enabled` example stands alone. ADR 0052 row 3: a gate and a value it gates miss nothing when written together -> both apply | kind=6-gate; path=(top)	
pair	design.type-coverage.property	enabled	warning	same-source	compose		DECIDED	no documented block writes `enabled` beside this key; the only `enabled` example stands alone. ADR 0052 row 3: a gate and a value it gates miss nothing when written together -> both apply | kind=6-gate; path=(top)	
pair	design.type-coverage.return	enabled	error	same-source	compose		DECIDED	no documented block writes `enabled` beside this key; the only `enabled` example stands alone. ADR 0052 row 3: a gate and a value it gates miss nothing when written together -> both apply | kind=6-gate; path=(top)	
pair	design.type-coverage.return	enabled	threshold	same-source	compose		DECIDED	no documented block writes `enabled` beside this key; the only `enabled` example stands alone. ADR 0052 row 3: a gate and a value it gates miss nothing when written together -> both apply | kind=6-gate; path=(top)	
pair	design.type-coverage.return	enabled	warning	same-source	compose		DECIDED	no documented block writes `enabled` beside this key; the only `enabled` example stands alone. ADR 0052 row 3: a gate and a value it gates miss nothing when written together -> both apply | kind=6-gate; path=(top)	
pair	duplication.clone	enabled	error	same-source	compose		DECIDED	no documented block writes `enabled` beside this key; the only `enabled` example stands alone. ADR 0052 row 3: a gate and a value it gates miss nothing when written together -> both apply | kind=6-gate; path=(top)	
pair	duplication.clone	enabled	min-lines	same-source	compose	website/docs/rules/duplication.md:167	PROMISED	one documented yaml block writes `enabled` beside this key of the same rule | kind=6-gate; path=(top)	
pair	duplication.clone	enabled	min-tokens	same-source	compose	website/docs/rules/duplication.md:167	PROMISED	one documented yaml block writes `enabled` beside this key of the same rule | kind=6-gate; path=(top)	
pair	duplication.clone	enabled	threshold	same-source	compose		DECIDED	no documented block writes `enabled` beside this key; the only `enabled` example stands alone. ADR 0052 row 3: a gate and a value it gates miss nothing when written together -> both apply | kind=6-gate; path=(top)	
pair	duplication.clone	enabled	warning	same-source	compose		DECIDED	no documented block writes `enabled` beside this key; the only `enabled` example stands alone. ADR 0052 row 3: a gate and a value it gates miss nothing when written together -> both apply | kind=6-gate; path=(top)	
pair	maintainability.mi	enabled	error	same-source	compose		DECIDED	no documented block writes `enabled` beside this key; the only `enabled` example stands alone. ADR 0052 row 3: a gate and a value it gates miss nothing when written together -> both apply | kind=6-gate; path=(top)	
pair	maintainability.mi	enabled	exclude-tests	same-source	compose		DECIDED	no documented block writes `enabled` beside this key; the only `enabled` example stands alone. ADR 0052 row 3: a gate and a value it gates miss nothing when written together -> both apply | kind=6-gate; path=(top)	
pair	maintainability.mi	enabled	min-statements	same-source	compose		DECIDED	no documented block writes `enabled` beside this key; the only `enabled` example stands alone. ADR 0052 row 3: a gate and a value it gates miss nothing when written together -> both apply | kind=6-gate; path=(top)	
pair	maintainability.mi	enabled	threshold	same-source	compose		DECIDED	no documented block writes `enabled` beside this key; the only `enabled` example stands alone. ADR 0052 row 3: a gate and a value it gates miss nothing when written together -> both apply | kind=6-gate; path=(top)	
pair	maintainability.mi	enabled	warning	same-source	compose		DECIDED	no documented block writes `enabled` beside this key; the only `enabled` example stands alone. ADR 0052 row 3: a gate and a value it gates miss nothing when written together -> both apply | kind=6-gate; path=(top)	
pair	size.class-count	enabled	error	same-source	compose		DECIDED	no documented block writes `enabled` beside this key; the only `enabled` example stands alone. ADR 0052 row 3: a gate and a value it gates miss nothing when written together -> both apply | kind=6-gate; path=(top)	
pair	size.class-count	enabled	threshold	same-source	compose		DECIDED	no documented block writes `enabled` beside this key; the only `enabled` example stands alone. ADR 0052 row 3: a gate and a value it gates miss nothing when written together -> both apply | kind=6-gate; path=(top)	
pair	size.class-count	enabled	warning	same-source	compose		DECIDED	no documented block writes `enabled` beside this key; the only `enabled` example stands alone. ADR 0052 row 3: a gate and a value it gates miss nothing when written together -> both apply | kind=6-gate; path=(top)	
pair	size.method-count	enabled	error	same-source	compose		DECIDED	no documented block writes `enabled` beside this key; the only `enabled` example stands alone. ADR 0052 row 3: a gate and a value it gates miss nothing when written together -> both apply | kind=6-gate; path=(top)	
pair	size.method-count	enabled	threshold	same-source	compose		DECIDED	no documented block writes `enabled` beside this key; the only `enabled` example stands alone. ADR 0052 row 3: a gate and a value it gates miss nothing when written together -> both apply | kind=6-gate; path=(top)	
pair	size.method-count	enabled	warning	same-source	compose		DECIDED	no documented block writes `enabled` beside this key; the only `enabled` example stands alone. ADR 0052 row 3: a gate and a value it gates miss nothing when written together -> both apply | kind=6-gate; path=(top)	
pair	size.property-count	enabled	error	same-source	compose		DECIDED	no documented block writes `enabled` beside this key; the only `enabled` example stands alone. ADR 0052 row 3: a gate and a value it gates miss nothing when written together -> both apply | kind=6-gate; path=(top)	
pair	size.property-count	enabled	exclude-promoted-only	same-source	compose		DECIDED	no documented block writes `enabled` beside this key; the only `enabled` example stands alone. ADR 0052 row 3: a gate and a value it gates miss nothing when written together -> both apply | kind=6-gate; path=(top)	
pair	size.property-count	enabled	exclude-readonly	same-source	compose		DECIDED	no documented block writes `enabled` beside this key; the only `enabled` example stands alone. ADR 0052 row 3: a gate and a value it gates miss nothing when written together -> both apply | kind=6-gate; path=(top)	
pair	size.property-count	enabled	threshold	same-source	compose		DECIDED	no documented block writes `enabled` beside this key; the only `enabled` example stands alone. ADR 0052 row 3: a gate and a value it gates miss nothing when written together -> both apply | kind=6-gate; path=(top)	
pair	size.property-count	enabled	warning	same-source	compose		DECIDED	no documented block writes `enabled` beside this key; the only `enabled` example stands alone. ADR 0052 row 3: a gate and a value it gates miss nothing when written together -> both apply | kind=6-gate; path=(top)	
pair	architecture.circular-dependency	direct-as-error	max-cycle-size	same-source	compose		DECIDED	ADR 0052: independent options, no miss occurs, nothing to signal (row three) -> both apply | kind=6-gate-vs-severity; path=(top)	
pair	cohesion.lcom	error	exclude-methods	same-source	compose		DECIDED	ADR 0052: independent options, no miss occurs, nothing to signal (row three) -> both apply | kind=6-measurement-input; path=(top)	
pair	cohesion.lcom	exclude-methods	threshold	same-source	compose		DECIDED	ADR 0052: independent options, no miss occurs, nothing to signal (row three) -> both apply | kind=6-measurement-input; path=(top)	
pair	cohesion.lcom	exclude-methods	warning	same-source	compose		DECIDED	ADR 0052: independent options, no miss occurs, nothing to signal (row three) -> both apply | kind=6-measurement-input; path=(top)	
pair	coupling.cbo	class.error	class.scope	same-source	compose		DECIDED	ADR 0052: independent options, no miss occurs, nothing to signal (row three) -> both apply | kind=6-measurement-input; path=class	
pair	coupling.cbo	class.scope	class.threshold	same-source	compose		DECIDED	ADR 0052: independent options, no miss occurs, nothing to signal (row three) -> both apply | kind=6-measurement-input; path=class	
pair	coupling.cbo	class.scope	class.warning	same-source	compose		DECIDED	ADR 0052: independent options, no miss occurs, nothing to signal (row three) -> both apply | kind=6-measurement-input; path=class	
pair	coupling.cbo	class.scope	scope	same-source	compose		DECIDED	ADR 0052: independent options, no miss occurs, nothing to signal (row three) -> both apply | kind=6-precedence-fill-in; path=(top)|class	
pair	cohesion.lcom	error	exclude-readonly	same-source	compose		DECIDED	ADR 0052: independent options, no miss occurs, nothing to signal (row three) -> both apply | kind=6-subject-filter; path=(top)	
pair	cohesion.lcom	error	min-methods	same-source	compose		DECIDED	ADR 0052: independent options, no miss occurs, nothing to signal (row three) -> both apply | kind=6-subject-filter; path=(top)	
pair	cohesion.lcom	exclude-readonly	threshold	same-source	compose		DECIDED	ADR 0052: independent options, no miss occurs, nothing to signal (row three) -> both apply | kind=6-subject-filter; path=(top)	
pair	cohesion.lcom	exclude-readonly	warning	same-source	compose		DECIDED	ADR 0052: independent options, no miss occurs, nothing to signal (row three) -> both apply | kind=6-subject-filter; path=(top)	
pair	cohesion.lcom	min-methods	threshold	same-source	compose		DECIDED	ADR 0052: independent options, no miss occurs, nothing to signal (row three) -> both apply | kind=6-subject-filter; path=(top)	
pair	cohesion.lcom	min-methods	warning	same-source	compose		DECIDED	ADR 0052: independent options, no miss occurs, nothing to signal (row three) -> both apply | kind=6-subject-filter; path=(top)	
pair	complexity.wmc	error	exclude-data-classes	same-source	compose		DECIDED	ADR 0052: independent options, no miss occurs, nothing to signal (row three) -> both apply | kind=6-subject-filter; path=(top)	
pair	complexity.wmc	exclude-data-classes	threshold	same-source	compose		DECIDED	ADR 0052: independent options, no miss occurs, nothing to signal (row three) -> both apply | kind=6-subject-filter; path=(top)	
pair	complexity.wmc	exclude-data-classes	warning	same-source	compose		DECIDED	ADR 0052: independent options, no miss occurs, nothing to signal (row three) -> both apply | kind=6-subject-filter; path=(top)	
pair	coupling.cbo	namespace.error	namespace.min-class-count	same-source	compose		DECIDED	ADR 0052: independent options, no miss occurs, nothing to signal (row three) -> both apply | kind=6-subject-filter; path=namespace	
pair	coupling.cbo	namespace.min-class-count	namespace.threshold	same-source	compose		DECIDED	ADR 0052: independent options, no miss occurs, nothing to signal (row three) -> both apply | kind=6-subject-filter; path=namespace	
pair	coupling.cbo	namespace.min-class-count	namespace.warning	same-source	compose		DECIDED	ADR 0052: independent options, no miss occurs, nothing to signal (row three) -> both apply | kind=6-subject-filter; path=namespace	
pair	coupling.distance	include-namespaces	max-distance-error	same-source	compose		DECIDED	ADR 0052: independent options, no miss occurs, nothing to signal (row three) -> both apply | kind=6-subject-filter; path=(top)	
pair	coupling.distance	include-namespaces	max-distance-warning	same-source	compose		DECIDED	ADR 0052: independent options, no miss occurs, nothing to signal (row three) -> both apply | kind=6-subject-filter; path=(top)	
pair	coupling.distance	include-namespaces	threshold	same-source	compose		DECIDED	ADR 0052: independent options, no miss occurs, nothing to signal (row three) -> both apply | kind=6-subject-filter; path=(top)	
pair	coupling.distance	max-distance-error	min-class-count	same-source	compose		DECIDED	ADR 0052: independent options, no miss occurs, nothing to signal (row three) -> both apply | kind=6-subject-filter; path=(top)	
pair	coupling.distance	max-distance-warning	min-class-count	same-source	compose		DECIDED	ADR 0052: independent options, no miss occurs, nothing to signal (row three) -> both apply | kind=6-subject-filter; path=(top)	
pair	coupling.distance	min-class-count	threshold	same-source	compose		DECIDED	ADR 0052: independent options, no miss occurs, nothing to signal (row three) -> both apply | kind=6-subject-filter; path=(top)	
pair	coupling.instability	class.max-error	class.min-afferent	same-source	compose		DECIDED	ADR 0052: independent options, no miss occurs, nothing to signal (row three) -> both apply | kind=6-subject-filter; path=class	
pair	coupling.instability	class.max-warning	class.min-afferent	same-source	compose		DECIDED	ADR 0052: independent options, no miss occurs, nothing to signal (row three) -> both apply | kind=6-subject-filter; path=class	
pair	coupling.instability	class.min-afferent	class.threshold	same-source	compose		DECIDED	ADR 0052: independent options, no miss occurs, nothing to signal (row three) -> both apply | kind=6-subject-filter; path=class	
pair	coupling.instability	namespace.max-error	namespace.min-afferent	same-source	compose		DECIDED	ADR 0052: independent options, no miss occurs, nothing to signal (row three) -> both apply | kind=6-subject-filter; path=namespace	
pair	coupling.instability	namespace.max-error	namespace.min-class-count	same-source	compose		DECIDED	ADR 0052: independent options, no miss occurs, nothing to signal (row three) -> both apply | kind=6-subject-filter; path=namespace	
pair	coupling.instability	namespace.max-warning	namespace.min-afferent	same-source	compose		DECIDED	ADR 0052: independent options, no miss occurs, nothing to signal (row three) -> both apply | kind=6-subject-filter; path=namespace	
pair	coupling.instability	namespace.max-warning	namespace.min-class-count	same-source	compose		DECIDED	ADR 0052: independent options, no miss occurs, nothing to signal (row three) -> both apply | kind=6-subject-filter; path=namespace	
pair	coupling.instability	namespace.min-afferent	namespace.threshold	same-source	compose		DECIDED	ADR 0052: independent options, no miss occurs, nothing to signal (row three) -> both apply | kind=6-subject-filter; path=namespace	
pair	coupling.instability	namespace.min-class-count	namespace.threshold	same-source	compose		DECIDED	ADR 0052: independent options, no miss occurs, nothing to signal (row three) -> both apply | kind=6-subject-filter; path=namespace	
pair	design.data-class	exclude-exceptions	wmc-threshold	same-source	compose		DECIDED	ADR 0052: independent options, no miss occurs, nothing to signal (row three) -> both apply | kind=6-subject-filter; path=(top)	
pair	design.data-class	exclude-exceptions	woc-threshold	same-source	compose		DECIDED	ADR 0052: independent options, no miss occurs, nothing to signal (row three) -> both apply | kind=6-subject-filter; path=(top)	
pair	design.data-class	exclude-promoted-only	wmc-threshold	same-source	compose		DECIDED	ADR 0052: independent options, no miss occurs, nothing to signal (row three) -> both apply | kind=6-subject-filter; path=(top)	
pair	design.data-class	exclude-promoted-only	woc-threshold	same-source	compose		DECIDED	ADR 0052: independent options, no miss occurs, nothing to signal (row three) -> both apply | kind=6-subject-filter; path=(top)	
pair	design.data-class	exclude-readonly	wmc-threshold	same-source	compose		DECIDED	ADR 0052: independent options, no miss occurs, nothing to signal (row three) -> both apply | kind=6-subject-filter; path=(top)	
pair	design.data-class	exclude-readonly	woc-threshold	same-source	compose		DECIDED	ADR 0052: independent options, no miss occurs, nothing to signal (row three) -> both apply | kind=6-subject-filter; path=(top)	
pair	design.data-class	min-members	wmc-threshold	same-source	compose		DECIDED	ADR 0052: independent options, no miss occurs, nothing to signal (row three) -> both apply | kind=6-subject-filter; path=(top)	
pair	design.data-class	min-members	woc-threshold	same-source	compose		DECIDED	ADR 0052: independent options, no miss occurs, nothing to signal (row three) -> both apply | kind=6-subject-filter; path=(top)	
pair	design.god-class	class-loc-threshold	exclude-readonly	same-source	compose		DECIDED	ADR 0052: independent options, no miss occurs, nothing to signal (row three) -> both apply | kind=6-subject-filter; path=(top)	
pair	design.god-class	class-loc-threshold	min-methods	same-source	compose		DECIDED	ADR 0052: independent options, no miss occurs, nothing to signal (row three) -> both apply | kind=6-subject-filter; path=(top)	
pair	design.god-class	exclude-readonly	lcom-threshold	same-source	compose		DECIDED	ADR 0052: independent options, no miss occurs, nothing to signal (row three) -> both apply | kind=6-subject-filter; path=(top)	
pair	design.god-class	exclude-readonly	tcc-threshold	same-source	compose		DECIDED	ADR 0052: independent options, no miss occurs, nothing to signal (row three) -> both apply | kind=6-subject-filter; path=(top)	
pair	design.god-class	exclude-readonly	wmc-threshold	same-source	compose		DECIDED	ADR 0052: independent options, no miss occurs, nothing to signal (row three) -> both apply | kind=6-subject-filter; path=(top)	
pair	design.god-class	lcom-threshold	min-methods	same-source	compose		DECIDED	ADR 0052: independent options, no miss occurs, nothing to signal (row three) -> both apply | kind=6-subject-filter; path=(top)	
pair	design.god-class	min-methods	tcc-threshold	same-source	compose		DECIDED	ADR 0052: independent options, no miss occurs, nothing to signal (row three) -> both apply | kind=6-subject-filter; path=(top)	
pair	design.god-class	min-methods	wmc-threshold	same-source	compose		DECIDED	ADR 0052: independent options, no miss occurs, nothing to signal (row three) -> both apply | kind=6-subject-filter; path=(top)	
pair	duplication.clone	error	min-lines	same-source	compose		DECIDED	ADR 0052: independent options, no miss occurs, nothing to signal (row three) -> both apply | kind=6-subject-filter; path=(top)	
pair	duplication.clone	error	min-tokens	same-source	compose		DECIDED	ADR 0052: independent options, no miss occurs, nothing to signal (row three) -> both apply | kind=6-subject-filter; path=(top)	
pair	duplication.clone	min-lines	threshold	same-source	compose		DECIDED	ADR 0052: independent options, no miss occurs, nothing to signal (row three) -> both apply | kind=6-subject-filter; path=(top)	
pair	duplication.clone	min-lines	warning	same-source	compose		DECIDED	ADR 0052: independent options, no miss occurs, nothing to signal (row three) -> both apply | kind=6-subject-filter; path=(top)	
pair	duplication.clone	min-tokens	threshold	same-source	compose		DECIDED	ADR 0052: independent options, no miss occurs, nothing to signal (row three) -> both apply | kind=6-subject-filter; path=(top)	
pair	duplication.clone	min-tokens	warning	same-source	compose		DECIDED	ADR 0052: independent options, no miss occurs, nothing to signal (row three) -> both apply | kind=6-subject-filter; path=(top)	
pair	maintainability.mi	error	exclude-tests	same-source	compose		DECIDED	ADR 0052: independent options, no miss occurs, nothing to signal (row three) -> both apply | kind=6-subject-filter; path=(top)	
pair	maintainability.mi	error	min-statements	same-source	compose		DECIDED	ADR 0052: independent options, no miss occurs, nothing to signal (row three) -> both apply | kind=6-subject-filter; path=(top)	
pair	maintainability.mi	exclude-tests	threshold	same-source	compose		DECIDED	ADR 0052: independent options, no miss occurs, nothing to signal (row three) -> both apply | kind=6-subject-filter; path=(top)	
pair	maintainability.mi	exclude-tests	warning	same-source	compose		DECIDED	ADR 0052: independent options, no miss occurs, nothing to signal (row three) -> both apply | kind=6-subject-filter; path=(top)	
pair	maintainability.mi	min-statements	threshold	same-source	compose		DECIDED	ADR 0052: independent options, no miss occurs, nothing to signal (row three) -> both apply | kind=6-subject-filter; path=(top)	
pair	maintainability.mi	min-statements	warning	same-source	compose		DECIDED	ADR 0052: independent options, no miss occurs, nothing to signal (row three) -> both apply | kind=6-subject-filter; path=(top)	
pair	size.property-count	error	exclude-promoted-only	same-source	compose		DECIDED	ADR 0052: independent options, no miss occurs, nothing to signal (row three) -> both apply | kind=6-subject-filter; path=(top)	
pair	size.property-count	error	exclude-readonly	same-source	compose		DECIDED	ADR 0052: independent options, no miss occurs, nothing to signal (row three) -> both apply | kind=6-subject-filter; path=(top)	
pair	size.property-count	exclude-promoted-only	threshold	same-source	compose		DECIDED	ADR 0052: independent options, no miss occurs, nothing to signal (row three) -> both apply | kind=6-subject-filter; path=(top)	
pair	size.property-count	exclude-promoted-only	warning	same-source	compose		DECIDED	ADR 0052: independent options, no miss occurs, nothing to signal (row three) -> both apply | kind=6-subject-filter; path=(top)	
pair	size.property-count	exclude-readonly	threshold	same-source	compose		DECIDED	ADR 0052: independent options, no miss occurs, nothing to signal (row three) -> both apply | kind=6-subject-filter; path=(top)	
pair	size.property-count	exclude-readonly	warning	same-source	compose		DECIDED	ADR 0052: independent options, no miss occurs, nothing to signal (row three) -> both apply | kind=6-subject-filter; path=(top)	
pair	code-smell.boolean-argument	allowed-prefixes	flag-promoted-properties	same-source	compose		DECIDED	ADR 0052: independent options, no miss occurs, nothing to signal (row three) -> both apply | kind=6-subject-vs-filter; path=(top)	
pair	architecture.layer-violation	empty-template-severity	severity	same-source	refuse		DECIDED	ADR 0052 row 4: one key silently supersedes or contradicts the other; a silent fallback is what the ADR refuses | kind=6-superseded-refused; path=(top)	
pair	architecture.layer-violation	potential-shadow-severity	severity	same-source	refuse		DECIDED	ADR 0052 row 4: one key silently supersedes or contradicts the other; a silent fallback is what the ADR refuses | kind=6-superseded-refused; path=(top)	
pair	architecture.layer-violation	severity	unreachable-layer-severity	same-source	refuse		DECIDED	ADR 0052 row 4: one key silently supersedes or contradicts the other; a silent fallback is what the ADR refuses | kind=6-superseded-refused; path=(top)	
pair	duplication.clone	min-lines	min-tokens	same-source	compose		DECIDED	ADR 0052: independent options, no miss occurs, nothing to signal (row three) -> both apply | kind=6-two-filters-one-subject; path=(top)	
pair	code-smell.constructor-overinjection	error	threshold	cross-source			DEFERRED	DEFERRED with axis C (01-promise.md, table `DEFERRED`): the cross-source coordinate is routed through RuleOptionThresholdModeResolver / RuleThresholdKeyGroupRegistry, which this round freezes whole. Price: `MISCOMPOSED` across layers stays in the tree and is the input of the axis-C round. | kind=1-threshold-group-declared; path=(top)	
pair	code-smell.constructor-overinjection	error	warning	cross-source			DEFERRED	DEFERRED with axis C (01-promise.md, table `DEFERRED`): the cross-source coordinate is routed through RuleOptionThresholdModeResolver / RuleThresholdKeyGroupRegistry, which this round freezes whole. Price: `MISCOMPOSED` across layers stays in the tree and is the input of the axis-C round. | kind=1-threshold-group-declared; path=(top)	
pair	code-smell.constructor-overinjection	threshold	warning	cross-source			DEFERRED	DEFERRED with axis C (01-promise.md, table `DEFERRED`): the cross-source coordinate is routed through RuleOptionThresholdModeResolver / RuleThresholdKeyGroupRegistry, which this round freezes whole. Price: `MISCOMPOSED` across layers stays in the tree and is the input of the axis-C round. | kind=1-threshold-group-declared; path=(top)	
pair	code-smell.long-parameter-list	error	threshold	cross-source			DEFERRED	DEFERRED with axis C (01-promise.md, table `DEFERRED`): the cross-source coordinate is routed through RuleOptionThresholdModeResolver / RuleThresholdKeyGroupRegistry, which this round freezes whole. Price: `MISCOMPOSED` across layers stays in the tree and is the input of the axis-C round. | kind=1-threshold-group-declared; path=(top)	
pair	code-smell.long-parameter-list	error	warning	cross-source			DEFERRED	DEFERRED with axis C (01-promise.md, table `DEFERRED`): the cross-source coordinate is routed through RuleOptionThresholdModeResolver / RuleThresholdKeyGroupRegistry, which this round freezes whole. Price: `MISCOMPOSED` across layers stays in the tree and is the input of the axis-C round. | kind=1-threshold-group-declared; path=(top)	
pair	code-smell.long-parameter-list	threshold	warning	cross-source			DEFERRED	DEFERRED with axis C (01-promise.md, table `DEFERRED`): the cross-source coordinate is routed through RuleOptionThresholdModeResolver / RuleThresholdKeyGroupRegistry, which this round freezes whole. Price: `MISCOMPOSED` across layers stays in the tree and is the input of the axis-C round. | kind=1-threshold-group-declared; path=(top)	
pair	code-smell.long-parameter-list	vo-error	vo-threshold	cross-source			DEFERRED	DEFERRED with axis C (01-promise.md, table `DEFERRED`): the cross-source coordinate is routed through RuleOptionThresholdModeResolver / RuleThresholdKeyGroupRegistry, which this round freezes whole. Price: `MISCOMPOSED` across layers stays in the tree and is the input of the axis-C round. | kind=1-threshold-group-declared; path=(top)	
pair	code-smell.long-parameter-list	vo-error	vo-warning	cross-source			DEFERRED	DEFERRED with axis C (01-promise.md, table `DEFERRED`): the cross-source coordinate is routed through RuleOptionThresholdModeResolver / RuleThresholdKeyGroupRegistry, which this round freezes whole. Price: `MISCOMPOSED` across layers stays in the tree and is the input of the axis-C round. | kind=1-threshold-group-declared; path=(top)	
pair	code-smell.long-parameter-list	vo-threshold	vo-warning	cross-source			DEFERRED	DEFERRED with axis C (01-promise.md, table `DEFERRED`): the cross-source coordinate is routed through RuleOptionThresholdModeResolver / RuleThresholdKeyGroupRegistry, which this round freezes whole. Price: `MISCOMPOSED` across layers stays in the tree and is the input of the axis-C round. | kind=1-threshold-group-declared; path=(top)	
pair	code-smell.unreachable-code	error	threshold	cross-source			DEFERRED	DEFERRED with axis C (01-promise.md, table `DEFERRED`): the cross-source coordinate is routed through RuleOptionThresholdModeResolver / RuleThresholdKeyGroupRegistry, which this round freezes whole. Price: `MISCOMPOSED` across layers stays in the tree and is the input of the axis-C round. | kind=1-threshold-group-declared; path=(top)	
pair	code-smell.unreachable-code	error	warning	cross-source			DEFERRED	DEFERRED with axis C (01-promise.md, table `DEFERRED`): the cross-source coordinate is routed through RuleOptionThresholdModeResolver / RuleThresholdKeyGroupRegistry, which this round freezes whole. Price: `MISCOMPOSED` across layers stays in the tree and is the input of the axis-C round. | kind=1-threshold-group-declared; path=(top)	
pair	code-smell.unreachable-code	threshold	warning	cross-source			DEFERRED	DEFERRED with axis C (01-promise.md, table `DEFERRED`): the cross-source coordinate is routed through RuleOptionThresholdModeResolver / RuleThresholdKeyGroupRegistry, which this round freezes whole. Price: `MISCOMPOSED` across layers stays in the tree and is the input of the axis-C round. | kind=1-threshold-group-declared; path=(top)	
pair	cohesion.lcom	error	threshold	cross-source			DEFERRED	DEFERRED with axis C (01-promise.md, table `DEFERRED`): the cross-source coordinate is routed through RuleOptionThresholdModeResolver / RuleThresholdKeyGroupRegistry, which this round freezes whole. Price: `MISCOMPOSED` across layers stays in the tree and is the input of the axis-C round. | kind=1-threshold-group-declared; path=(top)	
pair	cohesion.lcom	error	warning	cross-source			DEFERRED	DEFERRED with axis C (01-promise.md, table `DEFERRED`): the cross-source coordinate is routed through RuleOptionThresholdModeResolver / RuleThresholdKeyGroupRegistry, which this round freezes whole. Price: `MISCOMPOSED` across layers stays in the tree and is the input of the axis-C round. | kind=1-threshold-group-declared; path=(top)	
pair	cohesion.lcom	threshold	warning	cross-source			DEFERRED	DEFERRED with axis C (01-promise.md, table `DEFERRED`): the cross-source coordinate is routed through RuleOptionThresholdModeResolver / RuleThresholdKeyGroupRegistry, which this round freezes whole. Price: `MISCOMPOSED` across layers stays in the tree and is the input of the axis-C round. | kind=1-threshold-group-declared; path=(top)	
pair	complexity.ccn	callable.error	callable.threshold	cross-source			DEFERRED	DEFERRED with axis C (01-promise.md, table `DEFERRED`): the cross-source coordinate is routed through RuleOptionThresholdModeResolver / RuleThresholdKeyGroupRegistry, which this round freezes whole. Price: `MISCOMPOSED` across layers stays in the tree and is the input of the axis-C round. | kind=1-threshold-group-declared; path=callable	
pair	complexity.ccn	callable.error	callable.warning	cross-source			DEFERRED	DEFERRED with axis C (01-promise.md, table `DEFERRED`): the cross-source coordinate is routed through RuleOptionThresholdModeResolver / RuleThresholdKeyGroupRegistry, which this round freezes whole. Price: `MISCOMPOSED` across layers stays in the tree and is the input of the axis-C round. | kind=1-threshold-group-declared; path=callable	
pair	complexity.ccn	callable.threshold	callable.warning	cross-source			DEFERRED	DEFERRED with axis C (01-promise.md, table `DEFERRED`): the cross-source coordinate is routed through RuleOptionThresholdModeResolver / RuleThresholdKeyGroupRegistry, which this round freezes whole. Price: `MISCOMPOSED` across layers stays in the tree and is the input of the axis-C round. | kind=1-threshold-group-declared; path=callable	
pair	complexity.ccn	class.max-error	class.max-warning	cross-source			DEFERRED	DEFERRED with axis C (01-promise.md, table `DEFERRED`): the cross-source coordinate is routed through RuleOptionThresholdModeResolver / RuleThresholdKeyGroupRegistry, which this round freezes whole. Price: `MISCOMPOSED` across layers stays in the tree and is the input of the axis-C round. | kind=1-threshold-group-declared; path=class	
pair	complexity.ccn	class.max-error	class.threshold	cross-source			DEFERRED	DEFERRED with axis C (01-promise.md, table `DEFERRED`): the cross-source coordinate is routed through RuleOptionThresholdModeResolver / RuleThresholdKeyGroupRegistry, which this round freezes whole. Price: `MISCOMPOSED` across layers stays in the tree and is the input of the axis-C round. | kind=1-threshold-group-declared; path=class	
pair	complexity.ccn	class.max-warning	class.threshold	cross-source			DEFERRED	DEFERRED with axis C (01-promise.md, table `DEFERRED`): the cross-source coordinate is routed through RuleOptionThresholdModeResolver / RuleThresholdKeyGroupRegistry, which this round freezes whole. Price: `MISCOMPOSED` across layers stays in the tree and is the input of the axis-C round. | kind=1-threshold-group-declared; path=class	
pair	complexity.cognitive	callable.error	callable.threshold	cross-source			DEFERRED	DEFERRED with axis C (01-promise.md, table `DEFERRED`): the cross-source coordinate is routed through RuleOptionThresholdModeResolver / RuleThresholdKeyGroupRegistry, which this round freezes whole. Price: `MISCOMPOSED` across layers stays in the tree and is the input of the axis-C round. | kind=1-threshold-group-declared; path=callable	
pair	complexity.cognitive	callable.error	callable.warning	cross-source			DEFERRED	DEFERRED with axis C (01-promise.md, table `DEFERRED`): the cross-source coordinate is routed through RuleOptionThresholdModeResolver / RuleThresholdKeyGroupRegistry, which this round freezes whole. Price: `MISCOMPOSED` across layers stays in the tree and is the input of the axis-C round. | kind=1-threshold-group-declared; path=callable	
pair	complexity.cognitive	callable.threshold	callable.warning	cross-source			DEFERRED	DEFERRED with axis C (01-promise.md, table `DEFERRED`): the cross-source coordinate is routed through RuleOptionThresholdModeResolver / RuleThresholdKeyGroupRegistry, which this round freezes whole. Price: `MISCOMPOSED` across layers stays in the tree and is the input of the axis-C round. | kind=1-threshold-group-declared; path=callable	
pair	complexity.cognitive	class.max-error	class.max-warning	cross-source			DEFERRED	DEFERRED with axis C (01-promise.md, table `DEFERRED`): the cross-source coordinate is routed through RuleOptionThresholdModeResolver / RuleThresholdKeyGroupRegistry, which this round freezes whole. Price: `MISCOMPOSED` across layers stays in the tree and is the input of the axis-C round. | kind=1-threshold-group-declared; path=class	
pair	complexity.cognitive	class.max-error	class.threshold	cross-source			DEFERRED	DEFERRED with axis C (01-promise.md, table `DEFERRED`): the cross-source coordinate is routed through RuleOptionThresholdModeResolver / RuleThresholdKeyGroupRegistry, which this round freezes whole. Price: `MISCOMPOSED` across layers stays in the tree and is the input of the axis-C round. | kind=1-threshold-group-declared; path=class	
pair	complexity.cognitive	class.max-warning	class.threshold	cross-source			DEFERRED	DEFERRED with axis C (01-promise.md, table `DEFERRED`): the cross-source coordinate is routed through RuleOptionThresholdModeResolver / RuleThresholdKeyGroupRegistry, which this round freezes whole. Price: `MISCOMPOSED` across layers stays in the tree and is the input of the axis-C round. | kind=1-threshold-group-declared; path=class	
pair	complexity.npath	callable.error	callable.threshold	cross-source			DEFERRED	DEFERRED with axis C (01-promise.md, table `DEFERRED`): the cross-source coordinate is routed through RuleOptionThresholdModeResolver / RuleThresholdKeyGroupRegistry, which this round freezes whole. Price: `MISCOMPOSED` across layers stays in the tree and is the input of the axis-C round. | kind=1-threshold-group-declared; path=callable	
pair	complexity.npath	callable.error	callable.warning	cross-source			DEFERRED	DEFERRED with axis C (01-promise.md, table `DEFERRED`): the cross-source coordinate is routed through RuleOptionThresholdModeResolver / RuleThresholdKeyGroupRegistry, which this round freezes whole. Price: `MISCOMPOSED` across layers stays in the tree and is the input of the axis-C round. | kind=1-threshold-group-declared; path=callable	
pair	complexity.npath	callable.threshold	callable.warning	cross-source			DEFERRED	DEFERRED with axis C (01-promise.md, table `DEFERRED`): the cross-source coordinate is routed through RuleOptionThresholdModeResolver / RuleThresholdKeyGroupRegistry, which this round freezes whole. Price: `MISCOMPOSED` across layers stays in the tree and is the input of the axis-C round. | kind=1-threshold-group-declared; path=callable	
pair	complexity.npath	class.max-error	class.max-warning	cross-source			DEFERRED	DEFERRED with axis C (01-promise.md, table `DEFERRED`): the cross-source coordinate is routed through RuleOptionThresholdModeResolver / RuleThresholdKeyGroupRegistry, which this round freezes whole. Price: `MISCOMPOSED` across layers stays in the tree and is the input of the axis-C round. | kind=1-threshold-group-declared; path=class	
pair	complexity.npath	class.max-error	class.threshold	cross-source			DEFERRED	DEFERRED with axis C (01-promise.md, table `DEFERRED`): the cross-source coordinate is routed through RuleOptionThresholdModeResolver / RuleThresholdKeyGroupRegistry, which this round freezes whole. Price: `MISCOMPOSED` across layers stays in the tree and is the input of the axis-C round. | kind=1-threshold-group-declared; path=class	
pair	complexity.npath	class.max-warning	class.threshold	cross-source			DEFERRED	DEFERRED with axis C (01-promise.md, table `DEFERRED`): the cross-source coordinate is routed through RuleOptionThresholdModeResolver / RuleThresholdKeyGroupRegistry, which this round freezes whole. Price: `MISCOMPOSED` across layers stays in the tree and is the input of the axis-C round. | kind=1-threshold-group-declared; path=class	
pair	complexity.wmc	error	threshold	cross-source			DEFERRED	DEFERRED with axis C (01-promise.md, table `DEFERRED`): the cross-source coordinate is routed through RuleOptionThresholdModeResolver / RuleThresholdKeyGroupRegistry, which this round freezes whole. Price: `MISCOMPOSED` across layers stays in the tree and is the input of the axis-C round. | kind=1-threshold-group-declared; path=(top)	
pair	complexity.wmc	error	warning	cross-source			DEFERRED	DEFERRED with axis C (01-promise.md, table `DEFERRED`): the cross-source coordinate is routed through RuleOptionThresholdModeResolver / RuleThresholdKeyGroupRegistry, which this round freezes whole. Price: `MISCOMPOSED` across layers stays in the tree and is the input of the axis-C round. | kind=1-threshold-group-declared; path=(top)	
pair	complexity.wmc	threshold	warning	cross-source			DEFERRED	DEFERRED with axis C (01-promise.md, table `DEFERRED`): the cross-source coordinate is routed through RuleOptionThresholdModeResolver / RuleThresholdKeyGroupRegistry, which this round freezes whole. Price: `MISCOMPOSED` across layers stays in the tree and is the input of the axis-C round. | kind=1-threshold-group-declared; path=(top)	
pair	coupling.cbo	class.error	class.threshold	cross-source			DEFERRED	DEFERRED with axis C (01-promise.md, table `DEFERRED`): the cross-source coordinate is routed through RuleOptionThresholdModeResolver / RuleThresholdKeyGroupRegistry, which this round freezes whole. Price: `MISCOMPOSED` across layers stays in the tree and is the input of the axis-C round. | kind=1-threshold-group-declared; path=class	
pair	coupling.cbo	class.error	class.warning	cross-source			DEFERRED	DEFERRED with axis C (01-promise.md, table `DEFERRED`): the cross-source coordinate is routed through RuleOptionThresholdModeResolver / RuleThresholdKeyGroupRegistry, which this round freezes whole. Price: `MISCOMPOSED` across layers stays in the tree and is the input of the axis-C round. | kind=1-threshold-group-declared; path=class	
pair	coupling.cbo	class.threshold	class.warning	cross-source			DEFERRED	DEFERRED with axis C (01-promise.md, table `DEFERRED`): the cross-source coordinate is routed through RuleOptionThresholdModeResolver / RuleThresholdKeyGroupRegistry, which this round freezes whole. Price: `MISCOMPOSED` across layers stays in the tree and is the input of the axis-C round. | kind=1-threshold-group-declared; path=class	
pair	coupling.cbo	error	threshold	cross-source			DEFERRED	DEFERRED with axis C (01-promise.md, table `DEFERRED`): the cross-source coordinate is routed through RuleOptionThresholdModeResolver / RuleThresholdKeyGroupRegistry, which this round freezes whole. Price: `MISCOMPOSED` across layers stays in the tree and is the input of the axis-C round. | kind=1-threshold-group-declared; path=(top)	
pair	coupling.cbo	error	warning	cross-source			DEFERRED	DEFERRED with axis C (01-promise.md, table `DEFERRED`): the cross-source coordinate is routed through RuleOptionThresholdModeResolver / RuleThresholdKeyGroupRegistry, which this round freezes whole. Price: `MISCOMPOSED` across layers stays in the tree and is the input of the axis-C round. | kind=1-threshold-group-declared; path=(top)	
pair	coupling.cbo	namespace.error	namespace.threshold	cross-source			DEFERRED	DEFERRED with axis C (01-promise.md, table `DEFERRED`): the cross-source coordinate is routed through RuleOptionThresholdModeResolver / RuleThresholdKeyGroupRegistry, which this round freezes whole. Price: `MISCOMPOSED` across layers stays in the tree and is the input of the axis-C round. | kind=1-threshold-group-declared; path=namespace	
pair	coupling.cbo	namespace.error	namespace.warning	cross-source			DEFERRED	DEFERRED with axis C (01-promise.md, table `DEFERRED`): the cross-source coordinate is routed through RuleOptionThresholdModeResolver / RuleThresholdKeyGroupRegistry, which this round freezes whole. Price: `MISCOMPOSED` across layers stays in the tree and is the input of the axis-C round. | kind=1-threshold-group-declared; path=namespace	
pair	coupling.cbo	namespace.threshold	namespace.warning	cross-source			DEFERRED	DEFERRED with axis C (01-promise.md, table `DEFERRED`): the cross-source coordinate is routed through RuleOptionThresholdModeResolver / RuleThresholdKeyGroupRegistry, which this round freezes whole. Price: `MISCOMPOSED` across layers stays in the tree and is the input of the axis-C round. | kind=1-threshold-group-declared; path=namespace	
pair	coupling.cbo	threshold	warning	cross-source			DEFERRED	DEFERRED with axis C (01-promise.md, table `DEFERRED`): the cross-source coordinate is routed through RuleOptionThresholdModeResolver / RuleThresholdKeyGroupRegistry, which this round freezes whole. Price: `MISCOMPOSED` across layers stays in the tree and is the input of the axis-C round. | kind=1-threshold-group-declared; path=(top)	
pair	coupling.class-rank	error	threshold	cross-source			DEFERRED	DEFERRED with axis C (01-promise.md, table `DEFERRED`): the cross-source coordinate is routed through RuleOptionThresholdModeResolver / RuleThresholdKeyGroupRegistry, which this round freezes whole. Price: `MISCOMPOSED` across layers stays in the tree and is the input of the axis-C round. | kind=1-threshold-group-declared; path=(top)	
pair	coupling.class-rank	error	warning	cross-source			DEFERRED	DEFERRED with axis C (01-promise.md, table `DEFERRED`): the cross-source coordinate is routed through RuleOptionThresholdModeResolver / RuleThresholdKeyGroupRegistry, which this round freezes whole. Price: `MISCOMPOSED` across layers stays in the tree and is the input of the axis-C round. | kind=1-threshold-group-declared; path=(top)	
pair	coupling.class-rank	threshold	warning	cross-source			DEFERRED	DEFERRED with axis C (01-promise.md, table `DEFERRED`): the cross-source coordinate is routed through RuleOptionThresholdModeResolver / RuleThresholdKeyGroupRegistry, which this round freezes whole. Price: `MISCOMPOSED` across layers stays in the tree and is the input of the axis-C round. | kind=1-threshold-group-declared; path=(top)	
pair	coupling.distance	max-distance-error	max-distance-warning	cross-source			DEFERRED	DEFERRED with axis C (01-promise.md, table `DEFERRED`): the cross-source coordinate is routed through RuleOptionThresholdModeResolver / RuleThresholdKeyGroupRegistry, which this round freezes whole. Price: `MISCOMPOSED` across layers stays in the tree and is the input of the axis-C round. | kind=1-threshold-group-declared; path=(top)	
pair	coupling.distance	max-distance-error	threshold	cross-source			DEFERRED	DEFERRED with axis C (01-promise.md, table `DEFERRED`): the cross-source coordinate is routed through RuleOptionThresholdModeResolver / RuleThresholdKeyGroupRegistry, which this round freezes whole. Price: `MISCOMPOSED` across layers stays in the tree and is the input of the axis-C round. | kind=1-threshold-group-declared; path=(top)	
pair	coupling.distance	max-distance-warning	threshold	cross-source			DEFERRED	DEFERRED with axis C (01-promise.md, table `DEFERRED`): the cross-source coordinate is routed through RuleOptionThresholdModeResolver / RuleThresholdKeyGroupRegistry, which this round freezes whole. Price: `MISCOMPOSED` across layers stays in the tree and is the input of the axis-C round. | kind=1-threshold-group-declared; path=(top)	
pair	coupling.instability	class.max-error	class.max-warning	cross-source			DEFERRED	DEFERRED with axis C (01-promise.md, table `DEFERRED`): the cross-source coordinate is routed through RuleOptionThresholdModeResolver / RuleThresholdKeyGroupRegistry, which this round freezes whole. Price: `MISCOMPOSED` across layers stays in the tree and is the input of the axis-C round. | kind=1-threshold-group-declared; path=class	
pair	coupling.instability	class.max-error	class.threshold	cross-source			DEFERRED	DEFERRED with axis C (01-promise.md, table `DEFERRED`): the cross-source coordinate is routed through RuleOptionThresholdModeResolver / RuleThresholdKeyGroupRegistry, which this round freezes whole. Price: `MISCOMPOSED` across layers stays in the tree and is the input of the axis-C round. | kind=1-threshold-group-declared; path=class	
pair	coupling.instability	class.max-warning	class.threshold	cross-source			DEFERRED	DEFERRED with axis C (01-promise.md, table `DEFERRED`): the cross-source coordinate is routed through RuleOptionThresholdModeResolver / RuleThresholdKeyGroupRegistry, which this round freezes whole. Price: `MISCOMPOSED` across layers stays in the tree and is the input of the axis-C round. | kind=1-threshold-group-declared; path=class	
pair	coupling.instability	max-error	max-warning	cross-source			DEFERRED	DEFERRED with axis C (01-promise.md, table `DEFERRED`): the cross-source coordinate is routed through RuleOptionThresholdModeResolver / RuleThresholdKeyGroupRegistry, which this round freezes whole. Price: `MISCOMPOSED` across layers stays in the tree and is the input of the axis-C round. | kind=1-threshold-group-declared; path=(top)	
pair	coupling.instability	max-error	threshold	cross-source			DEFERRED	DEFERRED with axis C (01-promise.md, table `DEFERRED`): the cross-source coordinate is routed through RuleOptionThresholdModeResolver / RuleThresholdKeyGroupRegistry, which this round freezes whole. Price: `MISCOMPOSED` across layers stays in the tree and is the input of the axis-C round. | kind=1-threshold-group-declared; path=(top)	
pair	coupling.instability	max-warning	threshold	cross-source			DEFERRED	DEFERRED with axis C (01-promise.md, table `DEFERRED`): the cross-source coordinate is routed through RuleOptionThresholdModeResolver / RuleThresholdKeyGroupRegistry, which this round freezes whole. Price: `MISCOMPOSED` across layers stays in the tree and is the input of the axis-C round. | kind=1-threshold-group-declared; path=(top)	
pair	coupling.instability	namespace.max-error	namespace.max-warning	cross-source			DEFERRED	DEFERRED with axis C (01-promise.md, table `DEFERRED`): the cross-source coordinate is routed through RuleOptionThresholdModeResolver / RuleThresholdKeyGroupRegistry, which this round freezes whole. Price: `MISCOMPOSED` across layers stays in the tree and is the input of the axis-C round. | kind=1-threshold-group-declared; path=namespace	
pair	coupling.instability	namespace.max-error	namespace.threshold	cross-source			DEFERRED	DEFERRED with axis C (01-promise.md, table `DEFERRED`): the cross-source coordinate is routed through RuleOptionThresholdModeResolver / RuleThresholdKeyGroupRegistry, which this round freezes whole. Price: `MISCOMPOSED` across layers stays in the tree and is the input of the axis-C round. | kind=1-threshold-group-declared; path=namespace	
pair	coupling.instability	namespace.max-warning	namespace.threshold	cross-source			DEFERRED	DEFERRED with axis C (01-promise.md, table `DEFERRED`): the cross-source coordinate is routed through RuleOptionThresholdModeResolver / RuleThresholdKeyGroupRegistry, which this round freezes whole. Price: `MISCOMPOSED` across layers stays in the tree and is the input of the axis-C round. | kind=1-threshold-group-declared; path=namespace	
pair	design.dit	error	threshold	cross-source			DEFERRED	DEFERRED with axis C (01-promise.md, table `DEFERRED`): the cross-source coordinate is routed through RuleOptionThresholdModeResolver / RuleThresholdKeyGroupRegistry, which this round freezes whole. Price: `MISCOMPOSED` across layers stays in the tree and is the input of the axis-C round. | kind=1-threshold-group-declared; path=(top)	
pair	design.dit	error	warning	cross-source			DEFERRED	DEFERRED with axis C (01-promise.md, table `DEFERRED`): the cross-source coordinate is routed through RuleOptionThresholdModeResolver / RuleThresholdKeyGroupRegistry, which this round freezes whole. Price: `MISCOMPOSED` across layers stays in the tree and is the input of the axis-C round. | kind=1-threshold-group-declared; path=(top)	
pair	design.dit	threshold	warning	cross-source			DEFERRED	DEFERRED with axis C (01-promise.md, table `DEFERRED`): the cross-source coordinate is routed through RuleOptionThresholdModeResolver / RuleThresholdKeyGroupRegistry, which this round freezes whole. Price: `MISCOMPOSED` across layers stays in the tree and is the input of the axis-C round. | kind=1-threshold-group-declared; path=(top)	
pair	design.noc	error	threshold	cross-source			DEFERRED	DEFERRED with axis C (01-promise.md, table `DEFERRED`): the cross-source coordinate is routed through RuleOptionThresholdModeResolver / RuleThresholdKeyGroupRegistry, which this round freezes whole. Price: `MISCOMPOSED` across layers stays in the tree and is the input of the axis-C round. | kind=1-threshold-group-declared; path=(top)	
pair	design.noc	error	warning	cross-source			DEFERRED	DEFERRED with axis C (01-promise.md, table `DEFERRED`): the cross-source coordinate is routed through RuleOptionThresholdModeResolver / RuleThresholdKeyGroupRegistry, which this round freezes whole. Price: `MISCOMPOSED` across layers stays in the tree and is the input of the axis-C round. | kind=1-threshold-group-declared; path=(top)	
pair	design.noc	threshold	warning	cross-source			DEFERRED	DEFERRED with axis C (01-promise.md, table `DEFERRED`): the cross-source coordinate is routed through RuleOptionThresholdModeResolver / RuleThresholdKeyGroupRegistry, which this round freezes whole. Price: `MISCOMPOSED` across layers stays in the tree and is the input of the axis-C round. | kind=1-threshold-group-declared; path=(top)	
pair	design.type-coverage.param	error	threshold	cross-source			DEFERRED	DEFERRED with axis C (01-promise.md, table `DEFERRED`): the cross-source coordinate is routed through RuleOptionThresholdModeResolver / RuleThresholdKeyGroupRegistry, which this round freezes whole. Price: `MISCOMPOSED` across layers stays in the tree and is the input of the axis-C round. | kind=1-threshold-group-declared; path=(top)	
pair	design.type-coverage.param	error	warning	cross-source			DEFERRED	DEFERRED with axis C (01-promise.md, table `DEFERRED`): the cross-source coordinate is routed through RuleOptionThresholdModeResolver / RuleThresholdKeyGroupRegistry, which this round freezes whole. Price: `MISCOMPOSED` across layers stays in the tree and is the input of the axis-C round. | kind=1-threshold-group-declared; path=(top)	
pair	design.type-coverage.param	threshold	warning	cross-source			DEFERRED	DEFERRED with axis C (01-promise.md, table `DEFERRED`): the cross-source coordinate is routed through RuleOptionThresholdModeResolver / RuleThresholdKeyGroupRegistry, which this round freezes whole. Price: `MISCOMPOSED` across layers stays in the tree and is the input of the axis-C round. | kind=1-threshold-group-declared; path=(top)	
pair	design.type-coverage.property	error	threshold	cross-source			DEFERRED	DEFERRED with axis C (01-promise.md, table `DEFERRED`): the cross-source coordinate is routed through RuleOptionThresholdModeResolver / RuleThresholdKeyGroupRegistry, which this round freezes whole. Price: `MISCOMPOSED` across layers stays in the tree and is the input of the axis-C round. | kind=1-threshold-group-declared; path=(top)	
pair	design.type-coverage.property	error	warning	cross-source			DEFERRED	DEFERRED with axis C (01-promise.md, table `DEFERRED`): the cross-source coordinate is routed through RuleOptionThresholdModeResolver / RuleThresholdKeyGroupRegistry, which this round freezes whole. Price: `MISCOMPOSED` across layers stays in the tree and is the input of the axis-C round. | kind=1-threshold-group-declared; path=(top)	
pair	design.type-coverage.property	threshold	warning	cross-source			DEFERRED	DEFERRED with axis C (01-promise.md, table `DEFERRED`): the cross-source coordinate is routed through RuleOptionThresholdModeResolver / RuleThresholdKeyGroupRegistry, which this round freezes whole. Price: `MISCOMPOSED` across layers stays in the tree and is the input of the axis-C round. | kind=1-threshold-group-declared; path=(top)	
pair	design.type-coverage.return	error	threshold	cross-source			DEFERRED	DEFERRED with axis C (01-promise.md, table `DEFERRED`): the cross-source coordinate is routed through RuleOptionThresholdModeResolver / RuleThresholdKeyGroupRegistry, which this round freezes whole. Price: `MISCOMPOSED` across layers stays in the tree and is the input of the axis-C round. | kind=1-threshold-group-declared; path=(top)	
pair	design.type-coverage.return	error	warning	cross-source			DEFERRED	DEFERRED with axis C (01-promise.md, table `DEFERRED`): the cross-source coordinate is routed through RuleOptionThresholdModeResolver / RuleThresholdKeyGroupRegistry, which this round freezes whole. Price: `MISCOMPOSED` across layers stays in the tree and is the input of the axis-C round. | kind=1-threshold-group-declared; path=(top)	
pair	design.type-coverage.return	threshold	warning	cross-source			DEFERRED	DEFERRED with axis C (01-promise.md, table `DEFERRED`): the cross-source coordinate is routed through RuleOptionThresholdModeResolver / RuleThresholdKeyGroupRegistry, which this round freezes whole. Price: `MISCOMPOSED` across layers stays in the tree and is the input of the axis-C round. | kind=1-threshold-group-declared; path=(top)	
pair	duplication.clone	error	threshold	cross-source			DEFERRED	DEFERRED with axis C (01-promise.md, table `DEFERRED`): the cross-source coordinate is routed through RuleOptionThresholdModeResolver / RuleThresholdKeyGroupRegistry, which this round freezes whole. Price: `MISCOMPOSED` across layers stays in the tree and is the input of the axis-C round. | kind=1-threshold-group-declared; path=(top)	
pair	duplication.clone	error	warning	cross-source			DEFERRED	DEFERRED with axis C (01-promise.md, table `DEFERRED`): the cross-source coordinate is routed through RuleOptionThresholdModeResolver / RuleThresholdKeyGroupRegistry, which this round freezes whole. Price: `MISCOMPOSED` across layers stays in the tree and is the input of the axis-C round. | kind=1-threshold-group-declared; path=(top)	
pair	duplication.clone	threshold	warning	cross-source			DEFERRED	DEFERRED with axis C (01-promise.md, table `DEFERRED`): the cross-source coordinate is routed through RuleOptionThresholdModeResolver / RuleThresholdKeyGroupRegistry, which this round freezes whole. Price: `MISCOMPOSED` across layers stays in the tree and is the input of the axis-C round. | kind=1-threshold-group-declared; path=(top)	
pair	maintainability.mi	error	threshold	cross-source			DEFERRED	DEFERRED with axis C (01-promise.md, table `DEFERRED`): the cross-source coordinate is routed through RuleOptionThresholdModeResolver / RuleThresholdKeyGroupRegistry, which this round freezes whole. Price: `MISCOMPOSED` across layers stays in the tree and is the input of the axis-C round. | kind=1-threshold-group-declared; path=(top)	
pair	maintainability.mi	error	warning	cross-source			DEFERRED	DEFERRED with axis C (01-promise.md, table `DEFERRED`): the cross-source coordinate is routed through RuleOptionThresholdModeResolver / RuleThresholdKeyGroupRegistry, which this round freezes whole. Price: `MISCOMPOSED` across layers stays in the tree and is the input of the axis-C round. | kind=1-threshold-group-declared; path=(top)	
pair	maintainability.mi	threshold	warning	cross-source			DEFERRED	DEFERRED with axis C (01-promise.md, table `DEFERRED`): the cross-source coordinate is routed through RuleOptionThresholdModeResolver / RuleThresholdKeyGroupRegistry, which this round freezes whole. Price: `MISCOMPOSED` across layers stays in the tree and is the input of the axis-C round. | kind=1-threshold-group-declared; path=(top)	
pair	size.class-count	error	threshold	cross-source			DEFERRED	DEFERRED with axis C (01-promise.md, table `DEFERRED`): the cross-source coordinate is routed through RuleOptionThresholdModeResolver / RuleThresholdKeyGroupRegistry, which this round freezes whole. Price: `MISCOMPOSED` across layers stays in the tree and is the input of the axis-C round. | kind=1-threshold-group-declared; path=(top)	
pair	size.class-count	error	warning	cross-source			DEFERRED	DEFERRED with axis C (01-promise.md, table `DEFERRED`): the cross-source coordinate is routed through RuleOptionThresholdModeResolver / RuleThresholdKeyGroupRegistry, which this round freezes whole. Price: `MISCOMPOSED` across layers stays in the tree and is the input of the axis-C round. | kind=1-threshold-group-declared; path=(top)	
pair	size.class-count	threshold	warning	cross-source			DEFERRED	DEFERRED with axis C (01-promise.md, table `DEFERRED`): the cross-source coordinate is routed through RuleOptionThresholdModeResolver / RuleThresholdKeyGroupRegistry, which this round freezes whole. Price: `MISCOMPOSED` across layers stays in the tree and is the input of the axis-C round. | kind=1-threshold-group-declared; path=(top)	
pair	size.method-count	error	threshold	cross-source			DEFERRED	DEFERRED with axis C (01-promise.md, table `DEFERRED`): the cross-source coordinate is routed through RuleOptionThresholdModeResolver / RuleThresholdKeyGroupRegistry, which this round freezes whole. Price: `MISCOMPOSED` across layers stays in the tree and is the input of the axis-C round. | kind=1-threshold-group-declared; path=(top)	
pair	size.method-count	error	warning	cross-source			DEFERRED	DEFERRED with axis C (01-promise.md, table `DEFERRED`): the cross-source coordinate is routed through RuleOptionThresholdModeResolver / RuleThresholdKeyGroupRegistry, which this round freezes whole. Price: `MISCOMPOSED` across layers stays in the tree and is the input of the axis-C round. | kind=1-threshold-group-declared; path=(top)	
pair	size.method-count	threshold	warning	cross-source			DEFERRED	DEFERRED with axis C (01-promise.md, table `DEFERRED`): the cross-source coordinate is routed through RuleOptionThresholdModeResolver / RuleThresholdKeyGroupRegistry, which this round freezes whole. Price: `MISCOMPOSED` across layers stays in the tree and is the input of the axis-C round. | kind=1-threshold-group-declared; path=(top)	
pair	size.property-count	error	threshold	cross-source			DEFERRED	DEFERRED with axis C (01-promise.md, table `DEFERRED`): the cross-source coordinate is routed through RuleOptionThresholdModeResolver / RuleThresholdKeyGroupRegistry, which this round freezes whole. Price: `MISCOMPOSED` across layers stays in the tree and is the input of the axis-C round. | kind=1-threshold-group-declared; path=(top)	
pair	size.property-count	error	warning	cross-source			DEFERRED	DEFERRED with axis C (01-promise.md, table `DEFERRED`): the cross-source coordinate is routed through RuleOptionThresholdModeResolver / RuleThresholdKeyGroupRegistry, which this round freezes whole. Price: `MISCOMPOSED` across layers stays in the tree and is the input of the axis-C round. | kind=1-threshold-group-declared; path=(top)	
pair	size.property-count	threshold	warning	cross-source			DEFERRED	DEFERRED with axis C (01-promise.md, table `DEFERRED`): the cross-source coordinate is routed through RuleOptionThresholdModeResolver / RuleThresholdKeyGroupRegistry, which this round freezes whole. Price: `MISCOMPOSED` across layers stays in the tree and is the input of the axis-C round. | kind=1-threshold-group-declared; path=(top)	
pair	complexity.ccn	callable:	threshold	cross-source			DEFERRED	DEFERRED with axis C (01-promise.md, table `DEFERRED`): the cross-source coordinate is routed through RuleOptionThresholdModeResolver / RuleThresholdKeyGroupRegistry, which this round freezes whole. Price: `MISCOMPOSED` across layers stays in the tree and is the input of the axis-C round. | kind=3-shorthand-vs-level-block; path=(top)|callable	
pair	complexity.ccn	class:	threshold	cross-source			DEFERRED	DEFERRED with axis C (01-promise.md, table `DEFERRED`): the cross-source coordinate is routed through RuleOptionThresholdModeResolver / RuleThresholdKeyGroupRegistry, which this round freezes whole. Price: `MISCOMPOSED` across layers stays in the tree and is the input of the axis-C round. | kind=3-shorthand-vs-level-block; path=(top)|class	
pair	complexity.cognitive	callable:	threshold	cross-source			DEFERRED	DEFERRED with axis C (01-promise.md, table `DEFERRED`): the cross-source coordinate is routed through RuleOptionThresholdModeResolver / RuleThresholdKeyGroupRegistry, which this round freezes whole. Price: `MISCOMPOSED` across layers stays in the tree and is the input of the axis-C round. | kind=3-shorthand-vs-level-block; path=(top)|callable	
pair	complexity.cognitive	class:	threshold	cross-source			DEFERRED	DEFERRED with axis C (01-promise.md, table `DEFERRED`): the cross-source coordinate is routed through RuleOptionThresholdModeResolver / RuleThresholdKeyGroupRegistry, which this round freezes whole. Price: `MISCOMPOSED` across layers stays in the tree and is the input of the axis-C round. | kind=3-shorthand-vs-level-block; path=(top)|class	
pair	complexity.npath	callable:	threshold	cross-source			DEFERRED	DEFERRED with axis C (01-promise.md, table `DEFERRED`): the cross-source coordinate is routed through RuleOptionThresholdModeResolver / RuleThresholdKeyGroupRegistry, which this round freezes whole. Price: `MISCOMPOSED` across layers stays in the tree and is the input of the axis-C round. | kind=3-shorthand-vs-level-block; path=(top)|callable	
pair	complexity.npath	class:	threshold	cross-source			DEFERRED	DEFERRED with axis C (01-promise.md, table `DEFERRED`): the cross-source coordinate is routed through RuleOptionThresholdModeResolver / RuleThresholdKeyGroupRegistry, which this round freezes whole. Price: `MISCOMPOSED` across layers stays in the tree and is the input of the axis-C round. | kind=3-shorthand-vs-level-block; path=(top)|class	
pair	coupling.cbo	class:	error	cross-source			DEFERRED	DEFERRED with axis C (01-promise.md, table `DEFERRED`): the cross-source coordinate is routed through RuleOptionThresholdModeResolver / RuleThresholdKeyGroupRegistry, which this round freezes whole. Price: `MISCOMPOSED` across layers stays in the tree and is the input of the axis-C round. | kind=3-shorthand-vs-level-block; path=(top)|class	
pair	coupling.cbo	class:	threshold	cross-source			DEFERRED	DEFERRED with axis C (01-promise.md, table `DEFERRED`): the cross-source coordinate is routed through RuleOptionThresholdModeResolver / RuleThresholdKeyGroupRegistry, which this round freezes whole. Price: `MISCOMPOSED` across layers stays in the tree and is the input of the axis-C round. | kind=3-shorthand-vs-level-block; path=(top)|class	
pair	coupling.cbo	class:	warning	cross-source			DEFERRED	DEFERRED with axis C (01-promise.md, table `DEFERRED`): the cross-source coordinate is routed through RuleOptionThresholdModeResolver / RuleThresholdKeyGroupRegistry, which this round freezes whole. Price: `MISCOMPOSED` across layers stays in the tree and is the input of the axis-C round. | kind=3-shorthand-vs-level-block; path=(top)|class	
pair	coupling.cbo	error	namespace:	cross-source			DEFERRED	DEFERRED with axis C (01-promise.md, table `DEFERRED`): the cross-source coordinate is routed through RuleOptionThresholdModeResolver / RuleThresholdKeyGroupRegistry, which this round freezes whole. Price: `MISCOMPOSED` across layers stays in the tree and is the input of the axis-C round. | kind=3-shorthand-vs-level-block; path=(top)|namespace	
pair	coupling.cbo	namespace:	threshold	cross-source			DEFERRED	DEFERRED with axis C (01-promise.md, table `DEFERRED`): the cross-source coordinate is routed through RuleOptionThresholdModeResolver / RuleThresholdKeyGroupRegistry, which this round freezes whole. Price: `MISCOMPOSED` across layers stays in the tree and is the input of the axis-C round. | kind=3-shorthand-vs-level-block; path=(top)|namespace	
pair	coupling.cbo	namespace:	warning	cross-source			DEFERRED	DEFERRED with axis C (01-promise.md, table `DEFERRED`): the cross-source coordinate is routed through RuleOptionThresholdModeResolver / RuleThresholdKeyGroupRegistry, which this round freezes whole. Price: `MISCOMPOSED` across layers stays in the tree and is the input of the axis-C round. | kind=3-shorthand-vs-level-block; path=(top)|namespace	
pair	coupling.instability	class:	max-error	cross-source			DEFERRED	DEFERRED with axis C (01-promise.md, table `DEFERRED`): the cross-source coordinate is routed through RuleOptionThresholdModeResolver / RuleThresholdKeyGroupRegistry, which this round freezes whole. Price: `MISCOMPOSED` across layers stays in the tree and is the input of the axis-C round. | kind=3-shorthand-vs-level-block; path=(top)|class	
pair	coupling.instability	class:	max-warning	cross-source			DEFERRED	DEFERRED with axis C (01-promise.md, table `DEFERRED`): the cross-source coordinate is routed through RuleOptionThresholdModeResolver / RuleThresholdKeyGroupRegistry, which this round freezes whole. Price: `MISCOMPOSED` across layers stays in the tree and is the input of the axis-C round. | kind=3-shorthand-vs-level-block; path=(top)|class	
pair	coupling.instability	class:	threshold	cross-source			DEFERRED	DEFERRED with axis C (01-promise.md, table `DEFERRED`): the cross-source coordinate is routed through RuleOptionThresholdModeResolver / RuleThresholdKeyGroupRegistry, which this round freezes whole. Price: `MISCOMPOSED` across layers stays in the tree and is the input of the axis-C round. | kind=3-shorthand-vs-level-block; path=(top)|class	
pair	coupling.instability	max-error	namespace:	cross-source			DEFERRED	DEFERRED with axis C (01-promise.md, table `DEFERRED`): the cross-source coordinate is routed through RuleOptionThresholdModeResolver / RuleThresholdKeyGroupRegistry, which this round freezes whole. Price: `MISCOMPOSED` across layers stays in the tree and is the input of the axis-C round. | kind=3-shorthand-vs-level-block; path=(top)|namespace	
pair	coupling.instability	max-warning	namespace:	cross-source			DEFERRED	DEFERRED with axis C (01-promise.md, table `DEFERRED`): the cross-source coordinate is routed through RuleOptionThresholdModeResolver / RuleThresholdKeyGroupRegistry, which this round freezes whole. Price: `MISCOMPOSED` across layers stays in the tree and is the input of the axis-C round. | kind=3-shorthand-vs-level-block; path=(top)|namespace	
pair	coupling.instability	namespace:	threshold	cross-source			DEFERRED	DEFERRED with axis C (01-promise.md, table `DEFERRED`): the cross-source coordinate is routed through RuleOptionThresholdModeResolver / RuleThresholdKeyGroupRegistry, which this round freezes whole. Price: `MISCOMPOSED` across layers stays in the tree and is the input of the axis-C round. | kind=3-shorthand-vs-level-block; path=(top)|namespace	
deferred							DEFERRED	axis C in full - composition of sources -- price: 12 writer pairs, >=60 triple scenarios, the second reader RuleOptionsRegistry, expansion of the `threshold` shorthand, the fate of RuleThresholdKeyGroupRegistry. Denominator frozen in writer-applicability.tsv; the defect "`threshold` wins whoever wrote it" stays in the tree.	
deferred							DEFERRED	the cure of axis B in full (same-source included) -- price: axis B is only measured: the witness of 90 rows is the frozen RuleThresholdKeyGroupRegistry and no owner holds a mandate over pair semantics. MISCOMPOSED stays in the tree with a number and goes into the axis-C round as input.	
deferred							DEFERRED	the cross-source coordinate of axis B -- price: 108 pairs (90 declared threshold groups + 18 shorthand x level block); emitted above as 108 rows with source_scope=cross-source. The coordinate is deferred, not the pair: the same-source coordinate of those pairs stays in this round.	
deferred							DEFERRED	the `inline` door in full -- price: 93 form-deciding sites, a second applier outside AbstractRule, `@qmx-threshold <pattern>` with `*` parsed by a regex and compared with `===`. The door leaves the axis-A denominator: four doors in this round, not five.	
deferred							DEFERRED	reconciling the carriers that dispute mixing `threshold` with `warning`/`error` -- price: the pages stay as they are. Lifting the unconditional ban in default-thresholds.md would raise the layered wording into the SOLE carrier of a promise this round both refuses to measure and refuses to cure.	
deferred							DEFERRED	`--no-cache` does not hold -- price: an observable member of the class; it touches the whole cache subsystem. The oracle is obliged not to rely on the flag (measurement protocol, 02 §4).	
deferred							DEFERRED	the numbers in default-thresholds.md against the defaults in code -- price: cheap once the shape declaration exists; taken next.	
composition-path	rules.size.method-count.warning	preset#i	preset#j	unrestricted	high	website/docs/getting-started/configuration.md:636	PROMISED	pair P6 (writer-applicability.tsv §3): preset#i -> preset#j, i<j, needs N>=2 --preset names. "When combining presets, they are merged left-to-right -- later presets override earlier ones" -> high (later/#j) for a scalar key. The SAME sentence names an exception for list-shaped keys ("except list keys like disabled_rules which accumulate") -- a third outcome (both survive) that promised_winner (low|high|refuse|unpromised) has no word for; not forced into a value here, see the header block "ЧЕГО ЭТОТ СПОСОБ НЕ ВИДИТ".	
composition-path	rules.size.method-count.warning	preset	qmx.yaml	unrestricted	high	website/docs/getting-started/configuration.md:634	PROMISED	pair P7: preset -> qmx.yaml. "Priority order: Presets are applied after composer.json discovery but before qmx.yaml. Your config file always overrides preset values." -> high (qmx.yaml). Restated at website/docs/usage/cli-options.md:118 ("so your config file always takes precedence").	
composition-path	rules.size.method-count.warning	preset	cli-alias	80-alias-restricted	high	website/docs/getting-started/configuration.md:168 + website/docs/getting-started/configuration.md:634 + website/docs/getting-started/configuration.md:710	PROMISED	pair P8, restricted to the 80 declared alias paths. Direct chain in one sentence: "a higher-priority layer (config file over a preset, CLI over the config file) may freely switch mode" (configuration.md:168) names all three layers together; restated as two adjacent statements at configuration.md:630 (preset < qmx.yaml) and configuration.md:706 ("Command-line options always take precedence over values in the configuration file"). CliAlias flags are framed throughout website/docs/usage/cli-options.md as CLI options (e.g. --method-count-warning), never as a mechanism distinct from "the command line" when precedence is stated.	
composition-path	rules.size.method-count.warning	preset	rule-opt	unrestricted	high	website/docs/getting-started/configuration.md:168 + website/docs/getting-started/configuration.md:170-181	PROMISED	pair P9 -- the pair the website names explicitly (source-composition/01-promise.md): "a higher-priority layer (config file over a preset, CLI over the config file) may freely switch mode for a rule level" (configuration.md:168). The worked example at configuration.md:170-181 is a mode-switch (different keys -- see composition-bucket rows below); the plain same-key case recorded here follows from the same sentence's general layer order: high (--rule-opt).	
composition-path	rules.size.method-count.warning	qmx.yaml	cli-alias	80-alias-restricted	high	website/docs/getting-started/configuration.md:710	PROMISED	pair P11, restricted to the 80 declared alias paths. Direct: "Command-line options always take precedence over values in the configuration file" (configuration.md:706) -- no distinction drawn there between an alias flag and --rule-opt; both are "command-line options".	
composition-path	rules.size.method-count.warning	qmx.yaml	rule-opt	unrestricted	high	website/docs/getting-started/configuration.md:710 + website/docs/getting-started/configuration.md:170-181	PROMISED	pair P12: qmx.yaml -> --rule-opt. Direct statement (configuration.md:706) plus the worked example (configuration.md:170-181). For a list-shaped rule-option path (e.g. suppress_namespace_channels) this door cannot write the path AT ALL -- "configured in YAML, not through --rule-opt ... --rule-opt carries scalar values" (cli-options.md:669-674) -- so no dispute exists there; that is a door/form fact already carried by kind=form rows on this door, not a different composition-path verdict. Named so the path-dependence this row's scalar choice hides is not lost, per source-composition/01-promise.md's own warning against collapsing a pair into one row.	
composition-path	rules.size.method-count.warning	cli-alias	rule-opt	80-alias-restricted	high		DECIDED	pair P14, restricted to the 80 declared alias paths, same CLI-bucket layer. No page states which one wins when the SAME key is written both by an alias flag and by literal --rule-opt in one invocation. cli-options.md:1003-1005 says only that "each CLI alias is listed with the long --rule-opt form it expands to" -- describing the mechanism's relationship, not a same-key collision winner. Expected silent case (source-composition/01-promise.md, "Ожидаемый исход").	
composition-bucket	complexity.ccn	callable.warning@cli-alias	callable.threshold@rule-opt	callable	refuse	website/docs/getting-started/configuration.md:166 + website/docs/getting-started/configuration.md:199-207 + website/docs/usage/cli-options.md:658-661 + website/docs/usage/cli-options.md:685-686 + website/docs/usage/cli-options.md:1008-1010	PROMISED	"You cannot mix threshold with explicit warning/error keys from the same configuration layer (the same preset, the same qmx.yaml, or the same CLI invocation) for the same rule level" (configuration.md:166) -> refuse. callable.threshold is a documented nested key (configuration.md:199-207, the two-levels-configured example) written via --rule-opt using the SAME dot-path convention shown for callable.warning/callable.error (cli-options.md:659-660); --cyclomatic-warning=N expands to --rule-opt=complexity.ccn:callable.warning=... (website/docs/usage/cli-options.md:685-686, and generally at cli-options.md:1003-1005: "each CLI alias is listed with the long --rule-opt form it expands to"). Both therefore land in "the same CLI invocation" the mixing rule names.	
composition-bucket	complexity.cognitive	callable.warning@cli-alias	callable.threshold@rule-opt	callable	refuse	website/docs/getting-started/configuration.md:166 + website/docs/getting-started/configuration.md:199-207 + website/docs/usage/cli-options.md:658-661 + website/docs/usage/cli-options.md:689-690 + website/docs/usage/cli-options.md:1008-1010	PROMISED	"You cannot mix threshold with explicit warning/error keys from the same configuration layer (the same preset, the same qmx.yaml, or the same CLI invocation) for the same rule level" (configuration.md:166) -> refuse. callable.threshold is a documented nested key (configuration.md:199-207, the two-levels-configured example) written via --rule-opt using the SAME dot-path convention shown for callable.warning/callable.error (cli-options.md:659-660); --cognitive-warning=N expands to --rule-opt=complexity.cognitive:callable.warning=... (website/docs/usage/cli-options.md:689-690, and generally at cli-options.md:1003-1005: "each CLI alias is listed with the long --rule-opt form it expands to"). Both therefore land in "the same CLI invocation" the mixing rule names.	
composition-bucket	complexity.npath	callable.warning@cli-alias	callable.threshold@rule-opt	callable	refuse	website/docs/getting-started/configuration.md:166 + website/docs/getting-started/configuration.md:199-207 + website/docs/usage/cli-options.md:658-661 + website/docs/usage/cli-options.md:693-694 + website/docs/usage/cli-options.md:1008-1010	PROMISED	"You cannot mix threshold with explicit warning/error keys from the same configuration layer (the same preset, the same qmx.yaml, or the same CLI invocation) for the same rule level" (configuration.md:166) -> refuse. callable.threshold is a documented nested key (configuration.md:199-207, the two-levels-configured example) written via --rule-opt using the SAME dot-path convention shown for callable.warning/callable.error (cli-options.md:659-660); --npath-warning=N expands to --rule-opt=complexity.npath:callable.warning=... (website/docs/usage/cli-options.md:693-694, and generally at cli-options.md:1003-1005: "each CLI alias is listed with the long --rule-opt form it expands to"). Both therefore land in "the same CLI invocation" the mixing rule names.	
composition-triple	complexity.ccn	callable@warning	preset#1/preset#2/qmx.yaml	T1	survives		DECIDED	triple T1 (writer-applicability.tsv §4): preset#1, preset#2, qmx.yaml, the middle layer writes `threshold` and evicts the lower layer's graduated pair; needs N>=2 --preset names. No page discusses the fate of a slot the lower layer alone wrote once a middle layer's mode-switch evicts it and a higher layer writes the mode back with a strict subset of keys. Expected silent case (source-composition/01-promise.md, "Ожидаемый исход, и почему он не подгонка"). | X19 DECISION, THIRD AND MEASURED: the slot SURVIVES, and what must survive is the MIDDLE layer's value, not the lowest's. Measured with a fixture that tells the two apart: L1 warning=2/error=3, L2 threshold=5, L3 warning=2, subject CCN 6. L1+L2 alone reports error at 5 -- the shorthand did write both halves, so L1 is lawfully gone. Adding L3 reports warning at 2 and NO error although 6 > 5: the surviving half is not L2's 5 but the constructor default 20. Eviction removed L1's pair AND L2's shorthand, and the half the top layer never rewrote fell through to the default. The round's first two readings were both wrong because their fixture could not tell "L2's value" from "the default"; this one can.	
composition-triple	complexity.ccn	callable@warning	preset#1/preset#2/cli-bucket	T2	survives		DECIDED	triple T2 (writer-applicability.tsv §4): preset#1, preset#2, cli-bucket, the middle layer writes `threshold` and evicts the lower layer's graduated pair; needs N>=2 --preset names. No page discusses the fate of a slot the lower layer alone wrote once a middle layer's mode-switch evicts it and a higher layer writes the mode back with a strict subset of keys. Expected silent case (source-composition/01-promise.md, "Ожидаемый исход, и почему он не подгонка"). | X19 DECISION, THIRD AND MEASURED: the slot SURVIVES, and what must survive is the MIDDLE layer's value, not the lowest's. Measured with a fixture that tells the two apart: L1 warning=2/error=3, L2 threshold=5, L3 warning=2, subject CCN 6. L1+L2 alone reports error at 5 -- the shorthand did write both halves, so L1 is lawfully gone. Adding L3 reports warning at 2 and NO error although 6 > 5: the surviving half is not L2's 5 but the constructor default 20. Eviction removed L1's pair AND L2's shorthand, and the half the top layer never rewrote fell through to the default. The round's first two readings were both wrong because their fixture could not tell "L2's value" from "the default"; this one can.	
composition-triple	complexity.ccn	callable@warning	preset#1/preset#2/preset#3	T3	survives		DECIDED	triple T3 (writer-applicability.tsv §4): preset#1, preset#2, preset#3, the middle layer writes `threshold` and evicts the lower layer's graduated pair; needs N>=3 --preset names. No page discusses the fate of a slot the lower layer alone wrote once a middle layer's mode-switch evicts it and a higher layer writes the mode back with a strict subset of keys. Expected silent case (source-composition/01-promise.md, "Ожидаемый исход, и почему он не подгонка"). | X19 DECISION, THIRD AND MEASURED: the slot SURVIVES, and what must survive is the MIDDLE layer's value, not the lowest's. Measured with a fixture that tells the two apart: L1 warning=2/error=3, L2 threshold=5, L3 warning=2, subject CCN 6. L1+L2 alone reports error at 5 -- the shorthand did write both halves, so L1 is lawfully gone. Adding L3 reports warning at 2 and NO error although 6 > 5: the surviving half is not L2's 5 but the constructor default 20. Eviction removed L1's pair AND L2's shorthand, and the half the top layer never rewrote fell through to the default. The round's first two readings were both wrong because their fixture could not tell "L2's value" from "the default"; this one can.	
composition-triple	complexity.ccn	callable@warning	preset#1/qmx.yaml/cli-bucket	T4	survives		DECIDED	triple T4 (writer-applicability.tsv §4): preset#1, qmx.yaml, cli-bucket, the middle layer writes `threshold` and evicts the lower layer's graduated pair; needs N>=1 --preset name. No page discusses the fate of a slot the lower layer alone wrote once a middle layer's mode-switch evicts it and a higher layer writes the mode back with a strict subset of keys. Expected silent case (source-composition/01-promise.md, "Ожидаемый исход, и почему он не подгонка"). | X19 DECISION, THIRD AND MEASURED: the slot SURVIVES, and what must survive is the MIDDLE layer's value, not the lowest's. Measured with a fixture that tells the two apart: L1 warning=2/error=3, L2 threshold=5, L3 warning=2, subject CCN 6. L1+L2 alone reports error at 5 -- the shorthand did write both halves, so L1 is lawfully gone. Adding L3 reports warning at 2 and NO error although 6 > 5: the surviving half is not L2's 5 but the constructor default 20. Eviction removed L1's pair AND L2's shorthand, and the half the top layer never rewrote fell through to the default. The round's first two readings were both wrong because their fixture could not tell "L2's value" from "the default"; this one can.	
